ChallengesID,CourseTitle,Challenge_Item_Id,LessonTitle,LessonOrder,Challenge_AssignID,BlockOrder,BlockType,BlockTitle,Challenge_componentID,ComponentOrder,ComponentType,details
50,LK-150 Quick Start,354,Welcome,1,3598,1,HTML,Ready to get Started?,5160,1,HTML,"<wddxPacket version='1.0'><header/><data><struct ><var name='CHALLENGE_ASSIGNID'><string>3598</string></var><var name='FIELDNAMES'><string>CHALLENGE_ASSIGNID,CHALLENGE_COMPONENTID,HTMLCONTENT</string></var><var name='HTMLCONTENT'><string>&lt;div class=""row""&gt;<char code='0d'/><char code='0a'/>&lt;div class=""col-sm-6 col-xs-12""&gt;&lt;br&gt;<char code='0d'/><char code='0a'/>&lt;br&gt;<char code='0d'/><char code='0a'/>If you are an experienced knitter or a ""newbie"" to machine knitting, this course is designed to introduce you to your machine, help you understand how it works and give you practice using it.&lt;br&gt;&lt;br&gt;&lt;/div&gt;<char code='0d'/><char code='0a'/>&lt;div class=""col-sm-6 col-xs-12""&gt;&lt;div class='embed-video-container'&gt;&lt;iframe src='https://player.vimeo.com/video/347816973' frameborder='0' webkitAllowFullScreen mozallowfullscreen allowFullScreen&gt;&lt;/iframe&gt;&lt;/div&gt;<char code='0d'/><char code='0a'/>&lt;/div&gt;<char code='0d'/><char code='0a'/>&lt;center&gt;&lt;img class=""img-responsive"" src=""/challenge/images/v2/54/don't-practice.gif""&gt;&lt;br&gt;&lt;br&gt;&lt;/center&gt;<char code='0d'/><char code='0a'/>Practice is the key word here.  Just watching videos won't get it done.  Schedule a bit of knitting time as often as you can to get more comfortable with your machine. &lt;br&gt;&lt;br&gt;<char code='0d'/><char code='0a'/>Think of it as a tool.  When you learned to use a pencil it wasn't easy at first.  Easy as it looks, driving a car takes more than just pressing on the gas and the brake.&lt;br&gt;&lt;br&gt;<char code='0d'/><char code='0a'/>Learning to machine knit is a combination of understanding your machine and mastering the techniques needed to create beautiful knitted items.&lt;br&gt;&lt;br&gt;<char code='0d'/><char code='0a'/>&lt;h3&gt;We want you to have success!&lt;/h3&gt;<char code='0d'/><char code='0a'/>You are here because you want to learn more about your machine.&lt;br&gt;  Make the most of the material presented. It is organized to be followed step-by-step.  Work all the exercises and you will have a good foundation for taking the next steps on your machine knitting journey&lt;br&gt;&lt;br&gt;We've created a checklist to help keep you on track.<char code='0d'/><char code='0a'/><char code='0d'/><char code='0a'/><char code='0d'/><char code='0a'/><char code='0d'/><char code='0a'/></string></var><var name='CHALLENGE_COMPONENTID'><string>5160</string></var></struct></data></wddxPacket>"
50,LK-150 Quick Start,354,Welcome,1,3598,1,HTML,Ready to get Started?,5161,2,ContinueButton,"<wddxPacket version='1.0'><header/><data><struct ><var name='FIELDNAMES'><string>CHALLENGE_ASSIGNID,TYPEOF,LABLE</string></var><var name='LABLE'><string>Print the Checklist</string></var><var name='TYPEOF'><string>ContinueButton</string></var><var name='CHALLENGE_ASSIGNID'><string>3593</string></var></struct></data></wddxPacket>"
50,LK-150 Quick Start,354,Welcome,1,3599,3,HTML,Print the Project Checklist,5162,1,Document,"<wddxPacket version='1.0'><header/><data><struct ><var name='LABLE'><string>Print the Checklist</string></var><var name='CHALLENGE_ASSIGNID'><string>3595</string></var><var name='SHOWVIEWER'><string>1</string></var><var name='DATAMODEL_ICON'><string>fa fa-download</string></var><var name='VIEWHEIGHT'><string>600</string></var><var name='FILENAME'><string>quickstart_checklist.pdf</string></var><var name='CHALLENGE_COMPONENTID'><string>5155</string></var><var name='FIELDNAMES'><string>CHALLENGE_ASSIGNID,CHALLENGE_COMPONENTID,LABLE,DATAMODEL_ICON,VIEWHEIGHT,SHOWVIEWER,FILENAME</string></var></struct></data></wddxPacket>"
50,LK-150 Quick Start,315,Yarn and A Bit More Tech,2,3453,1,HTML,Yarn and Tension,4867,1,HTML,"<wddxPacket version='1.0'><header/><data><struct ><var name='CHALLENGE_COMPONENTID'><string>4867</string></var><var name='CHALLENGE_ASSIGNID'><string>3453</string></var><var name='HTMLCONTENT'><string>&lt;div class=""row""&gt;<char code='0d'/><char code='0a'/><char code='0d'/><char code='0a'/>&lt;div class=""col-sm-3 col-xs-12""&gt;<char code='0d'/><char code='0a'/>&lt;figure&gt;&lt;img class=""img-responsive"" src=""/challenge/images/v2/50/carriage_tension_dial.png""&gt;<char code='0d'/><char code='0a'/>&lt;figure&gt;<char code='0d'/><char code='0a'/>&lt;figcaption align=""center""&gt;&lt;br&gt;&lt;b&gt;Stitch Dial&lt;/b&gt;&lt;/figcaption&gt;<char code='0d'/><char code='0a'/>&lt;/figure&gt;<char code='0d'/><char code='0a'/><char code='0d'/><char code='0a'/>&lt;/div&gt;<char code='0d'/><char code='0a'/>&lt;div class=""col-sm-6 col-xs-12""&gt;<char code='0d'/><char code='0a'/>Another of the many features of the LK-150 is it's ability to knit a wide range of yarn weights.&lt;br&gt;&lt;br&gt;<char code='0d'/><char code='0a'/><char code='0d'/><char code='0a'/>When you knit, the weight and drape of the resulting fabric is determined by the &lt;b&gt;Stitch Dial&lt;/b&gt; or &lt;b&gt;Tension Dial&lt;/b&gt;.&lt;br&gt;&lt;br&gt;<char code='0d'/><char code='0a'/><char code='0d'/><char code='0a'/>These control the flow of the yarn through the carriage and the size of the resulting stitch.   If you are a hand knitter, think of it this way, a larger needle will produce a large stitch, and therefore a more open knitted fabric. Also the weight of the yarn impacts the size of the stitch and the finished appearance of the knitted fabric.&lt;br&gt;<char code='0d'/><char code='0a'/>&lt;br&gt;<char code='0d'/><char code='0a'/>With the LK-150 you can use a fine yarn- think of a sock weight yarn. or a #1.  Because of the size of the hooks, the distance between the hooks and the setting of the tension dial, you can create very different fabrics  even in plain stockinette knitting.&lt;br&gt;&lt;br&gt;<char code='0d'/><char code='0a'/><char code='0d'/><char code='0a'/>At the opposite end of the spectrum you can use a  medium #4 weight yarn and create a hand knit look.&lt;br&gt;&lt;br&gt;<char code='0d'/><char code='0a'/><char code='0d'/><char code='0a'/>For heavier yarns, you even have the option of knitting over every other needle.<char code='0d'/><char code='0a'/>&lt;br&gt;&lt;br&gt;<char code='0d'/><char code='0a'/><char code='0d'/><char code='0a'/>Something to consider ... the size of the hook of the needle determines the thickest yarn you can use.  If you try to use a very bulky (or maybe a hand spun yarn) and it doesn't fit in the hooks of the needles, you'll be splitting the yarn and the stitches won't form properly.&lt;br&gt;&lt;br&gt;<char code='0d'/><char code='0a'/>&lt;blockquote class=""blockquote_style""&gt;&lt;i class=""fa fa-lightbulb-o fa-2x aria-hidden=""true""&gt;&lt;/i&gt;&lt;br&gt;<char code='0d'/><char code='0a'/>&lt;ul class=""lightlist"" style=""list-style:none;""&gt;<char code='0d'/><char code='0a'/>&lt;li&gt;Think of the &lt;b&gt;Carriage Stitch/Tension Dial&lt;/b&gt; as the hand knitting needle size.&lt;br&gt;&lt;br&gt;&lt;/li&gt;<char code='0d'/><char code='0a'/><char code='0d'/><char code='0a'/>&lt;li&gt;Think of the &lt;b&gt;Mast Tension Dial&lt;/b&gt; as the tension a hand knitter would apply to the yarn with her fingers&lt;/li&gt;<char code='0d'/><char code='0a'/><char code='0d'/><char code='0a'/>&lt;/blockquote&gt;<char code='0d'/><char code='0a'/><char code='0d'/><char code='0a'/>&lt;/div&gt;<char code='0d'/><char code='0a'/>&lt;div class=""col-sm-3 col-xs-12""&gt;<char code='0d'/><char code='0a'/><char code='0d'/><char code='0a'/><char code='09'/>&lt;figure&gt;&lt;img class=""img-thumbnail"" src=""/challenge/images/v2/50/Tension_mast_dial.jpg""&gt;<char code='0d'/><char code='0a'/>&lt;figcaption align=""center""&gt;&lt;br&gt;&lt;b&gt;Tension Dial&lt;/b&gt;&lt;/figcaption&gt;<char code='0d'/><char code='0a'/>&lt;/figure&gt;<char code='0d'/><char code='0a'/>&lt;/div&gt;<char code='0d'/><char code='0a'/><char code='0d'/><char code='0a'/>&lt;/div&gt;&lt;br&gt;&lt;br&gt;<char code='0d'/><char code='0a'/><char code='0d'/><char code='0a'/></string></var><var name='FIELDNAMES'><string>CHALLENGE_ASSIGNID,CHALLENGE_COMPONENTID,HTMLCONTENT</string></var></struct></data></wddxPacket>"
50,LK-150 Quick Start,315,Yarn and A Bit More Tech,2,3464,2,HTML,Do you NEED yarn on cones?,4873,1,HTML,"<wddxPacket version='1.0'><header/><data><struct ><var name='HTMLCONTENT'><string>&lt;blockquote class=""blockquote_style""&gt;Do you need yarn on cones?&lt;br&gt;<char code='0d'/><char code='0a'/>&lt;h3&gt;NO!&lt;/h3&gt;As long as the yarn will flow smoothly and evenly into the machine, you can use it!&lt;/blockquote&gt;</string></var><var name='CHALLENGE_ASSIGNID'><string>3464</string></var><var name='TYPEOF'><string>HTML</string></var><var name='FIELDNAMES'><string>CHALLENGE_ASSIGNID,TYPEOF,HTMLCONTENT</string></var></struct></data></wddxPacket>"
50,LK-150 Quick Start,315,Yarn and A Bit More Tech,2,3464,2,HTML,Do you NEED yarn on cones?,4874,2,Imageslideshow,"<wddxPacket version='1.0'><header/><data><struct ><var name='SLIDESHOWAUDIO_13'><string></string></var><var name='SLIDESHOWIMAGE_2'><string>/lk_150/put_up3.jpg</string></var><var name='SLIDESHOWAUDIO_5'><string></string></var><var name='SLIDESHOWIMAGE_19'><string></string></var><var name='SLIDESHOWIMAGE_3'><string>/lk_150/put_up4.jpg</string></var><var name='SLIDESHOWIMAGE_12'><string></string></var><var name='SLIDESHOWCAPTION_16'><string></string></var><var name='SLIDESHOWCAPTION_15'><string></string></var><var name='SLIDESHOWAUDIO_18'><string></string></var><var name='SLIDESHOWCAPTION_2'><string>Center-pull ball from yarn manufacturer</string></var><var name='SLIDESHOWAUDIO_14'><string></string></var><var name='SLIDESHOWAUDIO_1'><string></string></var><var name='SLIDESHOWAUDIO_9'><string></string></var><var name='SLIDESHOWCAPTION_5'><string></string></var><var name='SLIDESHOWAUDIO_7'><string></string></var><var name='SLIDESHOWCAPTION_12'><string></string></var><var name='SLIDESHOWCAPTION_0'><string>Center-pull hand wound ball works great</string></var><var name='SLIDESHOWCAPTION_10'><string></string></var><var name='SLIDESHOWIMAGE_14'><string></string></var><var name='SLIDESHOWCAPTION_19'><string></string></var><var name='SLIDESHOWCAPTION_14'><string></string></var><var name='CHALLENGE_ASSIGNID'><string>3464</string></var><var name='SLIDESHOWCAPTION_9'><string></string></var><var name='SLIDESHOWIMAGE_4'><string>/lk_150/put_up5.jpg</string></var><var name='SLIDESHOWIMAGE_18'><string></string></var><var name='SLIDESHOWCAPTION_11'><string></string></var><var name='SLIDESHOWIMAGE_0'><string>/lk_150/put_up1.jpg</string></var><var name='SLIDESHOWIMAGE_15'><string></string></var><var name='SLIDESHOWIMAGE_11'><string></string></var><var name='SLIDESHOWIMAGE_9'><string></string></var><var name='SLIDESHOWCAPTION_17'><string></string></var><var name='SLIDESHOWCAPTION_1'><string>Center-pull hand wound cake from a ball winder</string></var><var name='SLIDESHOWCAPTION_13'><string></string></var><var name='SLIDESHOWAUDIO_16'><string></string></var><var name='SLIDESHOWCAPTION_6'><string></string></var><var name='SLIDESHOWAUDIO_17'><string></string></var><var name='SLIDESHOWAUDIO_0'><string></string></var><var name='SLIDESHOWAUDIO_10'><string></string></var><var name='PLAYAUDIO'><string>1</string></var><var name='TYPEOF'><string>Imageslideshow</string></var><var name='SLIDESHOWAUDIO_3'><string></string></var><var name='SLIDESHOWIMAGE_6'><string></string></var><var name='SLIDESHOWAUDIO_2'><string></string></var><var name='SLIDESHOWAUDIO_19'><string></string></var><var name='SLIDESHOWAUDIO_12'><string></string></var><var name='SLIDESHOWCAPTION_18'><string></string></var><var name='SLIDESHOWIMAGE_10'><string></string></var><var name='SLIDESHOWAUDIO_15'><string></string></var><var name='SLIDESHOWAUDIO_8'><string></string></var><var name='SLIDESHOWIMAGE_7'><string></string></var><var name='SLIDESHOWAUDIO_6'><string></string></var><var name='SLIDESHOWIMAGE_16'><string></string></var><var name='SLIDESHOWCAPTION_3'><string>If you can get them, cones work great ... plus fewer yarn ends to work in</string></var><var name='SLIDESHOWIMAGE_17'><string></string></var><var name='SLIDESHOWAUDIO_11'><string></string></var><var name='SLIDESHOWCAPTION_8'><string></string></var><var name='SLIDESHOWAUDIO_4'><string></string></var><var name='SLIDESHOWCAPTION_4'><string>Center-pull ball from yarn manufacturer</string></var><var name='SLIDESHOWIMAGE_13'><string></string></var><var name='SLIDESHOWIMAGE_1'><string>/lk_150/put_up2.jpg</string></var><var name='SLIDESHOWCAPTION_7'><string></string></var><var name='FIELDNAMES'><string>CHALLENGE_ASSIGNID,TYPEOF,ENABLEAUDIO,PLAYAUDIO,SLIDESHOWIMAGE_0,SLIDESHOWAUDIO_0,SLIDESHOWCAPTION_0,SLIDESHOWIMAGE_1,SLIDESHOWAUDIO_1,SLIDESHOWCAPTION_1,SLIDESHOWIMAGE_2,SLIDESHOWAUDIO_2,SLIDESHOWCAPTION_2,SLIDESHOWIMAGE_3,SLIDESHOWAUDIO_3,SLIDESHOWCAPTION_3,SLIDESHOWIMAGE_4,SLIDESHOWAUDIO_4,SLIDESHOWCAPTION_4,SLIDESHOWIMAGE_5,SLIDESHOWAUDIO_5,SLIDESHOWCAPTION_5,SLIDESHOWIMAGE_6,SLIDESHOWAUDIO_6,SLIDESHOWCAPTION_6,SLIDESHOWIMAGE_7,SLIDESHOWAUDIO_7,SLIDESHOWCAPTION_7,SLIDESHOWIMAGE_8,SLIDESHOWAUDIO_8,SLIDESHOWCAPTION_8,SLIDESHOWIMAGE_9,SLIDESHOWAUDIO_9,SLIDESHOWCAPTION_9,SLIDESHOWIMAGE_10,SLIDESHOWAUDIO_10,SLIDESHOWCAPTION_10,SLIDESHOWIMAGE_11,SLIDESHOWAUDIO_11,SLIDESHOWCAPTION_11,SLIDESHOWIMAGE_12,SLIDESHOWAUDIO_12,SLIDESHOWCAPTION_12,SLIDESHOWIMAGE_13,SLIDESHOWAUDIO_13,SLIDESHOWCAPTION_13,SLIDESHOWIMAGE_14,SLIDESHOWAUDIO_14,SLIDESHOWCAPTION_14,SLIDESHOWIMAGE_15,SLIDESHOWAUDIO_15,SLIDESHOWCAPTION_15,SLIDESHOWIMAGE_16,SLIDESHOWAUDIO_16,SLIDESHOWCAPTION_16,SLIDESHOWIMAGE_17,SLIDESHOWAUDIO_17,SLIDESHOWCAPTION_17,SLIDESHOWIMAGE_18,SLIDESHOWAUDIO_18,SLIDESHOWCAPTION_18,SLIDESHOWIMAGE_19,SLIDESHOWAUDIO_19,SLIDESHOWCAPTION_19</string></var><var name='SLIDESHOWIMAGE_5'><string></string></var><var name='SLIDESHOWIMAGE_8'><string></string></var><var name='ENABLEAUDIO'><string>0</string></var></struct></data></wddxPacket>"
50,LK-150 Quick Start,315,Yarn and A Bit More Tech,2,3464,2,HTML,Do you NEED yarn on cones?,4875,3,Video,"<wddxPacket version='1.0'><header/><data><struct ><var name='TYPEOF'><string>Video</string></var><var name='CHALLENGE_ASSIGNID'><string>3464</string></var><var name='FIELDNAMES'><string>CHALLENGE_ASSIGNID,TYPEOF,LABLE,VIMEOID</string></var><var name='VIMEOID'><string>240407950|Need to Tink?</string></var><var name='LABLE'><string>&lt;i class='fa fa-youtube-play' aria-hidden='true'&gt;&lt;/i&gt; Re-using Yarn - AKA Spaghetti</string></var></struct></data></wddxPacket>"
50,LK-150 Quick Start,315,Yarn and A Bit More Tech,2,3465,3,HTML,Choose your yarn,4876,1,HTML,"<wddxPacket version='1.0'><header/><data><struct ><var name='HTMLCONTENT'><string>&lt;center&gt;&lt;img class=""img-responsive"" src=""/challenge/images/v2/50/practice_is_not_wasting.gif""&gt;&lt;/center&gt;<char code='0d'/><char code='0a'/><char code='0d'/><char code='0a'/>&lt;div class=""row well""&gt;<char code='0d'/><char code='0a'/>&lt;div class=""col-sm-3 col-xs-12""&gt;<char code='0d'/><char code='0a'/>For your practice, choose:&lt;br&gt;<char code='0d'/><char code='0a'/>&lt;ul class=""lightlist"" style=""list-style:none;""&gt;<char code='0d'/><char code='0a'/>&lt;li&gt;Light Color&lt;/li&gt;<char code='0d'/><char code='0a'/>&lt;li&gt;Smooth (no boucle or fuzzy yarn)&lt;/li&gt;<char code='0d'/><char code='0a'/>&lt;li&gt;#4 weight (light worsted)&lt;/li&gt;<char code='0d'/><char code='0a'/><char code='0d'/><char code='0a'/>&lt;/ul&gt;<char code='0d'/><char code='0a'/><char code='0d'/><char code='0a'/>&lt;/div&gt;<char code='0d'/><char code='0a'/>&lt;div class=""col-sm-9 col-xs-12""&gt;We will play with different yarns in another lesson. For now, when you are first starting out we recommend choosing a light color, medium weight, smooth yarn. Most of the #3 - or #4 yarns that you can get at craft stores will be good for practice when you get started. &lt;br&gt;&lt;br&gt;<char code='0d'/><char code='0a'/><char code='0d'/><char code='0a'/>Acrylic or acrylic blend are a great, affordable place to start.  If you have access to wool, even better.  Leave cotton and more expensive yarns aside when you are starting.<char code='0d'/><char code='0a'/>&lt;br&gt;&lt;br&gt;<char code='0d'/><char code='0a'/>We want you to concentrate on learning your machine without worrying that you are wasting yarn.  You will be working samples to hone your skills ... practice  makes perfect,  Practice is not wasting yarn!&lt;br&gt;&lt;br&gt;<char code='0d'/><char code='0a'/> Once you get a little experience with your machine, you can use yarns from your stash and get creative with your yarn choices.  Taking baby steps is the best way to master your machine.&lt;/div&gt;<char code='0d'/><char code='0a'/><char code='0d'/><char code='0a'/><char code='0d'/><char code='0a'/>&lt;/div&gt;<char code='0d'/><char code='0a'/></string></var><var name='CHALLENGE_COMPONENTID'><string>4876</string></var><var name='FIELDNAMES'><string>CHALLENGE_ASSIGNID,CHALLENGE_COMPONENTID,HTMLCONTENT</string></var><var name='CHALLENGE_ASSIGNID'><string>3465</string></var></struct></data></wddxPacket>"
50,LK-150 Quick Start,315,Yarn and A Bit More Tech,2,3452,4,HTML,Needle Positions,4868,1,HTML,"<wddxPacket version='1.0'><header/><data><struct ><var name='CHALLENGE_COMPONENTID'><string>4868</string></var><var name='FIELDNAMES'><string>CHALLENGE_ASSIGNID,CHALLENGE_COMPONENTID,HTMLCONTENT</string></var><var name='HTMLCONTENT'><string>&lt;div class=""row""&gt;<char code='0d'/><char code='0a'/>    &lt;div class=""col-sm-6 col-xs-12""&gt;Understanding the position of the needles as you knit is important to mastering your machine. The position of the needles as you are knitting creates stitch patterns and short row shaping.&lt;br&gt;&lt;br&gt;<char code='0d'/><char code='0a'/>&lt;div class=""row""&gt;<char code='0d'/><char code='0a'/>&lt;div class=""col-sm-1 col-sm-offset-1 col-xs-12""&gt;&lt;/div&gt;<char code='0d'/><char code='0a'/>&lt;div class=""col-sm-6 col-xs-12""&gt;<char code='0d'/><char code='0a'/><char code='0d'/><char code='0a'/>&lt;b&gt;A:&lt;/b&gt; Out of work position&lt;br&gt;<char code='0d'/><char code='0a'/>&lt;b&gt;B:&lt;/b&gt; Working position&lt;/br&gt;<char code='0d'/><char code='0a'/>&lt;b&gt;C:&lt;/b&gt; Middle  Position&lt;/br&gt;<char code='0d'/><char code='0a'/>&lt;b&gt;D:&lt;/b&gt; Hold position&lt;br&gt;&lt;br&gt;<char code='0d'/><char code='0a'/>&lt;/div&gt;<char code='0d'/><char code='0a'/><char code='0d'/><char code='0a'/>&lt;/div&gt;<char code='0d'/><char code='0a'/><char code='0d'/><char code='0a'/><char code='0d'/><char code='0a'/>        &lt;blockquote class=""blockquote_style""&gt;&lt;b&gt;It is the needle positions PLUS the settings of the levers on your carriage that control stitch patterning&lt;/b&gt;&lt;/blockquote&gt;<char code='0d'/><char code='0a'/>        &lt;br&gt; Stitch patterning is not covered in this course &lt;a href=""/challenge/34/course/master-lk-patterning"" data-toggle=""tooltip"" data-placement=""auto"" title=""Knit it Now LK-150 Stitch Pattern Course""&gt;&lt;i class=""fa fa-question-circle"" aria-hidden=""true""&gt;&lt;/i&gt;&lt;/a&gt;<char code='0d'/><char code='0a'/><char code='0d'/><char code='0a'/><char code='0d'/><char code='0a'/>. We will ONLY be working in stockinette. Unless otherwise instructed, the side levers will ALWAYS remain in this position&lt;br&gt;&lt;br&gt;<char code='0d'/><char code='0a'/>        &lt;center&gt;<char code='0d'/><char code='0a'/><char code='0d'/><char code='0a'/>            &lt;img class=""img-thumbnail"" src=""/challenge/images/v2/50/side_levers1.jpg""&gt;<char code='0d'/><char code='0a'/>        &lt;/center&gt;<char code='0d'/><char code='0a'/>    &lt;/div&gt;<char code='0d'/><char code='0a'/>    &lt;div class=""col-sm-6 col-xs-12""&gt;&lt;img class=""img-thumbnail"" src=""/challenge/images/v2/50/needle_positions.gif""&gt;&lt;br&gt;&lt;br&gt;<char code='0d'/><char code='0a'/>        &lt;h3&gt;The position of the needles is controlled in 2 ways:&lt;/h3&gt;<char code='0d'/><char code='0a'/><char code='0d'/><char code='0a'/>        &lt;div class=""row""&gt;<char code='0d'/><char code='0a'/>            &lt;div class=""col-md-8 col-xs-12"" onclick=""$('#theanswer1').toggle()""&gt;<char code='0d'/><char code='0a'/>                &lt;img class=""img-responsive"" src=""/challenge/images/arrow1.png"" style=""float:left;padding-right:10px;""&gt; Manually positioning the needles by hand <char code='0d'/><char code='0a'/>            &lt;/div&gt;<char code='0d'/><char code='0a'/>        &lt;/div&gt;<char code='0d'/><char code='0a'/><char code='0d'/><char code='0a'/>        &lt;div class=""row""&gt;<char code='0d'/><char code='0a'/>            &lt;div class=""col-md-7 col-md-offset-1 col-xs-12"" id=""theanswer1"" style=""display:none""&gt;<char code='0d'/><char code='0a'/>                &lt;img class=""img-responsive"" src=""/challenge/images/v2/50/select_needles_1.jpg""&gt;&lt;br&gt;<char code='0d'/><char code='0a'/>This is a 1x1 needle pusher to select every other needle&lt;br&gt;<char code='0d'/><char code='0a'/>&lt;hr&gt;<char code='0d'/><char code='0a'/>            &lt;/div&gt;<char code='0d'/><char code='0a'/>        &lt;/div&gt;<char code='0d'/><char code='0a'/>        &lt;!-- *********************************--&gt;<char code='0d'/><char code='0a'/>        &lt;div class=""row""&gt;<char code='0d'/><char code='0a'/>            &lt;div class=""col-md-8 col-xs-12"" onclick=""$('#theanswer2').toggle()""&gt;<char code='0d'/><char code='0a'/>                &lt;img class=""img-responsive"" src=""/challenge/images/arrow2.png"" style=""float:left;padding-right:10px;""&gt; Carriage Levers&lt;br&gt;<char code='0d'/><char code='0a'/> <char code='0d'/><char code='0a'/>            &lt;/div&gt;<char code='0d'/><char code='0a'/>        &lt;/div&gt;<char code='0d'/><char code='0a'/><char code='0d'/><char code='0a'/>        &lt;div class=""row""&gt;<char code='0d'/><char code='0a'/>            &lt;div class=""col-md-7 col-md-offset-1 col-xs-12"" id=""theanswer2"" style=""display:none""&gt;<char code='0d'/><char code='0a'/>Depending on the position of the needles, the carriage levers will automatically position the needles. &lt;br&gt;<char code='0d'/><char code='0a'/>                &lt;img class=""img-responsive"" src=""/challenge/images/v2/50/side_levers.jpg""&gt;<char code='0d'/><char code='0a'/>            &lt;/div&gt;<char code='0d'/><char code='0a'/>        &lt;/div&gt;<char code='0d'/><char code='0a'/>    &lt;/div&gt;<char code='0d'/><char code='0a'/>&lt;/div&gt;<char code='0d'/><char code='0a'/></string></var><var name='CHALLENGE_ASSIGNID'><string>3452</string></var></struct></data></wddxPacket>"
50,LK-150 Quick Start,315,Yarn and A Bit More Tech,2,3462,5,HTML,Stitch Patterns,4869,1,HTML,"<wddxPacket version='1.0'><header/><data><struct ><var name='HTMLCONTENT'><string>&lt;blockquote class=""blockquote_style""&gt;Tuck, Slip, Fairisle, Plaiting, Intarsia ...  the possibilities are endless with your machine! &lt;br&gt;&lt;br&gt;&lt;b&gt;But ... we are going to focus on the basics.&lt;/b&gt;&lt;br&gt;&lt;br&gt;  Once you master the basics, stitch patterning&lt;a href=""/challenge/34/course/master-lk-patterning"" data-toggle=""tooltip"" data-placement=""auto"" title=""Knit it Now LK-150 Stitch Pattern Course""&gt;&lt;i class=""fa fa-question-circle"" aria-hidden=""true""&gt;&lt;/i&gt;&lt;/a&gt;  will be a piece of cake!&lt;/blockquote&gt;<char code='0d'/><char code='0a'/></string></var><var name='FIELDNAMES'><string>CHALLENGE_ASSIGNID,CHALLENGE_COMPONENTID,HTMLCONTENT</string></var><var name='CHALLENGE_ASSIGNID'><string>3462</string></var><var name='CHALLENGE_COMPONENTID'><string>4869</string></var></struct></data></wddxPacket>"
50,LK-150 Quick Start,314,Setting up your machine,5,3450,1,Video,Set up your machine,4863,1,HTML,"<wddxPacket version='1.0'><header/><data><struct ><var name='CHALLENGE_COMPONENTID'><string>4863</string></var><var name='FIELDNAMES'><string>CHALLENGE_ASSIGNID,CHALLENGE_COMPONENTID,HTMLCONTENT</string></var><var name='HTMLCONTENT'><string>&lt;div class=""row""&gt;<char code='0d'/><char code='0a'/>&lt;div class=""col-sm-6 col-xs-12""&gt;<char code='0d'/><char code='0a'/><char code='0d'/><char code='0a'/>Even if you have a little bit of experience with your machine, please don't skip this video.&lt;br&gt;&lt;br&gt;Please take a few minutes to watch this video to the end.... you may pick up a tip of two ... plus the more you know about your machine, the more mastery you will have over it .... which translates to success!<char code='0d'/><char code='0a'/>&lt;/div&gt;<char code='0d'/><char code='0a'/>&lt;div class=""col-sm-3 col-xs-12""&gt;&lt;a href=""/challenge/images/v2/50/lk-150KIN.pdf""&gt;&lt;figure&gt;&lt;img class=""img-responsive"" src=""/challenge/images/v2/50/lk_150_cover_200.jpg""&gt;&lt;figcaption align=""left""&gt;&lt;br&gt;Print the manual&lt;/figcaption&gt;<char code='0d'/><char code='0a'/>&lt;/figure&gt;&lt;/a&gt;&lt;/div&gt;<char code='0d'/><char code='0a'/>&lt;/div&gt;<char code='0d'/><char code='0a'/><char code='0d'/><char code='0a'/></string></var><var name='CHALLENGE_ASSIGNID'><string>3450</string></var></struct></data></wddxPacket>"
50,LK-150 Quick Start,314,Setting up your machine,5,3450,1,Video,Set up your machine,4862,2,VimeoID,"<wddxPacket version='1.0'><header/><data><struct ><var name='LABLE'><string>Don't Skip This!</string></var><var name='VIMEOID'><string>341112933</string></var><var name='FIELDNAMES'><string>CHALLENGE_ASSIGNID,TYPEOF,VIMEOID,LABLE</string></var><var name='TYPEOF'><string>VimeoID</string></var><var name='CHALLENGE_ASSIGNID'><string>3450</string></var></struct></data></wddxPacket>"
50,LK-150 Quick Start,314,Setting up your machine,5,5724,2,HTML,Carriage Rests,8498,1,HTML,"<wddxPacket version='1.0'><header/><data><struct ><var name='CHALLENGE_ASSIGNID'><string>5724</string></var><var name='TYPEOF'><string>HTML</string></var><var name='HTMLCONTENT'><string>When knitting across the full needlebed (100-150 stitches) it's helpful to use the Carriage Rests on each side of the needlebed.&lt;br&gt;&lt;br&gt;<char code='0d'/><char code='0a'/>This gives the carriage room to pass the edge of the knitting and form the stitches properly.</string></var><var name='FIELDNAMES'><string>CHALLENGE_ASSIGNID,TYPEOF,HTMLCONTENT</string></var></struct></data></wddxPacket>"
50,LK-150 Quick Start,314,Setting up your machine,5,5724,2,HTML,Carriage Rests,8497,2,VimeoID,"<wddxPacket version='1.0'><header/><data><struct ><var name='FIELDNAMES'><string>CHALLENGE_ASSIGNID,CHALLENGE_COMPONENTID,VIMEOID,LABLE</string></var><var name='CHALLENGE_COMPONENTID'><string>8497</string></var><var name='VIMEOID'><string>710887711</string></var><var name='CHALLENGE_ASSIGNID'><string>5724</string></var><var name='LABLE'><string></string></var></struct></data></wddxPacket>"
50,LK-150 Quick Start,314,Setting up your machine,5,3597,3,HTML,Print the Project Checklist,5159,1,Document,"<wddxPacket version='1.0'><header/><data><struct ><var name='LABLE'><string>Print the Checklist</string></var><var name='CHALLENGE_ASSIGNID'><string>3595</string></var><var name='SHOWVIEWER'><string>1</string></var><var name='DATAMODEL_ICON'><string>fa fa-download</string></var><var name='VIEWHEIGHT'><string>600</string></var><var name='FILENAME'><string>quickstart_checklist.pdf</string></var><var name='CHALLENGE_COMPONENTID'><string>5155</string></var><var name='FIELDNAMES'><string>CHALLENGE_ASSIGNID,CHALLENGE_COMPONENTID,LABLE,DATAMODEL_ICON,VIEWHEIGHT,SHOWVIEWER,FILENAME</string></var></struct></data></wddxPacket>"
50,LK-150 Quick Start,314,Setting up your machine,5,3451,4,HTML,Setup Checklist,5153,1,PrintWindowButton,"<wddxPacket version='1.0'><header/><data><struct ><var name='CHALLENGE_ASSIGNID'><string>3451</string></var><var name='TYPEOF'><string>PrintWindowButton</string></var><var name='FIELDNAMES'><string>CHALLENGE_ASSIGNID,TYPEOF,LABLE</string></var><var name='LABLE'><string>Print the Checklist</string></var></struct></data></wddxPacket>"
50,LK-150 Quick Start,314,Setting up your machine,5,3451,4,HTML,Setup Checklist,4865,2,HTML,"<wddxPacket version='1.0'><header/><data><struct ><var name='FIELDNAMES'><string>CHALLENGE_ASSIGNID,CHALLENGE_COMPONENTID,HTMLCONTENT</string></var><var name='CHALLENGE_ASSIGNID'><string>3451</string></var><var name='HTMLCONTENT'><string>&lt;style&gt;<char code='0d'/><char code='0a'/>.lightlist ul { padding-left:20px; list-style:none; }<char code='0d'/><char code='0a'/>.lightlist li { margin-bottom:10px; }<char code='0d'/><char code='0a'/>.lightlist li:before { <char code='0d'/><char code='0a'/>font-family: 'FontAwesome';<char code='0d'/><char code='0a'/>content: '\f14a';<char code='0d'/><char code='0a'/>margin:0 5px 0 -15px;<char code='0d'/><char code='0a'/>}<char code='0d'/><char code='0a'/>&lt;/style&gt;<char code='0d'/><char code='0a'/>&lt;div class=""row""&gt;<char code='0d'/><char code='0a'/>&lt;div class=""col-sm-6 col-xs-12""&gt;<char code='0d'/><char code='0a'/>&lt;ul class=""lightlist"" style=""list-style:none;""&gt;<char code='0d'/><char code='0a'/>&lt;li&gt;Insert the Tension Rod Socket&lt;/li&gt;<char code='0d'/><char code='0a'/>&lt;li&gt;Pull out the carriage rests&lt;/li&gt;<char code='0d'/><char code='0a'/>&lt;li&gt;Clamp the machine to a sturdy table&lt;/li&gt;<char code='0d'/><char code='0a'/>&lt;li&gt;Insert the tension rod&lt;/li&gt;<char code='0d'/><char code='0a'/>&lt;li&gt;Snap the tension guide on the tension rod&lt;/li&gt;<char code='0d'/><char code='0a'/>&lt;li&gt;Place the tensioner assembly on the top of the tension rod&lt;/li&gt;<char code='0d'/><char code='0a'/>&lt;li&gt;Attach the row counter&lt;/li&gt;<char code='0d'/><char code='0a'/>&lt;li&gt;Raise the carriage handle&lt;/li&gt;<char code='0d'/><char code='0a'/>&lt;li&gt;Position the carriage on the needlebed&lt;/li&gt;<char code='0d'/><char code='0a'/>&lt;li&gt;Confirm the carriage is seated correctly&lt;/li&gt;<char code='0d'/><char code='0a'/>&lt;li&gt;Pass it back and forth with and without needles in work&lt;/li&gt;<char code='0d'/><char code='0a'/>&lt;li&gt;Practice removing the carriage with the carriage release mechanism&lt;/li&gt;<char code='0d'/><char code='0a'/>&lt;/ul&gt;<char code='0d'/><char code='0a'/>&lt;/div&gt;<char code='0d'/><char code='0a'/>&lt;div class=""col-sm-3 col-xs-12""&gt;&lt;img class=""img-thumbnail no-print"" src=""/challenge/images/v2/50/20190610_073420.jpg""&gt;&lt;/div&gt;<char code='0d'/><char code='0a'/>&lt;/div&gt;<char code='0d'/><char code='0a'/></string></var><var name='CHALLENGE_COMPONENTID'><string>4865</string></var></struct></data></wddxPacket>"
50,LK-150 Quick Start,316,Getting Started,19,3454,1,HTML,Threading your Machine,4872,1,HTML,"<wddxPacket version='1.0'><header/><data><struct ><var name='CHALLENGE_COMPONENTID'><string>4872</string></var><var name='CHALLENGE_ASSIGNID'><string>3454</string></var><var name='HTMLCONTENT'><string>Learning to do any sort of needlework feels clumsy at first.  I promise that threading up your machine will quickly become second nature to you.</string></var><var name='FIELDNAMES'><string>CHALLENGE_ASSIGNID,CHALLENGE_COMPONENTID,HTMLCONTENT</string></var></struct></data></wddxPacket>"
50,LK-150 Quick Start,316,Getting Started,19,3454,1,HTML,Threading your Machine,4880,2,VimeoID,"<wddxPacket version='1.0'><header/><data><struct ><var name='LABLE'><string>&lt;i class=""fa fa-youtube-play"" aria-hidden=""true""&gt;&lt;/i&gt; Thread your machine</string></var><var name='CHALLENGE_COMPONENTID'><string>4880</string></var><var name='CHALLENGE_ASSIGNID'><string>3454</string></var><var name='VIMEOID'><string>341884890</string></var><var name='FIELDNAMES'><string>CHALLENGE_ASSIGNID,CHALLENGE_COMPONENTID,VIMEOID,LABLE</string></var></struct></data></wddxPacket>"
50,LK-150 Quick Start,316,Getting Started,19,3454,1,HTML,Threading your Machine,10029,3,HTML,"<wddxPacket version='1.0'><header/><data><struct ><var name='CHALLENGE_ASSIGNID'><string>3454</string></var><var name='FIELDNAMES'><string>CHALLENGE_ASSIGNID,CHALLENGE_COMPONENTID,HTMLCONTENT</string></var><var name='HTMLCONTENT'><string>&lt;figure&gt;&lt;img class=""img-responsive ctr"" src=""/challenge/images/v2/50/thread-the-lk150-knitting-machine.png""&gt;&lt;figcaption&gt;&lt;em&gt;&lt;mark&gt;Be sure to position the yarn below this pin&lt;/mark&gt;&lt;/em&gt;&lt;/figcaption&gt;<char code='0d'/><char code='0a'/>&lt;/figure&gt;&lt;br&gt;&lt;br&gt;</string></var><var name='CHALLENGE_COMPONENTID'><string>10029</string></var></struct></data></wddxPacket>"
50,LK-150 Quick Start,316,Getting Started,19,3484,2,HTML,Cast on 'By the Book',4917,1,HTML,"<wddxPacket version='1.0'><header/><data><struct ><var name='TYPEOF'><string>HTML</string></var><var name='HTMLCONTENT'><string>We'll start with a very basic (and easy) cast on.  This method is great for swatching and playing, but it isn't exactly pretty.  Don't worry, at this point all we want to do is get stitches on the machine.  Practical and pretty cast on methods will be covered in a later section.</string></var><var name='CHALLENGE_ASSIGNID'><string>3484</string></var><var name='FIELDNAMES'><string>CHALLENGE_ASSIGNID,TYPEOF,HTMLCONTENT</string></var></struct></data></wddxPacket>"
50,LK-150 Quick Start,316,Getting Started,19,3484,2,HTML,Cast on 'By the Book',4918,2,VimeoID,"<wddxPacket version='1.0'><header/><data><struct ><var name='TYPEOF'><string>VimeoID</string></var><var name='VIMEOID'><string>343258703</string></var><var name='LABLE'><string>Fast 'n Easy Cast on</string></var><var name='CHALLENGE_ASSIGNID'><string>3484</string></var><var name='FIELDNAMES'><string>CHALLENGE_ASSIGNID,TYPEOF,VIMEOID,LABLE</string></var></struct></data></wddxPacket>"
50,LK-150 Quick Start,316,Getting Started,19,3475,4,HTML,Your Turn,4895,1,HTML,"<wddxPacket version='1.0'><header/><data><struct ><var name='CHALLENGE_ASSIGNID'><string>3475</string></var><var name='CHALLENGE_COMPONENTID'><string>4895</string></var><var name='HTMLCONTENT'><string>&lt;h4&gt;The goal:&lt;/h4&gt;<char code='0d'/><char code='0a'/>Get started knitting and start exploring tension changes with the machine&lt;br&gt;<char code='0d'/><char code='0a'/>&lt;hr&gt;<char code='0d'/><char code='0a'/>&lt;div class=""row""&gt;<char code='0d'/><char code='0a'/><char code='09'/>&lt;div class=""col-sm-6 col-xs-12""&gt;<char code='0d'/><char code='0a'/><char code='0d'/><char code='0a'/><char code='09'/><char code='09'/>&lt;ol class=""instruction-list""&gt;<char code='0d'/><char code='0a'/><char code='09'/><char code='09'/><char code='09'/>&lt;li&gt;Practice threading your machine, securing the yarn tail in the yarn clip on the mast&lt;/li&gt;<char code='0d'/><char code='0a'/><char code='09'/><char code='09'/><char code='09'/>&lt;li&gt;Confirm the carriage levers are set to plain knitting&lt;/li&gt;<char code='0d'/><char code='0a'/><char code='09'/><char code='09'/><char code='09'/>&lt;li&gt;Set the carriage and mast tension to 5&lt;br&gt; ------&lt;/li&gt;&lt;/br&gt;<char code='0d'/><char code='0a'/><char code='09'/><char code='09'/><char code='09'/>&lt;li&gt;Put 50 needles (25 left and 25 right) in work (B-C or D position)&lt;/li&gt;<char code='0d'/><char code='0a'/><char code='09'/><char code='09'/><char code='09'/>&lt;li&gt;Pass the carriage back and forth with no yarn&lt;/li&gt;<char code='0d'/><char code='0a'/><char code='09'/><char code='09'/><char code='09'/>&lt;li&gt;Notice that the needles are all now in B (working) position&lt;/li&gt;<char code='0d'/><char code='0a'/>&lt;li&gt;Push all the needles to ""A"" (out of work position)&lt;/li&gt;<char code='0d'/><char code='0a'/><char code='09'/><char code='09'/><char code='09'/>&lt;li&gt;Using your 1x1 needle pusher to pull every other needle into work (B-C or D position) (about 25 needles) &lt;em&gt;&lt;small&gt;00:15 &lt;/small&gt;&lt;/em&gt; &lt;br&gt; ------&lt;/li&gt;&lt;/br&gt;<char code='0d'/><char code='0a'/><char code='09'/><char code='09'/><char code='09'/>&lt;li&gt;Thread the carriage (#1 front slot) &lt;em&gt;&lt;small&gt;00:35&lt;/small&gt;&lt;/em&gt;&lt;/li&gt;<char code='0d'/><char code='0a'/><char code='09'/><char code='09'/><char code='09'/>&lt;li&gt;Position the carriage on the right&lt;/li&gt;<char code='0d'/><char code='0a'/><char code='09'/><char code='09'/><char code='09'/>&lt;li&gt;Hold the yarn tail with one hand and pass the carriage from right to left &lt;em&gt;(notice only the needles that were in work knit)&lt;/em&gt;&lt;/li&gt;<char code='0d'/><char code='0a'/><char code='09'/><char code='09'/><char code='09'/>&lt;li&gt;Secure the yarn tail with a clip or clothespin &lt;em&gt;&lt;small&gt;00:43&lt;/small&gt;&lt;/em&gt;&lt;/li&gt;<char code='0d'/><char code='0a'/><char code='09'/><char code='09'/><char code='09'/>&lt;li&gt;Hang the cast on comb in the loops (catch every one) &lt;em&gt;&lt;small&gt;01:08&lt;/small&gt;&lt;/em&gt;&lt;/li&gt;<char code='0d'/><char code='0a'/><char code='09'/><char code='09'/><char code='09'/>&lt;li&gt;Put the out of work (A) needles into working position &lt;em&gt;&lt;small&gt;01:38&lt;/small&gt;&lt;/em&gt;&lt;/li&gt;<char code='0d'/><char code='0a'/><char code='09'/><char code='09'/><char code='09'/>&lt;li&gt;Knit Back&lt;br&gt; ------&lt;br&gt;&lt;/li&gt;<char code='0d'/><char code='0a'/><char code='09'/><char code='09'/><char code='09'/>&lt;li&gt;Knit 10 rows at the current tension &lt;em&gt;&lt;small&gt;01:49&lt;/small&gt;&lt;/em&gt;&lt;/li&gt;<char code='0d'/><char code='0a'/><char code='09'/><char code='09'/><char code='09'/>&lt;li&gt;*Loosen the carriage tension by 1 number &lt;/li&gt;<char code='0d'/><char code='0a'/><char code='09'/><char code='09'/><char code='09'/>&lt;li&gt;Knit 10 rows*&lt;/li&gt;<char code='0d'/><char code='0a'/><char code='09'/><char code='09'/><char code='09'/>&lt;li&gt;Repeat from * to * until the carriage tension is at 9&lt;/li&gt;<char code='0d'/><char code='0a'/><char code='09'/><char code='09'/><char code='09'/>&lt;li&gt;Knit a few more rows&lt;br&gt; ------&lt;/br&gt;&lt;/li&gt;<char code='0d'/><char code='0a'/><char code='09'/><char code='09'/><char code='09'/>&lt;li&gt;Remove the yarn from the carriage yarn feeder, pass the carriage across the knitting and drop the work from the machine&lt;/li&gt;<char code='0d'/><char code='0a'/><char code='09'/><char code='09'/><char code='09'/>&lt;li&gt;Compare the different tensions. Which tension to do you prefer for your yarn?&lt;/li&gt;<char code='0d'/><char code='0a'/><char code='09'/><char code='09'/>&lt;/ol&gt;<char code='0d'/><char code='0a'/><char code='0d'/><char code='0a'/><char code='09'/>&lt;/div&gt;<char code='0d'/><char code='0a'/><char code='0d'/><char code='0a'/><char code='0d'/><char code='0a'/><char code='0d'/><char code='0a'/><char code='09'/>&lt;div class=""col-sm-4 col-xs-12""&gt;&lt;center&gt;Don't skip this video! The jump links in the numbered checklist refer to the video&lt;/center&gt;&lt;br&gt;&lt;br&gt;<char code='0d'/><char code='0a'/><char code='09'/><char code='09'/>&lt;div class='embed-responsive embed-responsive-16by9'&gt;&lt;iframe video id=""video1"" src='https://player.vimeo.com/video/343258703' frameborder='0' webkitAllowFullScreen mozallowfullscreen allowFullScreen&gt;&lt;/iframe&gt;&lt;br&gt;&lt;br&gt;<char code='0d'/><char code='0a'/><char code='09'/><char code='09'/>&lt;/div&gt;<char code='0d'/><char code='0a'/><char code='09'/>&lt;/div&gt;<char code='0d'/><char code='0a'/>&lt;/div&gt;<char code='0d'/><char code='0a'/><char code='0d'/><char code='0a'/><char code='0d'/><char code='0a'/></string></var><var name='FIELDNAMES'><string>CHALLENGE_ASSIGNID,CHALLENGE_COMPONENTID,HTMLCONTENT</string></var></struct></data></wddxPacket>"
50,LK-150 Quick Start,316,Getting Started,19,3475,4,HTML,Your Turn,4896,2,PrintWindowButton,"<wddxPacket version='1.0'><header/><data><struct ><var name='FIELDNAMES'><string>CHALLENGE_ASSIGNID,TYPEOF,LABLE</string></var><var name='TYPEOF'><string>PrintWindowButton</string></var><var name='CHALLENGE_ASSIGNID'><string>3475</string></var><var name='LABLE'><string>Print these steps</string></var></struct></data></wddxPacket>"
50,LK-150 Quick Start,316,Getting Started,19,3476,5,HTML,Stuff You Should Know,4894,1,Exercise,"<wddxPacket version='1.0'><header/><data><struct ><var name='EXCERCISE_TASK_6'><string>Starting a new yarn</string></var><var name='EXCERCISE_DETAILS_2'><string>&lt;div class=""row""&gt;<char code='0d'/><char code='0a'/>&lt;div class=""col-sm-6 col-xs-12""&gt;<char code='0d'/><char code='0a'/>Machine knitters MUST count rows. We cannot measure the length of our knitting as it hangs on the machine.&lt;br&gt;Because the stitches are stretched between the needles and we hang weights as we are knitting, the fabric is distorted at first. (We'll talk more about this in the swatching section)&lt;br&gt;<char code='0d'/><char code='0a'/><char code='0d'/><char code='0a'/> Your row counter makes easy work of keeping track of rows for you.&lt;br&gt;&lt;br&gt;<char code='0d'/><char code='0a'/>&lt;blockquote class=""blockquote_style""&gt;&lt;i class=""fa fa-lightbulb-o aria-hidden=""true""&gt;&lt;/i&gt; If you start your knitting at Row Counter (RC) 000 AND your carriage is on the right, it's easier to keep track of your rows. If the row on the counter is an EVEN number the carriage should be on the right.&lt;/blockquote&gt;<char code='0d'/><char code='0a'/>&lt;/div&gt;<char code='0d'/><char code='0a'/>&lt;div class=""col-sm-6 col-xs-12""&gt;<char code='0d'/><char code='0a'/>&lt;img class=""img-thumbnail"" src=""/challenge/images/v2/50/row_count_3x.gif""&gt;<char code='0d'/><char code='0a'/>&lt;/div&gt;<char code='0d'/><char code='0a'/>&lt;/div&gt;<char code='0d'/><char code='0a'/><char code='0d'/><char code='0a'/><char code='0d'/><char code='0a'/></string></var><var name='EXCERCISE_IMAGE_1'><string>/challenge/images/arrow1.png</string></var><var name='EXCERCISE_IMAGE_8'><string></string></var><var name='EXCERCISE_DETAILS_8'><string></string></var><var name='EXCERCISE_IMAGE_2'><string>/challenge/images/arrow2.png</string></var><var name='EXCERCISE_IMAGE_5'><string>/challenge/images/arrow5.png</string></var><var name='EXCERCISE_DETAILS_6'><string>We don't want to put knots in our knitting and then expect them to travel through the tension mast and the carriage.&lt;br&gt;<char code='0d'/><char code='0a'/>If you are running out of yarn or you want to change colors:<char code='0d'/><char code='0a'/>&lt;ul&gt;<char code='0d'/><char code='0a'/>&lt;li&gt;At the edge of your knitting, remove the working yarn from the tension assembly and the carriage&lt;/li&gt;<char code='0d'/><char code='0a'/>&lt;li&gt;Thread up the new end or color&lt;/li&gt;<char code='0d'/><char code='0a'/>&lt;li&gt;Hold both ends in your hand or with a clip&lt;/li&gt;<char code='0d'/><char code='0a'/>&lt;li&gt;Start knitting with the new strand&lt;/li&gt;<char code='0d'/><char code='0a'/>&lt;li&gt;Work in the ends when you finish knitting<char code='0d'/><char code='0a'/>&lt;/ul&gt;</string></var><var name='EXCERCISE_IMAGE_4'><string>/challenge/images/arrow4.png</string></var><var name='EXCERCISE_TASK_1'><string>Tension</string></var><var name='EXCERCISE_TASK_2'><string>Master your Row Counter</string></var><var name='CHALLENGE_ASSIGNID'><string>3476</string></var><var name='EXCERCISE_TASK_8'><string></string></var><var name='EXCERCISE_IMAGE_6'><string>/challenge/images/arrow6.png</string></var><var name='EXCERCISE_DETAILS_5'><string>&lt;div class=""row""&gt;<char code='0d'/><char code='0a'/>&lt;div class=""col-sm-6 col-xs-12""&gt;<char code='0d'/><char code='0a'/><char code='0d'/><char code='0a'/>The tension guide can help when you have loose tangles coming from your ball or cone.&lt;br&gt;&lt;br&gt;<char code='0d'/><char code='0a'/><char code='0d'/><char code='0a'/>But knots in the yarn can get caught in the tension dial on the mast. They can also get caught in the carriage mechanism.  The only way to prevent this is to re-wind your yarn, watching for knots as you are winding.&lt;br&gt;&lt;br&gt;<char code='0d'/><char code='0a'/>Unlike hand knitting, we can't feel a knot before it's knit and they are just a fact of life for machine knitters.<char code='0d'/><char code='0a'/>&lt;/div&gt;<char code='0d'/><char code='0a'/>&lt;div class=""col-sm-6 col-xs-12""&gt;&lt;figure&gt;&lt;img class=""img-thumbnail"" src=""/challenge/images/v2/50/knots.jpg""&gt;<char code='0d'/><char code='0a'/><char code='0d'/><char code='0a'/>&lt;figcaption align=""center""&gt;&lt;br&gt;The tension guide can help when you have loose tangles coming from your ball or cone.&lt;/figcaption&gt;<char code='0d'/><char code='0a'/>&lt;/figure&gt;<char code='0d'/><char code='0a'/><char code='0d'/><char code='0a'/><char code='0d'/><char code='0a'/>&lt;/div&gt;<char code='0d'/><char code='0a'/>&lt;/div&gt;<char code='0d'/><char code='0a'/><char code='0d'/><char code='0a'/><char code='0d'/><char code='0a'/></string></var><var name='EXCERCISE_IMAGE_9'><string></string></var><var name='EXCERCISE_TASK_7'><string></string></var><var name='EXCERCISE_IMAGE_10'><string></string></var><var name='EXCERCISE_DETAILS_1'><string>We'll talk more about tension when we cover swatching, but for now, be aware of the tension setting on your machine in relation to the yarn you are using.&lt;br&gt;&lt;br&gt;<char code='0d'/><char code='0a'/>If stitches don't form correctly and seem really small, chances are the tension is too tight.  Loosen up and try again&lt;br&gt;<char code='0d'/><char code='0a'/>If stitches seem irregular, or the work drops off the machine, double check that they yarn is positioned correctly in the tension dial on the yarn mast.</string></var><var name='EXCERCISE_DETAILS_10'><string></string></var><var name='EXCERCISE_TASK_5'><string>Knots in the yarn</string></var><var name='EXCERCISE_IMAGE_3'><string>/challenge/images/arrow3.png</string></var><var name='EXCERCISE_DETAILS_3'><string>&lt;div class=""row""&gt;<char code='0d'/><char code='0a'/>&lt;div class=""col-sm-6 col-xs-12""&gt;<char code='0d'/><char code='0a'/><char code='0d'/><char code='0a'/><char code='0d'/><char code='0a'/>One of the most frustrating things for ALL machine knitters is the knitting falling off the machine. It WILL happen to you &lt;i class=""fa fa-smile-o aria-hidden=""true""&gt;&lt;/i&gt;&lt;br&gt;&lt;br&gt;<char code='0d'/><char code='0a'/>If there is no yarn in the carriage (for a number of reasons) the knitting will fall off the machine:&lt;br&gt;<char code='0d'/><char code='0a'/>&lt;ul class=""lightlist instruction-nolist"" style=""list-style:none;""&gt;<char code='0d'/><char code='0a'/>&lt;li&gt;You run out of yarn and don't notice&lt;br&gt;<char code='0d'/><char code='0a'/>&lt;em&gt;Keep an eye on your yarn. You'll need AT LEAST 3x the length to complete a row. Stop; at the end of a row and start a new end of yarn. Leave the tails at the edge of the knitting to work in later.&lt;/em&gt;&lt;/li&gt;<char code='0d'/><char code='0a'/>&lt;li&gt;The yarn breaks&lt;/li&gt;<char code='0d'/><char code='0a'/>&lt;li&gt;The yarn isn't seated correctly in the carriage yarn feeder&lt;/li&gt;<char code='0d'/><char code='0a'/>&lt;li&gt;The patterning levers are set incorrectly for the needle positions.&lt;br&gt;&lt;em&gt; For now, just keep checking that your carriage is set for plain knitting&lt;/em&gt;&lt;/li&gt;<char code='0d'/><char code='0a'/><char code='0d'/><char code='0a'/>&lt;/ul&gt;<char code='0d'/><char code='0a'/>&lt;/div&gt;<char code='0d'/><char code='0a'/>&lt;div class=""col-sm-6 col-xs-12""&gt;&lt;img class=""img-thumbnail"" src=""/challenge/images/v2/50/dropped_gif_3x.gif""&gt;&lt;/div&gt;<char code='0d'/><char code='0a'/>&lt;/div&gt;</string></var><var name='EXCERCISE_DETAILS_7'><string></string></var><var name='CHALLENGE_COMPONENTID'><string>4894</string></var><var name='EXCERCISE_TASK_3'><string>Knitting Fell off the machine @%^$!</string></var><var name='EXCERCISE_TASK_10'><string></string></var><var name='FIELDNAMES'><string>CHALLENGE_ASSIGNID,CHALLENGE_COMPONENTID,EXCERCISE_IMAGE_1,EXCERCISE_TASK_1,EXCERCISE_DETAILS_1,EXCERCISE_IMAGE_2,EXCERCISE_TASK_2,EXCERCISE_DETAILS_2,EXCERCISE_IMAGE_3,EXCERCISE_TASK_3,EXCERCISE_DETAILS_3,EXCERCISE_IMAGE_4,EXCERCISE_TASK_4,EXCERCISE_DETAILS_4,EXCERCISE_IMAGE_5,EXCERCISE_TASK_5,EXCERCISE_DETAILS_5,EXCERCISE_IMAGE_6,EXCERCISE_TASK_6,EXCERCISE_DETAILS_6,EXCERCISE_IMAGE_7,EXCERCISE_TASK_7,EXCERCISE_DETAILS_7,EXCERCISE_IMAGE_8,EXCERCISE_TASK_8,EXCERCISE_DETAILS_8,EXCERCISE_IMAGE_9,EXCERCISE_TASK_9,EXCERCISE_DETAILS_9,EXCERCISE_IMAGE_10,EXCERCISE_TASK_10,EXCERCISE_DETAILS_10</string></var><var name='EXCERCISE_TASK_9'><string></string></var><var name='EXCERCISE_TASK_4'><string>Loops or sloppy edges</string></var><var name='EXCERCISE_IMAGE_7'><string></string></var><var name='EXCERCISE_DETAILS_4'><string>&lt;div class=""row""&gt;<char code='0d'/><char code='0a'/>    &lt;div class=""col-sm-6 col-xs-12""&gt;<char code='0d'/><char code='0a'/>        Taking the carriage too far past the edge of the knitting can cause loops.&lt;br&gt;&lt;br&gt; Not taking it far enough can cause the knitting to fall off the machine.&lt;br&gt;&lt;br&gt; If you rip out a row, or there's a lot of slack in the working yarn, pull down on the yarn behind the mast and re-engage the tension spring<char code='0d'/><char code='0a'/>    &lt;/div&gt;<char code='0d'/><char code='0a'/>    &lt;div class=""col-sm-6 col-xs-12""&gt;<char code='0d'/><char code='0a'/>        &lt;div class='embed-video-container'&gt;&lt;iframe src='https://player.vimeo.com/video/342110904' frameborder='0' webkitAllowFullScreen mozallowfullscreen allowFullScreen&gt;&lt;/iframe&gt;&lt;/div&gt;<char code='0d'/><char code='0a'/>    &lt;/div&gt;<char code='0d'/><char code='0a'/>&lt;/div&gt;<char code='0d'/><char code='0a'/></string></var><var name='EXCERCISE_DETAILS_9'><string></string></var></struct></data></wddxPacket>"
50,LK-150 Quick Start,316,Getting Started,19,3477,6,HTML,What's with the Curl?,4897,1,HTML,"<wddxPacket version='1.0'><header/><data><struct ><var name='HTMLCONTENT'><string>&lt;div class=""row""&gt;<char code='0d'/><char code='0a'/>&lt;div class=""col-sm-6 col-xs-12""&gt;<char code='0d'/><char code='0a'/><char code='0d'/><char code='0a'/>&lt;h3&gt;Stockinette Stitch Curls. PERIOD&lt;/h3&gt;&lt;br&gt;<char code='0d'/><char code='0a'/>If you are a hand knitter, you may not have noticed this as much, but because machine knitters create perfectly formed stitches and exact tension throughout our knitting, the dreaded stockinette curl is much more noticeable.&lt;br&gt;&lt;br&gt;&lt;b&gt;It's NOT you&lt;/b&gt;&lt;br&gt;&lt;br&gt;There are a few things that can ""tame"" the curl, but you aren't going to eliminate it.&lt;br&gt;&lt;br&gt;<char code='0d'/><char code='0a'/>&lt;ul class=""lightlist"" style=""list-style:none;""&gt;<char code='0d'/><char code='0a'/>&lt;li&gt;Loosen up.  The tighter the tension (and the knitting) the more it curls&lt;/li&gt;<char code='0d'/><char code='0a'/>&lt;li&gt;Blocking helps&lt;/li&gt;<char code='0d'/><char code='0a'/>&lt;li&gt;Knit a stitch pattern&lt;/li&gt;<char code='0d'/><char code='0a'/>&lt;li&gt;Add hems and facings&lt;/li&gt;<char code='0d'/><char code='0a'/>&lt;li&gt;Add trims - knitted or crocheted&lt;/li&gt;<char code='0d'/><char code='0a'/>&lt;/ul&gt;<char code='0d'/><char code='0a'/><char code='0d'/><char code='0a'/>&lt;/div&gt;<char code='0d'/><char code='0a'/>&lt;div class=""col-sm-6 col-xs-12""&gt;&lt;figure&gt;&lt;img class=""img-thumbnail"" src=""/challenge/images/v2/50/first_swatch.jpg""&gt;&lt;figcaption align=""center""&gt;&lt;br&gt;Learn to live with and work around the dreaded stockinette curl&lt;/figcaption&gt;<char code='0d'/><char code='0a'/>&lt;/figure&gt;&lt;/div&gt;<char code='0d'/><char code='0a'/>&lt;/div&gt;<char code='0d'/><char code='0a'/><char code='0d'/><char code='0a'/></string></var><var name='CHALLENGE_ASSIGNID'><string>3477</string></var><var name='CHALLENGE_COMPONENTID'><string>4897</string></var><var name='FIELDNAMES'><string>CHALLENGE_ASSIGNID,CHALLENGE_COMPONENTID,HTMLCONTENT</string></var></struct></data></wddxPacket>"
50,LK-150 Quick Start,316,Getting Started,19,3478,7,HTML,Wait! Why Weight?,4899,1,VimeoID,"<wddxPacket version='1.0'><header/><data><struct ><var name='VIMEOID'><string>342145560</string></var><var name='CHALLENGE_COMPONENTID'><string>4899</string></var><var name='FIELDNAMES'><string>CHALLENGE_ASSIGNID,CHALLENGE_COMPONENTID,VIMEOID,LABLE</string></var><var name='LABLE'><string></string></var><var name='CHALLENGE_ASSIGNID'><string>3478</string></var></struct></data></wddxPacket>"
50,LK-150 Quick Start,323,Your Success Depends on This,20,3470,1,Video,Swatching is NOT optional,4883,1,HTML,"<wddxPacket version='1.0'><header/><data><struct ><var name='CHALLENGE_COMPONENTID'><string>4486</string></var><var name='HTMLCONTENT'><string>&lt;strong&gt;You are making progress!&lt;/strong&gt; ... we've spent a lot of time planning, practicing and thinking about knitting ... are you ready to do some ""real knitting""?&lt;br&gt;<char code='0d'/><char code='0a'/>&lt;br&gt;&lt;strong&gt;DON'T SKIP THIS SECTION!&lt;/strong&gt; &lt;br&gt;&lt;br&gt;Your success with this course AND your success with your knitting machine depends on your understanding and mastering the art of knitting gauge swatches.&lt;br&gt;&lt;br&gt;<char code='0d'/><char code='0a'/>Without a swatch we are knitting in the dark.<char code='0d'/><char code='0a'/>&lt;ul&gt;<char code='0d'/><char code='0a'/>&lt;li&gt;How is the final sweater going to feel in the yarn and stitch pattern you've chosen?&lt;/li&gt;<char code='0d'/><char code='0a'/>&lt;li&gt;Do you have enough yarn?&lt;/li&gt;<char code='0d'/><char code='0a'/>&lt;li&gt;Do you have enough needles on your machine for the size you chose?&lt;/li&gt;<char code='0d'/><char code='0a'/>&lt;/ul&gt;<char code='0d'/><char code='0a'/><char code='0d'/><char code='0a'/>&lt;div class=""row""&gt;<char code='0d'/><char code='0a'/>&lt;div class=""col-md-6 col-lg-5 col-xs-12 col-md-offset-1 text-center""&gt;<char code='0d'/><char code='0a'/>&lt;p style=""text-align: center;""&gt;&lt;strong&gt;SWATCHING IS NOT OPTIONAL&lt;/strong&gt;&lt;/p&gt;<char code='0d'/><char code='0a'/>&lt;/div&gt;<char code='0d'/><char code='0a'/>&lt;/div&gt;</string></var><var name='CHALLENGE_ASSIGNID'><string>3307</string></var><var name='FIELDNAMES'><string>CHALLENGE_ASSIGNID,CHALLENGE_COMPONENTID,HTMLCONTENT</string></var></struct></data></wddxPacket>"
50,LK-150 Quick Start,323,Your Success Depends on This,20,3470,1,Video,Swatching is NOT optional,4884,2,Document,"<wddxPacket version='1.0'><header/><data><struct ><var name='FIELDNAMES'><string>CHALLENGE_ASSIGNID,CHALLENGE_COMPONENTID,LABLE,DATAMODEL_ICON,VIEWHEIGHT,SHOWVIEWER,FILENAME</string></var><var name='CHALLENGE_ASSIGNID'><string>3307</string></var><var name='CHALLENGE_COMPONENTID'><string>4603</string></var><var name='FILENAME'><string>swatch_exercises2.pdf</string></var><var name='DATAMODEL_ICON'><string>fa fa-download</string></var><var name='LABLE'><string>Print the Worksheets</string></var><var name='SHOWVIEWER'><string>0</string></var><var name='VIEWHEIGHT'><string>600</string></var></struct></data></wddxPacket>"
50,LK-150 Quick Start,323,Your Success Depends on This,20,3470,1,Video,Swatching is NOT optional,4885,3,VimeoID,"<wddxPacket version='1.0'><header/><data><struct ><var name='FIELDNAMES'><string>CHALLENGE_ASSIGNID,CHALLENGE_COMPONENTID,VIMEOID,LABLE</string></var><var name='CHALLENGE_COMPONENTID'><string>4514</string></var><var name='LABLE'><string>&lt;i class='fa fa-youtube-play' aria-hidden='true'&gt;&lt;/i&gt;&lt;b&gt; 'Proper' Gauge Swatches&lt;/b&gt;</string></var><var name='CHALLENGE_ASSIGNID'><string>3307</string></var><var name='VIMEOID'><string>178357273</string></var></struct></data></wddxPacket>"
50,LK-150 Quick Start,323,Your Success Depends on This,20,3471,2,Practice,Gauge swatch verses Tension Swatch,4886,1,HTML,"<wddxPacket version='1.0'><header/><data><struct ><var name='CHALLENGE_COMPONENTID'><string>4886</string></var><var name='HTMLCONTENT'><string>&lt;div class=""lead""&gt;&lt;b&gt;If you haven't used your chosen yarn before, how do you know the best tension to knit your project? &lt;/div&gt;&lt;/b&gt;<char code='0d'/><char code='0a'/><char code='0d'/><char code='0a'/>Knitters tend to use the terms ""tension swatch"" and ""gauge swatch"" interchangeably, lets take a look at both.</string></var><var name='CHALLENGE_ASSIGNID'><string>3471</string></var><var name='FIELDNAMES'><string>CHALLENGE_ASSIGNID,CHALLENGE_COMPONENTID,HTMLCONTENT</string></var></struct></data></wddxPacket>"
50,LK-150 Quick Start,323,Your Success Depends on This,20,3471,2,Practice,Gauge swatch verses Tension Swatch,4887,3,HTML,"<wddxPacket version='1.0'><header/><data><struct ><var name='CHALLENGE_COMPONENTID'><string>156</string></var><var name='FIELDNAMES'><string>CHALLENGE_ASSIGNID,CHALLENGE_COMPONENTID,HTMLCONTENT</string></var><var name='HTMLCONTENT'><string>&lt;div class=""row cleanwell""&gt;<char code='0d'/><char code='0a'/>&lt;div class=""col-md-7""&gt;<char code='0d'/><char code='0a'/>&lt;h4&gt;&lt;strong&gt;GAUGE SWATCH&lt;/strong&gt;&lt;/h4&gt;<char code='0d'/><char code='0a'/>The &lt;strong&gt;gauge swatch&lt;/strong&gt; is the ""official"" swatch used when designing a garment.<char code='0d'/><char code='0a'/>&lt;br&gt;<char code='0d'/><char code='0a'/>It is knit at a specific size, marked for accurate stitch and row measurement and ""dressed"" as the final garment will be treated.&lt;br&gt;<char code='0d'/><char code='0a'/>&lt;blockquote class=""smallblock""&gt;<char code='0d'/><char code='0a'/>&lt;em&gt;TIP: Whatever method you use to create a swatch, the key is to correctly measure it and calculate your gauge.&lt;/em&gt;&lt;/blockquote&gt;&lt;/div&gt;<char code='0d'/><char code='0a'/>&lt;div class=""col-md-5""&gt;&lt;img class=""img-responsive"" src=""//www.knititnow.com/challenge/images/swatch_measure.jpg"" /&gt;&lt;/div&gt;<char code='0d'/><char code='0a'/>&lt;/div&gt;</string></var><var name='CHALLENGE_ASSIGNID'><string>58</string></var></struct></data></wddxPacket>"
50,LK-150 Quick Start,323,Your Success Depends on This,20,3471,2,Practice,Gauge swatch verses Tension Swatch,4888,5,HTML,"<wddxPacket version='1.0'><header/><data><struct ><var name='CHALLENGE_ASSIGNID'><string>58</string></var><var name='HTMLCONTENT'><string>&lt;div class=""row cleanwell""&gt;<char code='0d'/><char code='0a'/>&lt;div class=""col-md-12 col-xs-12""&gt;<char code='0d'/><char code='0a'/>&lt;h4&gt;&lt;strong&gt;TENSION SWATCH&lt;/strong&gt;&lt;/h4&gt;<char code='0d'/><char code='0a'/>&lt;em&gt;When I pick up a new cone of yarn, I can't wait to thread up my machine and see what the yarn looks like.   From the initial cast on, I start guessing what setting on my tension dial I need to use.  I knit a few inches and reach down and start to feel the resulting fabric. &lt;br /&gt;&lt;br /&gt;Once I get a feel for the yarn (what machine, general tension setting at stockinette, etc) I create a&lt;strong&gt; tension swatch&lt;/strong&gt;.  This helps me fine-tune the tension needed to achieve the fabric I like and allows me to play with various techniques.  &lt;strong&gt;I'm often very surprised that a yarn looks great in tuck, and awful in slip&lt;/strong&gt;, for example.  Adding a few eyelets here and there tells me if the yarn will work up in lace.&lt;/em&gt;&lt;br /&gt; &lt;br /&gt; Let's practice knitting a &lt;strong&gt;tension swatch.&lt;/strong&gt;&lt;/div&gt;<char code='0d'/><char code='0a'/>&lt;/div&gt;</string></var><var name='FIELDNAMES'><string>CHALLENGE_ASSIGNID,CHALLENGE_COMPONENTID,HTMLCONTENT</string></var><var name='CHALLENGE_COMPONENTID'><string>258</string></var></struct></data></wddxPacket>"
50,LK-150 Quick Start,323,Your Success Depends on This,20,3471,2,Practice,Gauge swatch verses Tension Swatch,4889,7,HTML,"<wddxPacket version='1.0'><header/><data><struct ><var name='FIELDNAMES'><string>CHALLENGE_ASSIGNID,CHALLENGE_COMPONENTID,HTMLCONTENT</string></var><var name='CHALLENGE_COMPONENTID'><string>4490</string></var><var name='CHALLENGE_ASSIGNID'><string>3308</string></var><var name='HTMLCONTENT'><string>&lt;div class=""row well""&gt;<char code='0d'/><char code='0a'/>&lt;div class=""col-xs-12 col-md-10""&gt;<char code='0d'/><char code='0a'/>&lt;h4&gt;Play!&lt;/h4&gt;<char code='0d'/><char code='0a'/>&lt;ol class=""instruction-list""&gt;<char code='0d'/><char code='0a'/>&lt;li&gt;Start knitting stockenette at the tightest tension that will knit.  (If the tension is too tight, you'll see stitches that don't form properly.&lt;/li&gt;<char code='0d'/><char code='0a'/>&lt;li&gt;Knit 2-4 inches. Knit a marker row (change colors, work a few eyelets across the row or knit a sewing thread in with the main yarn)&lt;/li&gt;<char code='0d'/><char code='0a'/>&lt;li&gt;Keep knitting sections, marking the tension dial number in each section.  Knit the last section as loosely as possiblle, even if you think this will be too loose ... I'm often very pleasantly surprised at the result.&lt;/li&gt;<char code='0d'/><char code='0a'/>&lt;li&gt;Transfer every other needle to out of work postion and knit a section - put all needles back into work.&lt;/li&gt;<char code='0d'/><char code='0a'/>&lt;li&gt;Work a simple tuck, or slip, or any stitch pattern of your choice ... base your tension dial setting on the stockinette sections you just knit.&lt;/li&gt;<char code='0d'/><char code='0a'/>&lt;/ol&gt;<char code='0d'/><char code='0a'/>&lt;blockquote class=""smallblock""&gt;The point of this exercise is to put the yarn through it's paces ... ignite your creativity, and get a feel for what the yarn can do.  If you don't have a huge cone, you can always re-wind this knitting. At this point, you probably know exactly what you want to do with this yarn.  Knit your Gauge Swatch, dress it and and you are ready to design and knit your sweater.&lt;/blockquote&gt;<char code='0d'/><char code='0a'/>&lt;/div&gt;<char code='0d'/><char code='0a'/>&lt;div class=""col-xs-12 col-md-2""&gt;&lt;img class=""img-responsive"" src=""http://www.knititnow.com/challenge/images/tension_swatch.jpg"" /&gt;&lt;/div&gt;<char code='0d'/><char code='0a'/>&lt;/div&gt;<char code='0d'/><char code='0a'/></string></var></struct></data></wddxPacket>"
50,LK-150 Quick Start,323,Your Success Depends on This,20,3472,3,HTML,Understanding Gauge,4890,1,VimeoMultiple,"<wddxPacket version='1.0'><header/><data><struct ><var name='VIMEOID3'><string>178357247</string></var><var name='VIMEOID2'><string>178357264</string></var><var name='VIMEOID1'><string>178357292</string></var><var name='VIMEOID4'><string></string></var><var name='FIELDNAMES'><string>CHALLENGE_ASSIGNID,CHALLENGE_COMPONENTID,VIMEOID1,LABLE1,VIMEOID2,LABLE2,VIMEOID3,LABLE3,VIMEOID4,LABLE4</string></var><var name='LABLE3'><string>&lt;i class='fa fa-youtube-play' aria-hidden='true'&gt;&lt;/i&gt;&lt;b&gt; Tension: Controlling your gauge&lt;/b&gt;</string></var><var name='CHALLENGE_ASSIGNID'><string>3298</string></var><var name='CHALLENGE_COMPONENTID'><string>4456</string></var><var name='LABLE4'><string>&lt;i class='fa fa-youtube-play' aria-hidden='true'&gt;&lt;/i&gt;</string></var><var name='LABLE2'><string>&lt;i class='fa fa-youtube-play' aria-hidden='true'&gt;&lt;/i&gt; &lt;b&gt;TIP!  Using Weights&lt;/b&gt;</string></var><var name='LABLE1'><string>&lt;i class='fa fa-youtube-play' aria-hidden='true'&gt;&lt;/i&gt; &lt;b&gt;The Importance of Gauge&lt;/b&gt;</string></var></struct></data></wddxPacket>"
50,LK-150 Quick Start,323,Your Success Depends on This,20,6459,4,HTML,Knit a 'Proper Swatch',10031,1,HTML,"<wddxPacket version='1.0'><header/><data><struct ><var name='HTMLCONTENT'><string>&lt;h3&gt;&lt;b&gt;Don't skip this!&lt;/b&gt;&lt;/h3&gt;<char code='0d'/><char code='0a'/>Watch as we knit a ""proper swatch"".&lt;br&gt;<char code='0d'/><char code='0a'/>Tips for casting on and binding off and placing markers and so much more!</string></var><var name='CHALLENGE_ASSIGNID'><string>6459</string></var><var name='CHALLENGE_COMPONENTID'><string>10031</string></var><var name='FIELDNAMES'><string>CHALLENGE_ASSIGNID,CHALLENGE_COMPONENTID,HTMLCONTENT</string></var></struct></data></wddxPacket>"
50,LK-150 Quick Start,323,Your Success Depends on This,20,6459,4,HTML,Knit a 'Proper Swatch',10030,2,Video,"<wddxPacket version='1.0'><header/><data><struct ><var name='LABLE'><string>&lt;i class='fa fa-youtube-play' aria-hidden='true'&gt;&lt;/i&gt;</string></var><var name='CHALLENGE_ASSIGNID'><string>6459</string></var><var name='FIELDNAMES'><string>CHALLENGE_ASSIGNID,TYPEOF,LABLE,VIMEOID</string></var><var name='VIMEOID'><string>1046394794|How to Knit a Proper Swatch: The Secret to Machine Knitting Success</string></var><var name='TYPEOF'><string>Video</string></var></struct></data></wddxPacket>"
50,LK-150 Quick Start,323,Your Success Depends on This,20,3473,5,HTML,Your turn: Knit a Swatch,4891,1,HTML,"<wddxPacket version='1.0'><header/><data><struct ><var name='CHALLENGE_ASSIGNID'><string>3473</string></var><var name='FIELDNAMES'><string>CHALLENGE_ASSIGNID,CHALLENGE_COMPONENTID,HTMLCONTENT</string></var><var name='CHALLENGE_COMPONENTID'><string>4891</string></var><var name='HTMLCONTENT'><string>&lt;div class=""row""&gt;<char code='0d'/><char code='0a'/>&lt;div class=""col-sm-6 col-xs-12""&gt;<char code='0d'/><char code='0a'/>&lt;h3&gt;Knitting a “Proper” Swatch&lt;/h3&gt;<char code='0d'/><char code='0a'/><char code='0d'/><char code='0a'/>The goal of a swatch is to determine how many stitches and rows it takes to knit a 1” (or 4”/10cm) square.&lt;br&gt;<char code='0d'/><char code='0a'/><char code='0d'/><char code='0a'/>To do this accurately, you will knit a larger piece, and mark of a set number of stitches and rows AS YOU KNIT.&lt;br&gt;&lt;br&gt;<char code='0d'/><char code='0a'/><char code='0d'/><char code='0a'/>After you dress (rest, wash, block) your swatch, you can easily measure and calculate your stitch and row gauge.<char code='0d'/><char code='0a'/>&lt;br&gt;<char code='0d'/><char code='0a'/>When you knit your swatch, you will cast on MORE stitches and knit MORE rows than shown.  This will prevent you from measuring edge to edge and ONLY MEASURE the ISOLATED AREA.&lt;br&gt;&lt;br&gt;&lt;br&gt;<char code='0d'/><char code='0a'/>&lt;ol class=""instruction-list""&gt;<char code='0d'/><char code='0a'/>&lt;li&gt;Garment yarn: Cast on 50 stitches with any method&lt;/li&gt;<char code='0d'/><char code='0a'/>&lt;li&gt; Knit for 1” or so - carriage on the right&lt;/li&gt;<char code='0d'/><char code='0a'/>&lt;li&gt;Contrasting waste yarn: Knit 2 rows&lt;/li&gt;<char code='0d'/><char code='0a'/>&lt;li&gt; Garment yarn: knit 20 rows&lt;/li&gt;<char code='0d'/><char code='0a'/>&lt;li&gt;Use a yarn marker or run a strand as you knit, isolate the stitches.&lt;/li&gt;<char code='0d'/><char code='0a'/>&lt;li&gt; Knit 20 rows&lt;/li&gt;<char code='0d'/><char code='0a'/>&lt;li&gt;Contrasting waste yarn: Knit 2 rows&lt;/li&gt;<char code='0d'/><char code='0a'/>&lt;li&gt;Garment yarn: knit 1” or so&lt;/li&gt;<char code='0d'/><char code='0a'/>&lt;li&gt; Bind off or drop the work from the machine&lt;/li&gt;<char code='0d'/><char code='0a'/>&lt;li&gt; Dress the swatch (wash, block and treat as you will the finished item)&lt;/li&gt;<char code='0d'/><char code='0a'/>&lt;/ol&gt;<char code='0d'/><char code='0a'/><char code='0d'/><char code='0a'/>&lt;/div&gt;<char code='0d'/><char code='0a'/>&lt;div class=""col-sm-4 col-xs-12""&gt;&lt;img class=""img-responsive"" src=""/challenge/images/v2/50/lk-150_swatch2.png""&gt;&lt;/div&gt;<char code='0d'/><char code='0a'/>&lt;/div&gt;<char code='0d'/><char code='0a'/></string></var></struct></data></wddxPacket>"
50,LK-150 Quick Start,323,Your Success Depends on This,20,3473,5,HTML,Your turn: Knit a Swatch,4901,2,Document,"<wddxPacket version='1.0'><header/><data><struct ><var name='VIEWHEIGHT'><string>600</string></var><var name='SHOWVIEWER'><string>0</string></var><var name='CHALLENGE_ASSIGNID'><string>3473</string></var><var name='FILENAME'><string>swatch_practice.pdf</string></var><var name='DATAMODEL_ICON'><string>fa fa-download</string></var><var name='FIELDNAMES'><string>CHALLENGE_ASSIGNID,CHALLENGE_COMPONENTID,LABLE,DATAMODEL_ICON,VIEWHEIGHT,SHOWVIEWER,FILENAME</string></var><var name='LABLE'><string>Print the Worksheet</string></var><var name='CHALLENGE_COMPONENTID'><string>4901</string></var></struct></data></wddxPacket>"
50,LK-150 Quick Start,323,Your Success Depends on This,20,3479,6,HTML,Measure Gauge,4902,1,Video,"<wddxPacket version='1.0'><header/><data><struct ><var name='CHALLENGE_COMPONENTID'><string>4902</string></var><var name='FIELDNAMES'><string>CHALLENGE_ASSIGNID,CHALLENGE_COMPONENTID,LABLE,VIMEOID</string></var><var name='LABLE'><string>&lt;i class='fa fa-youtube-play' aria-hidden='true'&gt;&lt;/i&gt; Accurage Gauge Measurement</string></var><var name='CHALLENGE_ASSIGNID'><string>3479</string></var><var name='VIMEOID'><string>260683875|Accurate Gauge Measurement</string></var></struct></data></wddxPacket>"
50,LK-150 Quick Start,323,Your Success Depends on This,20,3479,6,HTML,Measure Gauge,4903,2,HTML,"<wddxPacket version='1.0'><header/><data><struct ><var name='CHALLENGE_COMPONENTID'><string>4903</string></var><var name='HTMLCONTENT'><string>&lt;h3&gt; &lt;i class=""fa fa-refresh fa-2x aria-hidden=""true""&gt;&lt;/i&gt; Test Yourself&lt;/h3&gt;<char code='0d'/><char code='0a'/><char code='0d'/><char code='0a'/><char code='0d'/><char code='0a'/></string></var><var name='FIELDNAMES'><string>CHALLENGE_ASSIGNID,CHALLENGE_COMPONENTID,HTMLCONTENT</string></var><var name='CHALLENGE_ASSIGNID'><string>3479</string></var></struct></data></wddxPacket>"
50,LK-150 Quick Start,323,Your Success Depends on This,20,3480,7,HTML,Test Yourself,4904,1,HTML,"<wddxPacket version='1.0'><header/><data><struct ><var name='CHALLENGE_ASSIGNID'><string>3480</string></var><var name='FIELDNAMES'><string>CHALLENGE_ASSIGNID,CHALLENGE_COMPONENTID,HTMLCONTENT</string></var><var name='HTMLCONTENT'><string>Accurate gauge swatching and accurate measuring is CRITICAL to your success as a machine knitter.&lt;br&gt;&lt;br&gt;<char code='0d'/><char code='0a'/><char code='0d'/><char code='0a'/>&lt;div class=""row""&gt;<char code='0d'/><char code='0a'/>&lt;div class=""col-sm-6 col-xs-12""&gt;<char code='0d'/><char code='0a'/>Test yourself with this exercise.&lt;br&gt;&lt;br&gt;<char code='0d'/><char code='0a'/>&lt;ol class=""instruction-list""&gt;<char code='0d'/><char code='0a'/>&lt;li&gt;Knit a ""proper"" swatch&lt;/li&gt;<char code='0d'/><char code='0a'/>&lt;li&gt;Let it rest, wash and block&lt;/li&gt;<char code='0d'/><char code='0a'/>&lt;li&gt;Carefully measure and calculate your gauge&lt;/li&gt;<char code='0d'/><char code='0a'/>&lt;li&gt;Calculate the stitches and rows for a 6"" square<char code='0d'/><char code='0a'/>&lt;ol class=""instruction-nolist""&gt;<char code='0d'/><char code='0a'/>&lt;li&gt;Cast on {Stitches per inch times 6} stitches&lt;/li&gt;<char code='0d'/><char code='0a'/>&lt;li&gt;Knit {Rows per inch times 6} rows&lt;/li&gt;<char code='0d'/><char code='0a'/>&lt;/ol&gt;<char code='0d'/><char code='0a'/><char code='0d'/><char code='0a'/>&lt;/li&gt;<char code='0d'/><char code='0a'/>&lt;li&gt;Knit a square according to your pattern&lt;/li&gt;<char code='0d'/><char code='0a'/>&lt;li&gt;Let it rest, wash and block&lt;/li&gt;<char code='0d'/><char code='0a'/>&lt;li&gt;Does your square fit in the template?  Is it accurate?  If not, double check your gauge measurements and try again.&lt;/li&gt;<char code='0d'/><char code='0a'/>&lt;/ol&gt;&lt;br&gt;&lt;/div&gt;<char code='0d'/><char code='0a'/>&lt;div class=""col-sm-2 col-xs-12""&gt;&lt;img class=""img-responsive"" src=""/challenge/images/v2/50/swatch_worksheet.png""&gt;<char code='0d'/><char code='0a'/>&lt;/div&gt;<char code='0d'/><char code='0a'/>&lt;/div&gt;<char code='0d'/><char code='0a'/><char code='0d'/><char code='0a'/></string></var><var name='CHALLENGE_COMPONENTID'><string>4904</string></var></struct></data></wddxPacket>"
50,LK-150 Quick Start,323,Your Success Depends on This,20,3480,7,HTML,Test Yourself,4906,2,Document,"<wddxPacket version='1.0'><header/><data><struct ><var name='SHOWVIEWER'><string>0</string></var><var name='DATAMODEL_ICON'><string>fa fa-download</string></var><var name='FIELDNAMES'><string>CHALLENGE_ASSIGNID,CHALLENGE_COMPONENTID,LABLE,DATAMODEL_ICON,VIEWHEIGHT,SHOWVIEWER,FILENAME</string></var><var name='CHALLENGE_COMPONENTID'><string>4906</string></var><var name='FILENAME'><string>swatch_challenge1.pdf</string></var><var name='LABLE'><string>Print the Worksheet</string></var><var name='VIEWHEIGHT'><string>600</string></var><var name='CHALLENGE_ASSIGNID'><string>3480</string></var></struct></data></wddxPacket>"
50,LK-150 Quick Start,324,Cast on Options,34,3483,1,HTML,Open vs. Closed Cast On,4916,1,HTML,"<wddxPacket version='1.0'><header/><data><struct ><var name='CHALLENGE_COMPONENTID'><string>4916</string></var><var name='CHALLENGE_ASSIGNID'><string>3483</string></var><var name='HTMLCONTENT'><string>&lt;blockquote class=""blockquote_style""&gt;The cast on method that you've been using (from your manual) is fast and easy, but it isn't appropriate for the finished edge of a ""real"" project.&lt;/blockquote&gt; &lt;br&gt;&lt;br&gt;<char code='0d'/><char code='0a'/><char code='0d'/><char code='0a'/>&lt;div class=""row""&gt;<char code='0d'/><char code='0a'/>    &lt;div class=""col-sm-4 col-sm-offset-1 col-xs-12""&gt;<char code='0d'/><char code='0a'/>        &lt;div class=""lead""&gt;An &lt;b&gt;open cast on&lt;/b&gt; leaves ""open"" stitches that can be picked up later.&lt;/div&gt;<char code='0d'/><char code='0a'/>        &lt;ul&gt;<char code='0d'/><char code='0a'/>            &lt;li&gt;You might start a sleeve with an open cast on, then go back and pick up the stitches (by hand or machine) and hand knit ribbing.&lt;/li&gt;<char code='0d'/><char code='0a'/>            &lt;li&gt;You might pick up the open stitches and work a decorative bind off (by hand or machine)&lt;/li&gt;<char code='0d'/><char code='0a'/>            &lt;li&gt;Picking up the open stitches with crochet is another option&lt;/li&gt;<char code='0d'/><char code='0a'/>            &lt;/ul&gt;<char code='0d'/><char code='0a'/>The most common method of creating an open cast on is with scrap yarn.&lt;br&gt;&lt;br&gt;<char code='0d'/><char code='0a'/>&lt;center&gt;&lt;figure&gt;&lt;img class=""img-thumbnail"" src=""/challenge/images/v2/50/open_400.jpg""&gt;&lt;figcaption align=""center""&gt;&lt;br&gt;Open Cast on (raw stitches in the main yarn)&lt;/figcaption&gt;<char code='0d'/><char code='0a'/>&lt;/figure&gt;&lt;/center&gt;<char code='0d'/><char code='0a'/>            &lt;br&gt;<char code='0d'/><char code='0a'/>&lt;/div&gt;<char code='0d'/><char code='0a'/><char code='0d'/><char code='0a'/><char code='0d'/><char code='0a'/>            &lt;div class=""col-sm-4 col-sm-offset-1 col-xs-12""&gt;<char code='0d'/><char code='0a'/>                &lt;div class=""lead""&gt;A &lt;b&gt;closed cast on&lt;/b&gt; is a permanent finish that may be decorative or purely functional &lt;em&gt;&lt;small&gt;(like the ""by the book"" cast on)&lt;/small&gt;&lt;/em&gt; &lt;/div&gt;&lt;br&gt; There are many, many closed cast on methods. In the next section, we'll take a look at 2 of the most commonly used by machine knitters.&lt;br&gt;&lt;br&gt;<char code='0d'/><char code='0a'/>                &lt;ul&gt;<char code='0d'/><char code='0a'/>                    &lt;li&gt;E-wrap cast on (stretchy and fast)&lt;/li&gt;<char code='0d'/><char code='0a'/>                    &lt;li&gt;Chain (crochet) cast on (firm and decorative)&lt;/li&gt;<char code='0d'/><char code='0a'/>                &lt;/ul&gt;&lt;center&gt;<char code='0d'/><char code='0a'/>&lt;figure&gt;&lt;img class=""img-thumbnail"" src=""/challenge/images/v2/50/closed_400.jpg""&gt;&lt;figcaption align=""center""&gt;&lt;br&gt;Closed Cast on (main yarn has finished edge)&lt;/figcaption&gt;<char code='0d'/><char code='0a'/>&lt;/figure&gt;&lt;/center&gt;<char code='0d'/><char code='0a'/>            &lt;/div&gt;<char code='0d'/><char code='0a'/>    &lt;/div&gt;<char code='0d'/><char code='0a'/>&lt;/div&gt;</string></var><var name='FIELDNAMES'><string>CHALLENGE_ASSIGNID,CHALLENGE_COMPONENTID,HTMLCONTENT</string></var></struct></data></wddxPacket>"
50,LK-150 Quick Start,324,Cast on Options,34,3489,2,HTML,Scrap On,4927,1,HTML,"<wddxPacket version='1.0'><header/><data><struct ><var name='FIELDNAMES'><string>CHALLENGE_ASSIGNID,CHALLENGE_COMPONENTID,HTMLCONTENT</string></var><var name='HTMLCONTENT'><string>&lt;div class=""row""&gt;<char code='0d'/><char code='0a'/>    &lt;div class=""col-sm-6 col-xs-12""&gt;<char code='0d'/><char code='0a'/>       &lt;blockquote class=""blockquote_style""&gt; A preferred method of getting knitting on your machine is to ""cast on with waste yarn and ravel cord"". With this method, you add a few rows of knitting before starting your cast on with your garment yarn.&lt;/blockquote&gt;&lt;br&gt;<char code='0d'/><char code='0a'/>&lt;br&gt;<char code='0d'/><char code='0a'/>        &lt;div class=""lead""&gt;Benefits of Scrap 'n Ravel:&lt;/div&gt;<char code='0d'/><char code='0a'/>        &lt;ul&gt;<char code='0d'/><char code='0a'/>            &lt;li&gt;Use waste knitting to hang cast on comb and/or weights&lt;/li&gt;<char code='0d'/><char code='0a'/>            &lt;li&gt;Protect delicate/fine yarns&lt;/li&gt;<char code='0d'/><char code='0a'/>            &lt;li&gt;Immediately start patterning (tuck, lace, etc) with weights in place&lt;/li&gt;<char code='0d'/><char code='0a'/>            &lt;li&gt;Leave waste knitting in place to make blocking easier – especially for edges that roll&lt;/li&gt;<char code='0d'/><char code='0a'/>        &lt;/ul&gt;<char code='0d'/><char code='0a'/>    &lt;/div&gt;<char code='0d'/><char code='0a'/><char code='0d'/><char code='0a'/>    &lt;div class=""col-sm-4 col-xs-12""&gt; &lt;img class=""img-responsive zoom"" src=""/challenge/images/v2/50/scrap_ravel.jpg""&gt;&lt;/div&gt;<char code='0d'/><char code='0a'/>&lt;/div&gt;<char code='0d'/><char code='0a'/><char code='0d'/><char code='0a'/>&lt;div class=""row well""&gt;<char code='0d'/><char code='0a'/>    &lt;b&gt;Overview of ""scrap and ravel"".&lt;/b&gt;&lt;br&gt; &lt;br&gt;&lt;br&gt;<char code='0d'/><char code='0a'/>    &lt;ul class=""lightlist"" style=""list-style:none;""&gt;<char code='0d'/><char code='0a'/>        &lt;li&gt;Work a fast cast on with waste yarn&lt;/li&gt;<char code='0d'/><char code='0a'/>        &lt;li&gt;Knit a few rows&lt;/li&gt;<char code='0d'/><char code='0a'/>        &lt;li&gt;Knit a row of ravel cord (so you can remove the scrap easily)&lt;/li&gt;<char code='0d'/><char code='0a'/>        &lt;li&gt;Start knitting with the garment yarn, safely leaving open stitches to be worked later&lt;/li&gt;<char code='0d'/><char code='0a'/>    &lt;/ul&gt;<char code='0d'/><char code='0a'/>    You'll practice this in the next section.<char code='0d'/><char code='0a'/>&lt;/div&gt;<char code='0d'/><char code='0a'/>&lt;div class=""lead""&gt;What is Ravel Cord?&lt;/div&gt;<char code='0d'/><char code='0a'/><char code='0d'/><char code='0a'/>&lt;div class=""row""&gt;<char code='0d'/><char code='0a'/>&lt;div class=""col-sm-5 col-sm-offset-1 col-xs-12""&gt;<char code='0d'/><char code='0a'/>&lt;b&gt;Characteristics of Ravel cord&lt;/b&gt;<char code='0d'/><char code='0a'/>&lt;ul&gt;<char code='0d'/><char code='0a'/>&lt;li&gt;Similar weight to your garment yarn (or lighter)&lt;/li&gt;<char code='0d'/><char code='0a'/>&lt;li&gt;Contrasting color&lt;/li&gt;<char code='0d'/><char code='0a'/>&lt;li&gt;Smooth and slippery&lt;/li&gt;<char code='0d'/><char code='0a'/>&lt;li&gt;Strong (you have to cut it and can’t break it with your hands)&lt;/li&gt;<char code='0d'/><char code='0a'/>&lt;/ul&gt;<char code='0d'/><char code='0a'/>&lt;br&gt;<char code='0d'/><char code='0a'/>Your machine may have come with ravel cord, but you can use anything that meets these criteria.   Use your cord over and over, or toss it.  It's your choice.<char code='0d'/><char code='0a'/>&lt;/div&gt;<char code='0d'/><char code='0a'/>&lt;div class=""col-sm-4 col-xs-12""&gt;&lt;img class=""img-responsive"" src=""/challenge/images/v2/50/ravel_cord.jpg""&gt;&lt;/div&gt;<char code='0d'/><char code='0a'/>&lt;/div&gt;<char code='0d'/><char code='0a'/><char code='0d'/><char code='0a'/><char code='0d'/><char code='0a'/><char code='0d'/><char code='0a'/><char code='0d'/><char code='0a'/><char code='0d'/><char code='0a'/></string></var><var name='CHALLENGE_ASSIGNID'><string>3489</string></var><var name='CHALLENGE_COMPONENTID'><string>4927</string></var></struct></data></wddxPacket>"
50,LK-150 Quick Start,324,Cast on Options,34,3486,3,HTML,'Must Know' Cast Ons,4925,1,VimeoMultiple,"<wddxPacket version='1.0'><header/><data><struct ><var name='CHALLENGE_COMPONENTID'><string>4925</string></var><var name='LABLE4'><string>&lt;i class='fa fa-youtube-play' aria-hidden='true'&gt;&lt;/i&gt;</string></var><var name='VIMEOID4'><string></string></var><var name='LABLE1'><string>&lt;i class='fa fa-youtube-play' aria-hidden='true'&gt;&lt;/i&gt; Scrap 'n Ravel OPEN Cast On</string></var><var name='FIELDNAMES'><string>CHALLENGE_ASSIGNID,CHALLENGE_COMPONENTID,VIMEOID1,LABLE1,VIMEOID2,LABLE2,VIMEOID3,LABLE3,VIMEOID4,LABLE4</string></var><var name='LABLE2'><string>&lt;i class='fa fa-youtube-play' aria-hidden='true'&gt;&lt;/i&gt; Scrap 'n Ravel E-Wrap Cast ON</string></var><var name='VIMEOID3'><string>343340595</string></var><var name='LABLE3'><string>&lt;i class='fa fa-youtube-play' aria-hidden='true'&gt;&lt;/i&gt; Scrap 'n Ravel CHAIN Cast On</string></var><var name='VIMEOID1'><string>343326408</string></var><var name='VIMEOID2'><string>343343552</string></var><var name='CHALLENGE_ASSIGNID'><string>3486</string></var></struct></data></wddxPacket>"
50,LK-150 Quick Start,324,Cast on Options,34,3486,3,HTML,'Must Know' Cast Ons,4926,2,HTML,"<wddxPacket version='1.0'><header/><data><struct ><var name='CHALLENGE_COMPONENTID'><string>4926</string></var><var name='HTMLCONTENT'><string>&lt;img class=""img-responsive"" src=""/challenge/images/v2/50/dont_just_watch.gif""&gt;&lt;br&gt;<char code='0d'/><char code='0a'/><char code='0d'/><char code='0a'/>Having more than one cast on method in your toolbox is critical to mastering your knitting machine&lt;br&gt;&lt;br&gt;<char code='0d'/><char code='0a'/><char code='0d'/><char code='0a'/>As you work practice exercises (and knit swatches) in this course, use all 3 of these cast on methods.  </string></var><var name='CHALLENGE_ASSIGNID'><string>3486</string></var><var name='FIELDNAMES'><string>CHALLENGE_ASSIGNID,CHALLENGE_COMPONENTID,HTMLCONTENT</string></var></struct></data></wddxPacket>"
50,LK-150 Quick Start,324,Cast on Options,34,3490,4,HTML,Your Turn,4928,1,HTML,"<wddxPacket version='1.0'><header/><data><struct ><var name='FIELDNAMES'><string>CHALLENGE_ASSIGNID,CHALLENGE_COMPONENTID,HTMLCONTENT</string></var><var name='CHALLENGE_ASSIGNID'><string>3490</string></var><var name='CHALLENGE_COMPONENTID'><string>4928</string></var><var name='HTMLCONTENT'><string>&lt;blockquote class=""blockquote_style""&gt;Use the videos in the previous section and practice these cast on techniques.&lt;/blockquote&gt;&lt;br&gt;&lt;br&gt;<char code='0d'/><char code='0a'/><char code='0d'/><char code='0a'/>&lt;div class=""row well""&gt;<char code='0d'/><char code='0a'/>&lt;div class=""col-sm-6 col-xs-12""&gt;<char code='0d'/><char code='0a'/><char code='0d'/><char code='0a'/>&lt;h3&gt;e-Wrap Cast on (with waste yarn)&lt;/h3&gt;<char code='0d'/><char code='0a'/>&lt;ol class=""instruction-list""&gt;<char code='0d'/><char code='0a'/>&lt;li&gt;Set carriage for plain knitting&lt;/li&gt;<char code='0d'/><char code='0a'/>&lt;li&gt;Put 20-30 needles into work&lt;/li&gt;<char code='0d'/><char code='0a'/>&lt;li&gt;With scrap yarn similar in weight to your garment yarn, ewrap cast on.&lt;/li&gt;<char code='0d'/><char code='0a'/>&lt;li&gt;Knit a few rows with scrap yarn. End on the LEFT&lt;/li&gt;<char code='0d'/><char code='0a'/>&lt;li&gt;Knit 1 row with ravel cord.&lt;/li&gt;<char code='0d'/><char code='0a'/>&lt;li&gt;Carriage on the right&lt;/li&gt;<char code='0d'/><char code='0a'/>&lt;li&gt;Starting on the left, with the garment yarn, e-wrap cast on over all the needles (over the ravel cord stitches)&lt;/li&gt;<char code='0d'/><char code='0a'/>&lt;li&gt;Thread your carriage&lt;/li&gt;<char code='0d'/><char code='0a'/>&lt;li&gt;Continue knitting&lt;/li&gt;<char code='0d'/><char code='0a'/>&lt;li&gt;Drop the knitting from the machine&lt;/li&gt;<char code='0d'/><char code='0a'/>&lt;/ol&gt;<char code='0d'/><char code='0a'/>&lt;h3&gt;Chain Cast On (with waste yarn)&lt;/h3&gt;<char code='0d'/><char code='0a'/>&lt;ol class=""instruction-list""&gt;<char code='0d'/><char code='0a'/>&lt;li&gt;Cast on with waste yarn and ravel cord&lt;/li&gt;<char code='0d'/><char code='0a'/>&lt;li&gt;Starting on the left, follow the video&lt;/li&gt;<char code='0d'/><char code='0a'/>&lt;li&gt;Form a slip knot and place it on your latch tool&lt;/li&gt;<char code='0d'/><char code='0a'/>&lt;li&gt;Insert the tool between the first and second needle&lt;/li&gt;<char code='0d'/><char code='0a'/>&lt;li&gt;Catch the working yarn in the hook of the tool&lt;/li&gt;<char code='0d'/><char code='0a'/>&lt;li&gt;Pull the strand through the slip knot, forming a new loop.&lt;/li&gt;<char code='0d'/><char code='0a'/>&lt;li&gt;Keeping the loop in the hook of the tool, position the tool between the next 2 needles.&lt;/li&gt;<char code='0d'/><char code='0a'/>&lt;li&gt;Reach up and hook the working yarn again, pulling it through the loop on the hook. (This forms a chain)&lt;/li&gt;<char code='0d'/><char code='0a'/>&lt;li&gt;Continue to chain across all the needles&lt;/li&gt;<char code='0d'/><char code='0a'/>&lt;li&gt;Knit for a few inches&lt;/li&gt;<char code='0d'/><char code='0a'/>&lt;li&gt;Drop the work from the machine&lt;/li&gt;<char code='0d'/><char code='0a'/>&lt;/ol&gt;<char code='0d'/><char code='0a'/><char code='0d'/><char code='0a'/><char code='0d'/><char code='0a'/>&lt;/div&gt;<char code='0d'/><char code='0a'/>&lt;div class=""col-sm-3 col-xs-12""&gt;&lt;a href=""/KIN_Images/Challenges/lk_150_cast_on_worksheet.pdf"" target=""_blank""&gt;&lt;img class=""img-responsive"" src=""/challenge/images/v2/50/LK-150-cast_on_worksheet.jpg""&gt;&lt;/a&gt;&lt;/div&gt;<char code='0d'/><char code='0a'/>&lt;/div&gt;<char code='0d'/><char code='0a'/><char code='0d'/><char code='0a'/></string></var></struct></data></wddxPacket>"
50,LK-150 Quick Start,324,Cast on Options,34,3490,4,HTML,Your Turn,4930,2,Document,"<wddxPacket version='1.0'><header/><data><struct ><var name='DATAMODEL_ICON'><string>fa fa-download</string></var><var name='LABLE'><string>Print the Worksheet</string></var><var name='CHALLENGE_ASSIGNID'><string>3490</string></var><var name='FIELDNAMES'><string>CHALLENGE_ASSIGNID,CHALLENGE_COMPONENTID,LABLE,DATAMODEL_ICON,VIEWHEIGHT,SHOWVIEWER,FILENAME</string></var><var name='CHALLENGE_COMPONENTID'><string>4930</string></var><var name='VIEWHEIGHT'><string>600</string></var><var name='FILENAME'><string>lk_150_cast_on_worksheet1.pdf</string></var><var name='SHOWVIEWER'><string>0</string></var></struct></data></wddxPacket>"
50,LK-150 Quick Start,318,Binding Off,39,3457,1,HTML,Bind off choices,4931,1,HTML,"<wddxPacket version='1.0'><header/><data><struct ><var name='TYPEOF'><string>HTML</string></var><var name='FIELDNAMES'><string>CHALLENGE_ASSIGNID,TYPEOF,HTMLCONTENT</string></var><var name='HTMLCONTENT'><string>Just like in hand knitting, there are many, many ways of binding off your knitting.  From plain 'ol, functional bind offs to decorative edges machine knitters have lots of choices. Let's take a look at a couple of basics that are great with your machine.&lt;br&gt;&lt;br&gt;<char code='0d'/><char code='0a'/><char code='0d'/><char code='0a'/><char code='0d'/><char code='0a'/><char code='0d'/><char code='0a'/></string></var><var name='CHALLENGE_ASSIGNID'><string>3457</string></var></struct></data></wddxPacket>"
50,LK-150 Quick Start,318,Binding Off,39,3457,1,HTML,Bind off choices,4932,2,Exercise,"<wddxPacket version='1.0'><header/><data><struct ><var name='EXCERCISE_TASK_9'><string></string></var><var name='EXCERCISE_TASK_8'><string></string></var><var name='EXCERCISE_DETAILS_7'><string></string></var><var name='FIELDNAMES'><string>CHALLENGE_ASSIGNID,CHALLENGE_COMPONENTID,SHOWTEXT,EXCERISESIZE,EXCERCISE_IMAGE_1,EXCERCISE_TASK_1,EXCERCISE_DETAILS_1,EXCERCISE_IMAGE_2,EXCERCISE_TASK_2,EXCERCISE_DETAILS_2,EXCERCISE_IMAGE_3,EXCERCISE_TASK_3,EXCERCISE_DETAILS_3,EXCERCISE_IMAGE_4,EXCERCISE_TASK_4,EXCERCISE_DETAILS_4,EXCERCISE_IMAGE_5,EXCERCISE_TASK_5,EXCERCISE_DETAILS_5,EXCERCISE_IMAGE_6,EXCERCISE_TASK_6,EXCERCISE_DETAILS_6,EXCERCISE_IMAGE_7,EXCERCISE_TASK_7,EXCERCISE_DETAILS_7,EXCERCISE_IMAGE_8,EXCERCISE_TASK_8,EXCERCISE_DETAILS_8,EXCERCISE_IMAGE_9,EXCERCISE_TASK_9,EXCERCISE_DETAILS_9,EXCERCISE_IMAGE_10,EXCERCISE_TASK_10,EXCERCISE_DETAILS_10</string></var><var name='EXCERCISE_IMAGE_5'><string>/challenge/images/arrow5.png</string></var><var name='EXCERCISE_IMAGE_4'><string>/challenge/images/arrow4.png</string></var><var name='EXCERCISE_TASK_7'><string></string></var><var name='EXCERISESIZE'><string>6</string></var><var name='EXCERCISE_DETAILS_6'><string></string></var><var name='CHALLENGE_COMPONENTID'><string>4932</string></var><var name='EXCERCISE_IMAGE_6'><string></string></var><var name='EXCERCISE_DETAILS_10'><string></string></var><var name='EXCERCISE_DETAILS_3'><string>Hand stitching creates a very stretchy bind off.&lt;br&gt;<char code='0d'/><char code='0a'/><char code='0d'/><char code='0a'/>&lt;div class=""row""&gt;<char code='0d'/><char code='0a'/>&lt;div class=""col-sm-6 col-xs-12 col-sm-offset-3""&gt;<char code='0d'/><char code='0a'/>&lt;div class='embed-video-container'&gt;&lt;iframe src='https://player.vimeo.com/video/151858299' frameborder='0' webkitAllowFullScreen mozallowfullscreen allowFullScreen&gt;&lt;/iframe&gt;&lt;/div&gt;<char code='0d'/><char code='0a'/>&lt;/div&gt;<char code='0d'/><char code='0a'/>&lt;/div&gt;</string></var><var name='EXCERCISE_DETAILS_8'><string></string></var><var name='EXCERCISE_TASK_5'><string>&lt;b&gt;My Favorite Bind Off - Stitch thru Stitch&lt;/b&gt;</string></var><var name='EXCERCISE_TASK_4'><string>&lt;b&gt;Bind off by hand&lt;/b&gt;</string></var><var name='EXCERCISE_TASK_1'><string>&lt;b&gt;Drop the work from the machine&lt;/b&gt;</string></var><var name='EXCERCISE_DETAILS_5'><string>Stitch thru stitch bind off that is worked so YOU control the size of the bind off stitches and the tension of the bind off edge.  Make it as firm or loose as you like. No guesswork.&lt;br&gt;&lt;br&gt;<char code='0d'/><char code='0a'/>&lt;div class=""row""&gt;<char code='0d'/><char code='0a'/>&lt;div class=""col-sm-6 col-xs-12 col-sm-offset-3""&gt;<char code='0d'/><char code='0a'/>&lt;div class='embed-video-container'&gt;&lt;iframe src='https://player.vimeo.com/video/343513501' frameborder='0' webkitAllowFullScreen mozallowfullscreen allowFullScreen&gt;&lt;/iframe&gt;&lt;/div&gt;<char code='0d'/><char code='0a'/>&lt;/div&gt;<char code='0d'/><char code='0a'/>&lt;/div&gt;<char code='0d'/><char code='0a'/></string></var><var name='EXCERCISE_IMAGE_8'><string></string></var><var name='EXCERCISE_DETAILS_9'><string></string></var><var name='EXCERCISE_TASK_10'><string></string></var><var name='EXCERCISE_IMAGE_1'><string>/challenge/images/arrow1.png</string></var><var name='EXCERCISE_IMAGE_10'><string></string></var><var name='EXCERCISE_IMAGE_3'><string>/challenge/images/arrow3.png</string></var><var name='EXCERCISE_DETAILS_2'><string>OK, if you are knitting a swatch and you are going to wash it, or you are going to handle your knitted piece a lot, Just leaving open stitches isn't practical you'll want to secure the stitches. &lt;br&gt;&lt;br&gt; Running the tail of yarn through each stitch is a fast way to secure them.&lt;br&gt;&lt;br&gt;<char code='0d'/><char code='0a'/>&lt;div class=""row""&gt;<char code='0d'/><char code='0a'/>    &lt;div class=""col-sm-4 col-sm-offset-1 col-xs-6""&gt;<char code='0d'/><char code='0a'/>        &lt;div class='embed-video-container'&gt;&lt;iframe src='https://player.vimeo.com/video/343495391' frameborder='0' webkitAllowFullScreen mozallowfullscreen allowFullScreen&gt;&lt;/iframe&gt;<char code='0d'/><char code='0a'/>        &lt;/div&gt; &lt;i class=""fa-solid fa-volume-slash""&gt;&lt;/i&gt;No sound&lt;br&gt;<char code='0d'/><char code='0a'/>    &lt;/div&gt;<char code='0d'/><char code='0a'/>        &lt;div class=""col-sm-5 col-sm-offset-1col-xs-6""&gt;<char code='0d'/><char code='0a'/>            &lt;i class=""fa fa-lightbulb-o fa-2x"" aria-hidden=""true""&gt;&lt;/i&gt; Sometimes you have a very stretchy, open piece of knitting. Using a regular bind off method may distort the piece. Use this method to temporarily secure the stitches and avoid any distortion.&lt;br&gt; &lt;br&gt;<char code='0d'/><char code='0a'/> &lt;i class=""fa fa-lightbulb-o fa-2x"" aria-hidden=""true""&gt;&lt;/i&gt; This is also a good technique for gathering the top of hats. Just run the tail through the stitches, pull tight and secure ... instant gathers!<char code='0d'/><char code='0a'/>        &lt;/div&gt;<char code='0d'/><char code='0a'/><char code='0d'/><char code='0a'/>&lt;/div&gt;</string></var><var name='CHALLENGE_ASSIGNID'><string>3457</string></var><var name='EXCERCISE_IMAGE_7'><string></string></var><var name='EXCERCISE_TASK_6'><string></string></var><var name='SHOWTEXT'><string>below</string></var><var name='EXCERCISE_TASK_3'><string>&lt;b&gt;Back Stitch Bind off&lt;/b&gt;</string></var><var name='EXCERCISE_TASK_2'><string>&lt;b&gt;Fast, Secure, Temporary Bind Off&lt;/b&gt;</string></var><var name='EXCERCISE_IMAGE_9'><string></string></var><var name='EXCERCISE_IMAGE_2'><string>/challenge/images/arrow2.png</string></var><var name='EXCERCISE_DETAILS_1'><string>&lt;img class=""img-responsive"" src=""/challenge/images/v2/50/you_have_My_permission.gif""&gt;<char code='0d'/><char code='0a'/>&lt;div class=""row""&gt;<char code='0d'/><char code='0a'/>    &lt;div class=""col-sm-6 col-xs-6""&gt;When swatching or practicing, sometimes it's OK to just remove the yarn from the yarn feeder, pass the carriage across the needles in work and let the knitting drop from the machine.&lt;br&gt;&lt;br&gt; Obviously these stitches can easily unravel, but if you are just playing, why take time to bind off?<char code='0d'/><char code='0a'/><char code='0d'/><char code='0a'/>    &lt;/div&gt;<char code='0d'/><char code='0a'/>    &lt;div class=""col-sm-4 col-xs-6""&gt;<char code='0d'/><char code='0a'/>        &lt;div class='embed-video-container'&gt;&lt;iframe src='https://player.vimeo.com/video/343470911' frameborder='0' webkitAllowFullScreen mozallowfullscreen allowFullScreen&gt;&lt;/iframe&gt;&lt;br&gt; &lt;/div&gt;<char code='0d'/><char code='0a'/>        &lt;i class=""fa-solid fa-volume-slash""&gt;&lt;/i&gt;No sound&lt;br&gt; Remove the yarn from the feeder and pass the carriage to drop the work from the machine<char code='0d'/><char code='0a'/>    &lt;/div&gt;<char code='0d'/><char code='0a'/>&lt;/div&gt;<char code='0d'/><char code='0a'/>&lt;br&gt;<char code='0d'/><char code='0a'/>&lt;hr&gt;&lt;br&gt;<char code='0d'/><char code='0a'/>&lt;div class=""row""&gt;<char code='0d'/><char code='0a'/>    &lt;div class=""col-sm-3 col-xs-12""&gt;&lt;img class=""img-responsive"" src=""/challenge/images/v2/50/scrap-off1.jpg""&gt;&lt;/div&gt;<char code='0d'/><char code='0a'/>    &lt;div class=""col-sm-6 col-xs-12""&gt;<char code='0d'/><char code='0a'/>        &lt;i class=""fa fa-lightbulb-o fa-2x"" aria-hidden=""true""&gt;&lt;/i&gt;<char code='0d'/><char code='0a'/>        Simply dropping the work is often done when scrapping off your knitting.&lt;br&gt;&lt;br&gt;<char code='0d'/><char code='0a'/>        By knitting a few rows of waste yarn, you safely maintain open stitches at the end of your knitting. These stitches can then be re-hung on the machine or picked up with hand knitting needles to finish the piece. (This is similar to using Scrap 'n Ravel cast on methods)<char code='0d'/><char code='0a'/>        &lt;br&gt;&lt;br&gt;<char code='0d'/><char code='0a'/>    &lt;/div&gt;<char code='0d'/><char code='0a'/>&lt;/div&gt;<char code='0d'/><char code='0a'/></string></var><var name='EXCERCISE_DETAILS_4'><string>There is no rule that says you have to do EVERYTHING on the machine.  If you are a hand knitter, you may want to take the stitches off the machine on a hand knitting needle and work the bind off method of your choice&lt;br&gt;&lt;br&gt;<char code='0d'/><char code='0a'/>&lt;div class=""row""&gt;<char code='0d'/><char code='0a'/>&lt;div class=""col-sm-6 col-xs-12 col-sm-offset-3""&gt;<char code='0d'/><char code='0a'/>&lt;div class='embed-video-container'&gt;&lt;iframe src='https://player.vimeo.com/video/343473040' frameborder='0' webkitAllowFullScreen mozallowfullscreen allowFullScreen&gt;&lt;/iframe&gt;&lt;/div&gt;<char code='0d'/><char code='0a'/>&lt;/div&gt;<char code='0d'/><char code='0a'/> &lt;i class=""fa-solid fa-volume-slash""&gt;&lt;/i&gt;No sound&lt;br&gt;<char code='0d'/><char code='0a'/>&lt;/div&gt;<char code='0d'/><char code='0a'/></string></var></struct></data></wddxPacket>"
50,LK-150 Quick Start,318,Binding Off,39,3457,1,HTML,Bind off choices,4933,3,HTML,"<wddxPacket version='1.0'><header/><data><struct ><var name='CHALLENGE_COMPONENTID'><string>4933</string></var><var name='HTMLCONTENT'><string>&lt;blockquote class=""blockquote_style""&gt;&lt;i class=""fa fa-refresh fa-2x aria-hidden=""true""&gt;&lt;/i&gt; Take time to try different bind off  methods while you are knitting swatches and practicing techniques.  Don't get stuck using only one method.&lt;br&gt;&lt;br&gt;Part of your journey to learn your machine is to learn different techniques and when to apply them.&lt;/blockquote&gt;</string></var><var name='CHALLENGE_ASSIGNID'><string>3457</string></var><var name='FIELDNAMES'><string>CHALLENGE_ASSIGNID,CHALLENGE_COMPONENTID,HTMLCONTENT</string></var></struct></data></wddxPacket>"
50,LK-150 Quick Start,325,Simply Rectangles,89,3492,1,HTML,"Ready, Set ... Knit!",4934,1,HTML,"<wddxPacket version='1.0'><header/><data><struct ><var name='HTMLCONTENT'><string>&lt;div class=""row""&gt;<char code='0d'/><char code='0a'/>&lt;div class=""col-sm-6 col-xs-12""&gt;<char code='0d'/><char code='0a'/><char code='0d'/><char code='0a'/>Sadly patterns that are written specifically for machine knitting are few and far between.  Most machine knitting patterns are cryptic (with tons of abbreviations) and dated.&lt;br&gt;&lt;br&gt;<char code='0d'/><char code='0a'/><char code='0d'/><char code='0a'/>With this course you are taking steps toward UNDERSTANDING your machine and learning to use it as a tool. &lt;br&gt;&lt;br&gt;<char code='0d'/><char code='0a'/>Part of that learning curve is understanding gauge. You may not want to design your own knitting patterns (you don't need to). BUT it is important that you understand how patterns are written and the importance of gauge to knit garments that fit. There is nothing worse than spending your time and energy knitting something and it doesn't come out the right size.  Taking time to learn these concepts will GUARANTEE your success as a machine knitter.&lt;br&gt;&lt;br&gt;<char code='0d'/><char code='0a'/><char code='0d'/><char code='0a'/><char code='0d'/><char code='0a'/>  If you've skipped the section swatching, promise me you will go back and review these lessons.&lt;br&gt;<char code='0d'/><char code='0a'/>&lt;/div&gt;<char code='0d'/><char code='0a'/>&lt;div class=""col-sm-3 col-xs-12""&gt;<char code='0d'/><char code='0a'/>&lt;blockquote class=""blockquote_style""&gt;<char code='0d'/><char code='0a'/>You WILL NOT HAVE SUCCESS unless you master swatching and gauge.&lt;br&gt;&lt;br&gt;<char code='0d'/><char code='0a'/><char code='0d'/><char code='0a'/>&lt;img class=""img-responsive"" src=""/challenge/images/v2/50/You_can_do_this.gif""&gt;<char code='0d'/><char code='0a'/>&lt;/blockquote&gt;<char code='0d'/><char code='0a'/>&lt;/div&gt;<char code='0d'/><char code='0a'/>&lt;/div&gt;<char code='0d'/><char code='0a'/></string></var><var name='CHALLENGE_COMPONENTID'><string>4934</string></var><var name='CHALLENGE_ASSIGNID'><string>3492</string></var><var name='FIELDNAMES'><string>CHALLENGE_ASSIGNID,CHALLENGE_COMPONENTID,HTMLCONTENT</string></var></struct></data></wddxPacket>"
50,LK-150 Quick Start,325,Simply Rectangles,89,3492,1,HTML,"Ready, Set ... Knit!",4935,2,RedirectButton,"<wddxPacket version='1.0'><header/><data><struct ><var name='CHALLENGE_ASSIGNID'><string>3492</string></var><var name='BUTTONTEXT'><string>Review Swatching and Gauge</string></var><var name='FIELDNAMES'><string>CHALLENGE_ASSIGNID,CHALLENGE_COMPONENTID,BUTTONTEXT,REDIRECT_TO</string></var><var name='CHALLENGE_COMPONENTID'><string>4935</string></var><var name='REDIRECT_TO'><string>/challenge/50/Group/3470/item|Your Success Depends on This: Swatching is NOT optional</string></var></struct></data></wddxPacket>"
50,LK-150 Quick Start,325,Simply Rectangles,89,3492,1,HTML,"Ready, Set ... Knit!",4936,3,HTML,"<wddxPacket version='1.0'><header/><data><struct ><var name='FIELDNAMES'><string>CHALLENGE_ASSIGNID,CHALLENGE_COMPONENTID,HTMLCONTENT</string></var><var name='CHALLENGE_COMPONENTID'><string>4936</string></var><var name='HTMLCONTENT'><string>&lt;blockquote class=""blockquote_style""&gt;Ready to knit something useful?&lt;/blockquote&gt;<char code='0d'/><char code='0a'/><char code='0d'/><char code='0a'/><char code='0d'/><char code='0a'/>The following lessons will help you put the concept of swatching and measuring accurate gauge to work.&lt;br&gt;&lt;br&gt;<char code='0d'/><char code='0a'/>I'm sure you are anxious to make something useful.  We're going to take baby steps. Let's plan, design and knit some plain 'ol rectangles that can be used for scarves or shawls.&lt;br&gt;&lt;br&gt;<char code='0d'/><char code='0a'/>&lt;b&gt;The skills, knowledge and confidence you gain will go a long way&lt;/b&gt; taking the next steps to make that fabulous sweater, coat or dress that you've been dreaming about.<char code='0d'/><char code='0a'/><char code='0d'/><char code='0a'/><char code='0d'/><char code='0a'/><char code='0d'/><char code='0a'/></string></var><var name='CHALLENGE_ASSIGNID'><string>3492</string></var></struct></data></wddxPacket>"
50,LK-150 Quick Start,325,Simply Rectangles,89,3493,2,HTML,"Design A Blanket, Scarf or Shawl",4948,1,HTML,"<wddxPacket version='1.0'><header/><data><struct ><var name='HTMLCONTENT'><string>&lt;div class=""row""&gt;<char code='0d'/><char code='0a'/>&lt;div class=""col-sm-6 col-xs-12""&gt;<char code='0d'/><char code='0a'/><char code='0d'/><char code='0a'/>Scarves and small blankets* are just rectangles.  &lt;br&gt;&lt;br&gt;<char code='0d'/><char code='0a'/>&lt;b&gt;To knit one you need to know:&lt;/b&gt;<char code='0d'/><char code='0a'/>&lt;ol&gt;<char code='0d'/><char code='0a'/>&lt;li&gt;What are the dimensions&lt;/li&gt;<char code='0d'/><char code='0a'/>&lt;li&gt;What is YOUR gauge&lt;/li&gt;<char code='0d'/><char code='0a'/>&lt;li&gt;How many stitches to cast on&lt;/li&gt;<char code='0d'/><char code='0a'/>&lt;li&gt;How many rows to knit&lt;/li&gt;<char code='0d'/><char code='0a'/>&lt;/ul&gt;<char code='0d'/><char code='0a'/>&lt;/div&gt;<char code='0d'/><char code='0a'/>&lt;div class=""col-sm-6 col-xs-12 well""&gt;<char code='0d'/><char code='0a'/>*When knitting blankets on the knitting machine, we are limited by the number of needles we have on the needlebed. To overcome this, machine knitters knit panels and join them.  &lt;br&gt;&lt;br&gt;<char code='0d'/><char code='0a'/>To learn more about knitting larger blankets, check out the Knit it Now Course &lt;a href=""/challenge/3/course/diy-blanket"" target=""_blank""&gt;""DIY Blanket""&lt;/a&gt;&lt;br&gt;The course goes into depth covering designing your own blanket, knitting panels and finishing techniques.&lt;br&gt;&lt;br&gt;&lt;center&gt;&lt;a href=""/challenge/3/course/diy-blanket""  target=""_blank""&gt;&lt;img class=""img-responsive"" src=""/challenge/images/v2/50/diy_blanket_200.png""&gt;&lt;/a&gt;&lt;/center&gt;<char code='0d'/><char code='0a'/><char code='0d'/><char code='0a'/>&lt;/div&gt;<char code='0d'/><char code='0a'/>&lt;/div&gt;<char code='0d'/><char code='0a'/></string></var><var name='CHALLENGE_COMPONENTID'><string>4948</string></var><var name='CHALLENGE_ASSIGNID'><string>3493</string></var><var name='FIELDNAMES'><string>CHALLENGE_ASSIGNID,CHALLENGE_COMPONENTID,HTMLCONTENT</string></var></struct></data></wddxPacket>"
50,LK-150 Quick Start,325,Simply Rectangles,89,3493,2,HTML,"Design A Blanket, Scarf or Shawl",4961,2,boxtop,"<wddxPacket version='1.0'><header/><data><struct ><var name='FIELDNAMES'><string>CHALLENGE_ASSIGNID,TYPEOF,CLASSNAME</string></var><var name='CLASSNAME'><string>well</string></var><var name='TYPEOF'><string>boxtop</string></var><var name='CHALLENGE_ASSIGNID'><string>3493</string></var></struct></data></wddxPacket>"
50,LK-150 Quick Start,325,Simply Rectangles,89,3493,2,HTML,"Design A Blanket, Scarf or Shawl",4963,3,HTML,"<wddxPacket version='1.0'><header/><data><struct ><var name='FIELDNAMES'><string>CHALLENGE_ASSIGNID,CHALLENGE_COMPONENTID,HTMLCONTENT</string></var><var name='CHALLENGE_COMPONENTID'><string>4963</string></var><var name='HTMLCONTENT'><string>&lt;h3&gt;Create your custom knitting blueprint&lt;/h3&gt;<char code='0d'/><char code='0a'/>&lt;ol class=""instruction-list""&gt;<char code='0d'/><char code='0a'/>&lt;li&gt;Knit a swatch and establish YOUR Gauge&lt;/li&gt;<char code='0d'/><char code='0a'/>&lt;li&gt;Establish the length and width of your project&lt;/li&gt;<char code='0d'/><char code='0a'/>&lt;li&gt;Enter your info&lt;/li&gt;<char code='0d'/><char code='0a'/>&lt;li&gt;Click ""Create Instructions"" button for your pattern&lt;/li&gt;<char code='0d'/><char code='0a'/><char code='0d'/><char code='0a'/>&lt;/ol&gt;<char code='0d'/><char code='0a'/><char code='0d'/><char code='0a'/></string></var><var name='CHALLENGE_ASSIGNID'><string>3493</string></var></struct></data></wddxPacket>"
50,LK-150 Quick Start,325,Simply Rectangles,89,3493,2,HTML,"Design A Blanket, Scarf or Shawl",4951,4,CustomCFM,"<wddxPacket version='1.0'><header/><data><struct ><var name='TYPEOF'><string>CustomCFM</string></var><var name='CHALLENGE_ASSIGNID'><string>3493</string></var><var name='CUSTOMCFM'><string>rectangle_Tool.cfm</string></var><var name='FIELDNAMES'><string>CHALLENGE_ASSIGNID,TYPEOF,CUSTOMCFM</string></var></struct></data></wddxPacket>"
50,LK-150 Quick Start,325,Simply Rectangles,89,3493,2,HTML,"Design A Blanket, Scarf or Shawl",4962,5,boxbottom,"<wddxPacket version='1.0'><header/><data><struct ><var name='TYPEOF'><string>boxbottom</string></var><var name='FIELDNAMES'><string>CHALLENGE_ASSIGNID,TYPEOF</string></var><var name='CHALLENGE_ASSIGNID'><string>3493</string></var></struct></data></wddxPacket>"
50,LK-150 Quick Start,325,Simply Rectangles,89,3496,3,HTML,How Much Yarn Do You Need?,4958,1,HTML,"<wddxPacket version='1.0'><header/><data><struct ><var name='FIELDNAMES'><string>CHALLENGE_ASSIGNID,CHALLENGE_COMPONENTID,HTMLCONTENT</string></var><var name='CHALLENGE_COMPONENTID'><string>4958</string></var><var name='CHALLENGE_ASSIGNID'><string>3496</string></var><var name='HTMLCONTENT'><string>&lt;div class=""row""&gt;<char code='0d'/><char code='0a'/>&lt;div class=""col-sm-6 col-xs-12""&gt;<char code='0d'/><char code='0a'/><char code='0d'/><char code='0a'/>Below is the Knit it Now Yarn Estimator Tool. Let us calculate how much yarn you will need.&lt;br&gt;&lt;br&gt;<char code='0d'/><char code='0a'/><char code='0d'/><char code='0a'/>&lt;ol class=""instruction-list""&gt;<char code='0d'/><char code='0a'/>&lt;li&gt;Knit and dress your swatch&lt;/li&gt;<char code='0d'/><char code='0a'/>&lt;li&gt;Measure the ENTIRE swatch from edge to edge&lt;/li&gt;<char code='0d'/><char code='0a'/>&lt;li&gt;Weigh the swatch in grams&lt;/li&gt;<char code='0d'/><char code='0a'/>&lt;li&gt;Enter the info below to determine how much yarn you will need&lt;/li&gt;<char code='0d'/><char code='0a'/>&lt;/ol&gt;<char code='0d'/><char code='0a'/><char code='0d'/><char code='0a'/>&lt;/div&gt;<char code='0d'/><char code='0a'/>&lt;div class=""col-sm-4 col-xs-12""&gt;&lt;div class='embed-video-container'&gt;&lt;iframe src='https://player.vimeo.com/video/151859805' frameborder='0' webkitAllowFullScreen mozallowfullscreen allowFullScreen&gt;&lt;/iframe&gt;&lt;br&gt; &lt;/div&gt;&lt;/div&gt;<char code='0d'/><char code='0a'/>&lt;/div&gt;<char code='0d'/><char code='0a'/>&lt;hr&gt;</string></var></struct></data></wddxPacket>"
50,LK-150 Quick Start,325,Simply Rectangles,89,3496,3,HTML,How Much Yarn Do You Need?,4959,2,boxtop,"<wddxPacket version='1.0'><header/><data><struct ><var name='CHALLENGE_ASSIGNID'><string>3496</string></var><var name='FIELDNAMES'><string>CHALLENGE_ASSIGNID,TYPEOF,CLASSNAME</string></var><var name='TYPEOF'><string>boxtop</string></var><var name='CLASSNAME'><string>well</string></var></struct></data></wddxPacket>"
50,LK-150 Quick Start,325,Simply Rectangles,89,3496,3,HTML,How Much Yarn Do You Need?,4964,3,HTML,"<wddxPacket version='1.0'><header/><data><struct ><var name='TYPEOF'><string>HTML</string></var><var name='HTMLCONTENT'><string>&lt;h3&gt;Yarn Estimator Tool&lt;/h3&gt;</string></var><var name='CHALLENGE_ASSIGNID'><string>3496</string></var><var name='FIELDNAMES'><string>CHALLENGE_ASSIGNID,TYPEOF,HTMLCONTENT</string></var></struct></data></wddxPacket>"
50,LK-150 Quick Start,325,Simply Rectangles,89,3496,3,HTML,How Much Yarn Do You Need?,4957,4,CustomCFM,"<wddxPacket version='1.0'><header/><data><struct ><var name='FIELDNAMES'><string>CHALLENGE_ASSIGNID,TYPEOF,CUSTOMCFM</string></var><var name='TYPEOF'><string>CustomCFM</string></var><var name='CUSTOMCFM'><string>yarnusage.cfm</string></var><var name='CHALLENGE_ASSIGNID'><string>3496</string></var></struct></data></wddxPacket>"
50,LK-150 Quick Start,325,Simply Rectangles,89,3496,3,HTML,How Much Yarn Do You Need?,4960,5,boxbottom,"<wddxPacket version='1.0'><header/><data><struct ><var name='TYPEOF'><string>boxbottom</string></var><var name='FIELDNAMES'><string>CHALLENGE_ASSIGNID,TYPEOF</string></var><var name='CHALLENGE_ASSIGNID'><string>3496</string></var></struct></data></wddxPacket>"
50,LK-150 Quick Start,320,Ready for a Project?,90,3469,1,HTML,Quick 'n Easy Project,4882,1,HTML,"<wddxPacket version='1.0'><header/><data><struct ><var name='HTMLCONTENT'><string>Fun, easy knitting with a graphic appeal. Great beginner blanket with unusual construction that isn't hard. The finished blanket is square. Want a rectangle? Knit two.&lt;br&gt;&lt;br&gt;<char code='0d'/><char code='0a'/><char code='0d'/><char code='0a'/>Ready to tackle more than a swatch or a plain rectangle? Practice picking up stitches and neatly seaming a small seam.&lt;br&gt;&lt;br&gt;<char code='0d'/><char code='0a'/><char code='0d'/><char code='0a'/>The yarn and the angles make this design special.&lt;br&gt;</string></var><var name='FIELDNAMES'><string>CHALLENGE_ASSIGNID,CHALLENGE_COMPONENTID,HTMLCONTENT</string></var><var name='CHALLENGE_ASSIGNID'><string>3469</string></var><var name='CHALLENGE_COMPONENTID'><string>4882</string></var></struct></data></wddxPacket>"
50,LK-150 Quick Start,320,Ready for a Project?,90,3469,1,HTML,Quick 'n Easy Project,4909,2,Video,"<wddxPacket version='1.0'><header/><data><struct ><var name='TYPEOF'><string>Video</string></var><var name='CHALLENGE_ASSIGNID'><string>3469</string></var><var name='VIMEOID'><string>328452201|Right Angles Blanket - Start to Finish</string></var><var name='FIELDNAMES'><string>CHALLENGE_ASSIGNID,TYPEOF,LABLE,VIMEOID</string></var><var name='LABLE'><string>&lt;i class='fa fa-youtube-play' aria-hidden='true'&gt;&lt;/i&gt; Start to Finish</string></var></struct></data></wddxPacket>"
50,LK-150 Quick Start,320,Ready for a Project?,90,3460,2,HTML,Right Angles Blanket,4881,1,Pattern,"<wddxPacket version='1.0'><header/><data><struct ><var name='ROWGAUGE_DATAMODEL_ELEMENT'><string>blanket_row_gauge</string></var><var name='SWATCHSTITCHES'><string>swatch_stitches</string></var><var name='GARMENTTITLE'><string>Right Angles Blanket</string></var><var name='CHALLENGE_ASSIGNID'><string>3460</string></var><var name='SIZING_DATAMODEL_ELEMENT'><string>blanket_size</string></var><var name='SWATCHWEIGHT'><string>swatch_weight</string></var><var name='CHALLENGE_COMPONENTID'><string>4881</string></var><var name='PATTERNFILENAME_DATAMODEL_ELEMENT'><string>blanket_pattern_name</string></var><var name='STITCHGAUGE_DATAMODEL_ELEMENT'><string>blanket_stitch_gauge</string></var><var name='GARMENTID'><string>915</string></var><var name='FIELDNAMES'><string>CHALLENGE_ASSIGNID,CHALLENGE_COMPONENTID,GARMENTID,GARMENTTITLE,SIZING_DATAMODEL_ELEMENT,STITCHGAUGE_DATAMODEL_ELEMENT,ROWGAUGE_DATAMODEL_ELEMENT,PATTERNFILENAME_DATAMODEL_ELEMENT,USESWATCHLOGIC,SWATCHSTITCHES,SWATCHROWS,SWATCHWEIGHT,REDIRECT_TO</string></var><var name='REDIRECT_TO'><string>/challenge/50/Group/3482/item|Ready for a Project?: Your Pattern</string></var><var name='SWATCHROWS'><string>swatch_rows</string></var><var name='USESWATCHLOGIC'><string>yes</string></var></struct></data></wddxPacket>"
50,LK-150 Quick Start,320,Ready for a Project?,90,3482,3,HTML,Your Pattern,4913,1,DataValidation,"<wddxPacket version='1.0'><header/><data><struct ><var name='TYPEOF'><string>DataValidation</string></var><var name='DATAMODEL_REDIRECT'><string>3460</string></var><var name='FIELDNAMES'><string>CHALLENGE_ASSIGNID,TYPEOF,DATAMODEL_ELEMENTS,DATAMODEL_REDIRECT,DATAMODEL_VALIDATION_MESSAGE</string></var><var name='DATAMODEL_ELEMENTS'><string>blanket_pattern_name</string></var><var name='DATAMODEL_VALIDATION_MESSAGE'><string></string></var><var name='CHALLENGE_ASSIGNID'><string>3482</string></var></struct></data></wddxPacket>"
50,LK-150 Quick Start,320,Ready for a Project?,90,3482,3,HTML,Your Pattern,4912,2,DocumentPattern,"<wddxPacket version='1.0'><header/><data><struct ><var name='CHALLENGE_ASSIGNID'><string>3482</string></var><var name='DATAMODEL_ICON'><string>fa fa-download</string></var><var name='FIELDNAMES'><string>CHALLENGE_ASSIGNID,TYPEOF,LABLE,DATAMODEL_ICON,PATTERN_DATAMODEL_ELEMENT,VIEWHEIGHT</string></var><var name='PATTERN_DATAMODEL_ELEMENT'><string>blanket_pattern_name</string></var><var name='TYPEOF'><string>DocumentPattern</string></var><var name='VIEWHEIGHT'><string>600</string></var><var name='LABLE'><string>Download your pattern</string></var></struct></data></wddxPacket>"
50,LK-150 Quick Start,322,What's Next?,96,3463,1,HTML,Your Next Steps,4871,1,HTML,"<wddxPacket version='1.0'><header/><data><struct ><var name='FIELDNAMES'><string>CHALLENGE_ASSIGNID,CHALLENGE_COMPONENTID,HTMLCONTENT</string></var><var name='CHALLENGE_ASSIGNID'><string>3463</string></var><var name='CHALLENGE_COMPONENTID'><string>4871</string></var><var name='HTMLCONTENT'><string>&lt;img class=""img-responsive center-block"" src=""/path/images/21/ready_to_do_more.gif""&gt;<char code='0d'/><char code='0a'/><char code='0d'/><char code='0a'/>&lt;blockquote class=""blockquote_style""&gt;<char code='0d'/><char code='0a'/>&lt;div class=""row""&gt;<char code='0d'/><char code='0a'/>&lt;div class=""col-sm-6 col-sm-offset-1 col-xs-12""&gt;&lt;h3&gt;&lt;a href=""/challenge/34/course/master-lk-patterning"" target=""_blank""&gt;LK-150 Fun&lt;/a&gt;&lt;/h3&gt;&lt;br&gt;Now that you're gaining confidence with your machine, let's have some FUN!&lt;b&gt;&lt;br&gt;&lt;br&gt;Who is this course for?&lt;/b&gt;&lt;br&gt;&lt;br&gt;<char code='0d'/><char code='0a'/>Do you have a little bit of experience with your LK-150?&lt;br&gt;&lt;br&gt;<char code='0d'/><char code='0a'/><char code='0d'/><char code='0a'/>There is so much that you can do with your LK beyond plain 'ol stockinette. Without even touching the built-in stitch pattern capabilities, you can knit cables, ribbing, lace, turn corners and so much more!<char code='0d'/><char code='0a'/>&lt;br&gt;&lt;br&gt;<char code='0d'/><char code='0a'/>With the course you will not only learn about hand-manipulation on your machine, but you will have an opportunity to practice techniques and create more than just swatches.&lt;br&gt;&lt;br&gt;<char code='0d'/><char code='0a'/>&lt;b&gt;What does the course include?&lt;/b&gt;&lt;br&gt;&lt;br&gt;<char code='0d'/><char code='0a'/>&lt;ul&gt;<char code='0d'/><char code='0a'/>&lt;li&gt;37 Lessons&lt;/li&gt;<char code='0d'/><char code='0a'/>&lt;li&gt;23 Videos&lt;/li&gt;<char code='0d'/><char code='0a'/>&lt;li&gt;Exercises&lt;/li&gt;&lt;/ul&gt;&lt;/div&gt;<char code='0d'/><char code='0a'/>&lt;div class=""col-sm-4 col-xs-12""&gt;&lt;a href=""https://www.knititnow.com/challenge/51/lk-fun""&gt;&lt;figure&gt;&lt;img class=""img-responsive"" src=""/challenge/images//v2/51/lk-150_fun.jpg""&gt;&lt;/a&gt;&lt;br&gt;<char code='0d'/><char code='0a'/>&lt;figcaption align=""center""&gt;&lt;br&gt;&lt;a href=""https://www.knititnow.com/challenge/51/lk-fun"" class=""btn btn-default""  target=""_blank""&gt;Check out the course&lt;/a&gt;&lt;/figcaption&gt;<char code='0d'/><char code='0a'/>&lt;/figure&gt;&lt;/div&gt;<char code='0d'/><char code='0a'/>&lt;/div&gt;<char code='0d'/><char code='0a'/>&lt;/blockquote&gt;<char code='0d'/><char code='0a'/><char code='0d'/><char code='0a'/><char code='0d'/><char code='0a'/>&lt;blockquote class=""blockquote_style""&gt;<char code='0d'/><char code='0a'/>&lt;br&gt;<char code='0d'/><char code='0a'/>&lt;div class=""row""&gt;<char code='0d'/><char code='0a'/><char code='0d'/><char code='0a'/><char code='0d'/><char code='0a'/> &lt;div class=""col-md-4 col-xs-12""&gt;&lt;div class='embed-video-container'&gt;&lt;iframe src='https://player.vimeo.com/video/290792798' frameborder='0' webkitAllowFullScreen mozallowfullscreen allowFullScreen&gt;&lt;/iframe&gt;&lt;/div&gt;<char code='0d'/><char code='0a'/>&lt;/div&gt;<char code='0d'/><char code='0a'/>    <char code='0d'/><char code='0a'/>           <char code='0d'/><char code='0a'/><char code='0d'/><char code='0a'/>         &lt;div class=""col-md-6 col-xs-12""&gt;&lt;h3&gt; &lt;a href=""https://www.knititnow.com/challenge/34/master-lk-patterning""&gt;Master LK-150 Patterning&lt;/h3&gt;&lt;/a&gt;&lt;br&gt;<char code='0d'/><char code='0a'/>             &lt;i class=""fa fa-check"" aria-hidden=""true""&gt;&lt;/i&gt; UNDERSTAND what the levers on your machine do&lt;br&gt;&lt;br&gt;<char code='0d'/><char code='0a'/><char code='0d'/><char code='0a'/>              &lt;i class=""fa fa-check"" aria-hidden=""true""&gt;&lt;/i&gt; Don't search for your manual to work stitch patterns&lt;br&gt;&lt;br&gt;<char code='0d'/><char code='0a'/><char code='0d'/><char code='0a'/>              &lt;i class=""fa fa-check"" aria-hidden=""true""&gt;&lt;/i&gt; Explore the possibilities of stitch patterning on your machine <char code='0d'/><char code='0a'/>                &lt;br&gt;&lt;br&gt;<char code='0d'/><char code='0a'/>             &lt;i class=""fa fa-check"" aria-hidden=""true""&gt;&lt;/i&gt;UNDERSTAND your machine, don't just blindly follow instructions&lt;br&gt;&lt;br&gt;<char code='0d'/><char code='0a'/>&lt;div class=""text-center""&gt;&lt;a href=""https://www.knititnow.com/challenge/34/master-lk-patterning"" class=""btn btn btn-default""  target=""_blank""&gt;Check out the course&lt;/a&gt;&lt;/div&gt;<char code='0d'/><char code='0a'/>         &lt;/div&gt;<char code='0d'/><char code='0a'/><char code='0d'/><char code='0a'/>&lt;/div&gt;<char code='0d'/><char code='0a'/>&lt;br&gt;<char code='0d'/><char code='0a'/><char code='0d'/><char code='0a'/><char code='0d'/><char code='0a'/><char code='0d'/><char code='0a'/>&lt;div class=""row""&gt;<char code='0d'/><char code='0a'/>     &lt;div class=""col-md-12 col-xs-12""&gt;<char code='0d'/><char code='0a'/>         &lt;center&gt;&lt;span class=""handwriting""&gt;Be the master of your machine .. not the other way around!&lt;/span&gt;&gt;&lt;/center&gt;<char code='0d'/><char code='0a'/>      &lt;/div&gt;<char code='0d'/><char code='0a'/>&lt;/div&gt;<char code='0d'/><char code='0a'/>&lt;/blockquote&gt;<char code='0d'/><char code='0a'/><char code='0d'/><char code='0a'/></string></var></struct></data></wddxPacket>"
50,LK-150 Quick Start,322,What's Next?,96,3491,2,HTML,One Piece Baby Sweater,4965,1,HTML,"<wddxPacket version='1.0'><header/><data><struct ><var name='CHALLENGE_COMPONENTID'><string>4965</string></var><var name='HTMLCONTENT'><string>&lt;blockquote class=""blockquote_style""&gt;<char code='0d'/><char code='0a'/>    &lt;h3&gt;<char code='0d'/><char code='0a'/>        &lt;a href=""/challenge/13/course/one-piece-start-to-finish-kids-cardigans""  target=""_blank""&gt;One Piece Baby Sweater Course&lt;/a&gt;&lt;/h3&gt;<char code='0d'/><char code='0a'/>    This is a FAST and FUN knitting project that will make great gifts and it's perfect for charity knitting.<char code='0d'/><char code='0a'/>&lt;/blockquote&gt;<char code='0d'/><char code='0a'/><char code='0d'/><char code='0a'/><char code='0d'/><char code='0a'/>&lt;h3&gt;Ready for another challenge?&lt;/h3&gt;&lt;br&gt;<char code='0d'/><char code='0a'/>&lt;div class=""row""&gt;<char code='0d'/><char code='0a'/>    &lt;div class=""col-sm-2 col-xs-12""&gt;<char code='0d'/><char code='0a'/>        &lt;a href=""/challenge/13/course/one-piece-start-to-finish-kids-cardigans""&gt;&lt;img class=""img-responsive"" src=""/challenge/images/squirrel/one_piece.png""&gt;&lt;/a&gt;<char code='0d'/><char code='0a'/>    &lt;/div&gt;<char code='0d'/><char code='0a'/>        &lt;div class=""col-sm-6 col-xs-12""&gt;Now that you can cast on, knit and bind off ... here's a great project for you!&lt;br&gt;&lt;a href=""/challenge/13/course/one-piece-start-to-finish-kids-cardigans""&gt;&lt;b&gt;The One Piece Baby Sweater&lt;/b&gt;&lt;/a&gt;<char code='0d'/><char code='0a'/>    <char code='0d'/><char code='0a'/><char code='0d'/><char code='0a'/>    Included are instructions, practice exercises for suggested techniques and inspiration for personalizing your sweater. Watch the start-to-finish videos where we knit our version in less than 40 minutes (including a couple of boo-boos!)<char code='0d'/><char code='0a'/>    &lt;ul&gt;<char code='0d'/><char code='0a'/>        &lt;li&gt;BOTH Patterns included&lt;/li&gt;<char code='0d'/><char code='0a'/>        &lt;li&gt;Subscriber Discount&lt;/li&gt;<char code='0d'/><char code='0a'/>        &lt;li&gt;18 videos&lt;/li&gt;<char code='0d'/><char code='0a'/>        &lt;li&gt;Technique Practice Exercises&lt;/li&gt;<char code='0d'/><char code='0a'/>        &lt;li&gt;""Hack the pattern tips"" to make it your own&lt;/li&gt;<char code='0d'/><char code='0a'/>    &lt;/ul&gt;<char code='0d'/><char code='0a'/>&lt;a href=""/challenge/13/course/one-piece-start-to-finish-kids-cardigans"" class=""btn btn btn-primary lecture_complete_button"" target=""_blank""&gt;Check out the course&lt;/a&gt;<char code='0d'/><char code='0a'/>&lt;/div&gt;<char code='0d'/><char code='0a'/>    &lt;/div&gt;<char code='0d'/><char code='0a'/>&lt;/div&gt;</string></var><var name='CHALLENGE_ASSIGNID'><string>3491</string></var><var name='FIELDNAMES'><string>CHALLENGE_ASSIGNID,CHALLENGE_COMPONENTID,HTMLCONTENT</string></var></struct></data></wddxPacket>"
50,LK-150 Quick Start,322,What's Next?,96,3491,2,HTML,One Piece Baby Sweater,4967,2,Imageslideshow,"<wddxPacket version='1.0'><header/><data><struct ><var name='SLIDESHOWAUDIO_14'><string></string></var><var name='SLIDESHOWCAPTION_6'><string></string></var><var name='SLIDESHOWCAPTION_8'><string></string></var><var name='SLIDESHOWCAPTION_15'><string></string></var><var name='SLIDESHOWAUDIO_11'><string></string></var><var name='SLIDESHOWAUDIO_8'><string></string></var><var name='SLIDESHOWCAPTION_12'><string></string></var><var name='SLIDESHOWAUDIO_9'><string></string></var><var name='SLIDESHOWIMAGE_19'><string></string></var><var name='SLIDESHOWIMAGE_1'><string>squirrel/squirrel_flipbook2.jpg</string></var><var name='SLIDESHOWIMAGE_6'><string></string></var><var name='SLIDESHOWCAPTION_18'><string></string></var><var name='SLIDESHOWCAPTION_4'><string>Make it your own with embellishments, stitch patterns, etc ... get creative!</string></var><var name='SLIDESHOWCAPTION_13'><string></string></var><var name='SLIDESHOWCAPTION_2'><string>Estimate the yarn needed based on YOUR swatch</string></var><var name='SLIDESHOWCAPTION_1'><string>I knit mine in less than 40 minutes!  Watch the start to finish videos with countdown timers</string></var><var name='SLIDESHOWAUDIO_4'><string></string></var><var name='SLIDESHOWAUDIO_17'><string></string></var><var name='SLIDESHOWAUDIO_15'><string></string></var><var name='SLIDESHOWIMAGE_11'><string></string></var><var name='SLIDESHOWCAPTION_3'><string>Use cast on rags to make things go FAST!</string></var><var name='SLIDESHOWAUDIO_2'><string></string></var><var name='SLIDESHOWAUDIO_1'><string></string></var><var name='SLIDESHOWCAPTION_10'><string></string></var><var name='SLIDESHOWIMAGE_4'><string>squirrel/squirrel_flipbook1.jpg</string></var><var name='SLIDESHOWAUDIO_16'><string></string></var><var name='SLIDESHOWAUDIO_13'><string></string></var><var name='SLIDESHOWIMAGE_3'><string>squirrel/squirrel_flipbook4.jpg</string></var><var name='SLIDESHOWCAPTION_16'><string></string></var><var name='CHALLENGE_ASSIGNID'><string>3491</string></var><var name='SLIDESHOWAUDIO_7'><string></string></var><var name='ENABLEAUDIO'><string>0</string></var><var name='PLAYAUDIO'><string>1</string></var><var name='SLIDESHOWCAPTION_9'><string></string></var><var name='SLIDESHOWIMAGE_8'><string></string></var><var name='SLIDESHOWCAPTION_19'><string></string></var><var name='SLIDESHOWIMAGE_16'><string></string></var><var name='SLIDESHOWAUDIO_3'><string></string></var><var name='SLIDESHOWIMAGE_7'><string></string></var><var name='SLIDESHOWCAPTION_14'><string></string></var><var name='SLIDESHOWAUDIO_18'><string></string></var><var name='SLIDESHOWAUDIO_12'><string></string></var><var name='SLIDESHOWIMAGE_5'><string>squirrel/squirrel_flipbook5.jpg</string></var><var name='SLIDESHOWIMAGE_9'><string></string></var><var name='SLIDESHOWIMAGE_15'><string></string></var><var name='SLIDESHOWCAPTION_5'><string>Knit a V-neck ... with NO MATH!</string></var><var name='SLIDESHOWCAPTION_17'><string></string></var><var name='SLIDESHOWCAPTION_11'><string></string></var><var name='SLIDESHOWIMAGE_18'><string></string></var><var name='SLIDESHOWIMAGE_12'><string></string></var><var name='SLIDESHOWAUDIO_19'><string></string></var><var name='FIELDNAMES'><string>CHALLENGE_ASSIGNID,CHALLENGE_COMPONENTID,ENABLEAUDIO,PLAYAUDIO,SLIDESHOWIMAGE_0,SLIDESHOWAUDIO_0,SLIDESHOWCAPTION_0,SLIDESHOWIMAGE_1,SLIDESHOWAUDIO_1,SLIDESHOWCAPTION_1,SLIDESHOWIMAGE_2,SLIDESHOWAUDIO_2,SLIDESHOWCAPTION_2,SLIDESHOWIMAGE_3,SLIDESHOWAUDIO_3,SLIDESHOWCAPTION_3,SLIDESHOWIMAGE_4,SLIDESHOWAUDIO_4,SLIDESHOWCAPTION_4,SLIDESHOWIMAGE_5,SLIDESHOWAUDIO_5,SLIDESHOWCAPTION_5,SLIDESHOWIMAGE_6,SLIDESHOWAUDIO_6,SLIDESHOWCAPTION_6,SLIDESHOWIMAGE_7,SLIDESHOWAUDIO_7,SLIDESHOWCAPTION_7,SLIDESHOWIMAGE_8,SLIDESHOWAUDIO_8,SLIDESHOWCAPTION_8,SLIDESHOWIMAGE_9,SLIDESHOWAUDIO_9,SLIDESHOWCAPTION_9,SLIDESHOWIMAGE_10,SLIDESHOWAUDIO_10,SLIDESHOWCAPTION_10,SLIDESHOWIMAGE_11,SLIDESHOWAUDIO_11,SLIDESHOWCAPTION_11,SLIDESHOWIMAGE_12,SLIDESHOWAUDIO_12,SLIDESHOWCAPTION_12,SLIDESHOWIMAGE_13,SLIDESHOWAUDIO_13,SLIDESHOWCAPTION_13,SLIDESHOWIMAGE_14,SLIDESHOWAUDIO_14,SLIDESHOWCAPTION_14,SLIDESHOWIMAGE_15,SLIDESHOWAUDIO_15,SLIDESHOWCAPTION_15,SLIDESHOWIMAGE_16,SLIDESHOWAUDIO_16,SLIDESHOWCAPTION_16,SLIDESHOWIMAGE_17,SLIDESHOWAUDIO_17,SLIDESHOWCAPTION_17,SLIDESHOWIMAGE_18,SLIDESHOWAUDIO_18,SLIDESHOWCAPTION_18,SLIDESHOWIMAGE_19,SLIDESHOWAUDIO_19,SLIDESHOWCAPTION_19</string></var><var name='SLIDESHOWCAPTION_7'><string></string></var><var name='SLIDESHOWIMAGE_14'><string></string></var><var name='SLIDESHOWAUDIO_0'><string></string></var><var name='SLIDESHOWIMAGE_0'><string>squirrel/2_patterns.jpg</string></var><var name='SLIDESHOWIMAGE_13'><string></string></var><var name='SLIDESHOWAUDIO_6'><string></string></var><var name='SLIDESHOWCAPTION_0'><string>Updated to include 2 patterns: Squirrel - Easy Knitting | Chipmunk - Shaped Sleeves</string></var><var name='SLIDESHOWAUDIO_10'><string></string></var><var name='SLIDESHOWIMAGE_2'><string>squirrel/squirrel_flipbook3.jpg</string></var><var name='SLIDESHOWAUDIO_5'><string></string></var><var name='CHALLENGE_COMPONENTID'><string>4967</string></var><var name='SLIDESHOWIMAGE_17'><string></string></var><var name='SLIDESHOWIMAGE_10'><string></string></var></struct></data></wddxPacket>"
