ChallengesID,CourseTitle,Challenge_Item_Id,LessonTitle,LessonOrder,Challenge_AssignID,BlockOrder,BlockType,BlockTitle,Challenge_componentID,ComponentOrder,ComponentType,details
51,LK-150 Fun,326,Introduction,1,3498,2,HTML,Your Next Steps on your Journey to Master your LK-150,4968,1,HTML,"<wddxPacket version='1.0'><header/><data><struct ><var name='CHALLENGE_ASSIGNID'><string>3498</string></var><var name='FIELDNAMES'><string>CHALLENGE_ASSIGNID,CHALLENGE_COMPONENTID,HTMLCONTENT</string></var><var name='HTMLCONTENT'><string>&lt;div class=""row""&gt;<char code='0d'/><char code='0a'/>&lt;div class=""col-sm-6 col-xs-12""&gt;<char code='0d'/><char code='0a'/><char code='0d'/><char code='0a'/>Now that you've gotten a little more familiar with your LK-150, it's time to build on your previous experience and explore more possibilities!&lt;br&gt;&lt;br&gt;<char code='0d'/><char code='0a'/>If you are a hand knitter, you will probably recognize many of these techniques.<char code='0d'/><char code='0a'/>&lt;br&gt;&lt;b&gt;<char code='0d'/><char code='0a'/>Your challenge is to ""translate"" what you've done by hand to the machine.&lt;/b&gt;&lt;br&gt;&lt;br&gt;Please take time to work the exercises and strengthen your knitting muscles and expand your mastery of your machine.&lt;br&gt;&lt;br&gt;<char code='0d'/><char code='0a'/>The techniques you learn here can be applied to any type of knitting, sweaters, hats, socks, blankets.  Once you understand the mechanics of creating texture and interesting fabrics, you can mix-n-match techniques and quickly design your own creations!<char code='0d'/><char code='0a'/>&lt;/div&gt;<char code='0d'/><char code='0a'/>&lt;div class=""col-sm-4 col-xs-12""&gt;&lt;img class=""img-thumbnail"" src=""/challenge/images/v2/51/7-2019.jpg""&gt;&lt;/div&gt;<char code='0d'/><char code='0a'/>&lt;/div&gt;<char code='0d'/><char code='0a'/></string></var><var name='CHALLENGE_COMPONENTID'><string>4968</string></var></struct></data></wddxPacket>"
51,LK-150 Fun,326,Introduction,1,3524,3,HTML,Don't Skip This,5021,1,HTML,"<wddxPacket version='1.0'><header/><data><struct ><var name='CHALLENGE_ASSIGNID'><string>3524</string></var><var name='CHALLENGE_COMPONENTID'><string>5021</string></var><var name='HTMLCONTENT'><string>&lt;div class=""row""&gt;<char code='0d'/><char code='0a'/>&lt;div class=""col-sm-8 col-xs-12""&gt;<char code='0d'/><char code='0a'/><char code='0d'/><char code='0a'/>This course is assuming you know how to cast on, bind off and knit plain stockinette. You also need to be familiar with the tools that came with your machine&lt;br&gt;&lt;br&gt;<char code='0d'/><char code='0a'/>If you are brand new to your LK-150, we recommend the Knit it Now Course &lt;a href=""/challenge/50/course/lk-quick-start""target=""_blank""&gt;""LK-150 Quick Start"".&lt;/a&gt;  It will give you a solid foundation for some of the terms and techniques used in this course.&lt;br&gt;&lt;br&gt;<char code='0d'/><char code='0a'/><char code='0d'/><char code='0a'/><char code='0d'/><char code='0a'/>For most of the exercises in this course your carriage will be set for ""Plain Knitting"".  To learn  more about the various carriage and lever settings, please look at the Knit it Now Course &lt;a href=""/challenge/34/course/master-lk-patterning"" target=""_blank""&gt; ""Master LK-150 Patterning""&lt;/a&gt;&lt;br&gt;&lt;br&gt;<char code='0d'/><char code='0a'/>&lt;/div&gt;<char code='0d'/><char code='0a'/>&lt;div class=""col-sm-3 col-xs-12""&gt;&lt;figure&gt;&lt;img class=""img-thumbnail zoom"" src=""/challenge/images/v2/51/plain_knitting.jpg""&gt;&lt;figcaption align=""center""&gt;&lt;br&gt;Plain knitting: Both levers on both sides dis-engaged&lt;/figcaption&gt;<char code='0d'/><char code='0a'/>&lt;/figure&gt;&lt;/div&gt;<char code='0d'/><char code='0a'/>&lt;/div&gt;<char code='0d'/><char code='0a'/>&lt;hr&gt;&lt;br&gt;&lt;br&gt;<char code='0d'/><char code='0a'/>Please watch the following videos before moving on to the ""fun stuff"" covered in this course.<char code='0d'/><char code='0a'/>&lt;br&gt;&lt;br&gt;<char code='0d'/><char code='0a'/><char code='0d'/><char code='0a'/>&lt;hr&gt;<char code='0d'/><char code='0a'/>&lt;br&gt;&lt;br&gt;<char code='0d'/><char code='0a'/>&lt;div class=""row""&gt;<char code='0d'/><char code='0a'/>&lt;div class=""col-sm-6 col-sm-offset-1 col-xs-12""&gt;There are many ways to cast on with your machine. <char code='0d'/><char code='0a'/> Here is a simple cast on that is fast and easy for swatching and the exercises in this course.&lt;/div&gt;<char code='0d'/><char code='0a'/>&lt;div class=""col-sm-4 col-xs-12""&gt;&lt;div class='embed-video-container'&gt;&lt;iframe src='https://player.vimeo.com/video/343258703' frameborder='0' webkitAllowFullScreen mozallowfullscreen allowFullScreen&gt;&lt;/iframe&gt;&lt;/div&gt;&lt;/div&gt;<char code='0d'/><char code='0a'/>&lt;/div<char code='0d'/><char code='0a'/><char code='0d'/><char code='0a'/>&lt;br&gt;&lt;br&gt;<char code='0d'/><char code='0a'/><char code='0d'/><char code='0a'/>&lt;hr&gt;<char code='0d'/><char code='0a'/>&lt;div class=""row""&gt;<char code='0d'/><char code='0a'/>&lt;div class=""col-sm-4 col-sm-offset-1 col-xs-12""&gt;&lt;div class='embed-video-container'&gt;&lt;iframe src='https://player.vimeo.com/video/347424329' frameborder='0' webkitAllowFullScreen mozallowfullscreen allowFullScreen&gt;&lt;/iframe&gt;&lt;/div&gt;&lt;/div&gt;<char code='0d'/><char code='0a'/>&lt;div class=""col-sm-6 col-xs-12""&gt;This Free Pass technique allows you to pass your carriage across your knitting without dropping stitches.&lt;br&gt;It is important that you practice this technique. Not only will you use this in the exercises in this course, but it is very useful whenever you are knitting.&lt;/div&gt;<char code='0d'/><char code='0a'/>&lt;/div&gt;<char code='0d'/><char code='0a'/><char code='0d'/><char code='0a'/><char code='0d'/><char code='0a'/></string></var><var name='FIELDNAMES'><string>CHALLENGE_ASSIGNID,CHALLENGE_COMPONENTID,HTMLCONTENT</string></var></struct></data></wddxPacket>"
51,LK-150 Fun,795,The Basics,2,6290,1,HTML,Open vs. Closed Cast On,9639,1,HTML,"<wddxPacket version='1.0'><header/><data><struct ><var name='CHALLENGE_COMPONENTID'><string>4916</string></var><var name='CHALLENGE_ASSIGNID'><string>3483</string></var><var name='HTMLCONTENT'><string>&lt;blockquote class=""blockquote_style""&gt;The cast on method that you've been using (from your manual) is fast and easy, but it isn't appropriate for the finished edge of a ""real"" project.&lt;/blockquote&gt; &lt;br&gt;&lt;br&gt;<char code='0d'/><char code='0a'/><char code='0d'/><char code='0a'/>&lt;div class=""row""&gt;<char code='0d'/><char code='0a'/>    &lt;div class=""col-sm-4 col-sm-offset-1 col-xs-12""&gt;<char code='0d'/><char code='0a'/>        &lt;div class=""lead""&gt;An &lt;b&gt;open cast on&lt;/b&gt; leaves ""open"" stitches that can be picked up later.&lt;/div&gt;<char code='0d'/><char code='0a'/>        &lt;ul&gt;<char code='0d'/><char code='0a'/>            &lt;li&gt;You might start a sleeve with an open cast on, then go back and pick up the stitches (by hand or machine) and hand knit ribbing.&lt;/li&gt;<char code='0d'/><char code='0a'/>            &lt;li&gt;You might pick up the open stitches and work a decorative bind off (by hand or machine)&lt;/li&gt;<char code='0d'/><char code='0a'/>            &lt;li&gt;Picking up the open stitches with crochet is another option&lt;/li&gt;<char code='0d'/><char code='0a'/>            &lt;/ul&gt;<char code='0d'/><char code='0a'/>The most common method of creating an open cast on is with scrap yarn.&lt;br&gt;&lt;br&gt;<char code='0d'/><char code='0a'/>&lt;center&gt;&lt;figure&gt;&lt;img class=""img-thumbnail"" src=""/challenge/images/v2/50/open_400.jpg""&gt;&lt;figcaption align=""center""&gt;&lt;br&gt;Open Cast on (raw stitches in the main yarn)&lt;/figcaption&gt;<char code='0d'/><char code='0a'/>&lt;/figure&gt;&lt;/center&gt;<char code='0d'/><char code='0a'/>            &lt;br&gt;<char code='0d'/><char code='0a'/>&lt;/div&gt;<char code='0d'/><char code='0a'/><char code='0d'/><char code='0a'/><char code='0d'/><char code='0a'/>            &lt;div class=""col-sm-4 col-sm-offset-1 col-xs-12""&gt;<char code='0d'/><char code='0a'/>                &lt;div class=""lead""&gt;A &lt;b&gt;closed cast on&lt;/b&gt; is a permanent finish that may be decorative or purely functional &lt;em&gt;&lt;small&gt;(like the ""by the book"" cast on)&lt;/small&gt;&lt;/em&gt; &lt;/div&gt;&lt;br&gt; There are many, many closed cast on methods. In the next section, we'll take a look at 2 of the most commonly used by machine knitters.&lt;br&gt;&lt;br&gt;<char code='0d'/><char code='0a'/>                &lt;ul&gt;<char code='0d'/><char code='0a'/>                    &lt;li&gt;E-wrap cast on (stretchy and fast)&lt;/li&gt;<char code='0d'/><char code='0a'/>                    &lt;li&gt;Chain (crochet) cast on (firm and decorative)&lt;/li&gt;<char code='0d'/><char code='0a'/>                &lt;/ul&gt;&lt;center&gt;<char code='0d'/><char code='0a'/>&lt;figure&gt;&lt;img class=""img-thumbnail"" src=""/challenge/images/v2/50/closed_400.jpg""&gt;&lt;figcaption align=""center""&gt;&lt;br&gt;Closed Cast on (main yarn has finished edge)&lt;/figcaption&gt;<char code='0d'/><char code='0a'/>&lt;/figure&gt;&lt;/center&gt;<char code='0d'/><char code='0a'/>            &lt;/div&gt;<char code='0d'/><char code='0a'/>    &lt;/div&gt;<char code='0d'/><char code='0a'/>&lt;/div&gt;</string></var><var name='FIELDNAMES'><string>CHALLENGE_ASSIGNID,CHALLENGE_COMPONENTID,HTMLCONTENT</string></var></struct></data></wddxPacket>"
51,LK-150 Fun,795,The Basics,2,6291,2,HTML,Scrap On,9640,1,HTML,"<wddxPacket version='1.0'><header/><data><struct ><var name='FIELDNAMES'><string>CHALLENGE_ASSIGNID,CHALLENGE_COMPONENTID,HTMLCONTENT</string></var><var name='HTMLCONTENT'><string>&lt;div class=""row""&gt;<char code='0d'/><char code='0a'/>    &lt;div class=""col-sm-6 col-xs-12""&gt;<char code='0d'/><char code='0a'/>       &lt;blockquote class=""blockquote_style""&gt; A preferred method of getting knitting on your machine is to ""cast on with waste yarn and ravel cord"". With this method, you add a few rows of knitting before starting your cast on with your garment yarn.&lt;/blockquote&gt;&lt;br&gt;<char code='0d'/><char code='0a'/>&lt;br&gt;<char code='0d'/><char code='0a'/>        &lt;div class=""lead""&gt;Benefits of Scrap 'n Ravel:&lt;/div&gt;<char code='0d'/><char code='0a'/>        &lt;ul&gt;<char code='0d'/><char code='0a'/>            &lt;li&gt;Use waste knitting to hang cast on comb and/or weights&lt;/li&gt;<char code='0d'/><char code='0a'/>            &lt;li&gt;Protect delicate/fine yarns&lt;/li&gt;<char code='0d'/><char code='0a'/>            &lt;li&gt;Immediately start patterning (tuck, lace, etc) with weights in place&lt;/li&gt;<char code='0d'/><char code='0a'/>            &lt;li&gt;Leave waste knitting in place to make blocking easier – especially for edges that roll&lt;/li&gt;<char code='0d'/><char code='0a'/>        &lt;/ul&gt;<char code='0d'/><char code='0a'/>    &lt;/div&gt;<char code='0d'/><char code='0a'/><char code='0d'/><char code='0a'/>    &lt;div class=""col-sm-4 col-xs-12""&gt; &lt;img class=""img-responsive zoom"" src=""/challenge/images/v2/50/scrap_ravel.jpg""&gt;&lt;/div&gt;<char code='0d'/><char code='0a'/>&lt;/div&gt;<char code='0d'/><char code='0a'/><char code='0d'/><char code='0a'/>&lt;div class=""row well""&gt;<char code='0d'/><char code='0a'/>    &lt;b&gt;Overview of ""scrap and ravel"".&lt;/b&gt;&lt;br&gt; &lt;br&gt;&lt;br&gt;<char code='0d'/><char code='0a'/>    &lt;ul class=""lightlist"" style=""list-style:none;""&gt;<char code='0d'/><char code='0a'/>        &lt;li&gt;Work a fast cast on with waste yarn&lt;/li&gt;<char code='0d'/><char code='0a'/>        &lt;li&gt;Knit a few rows&lt;/li&gt;<char code='0d'/><char code='0a'/>        &lt;li&gt;Knit a row of ravel cord (so you can remove the scrap easily)&lt;/li&gt;<char code='0d'/><char code='0a'/>        &lt;li&gt;Start knitting with the garment yarn, safely leaving open stitches to be worked later&lt;/li&gt;<char code='0d'/><char code='0a'/>    &lt;/ul&gt;<char code='0d'/><char code='0a'/>    You'll practice this in the next section.<char code='0d'/><char code='0a'/>&lt;/div&gt;<char code='0d'/><char code='0a'/>&lt;div class=""lead""&gt;What is Ravel Cord?&lt;/div&gt;<char code='0d'/><char code='0a'/><char code='0d'/><char code='0a'/>&lt;div class=""row""&gt;<char code='0d'/><char code='0a'/>&lt;div class=""col-sm-5 col-sm-offset-1 col-xs-12""&gt;<char code='0d'/><char code='0a'/>&lt;b&gt;Characteristics of Ravel cord&lt;/b&gt;<char code='0d'/><char code='0a'/>&lt;ul&gt;<char code='0d'/><char code='0a'/>&lt;li&gt;Similar weight to your garment yarn (or lighter)&lt;/li&gt;<char code='0d'/><char code='0a'/>&lt;li&gt;Contrasting color&lt;/li&gt;<char code='0d'/><char code='0a'/>&lt;li&gt;Smooth and slippery&lt;/li&gt;<char code='0d'/><char code='0a'/>&lt;li&gt;Strong (you have to cut it and can’t break it with your hands)&lt;/li&gt;<char code='0d'/><char code='0a'/>&lt;/ul&gt;<char code='0d'/><char code='0a'/>&lt;br&gt;<char code='0d'/><char code='0a'/>Your machine may have come with ravel cord, but you can use anything that meets these criteria.   Use your cord over and over, or toss it.  It's your choice.<char code='0d'/><char code='0a'/>&lt;/div&gt;<char code='0d'/><char code='0a'/>&lt;div class=""col-sm-4 col-xs-12""&gt;&lt;img class=""img-responsive"" src=""/challenge/images/v2/50/ravel_cord.jpg""&gt;&lt;/div&gt;<char code='0d'/><char code='0a'/>&lt;/div&gt;<char code='0d'/><char code='0a'/><char code='0d'/><char code='0a'/><char code='0d'/><char code='0a'/><char code='0d'/><char code='0a'/><char code='0d'/><char code='0a'/><char code='0d'/><char code='0a'/></string></var><var name='CHALLENGE_ASSIGNID'><string>3489</string></var><var name='CHALLENGE_COMPONENTID'><string>4927</string></var></struct></data></wddxPacket>"
51,LK-150 Fun,795,The Basics,2,6292,3,HTML,'Must Know' Cast Ons,9641,1,VimeoMultiple,"<wddxPacket version='1.0'><header/><data><struct ><var name='CHALLENGE_COMPONENTID'><string>4925</string></var><var name='LABLE4'><string>&lt;i class='fa fa-youtube-play' aria-hidden='true'&gt;&lt;/i&gt;</string></var><var name='VIMEOID4'><string></string></var><var name='LABLE1'><string>&lt;i class='fa fa-youtube-play' aria-hidden='true'&gt;&lt;/i&gt; Scrap 'n Ravel OPEN Cast On</string></var><var name='FIELDNAMES'><string>CHALLENGE_ASSIGNID,CHALLENGE_COMPONENTID,VIMEOID1,LABLE1,VIMEOID2,LABLE2,VIMEOID3,LABLE3,VIMEOID4,LABLE4</string></var><var name='LABLE2'><string>&lt;i class='fa fa-youtube-play' aria-hidden='true'&gt;&lt;/i&gt; Scrap 'n Ravel E-Wrap Cast ON</string></var><var name='VIMEOID3'><string>343340595</string></var><var name='LABLE3'><string>&lt;i class='fa fa-youtube-play' aria-hidden='true'&gt;&lt;/i&gt; Scrap 'n Ravel CHAIN Cast On</string></var><var name='VIMEOID1'><string>343326408</string></var><var name='VIMEOID2'><string>343343552</string></var><var name='CHALLENGE_ASSIGNID'><string>3486</string></var></struct></data></wddxPacket>"
51,LK-150 Fun,795,The Basics,2,6292,3,HTML,'Must Know' Cast Ons,9642,2,HTML,"<wddxPacket version='1.0'><header/><data><struct ><var name='CHALLENGE_COMPONENTID'><string>4926</string></var><var name='HTMLCONTENT'><string>&lt;img class=""img-responsive"" src=""/challenge/images/v2/50/dont_just_watch.gif""&gt;&lt;br&gt;<char code='0d'/><char code='0a'/><char code='0d'/><char code='0a'/>Having more than one cast on method in your toolbox is critical to mastering your knitting machine&lt;br&gt;&lt;br&gt;<char code='0d'/><char code='0a'/><char code='0d'/><char code='0a'/>As you work practice exercises (and knit swatches) in this course, use all 3 of these cast on methods.  </string></var><var name='CHALLENGE_ASSIGNID'><string>3486</string></var><var name='FIELDNAMES'><string>CHALLENGE_ASSIGNID,CHALLENGE_COMPONENTID,HTMLCONTENT</string></var></struct></data></wddxPacket>"
51,LK-150 Fun,795,The Basics,2,6293,4,HTML,Your Turn,9643,1,HTML,"<wddxPacket version='1.0'><header/><data><struct ><var name='FIELDNAMES'><string>CHALLENGE_ASSIGNID,CHALLENGE_COMPONENTID,HTMLCONTENT</string></var><var name='CHALLENGE_ASSIGNID'><string>3490</string></var><var name='CHALLENGE_COMPONENTID'><string>4928</string></var><var name='HTMLCONTENT'><string>&lt;blockquote class=""blockquote_style""&gt;Use the videos in the previous section and practice these cast on techniques.&lt;/blockquote&gt;&lt;br&gt;&lt;br&gt;<char code='0d'/><char code='0a'/><char code='0d'/><char code='0a'/>&lt;div class=""row well""&gt;<char code='0d'/><char code='0a'/>&lt;div class=""col-sm-6 col-xs-12""&gt;<char code='0d'/><char code='0a'/><char code='0d'/><char code='0a'/>&lt;h3&gt;e-Wrap Cast on (with waste yarn)&lt;/h3&gt;<char code='0d'/><char code='0a'/>&lt;ol class=""instruction-list""&gt;<char code='0d'/><char code='0a'/>&lt;li&gt;Set carriage for plain knitting&lt;/li&gt;<char code='0d'/><char code='0a'/>&lt;li&gt;Put 20-30 needles into work&lt;/li&gt;<char code='0d'/><char code='0a'/>&lt;li&gt;With scrap yarn similar in weight to your garment yarn, ewrap cast on.&lt;/li&gt;<char code='0d'/><char code='0a'/>&lt;li&gt;Knit a few rows with scrap yarn. End on the LEFT&lt;/li&gt;<char code='0d'/><char code='0a'/>&lt;li&gt;Knit 1 row with ravel cord.&lt;/li&gt;<char code='0d'/><char code='0a'/>&lt;li&gt;Carriage on the right&lt;/li&gt;<char code='0d'/><char code='0a'/>&lt;li&gt;Starting on the left, with the garment yarn, e-wrap cast on over all the needles (over the ravel cord stitches)&lt;/li&gt;<char code='0d'/><char code='0a'/>&lt;li&gt;Thread your carriage&lt;/li&gt;<char code='0d'/><char code='0a'/>&lt;li&gt;Continue knitting&lt;/li&gt;<char code='0d'/><char code='0a'/>&lt;li&gt;Drop the knitting from the machine&lt;/li&gt;<char code='0d'/><char code='0a'/>&lt;/ol&gt;<char code='0d'/><char code='0a'/>&lt;h3&gt;Chain Cast On (with waste yarn)&lt;/h3&gt;<char code='0d'/><char code='0a'/>&lt;ol class=""instruction-list""&gt;<char code='0d'/><char code='0a'/>&lt;li&gt;Cast on with waste yarn and ravel cord&lt;/li&gt;<char code='0d'/><char code='0a'/>&lt;li&gt;Starting on the left, follow the video&lt;/li&gt;<char code='0d'/><char code='0a'/>&lt;li&gt;Form a slip knot and place it on your latch tool&lt;/li&gt;<char code='0d'/><char code='0a'/>&lt;li&gt;Insert the tool between the first and second needle&lt;/li&gt;<char code='0d'/><char code='0a'/>&lt;li&gt;Catch the working yarn in the hook of the tool&lt;/li&gt;<char code='0d'/><char code='0a'/>&lt;li&gt;Pull the strand through the slip knot, forming a new loop.&lt;/li&gt;<char code='0d'/><char code='0a'/>&lt;li&gt;Keeping the loop in the hook of the tool, position the tool between the next 2 needles.&lt;/li&gt;<char code='0d'/><char code='0a'/>&lt;li&gt;Reach up and hook the working yarn again, pulling it through the loop on the hook. (This forms a chain)&lt;/li&gt;<char code='0d'/><char code='0a'/>&lt;li&gt;Continue to chain across all the needles&lt;/li&gt;<char code='0d'/><char code='0a'/>&lt;li&gt;Knit for a few inches&lt;/li&gt;<char code='0d'/><char code='0a'/>&lt;li&gt;Drop the work from the machine&lt;/li&gt;<char code='0d'/><char code='0a'/>&lt;/ol&gt;<char code='0d'/><char code='0a'/><char code='0d'/><char code='0a'/><char code='0d'/><char code='0a'/>&lt;/div&gt;<char code='0d'/><char code='0a'/>&lt;div class=""col-sm-3 col-xs-12""&gt;&lt;a href=""/KIN_Images/Challenges/lk_150_cast_on_worksheet.pdf"" target=""_blank""&gt;&lt;img class=""img-responsive"" src=""/challenge/images/v2/50/LK-150-cast_on_worksheet.jpg""&gt;&lt;/a&gt;&lt;/div&gt;<char code='0d'/><char code='0a'/>&lt;/div&gt;<char code='0d'/><char code='0a'/><char code='0d'/><char code='0a'/></string></var></struct></data></wddxPacket>"
51,LK-150 Fun,795,The Basics,2,6293,4,HTML,Your Turn,9644,2,Document,"<wddxPacket version='1.0'><header/><data><struct ><var name='DATAMODEL_ICON'><string>fa fa-download</string></var><var name='LABLE'><string>Print the Worksheet</string></var><var name='CHALLENGE_ASSIGNID'><string>3490</string></var><var name='FIELDNAMES'><string>CHALLENGE_ASSIGNID,CHALLENGE_COMPONENTID,LABLE,DATAMODEL_ICON,VIEWHEIGHT,SHOWVIEWER,FILENAME</string></var><var name='CHALLENGE_COMPONENTID'><string>4930</string></var><var name='VIEWHEIGHT'><string>600</string></var><var name='FILENAME'><string>lk_150_cast_on_worksheet1.pdf</string></var><var name='SHOWVIEWER'><string>0</string></var></struct></data></wddxPacket>"
51,LK-150 Fun,795,The Basics,2,6289,5,HTML,Bind off choices,9636,1,HTML,"<wddxPacket version='1.0'><header/><data><struct ><var name='TYPEOF'><string>HTML</string></var><var name='FIELDNAMES'><string>CHALLENGE_ASSIGNID,TYPEOF,HTMLCONTENT</string></var><var name='HTMLCONTENT'><string>Just like in hand knitting, there are many, many ways of binding off your knitting.  From plain 'ol, functional bind offs to decorative edges machine knitters have lots of choices. Let's take a look at a couple of basics that are great with your machine.&lt;br&gt;&lt;br&gt;<char code='0d'/><char code='0a'/><char code='0d'/><char code='0a'/><char code='0d'/><char code='0a'/><char code='0d'/><char code='0a'/></string></var><var name='CHALLENGE_ASSIGNID'><string>3457</string></var></struct></data></wddxPacket>"
51,LK-150 Fun,795,The Basics,2,6289,5,HTML,Bind off choices,9637,2,Exercise,"<wddxPacket version='1.0'><header/><data><struct ><var name='EXCERCISE_DETAILS_6'><string></string></var><var name='EXCERCISE_IMAGE_8'><string></string></var><var name='EXCERCISE_DETAILS_3'><string>Hand stitching creates a very stretchy bind off.&lt;br&gt;<char code='0d'/><char code='0a'/><char code='0d'/><char code='0a'/>&lt;div class=""row""&gt;<char code='0d'/><char code='0a'/>&lt;div class=""col-sm-6 col-xs-12 col-sm-offset-3""&gt;<char code='0d'/><char code='0a'/>&lt;div class='embed-video-container'&gt;&lt;iframe src='https://player.vimeo.com/video/151858299' frameborder='0' webkitAllowFullScreen mozallowfullscreen allowFullScreen&gt;&lt;/iframe&gt;&lt;/div&gt;<char code='0d'/><char code='0a'/>&lt;/div&gt;<char code='0d'/><char code='0a'/>&lt;/div&gt;</string></var><var name='EXCERCISE_IMAGE_9'><string></string></var><var name='EXCERCISE_IMAGE_3'><string>/challenge/images/arrow3.png</string></var><var name='EXCERCISE_DETAILS_1'><string>&lt;img class=""img-responsive"" src=""/challenge/images/v2/50/you_have_My_permission.gif""&gt;<char code='0d'/><char code='0a'/>&lt;div class=""row""&gt;<char code='0d'/><char code='0a'/>    &lt;div class=""col-sm-6 col-xs-6""&gt;When swatching or practicing, sometimes it's OK to just remove the yarn from the yarn feeder, pass the carriage across the needles in work and let the knitting drop from the machine.&lt;br&gt;&lt;br&gt; Obviously these stitches can easily unravel, but if you are just playing, why take time to bind off?<char code='0d'/><char code='0a'/><char code='0d'/><char code='0a'/>    &lt;/div&gt;<char code='0d'/><char code='0a'/>    &lt;div class=""col-sm-4 col-xs-6""&gt;<char code='0d'/><char code='0a'/>        &lt;div class='embed-video-container'&gt;&lt;iframe src='https://player.vimeo.com/video/343470911' frameborder='0' webkitAllowFullScreen mozallowfullscreen allowFullScreen&gt;&lt;/iframe&gt;&lt;/div&gt;<char code='0d'/><char code='0a'/>    &lt;/div&gt;<char code='0d'/><char code='0a'/>&lt;/div&gt;<char code='0d'/><char code='0a'/>&lt;br&gt;&lt;hr&gt;&lt;br&gt;<char code='0d'/><char code='0a'/>&lt;div class=""row""&gt;<char code='0d'/><char code='0a'/>&lt;div class=""col-sm-3 col-xs-12""&gt;&lt;img class=""img-responsive"" src=""/challenge/images/v2/50/scrap-off1.jpg""&gt;&lt;/div&gt;<char code='0d'/><char code='0a'/>&lt;div class=""col-sm-6 col-xs-12""&gt;<char code='0d'/><char code='0a'/>&lt;i class=""fa fa-lightbulb-o fa-2x"" aria-hidden=""true""&gt;&lt;/i&gt;<char code='0d'/><char code='0a'/>Simply dropping the work is often done when scrapping off your knitting.&lt;br&gt;&lt;br&gt;<char code='0d'/><char code='0a'/>By knitting a few rows of waste yarn, you safely maintain open stitches at the end of your knitting. These stitches can then be re-hung on the machine or picked up with hand knitting needles to finish the piece.  (This is similar to using Scrap 'n Ravel cast on methods)<char code='0d'/><char code='0a'/>&lt;br&gt;&lt;br&gt;&lt;/div&gt;<char code='0d'/><char code='0a'/>&lt;/div&gt;<char code='0d'/><char code='0a'/></string></var><var name='EXCERCISE_IMAGE_5'><string>/challenge/images/arrow5.png</string></var><var name='EXCERCISE_IMAGE_7'><string></string></var><var name='EXCERCISE_TASK_2'><string>&lt;b&gt;Fast, Secure, Temporary Bind Off&lt;/b&gt;</string></var><var name='EXCERCISE_DETAILS_10'><string></string></var><var name='FIELDNAMES'><string>CHALLENGE_ASSIGNID,CHALLENGE_COMPONENTID,EXCERCISE_IMAGE_1,EXCERCISE_TASK_1,EXCERCISE_DETAILS_1,EXCERCISE_IMAGE_2,EXCERCISE_TASK_2,EXCERCISE_DETAILS_2,EXCERCISE_IMAGE_3,EXCERCISE_TASK_3,EXCERCISE_DETAILS_3,EXCERCISE_IMAGE_4,EXCERCISE_TASK_4,EXCERCISE_DETAILS_4,EXCERCISE_IMAGE_5,EXCERCISE_TASK_5,EXCERCISE_DETAILS_5,EXCERCISE_IMAGE_6,EXCERCISE_TASK_6,EXCERCISE_DETAILS_6,EXCERCISE_IMAGE_7,EXCERCISE_TASK_7,EXCERCISE_DETAILS_7,EXCERCISE_IMAGE_8,EXCERCISE_TASK_8,EXCERCISE_DETAILS_8,EXCERCISE_IMAGE_9,EXCERCISE_TASK_9,EXCERCISE_DETAILS_9,EXCERCISE_IMAGE_10,EXCERCISE_TASK_10,EXCERCISE_DETAILS_10</string></var><var name='EXCERCISE_TASK_7'><string></string></var><var name='EXCERCISE_IMAGE_10'><string></string></var><var name='EXCERCISE_TASK_1'><string>&lt;b&gt;Drop the work from the machine&lt;/b&gt;</string></var><var name='EXCERCISE_TASK_9'><string></string></var><var name='EXCERCISE_TASK_6'><string></string></var><var name='EXCERCISE_TASK_4'><string>&lt;b&gt;Bind off by hand&lt;/b&gt;</string></var><var name='EXCERCISE_DETAILS_8'><string></string></var><var name='EXCERCISE_IMAGE_1'><string>/challenge/images/arrow1.png</string></var><var name='CHALLENGE_ASSIGNID'><string>3457</string></var><var name='EXCERCISE_IMAGE_6'><string></string></var><var name='EXCERCISE_TASK_8'><string></string></var><var name='EXCERCISE_DETAILS_4'><string>There is no rule that says you have to do EVERYTHING on the machine.  If you are a hand knitter, you may want to take the stitches off the machine on a hand knitting needle and work the bind off method of your choice&lt;br&gt;&lt;br&gt;<char code='0d'/><char code='0a'/>&lt;div class=""row""&gt;<char code='0d'/><char code='0a'/>&lt;div class=""col-sm-6 col-xs-12 col-sm-offset-3""&gt;<char code='0d'/><char code='0a'/>&lt;div class='embed-video-container'&gt;&lt;iframe src='https://player.vimeo.com/video/343473040' frameborder='0' webkitAllowFullScreen mozallowfullscreen allowFullScreen&gt;&lt;/iframe&gt;&lt;/div&gt;<char code='0d'/><char code='0a'/>&lt;/div&gt;<char code='0d'/><char code='0a'/>&lt;/div&gt;<char code='0d'/><char code='0a'/></string></var><var name='EXCERCISE_DETAILS_5'><string>Stitch thru stitch bind off that is worked so YOU control the size of the bind off stitches and the tension of the bind off edge.  Make it as firm or loose as you like. No guesswork.&lt;br&gt;&lt;br&gt;<char code='0d'/><char code='0a'/>&lt;div class=""row""&gt;<char code='0d'/><char code='0a'/>&lt;div class=""col-sm-6 col-xs-12 col-sm-offset-3""&gt;<char code='0d'/><char code='0a'/>&lt;div class='embed-video-container'&gt;&lt;iframe src='https://player.vimeo.com/video/343513501' frameborder='0' webkitAllowFullScreen mozallowfullscreen allowFullScreen&gt;&lt;/iframe&gt;&lt;/div&gt;<char code='0d'/><char code='0a'/>&lt;/div&gt;<char code='0d'/><char code='0a'/>&lt;/div&gt;<char code='0d'/><char code='0a'/></string></var><var name='EXCERCISE_TASK_5'><string>&lt;b&gt;My Favorite Bind Off - Stitch thru Stitch&lt;/b&gt;</string></var><var name='EXCERCISE_DETAILS_2'><string>OK, if you are knitting a swatch and you are going to wash it, or you are going to handle your knitted piece a lot, Just leaving open stitches isn't practical you'll want to secure the stitches. &lt;br&gt;&lt;br&gt; Running the tail of yarn through each stitch is a fast way to secure them.&lt;br&gt;&lt;br&gt;<char code='0d'/><char code='0a'/>&lt;div class=""row""&gt;<char code='0d'/><char code='0a'/>    &lt;div class=""col-sm-4 col-sm-offset-1 col-xs-6""&gt;<char code='0d'/><char code='0a'/>        &lt;div class='embed-video-container'&gt;&lt;iframe src='https://player.vimeo.com/video/343495391' frameborder='0' webkitAllowFullScreen mozallowfullscreen allowFullScreen&gt;&lt;/iframe&gt;<char code='0d'/><char code='0a'/>        &lt;/div&gt;<char code='0d'/><char code='0a'/>    &lt;/div&gt;<char code='0d'/><char code='0a'/>        &lt;div class=""col-sm-5 col-sm-offset-1col-xs-6""&gt;<char code='0d'/><char code='0a'/>            &lt;i class=""fa fa-lightbulb-o fa-2x"" aria-hidden=""true""&gt;&lt;/i&gt; Sometimes you have a very stretchy, open piece of knitting. Using a regular bind off method may distort the piece. Use this method to temporarily secure the stitches and avoid any distortion.&lt;br&gt; &lt;br&gt;<char code='0d'/><char code='0a'/> &lt;i class=""fa fa-lightbulb-o fa-2x"" aria-hidden=""true""&gt;&lt;/i&gt; This is also a good technique for gathering the top of hats. Just run the tail through the stitches, pull tight and secure ... instant gathers!<char code='0d'/><char code='0a'/>        &lt;/div&gt;<char code='0d'/><char code='0a'/><char code='0d'/><char code='0a'/>&lt;/div&gt;</string></var><var name='EXCERCISE_DETAILS_7'><string></string></var><var name='EXCERCISE_IMAGE_2'><string>/challenge/images/arrow2.png</string></var><var name='EXCERCISE_TASK_3'><string>&lt;b&gt;Back Stitch Bind off&lt;/b&gt;</string></var><var name='EXCERCISE_IMAGE_4'><string>/challenge/images/arrow4.png</string></var><var name='EXCERCISE_DETAILS_9'><string></string></var><var name='CHALLENGE_COMPONENTID'><string>4932</string></var><var name='EXCERCISE_TASK_10'><string></string></var></struct></data></wddxPacket>"
51,LK-150 Fun,795,The Basics,2,6289,5,HTML,Bind off choices,9638,3,HTML,"<wddxPacket version='1.0'><header/><data><struct ><var name='CHALLENGE_COMPONENTID'><string>4933</string></var><var name='HTMLCONTENT'><string>&lt;blockquote class=""blockquote_style""&gt;&lt;i class=""fa fa-refresh fa-2x aria-hidden=""true""&gt;&lt;/i&gt; Take time to try different bind off  methods while you are knitting swatches and practicing techniques.  Don't get stuck using only one method.&lt;br&gt;&lt;br&gt;Part of your journey to learn your machine is to learn different techniques and when to apply them.&lt;/blockquote&gt;</string></var><var name='CHALLENGE_ASSIGNID'><string>3457</string></var><var name='FIELDNAMES'><string>CHALLENGE_ASSIGNID,CHALLENGE_COMPONENTID,HTMLCONTENT</string></var></struct></data></wddxPacket>"
51,LK-150 Fun,334,Your Success Depends on This,3,3526,1,Video,Swatching is NOT optional,5026,1,HTML,"<wddxPacket version='1.0'><header/><data><struct ><var name='CHALLENGE_COMPONENTID'><string>4486</string></var><var name='HTMLCONTENT'><string>&lt;strong&gt;You are making progress!&lt;/strong&gt; ... we've spent a lot of time planning, practicing and thinking about knitting ... are you ready to do some ""real knitting""?&lt;br&gt;<char code='0d'/><char code='0a'/>&lt;br&gt;&lt;strong&gt;DON'T SKIP THIS SECTION!&lt;/strong&gt; &lt;br&gt;&lt;br&gt;Your success with this course AND your success with your knitting machine depends on your understanding and mastering the art of knitting gauge swatches.&lt;br&gt;&lt;br&gt;<char code='0d'/><char code='0a'/>Without a swatch we are knitting in the dark.<char code='0d'/><char code='0a'/>&lt;ul&gt;<char code='0d'/><char code='0a'/>&lt;li&gt;How is the final sweater going to feel in the yarn and stitch pattern you've chosen?&lt;/li&gt;<char code='0d'/><char code='0a'/>&lt;li&gt;Do you have enough yarn?&lt;/li&gt;<char code='0d'/><char code='0a'/>&lt;li&gt;Do you have enough needles on your machine for the size you chose?&lt;/li&gt;<char code='0d'/><char code='0a'/>&lt;/ul&gt;<char code='0d'/><char code='0a'/><char code='0d'/><char code='0a'/>&lt;div class=""row""&gt;<char code='0d'/><char code='0a'/>&lt;div class=""col-md-6 col-lg-5 col-xs-12 col-md-offset-1 text-center""&gt;<char code='0d'/><char code='0a'/>&lt;p style=""text-align: center;""&gt;&lt;strong&gt;SWATCHING IS NOT OPTIONAL&lt;/strong&gt;&lt;/p&gt;<char code='0d'/><char code='0a'/>&lt;/div&gt;<char code='0d'/><char code='0a'/>&lt;/div&gt;</string></var><var name='CHALLENGE_ASSIGNID'><string>3307</string></var><var name='FIELDNAMES'><string>CHALLENGE_ASSIGNID,CHALLENGE_COMPONENTID,HTMLCONTENT</string></var></struct></data></wddxPacket>"
51,LK-150 Fun,334,Your Success Depends on This,3,3526,1,Video,Swatching is NOT optional,5027,2,Document,"<wddxPacket version='1.0'><header/><data><struct ><var name='FIELDNAMES'><string>CHALLENGE_ASSIGNID,CHALLENGE_COMPONENTID,LABLE,DATAMODEL_ICON,VIEWHEIGHT,SHOWVIEWER,FILENAME</string></var><var name='CHALLENGE_ASSIGNID'><string>3307</string></var><var name='CHALLENGE_COMPONENTID'><string>4603</string></var><var name='FILENAME'><string>swatch_exercises2.pdf</string></var><var name='DATAMODEL_ICON'><string>fa fa-download</string></var><var name='LABLE'><string>Print the Worksheets</string></var><var name='SHOWVIEWER'><string>0</string></var><var name='VIEWHEIGHT'><string>600</string></var></struct></data></wddxPacket>"
51,LK-150 Fun,334,Your Success Depends on This,3,3526,1,Video,Swatching is NOT optional,5028,3,VimeoID,"<wddxPacket version='1.0'><header/><data><struct ><var name='FIELDNAMES'><string>CHALLENGE_ASSIGNID,CHALLENGE_COMPONENTID,VIMEOID,LABLE</string></var><var name='CHALLENGE_COMPONENTID'><string>4514</string></var><var name='LABLE'><string>&lt;i class='fa fa-youtube-play' aria-hidden='true'&gt;&lt;/i&gt;&lt;b&gt; 'Proper' Gauge Swatches&lt;/b&gt;</string></var><var name='CHALLENGE_ASSIGNID'><string>3307</string></var><var name='VIMEOID'><string>178357273</string></var></struct></data></wddxPacket>"
51,LK-150 Fun,334,Your Success Depends on This,3,3527,3,Practice,Gauge swatch verses Tension Swatch,5029,1,HTML,"<wddxPacket version='1.0'><header/><data><struct ><var name='CHALLENGE_COMPONENTID'><string>4886</string></var><var name='HTMLCONTENT'><string>&lt;div class=""lead""&gt;&lt;b&gt;If you haven't used your chosen yarn before, how do you know the best tension to knit your project? &lt;/div&gt;&lt;/b&gt;<char code='0d'/><char code='0a'/><char code='0d'/><char code='0a'/>Knitters tend to use the terms ""tension swatch"" and ""gauge swatch"" interchangeably, lets take a look at both.</string></var><var name='CHALLENGE_ASSIGNID'><string>3471</string></var><var name='FIELDNAMES'><string>CHALLENGE_ASSIGNID,CHALLENGE_COMPONENTID,HTMLCONTENT</string></var></struct></data></wddxPacket>"
51,LK-150 Fun,334,Your Success Depends on This,3,3528,3,HTML,Understanding Gauge,5033,1,VimeoMultiple,"<wddxPacket version='1.0'><header/><data><struct ><var name='VIMEOID3'><string>178357247</string></var><var name='VIMEOID2'><string>178357264</string></var><var name='VIMEOID1'><string>178357292</string></var><var name='VIMEOID4'><string></string></var><var name='FIELDNAMES'><string>CHALLENGE_ASSIGNID,CHALLENGE_COMPONENTID,VIMEOID1,LABLE1,VIMEOID2,LABLE2,VIMEOID3,LABLE3,VIMEOID4,LABLE4</string></var><var name='LABLE3'><string>&lt;i class='fa fa-youtube-play' aria-hidden='true'&gt;&lt;/i&gt;&lt;b&gt; Tension: Controlling your gauge&lt;/b&gt;</string></var><var name='CHALLENGE_ASSIGNID'><string>3298</string></var><var name='CHALLENGE_COMPONENTID'><string>4456</string></var><var name='LABLE4'><string>&lt;i class='fa fa-youtube-play' aria-hidden='true'&gt;&lt;/i&gt;</string></var><var name='LABLE2'><string>&lt;i class='fa fa-youtube-play' aria-hidden='true'&gt;&lt;/i&gt; &lt;b&gt;TIP!  Using Weights&lt;/b&gt;</string></var><var name='LABLE1'><string>&lt;i class='fa fa-youtube-play' aria-hidden='true'&gt;&lt;/i&gt; &lt;b&gt;The Importance of Gauge&lt;/b&gt;</string></var></struct></data></wddxPacket>"
51,LK-150 Fun,334,Your Success Depends on This,3,3527,3,Practice,Gauge swatch verses Tension Swatch,5030,3,HTML,"<wddxPacket version='1.0'><header/><data><struct ><var name='CHALLENGE_COMPONENTID'><string>156</string></var><var name='FIELDNAMES'><string>CHALLENGE_ASSIGNID,CHALLENGE_COMPONENTID,HTMLCONTENT</string></var><var name='HTMLCONTENT'><string>&lt;div class=""row cleanwell""&gt;<char code='0d'/><char code='0a'/>&lt;div class=""col-md-7""&gt;<char code='0d'/><char code='0a'/>&lt;h4&gt;&lt;strong&gt;GAUGE SWATCH&lt;/strong&gt;&lt;/h4&gt;<char code='0d'/><char code='0a'/>The &lt;strong&gt;gauge swatch&lt;/strong&gt; is the ""official"" swatch used when designing a garment.<char code='0d'/><char code='0a'/>&lt;br&gt;<char code='0d'/><char code='0a'/>It is knit at a specific size, marked for accurate stitch and row measurement and ""dressed"" as the final garment will be treated.&lt;br&gt;<char code='0d'/><char code='0a'/>&lt;blockquote class=""smallblock""&gt;<char code='0d'/><char code='0a'/>&lt;em&gt;TIP: Whatever method you use to create a swatch, the key is to correctly measure it and calculate your gauge.&lt;/em&gt;&lt;/blockquote&gt;&lt;/div&gt;<char code='0d'/><char code='0a'/>&lt;div class=""col-md-5""&gt;&lt;img class=""img-responsive"" src=""//www.knititnow.com/challenge/images/swatch_measure.jpg"" /&gt;&lt;/div&gt;<char code='0d'/><char code='0a'/>&lt;/div&gt;</string></var><var name='CHALLENGE_ASSIGNID'><string>58</string></var></struct></data></wddxPacket>"
51,LK-150 Fun,334,Your Success Depends on This,3,3527,3,Practice,Gauge swatch verses Tension Swatch,5031,5,HTML,"<wddxPacket version='1.0'><header/><data><struct ><var name='CHALLENGE_ASSIGNID'><string>58</string></var><var name='HTMLCONTENT'><string>&lt;div class=""row cleanwell""&gt;<char code='0d'/><char code='0a'/>&lt;div class=""col-md-12 col-xs-12""&gt;<char code='0d'/><char code='0a'/>&lt;h4&gt;&lt;strong&gt;TENSION SWATCH&lt;/strong&gt;&lt;/h4&gt;<char code='0d'/><char code='0a'/>&lt;em&gt;When I pick up a new cone of yarn, I can't wait to thread up my machine and see what the yarn looks like.   From the initial cast on, I start guessing what setting on my tension dial I need to use.  I knit a few inches and reach down and start to feel the resulting fabric. &lt;br /&gt;&lt;br /&gt;Once I get a feel for the yarn (what machine, general tension setting at stockinette, etc) I create a&lt;strong&gt; tension swatch&lt;/strong&gt;.  This helps me fine-tune the tension needed to achieve the fabric I like and allows me to play with various techniques.  &lt;strong&gt;I'm often very surprised that a yarn looks great in tuck, and awful in slip&lt;/strong&gt;, for example.  Adding a few eyelets here and there tells me if the yarn will work up in lace.&lt;/em&gt;&lt;br /&gt; &lt;br /&gt; Let's practice knitting a &lt;strong&gt;tension swatch.&lt;/strong&gt;&lt;/div&gt;<char code='0d'/><char code='0a'/>&lt;/div&gt;</string></var><var name='FIELDNAMES'><string>CHALLENGE_ASSIGNID,CHALLENGE_COMPONENTID,HTMLCONTENT</string></var><var name='CHALLENGE_COMPONENTID'><string>258</string></var></struct></data></wddxPacket>"
51,LK-150 Fun,334,Your Success Depends on This,3,3527,3,Practice,Gauge swatch verses Tension Swatch,5032,7,HTML,"<wddxPacket version='1.0'><header/><data><struct ><var name='FIELDNAMES'><string>CHALLENGE_ASSIGNID,CHALLENGE_COMPONENTID,HTMLCONTENT</string></var><var name='CHALLENGE_COMPONENTID'><string>4490</string></var><var name='CHALLENGE_ASSIGNID'><string>3308</string></var><var name='HTMLCONTENT'><string>&lt;div class=""row well""&gt;<char code='0d'/><char code='0a'/>&lt;div class=""col-xs-12 col-md-10""&gt;<char code='0d'/><char code='0a'/>&lt;h4&gt;Play!&lt;/h4&gt;<char code='0d'/><char code='0a'/>&lt;ol class=""instruction-list""&gt;<char code='0d'/><char code='0a'/>&lt;li&gt;Start knitting stockenette at the tightest tension that will knit.  (If the tension is too tight, you'll see stitches that don't form properly.&lt;/li&gt;<char code='0d'/><char code='0a'/>&lt;li&gt;Knit 2-4 inches. Knit a marker row (change colors, work a few eyelets across the row or knit a sewing thread in with the main yarn)&lt;/li&gt;<char code='0d'/><char code='0a'/>&lt;li&gt;Keep knitting sections, marking the tension dial number in each section.  Knit the last section as loosely as possiblle, even if you think this will be too loose ... I'm often very pleasantly surprised at the result.&lt;/li&gt;<char code='0d'/><char code='0a'/>&lt;li&gt;Transfer every other needle to out of work postion and knit a section - put all needles back into work.&lt;/li&gt;<char code='0d'/><char code='0a'/>&lt;li&gt;Work a simple tuck, or slip, or any stitch pattern of your choice ... base your tension dial setting on the stockinette sections you just knit.&lt;/li&gt;<char code='0d'/><char code='0a'/>&lt;/ol&gt;<char code='0d'/><char code='0a'/>&lt;blockquote class=""smallblock""&gt;The point of this exercise is to put the yarn through it's paces ... ignite your creativity, and get a feel for what the yarn can do.  If you don't have a huge cone, you can always re-wind this knitting. At this point, you probably know exactly what you want to do with this yarn.  Knit your Gauge Swatch, dress it and and you are ready to design and knit your sweater.&lt;/blockquote&gt;<char code='0d'/><char code='0a'/>&lt;/div&gt;<char code='0d'/><char code='0a'/>&lt;div class=""col-xs-12 col-md-2""&gt;&lt;img class=""img-responsive"" src=""http://www.knititnow.com/challenge/images/tension_swatch.jpg"" /&gt;&lt;/div&gt;<char code='0d'/><char code='0a'/>&lt;/div&gt;<char code='0d'/><char code='0a'/></string></var></struct></data></wddxPacket>"
51,LK-150 Fun,334,Your Success Depends on This,3,3529,4,HTML,Knit a Swatch,5034,1,HTML,"<wddxPacket version='1.0'><header/><data><struct ><var name='CHALLENGE_ASSIGNID'><string>3473</string></var><var name='FIELDNAMES'><string>CHALLENGE_ASSIGNID,CHALLENGE_COMPONENTID,HTMLCONTENT</string></var><var name='CHALLENGE_COMPONENTID'><string>4891</string></var><var name='HTMLCONTENT'><string>&lt;div class=""row""&gt;<char code='0d'/><char code='0a'/>&lt;div class=""col-sm-6 col-xs-12""&gt;<char code='0d'/><char code='0a'/>&lt;h3&gt;Knitting a “Proper” Swatch&lt;/h3&gt;<char code='0d'/><char code='0a'/><char code='0d'/><char code='0a'/>The goal of a swatch is to determine how many stitches and rows it takes to knit a 1” (or 4”/10cm) square.&lt;br&gt;<char code='0d'/><char code='0a'/><char code='0d'/><char code='0a'/>To do this accurately, you will knit a larger piece, and mark of a set number of stitches and rows AS YOU KNIT.&lt;br&gt;&lt;br&gt;<char code='0d'/><char code='0a'/><char code='0d'/><char code='0a'/>After you dress (rest, wash, block) your swatch, you can easily measure and calculate your stitch and row gauge.<char code='0d'/><char code='0a'/>&lt;br&gt;<char code='0d'/><char code='0a'/>When you knit your swatch, you will cast on MORE stitches and knit MORE rows than shown.  This will prevent you from measuring edge to edge and ONLY MEASURE the ISOLATED AREA.&lt;br&gt;&lt;br&gt;&lt;br&gt;<char code='0d'/><char code='0a'/>&lt;ol class=""instruction-list""&gt;<char code='0d'/><char code='0a'/>&lt;li&gt;Garment yarn: Cast on 50 stitches with any method&lt;/li&gt;<char code='0d'/><char code='0a'/>&lt;li&gt; Knit for 1” or so - carriage on the right&lt;/li&gt;<char code='0d'/><char code='0a'/>&lt;li&gt;Contrasting waste yarn: Knit 2 rows&lt;/li&gt;<char code='0d'/><char code='0a'/>&lt;li&gt; Garment yarn: knit 20 rows&lt;/li&gt;<char code='0d'/><char code='0a'/>&lt;li&gt;Use a yarn marker or run a strand as you knit, isolate the stitches.&lt;/li&gt;<char code='0d'/><char code='0a'/>&lt;li&gt; Knit 20 rows&lt;/li&gt;<char code='0d'/><char code='0a'/>&lt;li&gt;Contrasting waste yarn: Knit 2 rows&lt;/li&gt;<char code='0d'/><char code='0a'/>&lt;li&gt;Garment yarn: knit 1” or so&lt;/li&gt;<char code='0d'/><char code='0a'/>&lt;li&gt; Bind off or drop the work from the machine&lt;/li&gt;<char code='0d'/><char code='0a'/>&lt;li&gt; Dress the swatch (wash, block and treat as you will the finished item)&lt;/li&gt;<char code='0d'/><char code='0a'/>&lt;/ol&gt;<char code='0d'/><char code='0a'/><char code='0d'/><char code='0a'/>&lt;/div&gt;<char code='0d'/><char code='0a'/>&lt;div class=""col-sm-4 col-xs-12""&gt;&lt;img class=""img-responsive"" src=""/challenge/images/v2/50/lk-150_swatch2.png""&gt;&lt;/div&gt;<char code='0d'/><char code='0a'/>&lt;/div&gt;<char code='0d'/><char code='0a'/></string></var></struct></data></wddxPacket>"
51,LK-150 Fun,334,Your Success Depends on This,3,3529,4,HTML,Knit a Swatch,5035,2,Document,"<wddxPacket version='1.0'><header/><data><struct ><var name='VIEWHEIGHT'><string>600</string></var><var name='SHOWVIEWER'><string>0</string></var><var name='CHALLENGE_ASSIGNID'><string>3473</string></var><var name='FILENAME'><string>swatch_practice.pdf</string></var><var name='DATAMODEL_ICON'><string>fa fa-download</string></var><var name='FIELDNAMES'><string>CHALLENGE_ASSIGNID,CHALLENGE_COMPONENTID,LABLE,DATAMODEL_ICON,VIEWHEIGHT,SHOWVIEWER,FILENAME</string></var><var name='LABLE'><string>Print the Worksheet</string></var><var name='CHALLENGE_COMPONENTID'><string>4901</string></var></struct></data></wddxPacket>"
51,LK-150 Fun,334,Your Success Depends on This,3,3530,5,HTML,Measure Gauge,5036,1,Video,"<wddxPacket version='1.0'><header/><data><struct ><var name='CHALLENGE_COMPONENTID'><string>4902</string></var><var name='FIELDNAMES'><string>CHALLENGE_ASSIGNID,CHALLENGE_COMPONENTID,LABLE,VIMEOID</string></var><var name='LABLE'><string>&lt;i class='fa fa-youtube-play' aria-hidden='true'&gt;&lt;/i&gt; Accurage Gauge Measurement</string></var><var name='CHALLENGE_ASSIGNID'><string>3479</string></var><var name='VIMEOID'><string>260683875|Accurate Gauge Measurement</string></var></struct></data></wddxPacket>"
51,LK-150 Fun,334,Your Success Depends on This,3,3531,6,HTML,Test Yourself,5038,1,HTML,"<wddxPacket version='1.0'><header/><data><struct ><var name='FIELDNAMES'><string>CHALLENGE_ASSIGNID,CHALLENGE_COMPONENTID,HTMLCONTENT</string></var><var name='HTMLCONTENT'><string>Accurate gauge swatching and accurate measuring is CRITICAL to your success as a machine knitter.&lt;br&gt;&lt;br&gt;<char code='0d'/><char code='0a'/><char code='0d'/><char code='0a'/>&lt;div class=""row""&gt;<char code='0d'/><char code='0a'/>&lt;div class=""col-sm-6 col-xs-12""&gt;<char code='0d'/><char code='0a'/>Test yourself with this exercise.&lt;br&gt;&lt;br&gt;<char code='0d'/><char code='0a'/>&lt;ol class=""instruction-list""&gt;<char code='0d'/><char code='0a'/>&lt;li&gt;Knit a ""proper"" swatch&lt;/li&gt;<char code='0d'/><char code='0a'/>&lt;li&gt;Let it rest, wash and block&lt;/li&gt;<char code='0d'/><char code='0a'/>&lt;li&gt;Carefully measure and calculate your gauge&lt;/li&gt;<char code='0d'/><char code='0a'/>&lt;li&gt;Calculate the stitches and rows for a 6"" square<char code='0d'/><char code='0a'/>&lt;ol class=""instruction-nolist""&gt;<char code='0d'/><char code='0a'/>&lt;li&gt;Cast on {Stitches per inch times 6} stitches&lt;/li&gt;<char code='0d'/><char code='0a'/>&lt;li&gt;Knit {Rows per inch times 6} rows&lt;/li&gt;<char code='0d'/><char code='0a'/>&lt;/ol&gt;<char code='0d'/><char code='0a'/><char code='0d'/><char code='0a'/>&lt;/li&gt;<char code='0d'/><char code='0a'/>&lt;li&gt;Knit a square according to your pattern&lt;/li&gt;<char code='0d'/><char code='0a'/>&lt;li&gt;Let it rest, wash and block&lt;/li&gt;<char code='0d'/><char code='0a'/>&lt;li&gt;Does your square fit in the template?  Is it accurate?  If not, double check your gauge measurements and try again.&lt;/li&gt;<char code='0d'/><char code='0a'/>&lt;/ol&gt;&lt;br&gt;&lt;/div&gt;<char code='0d'/><char code='0a'/>&lt;div class=""col-sm-2 col-xs-12""&gt;&lt;a href=""/KIN_Images/Challenges/swatch_challenge1.pdf"" target=""_blank""&gt;<char code='09'/>&lt;img class=""img-responsive"" src=""/challenge/images/v2/50/swatch_worksheet.png""&gt;&lt;/a&gt;<char code='0d'/><char code='0a'/>&lt;/div&gt;<char code='0d'/><char code='0a'/>&lt;/div&gt;<char code='0d'/><char code='0a'/><char code='0d'/><char code='0a'/></string></var><var name='CHALLENGE_ASSIGNID'><string>3480</string></var><var name='CHALLENGE_COMPONENTID'><string>4904</string></var></struct></data></wddxPacket>"
51,LK-150 Fun,334,Your Success Depends on This,3,3531,6,HTML,Test Yourself,5039,2,Document,"<wddxPacket version='1.0'><header/><data><struct ><var name='SHOWVIEWER'><string>0</string></var><var name='DATAMODEL_ICON'><string>fa fa-download</string></var><var name='FIELDNAMES'><string>CHALLENGE_ASSIGNID,CHALLENGE_COMPONENTID,LABLE,DATAMODEL_ICON,VIEWHEIGHT,SHOWVIEWER,FILENAME</string></var><var name='CHALLENGE_COMPONENTID'><string>4906</string></var><var name='FILENAME'><string>swatch_challenge1.pdf</string></var><var name='LABLE'><string>Print the Worksheet</string></var><var name='VIEWHEIGHT'><string>600</string></var><var name='CHALLENGE_ASSIGNID'><string>3480</string></var></struct></data></wddxPacket>"
51,LK-150 Fun,332,Stripes,4,3504,1,HTML,Horizontal Design Possibilities,4973,1,HTML,"<wddxPacket version='1.0'><header/><data><struct ><var name='HTMLCONTENT'><string>A hand knitter was once surprised when she learned that we can knit stripes on the knitting machine. &lt;i class=""fa fa-smile-o aria-hidden=""true""&gt;&lt;/i&gt;&lt;br&gt;&lt;br&gt;<char code='0d'/><char code='0a'/>One of the easiest ways to add interest to your knitting is to add stripes.&lt;br&gt;&lt;br&gt;<char code='0d'/><char code='0a'/>There are so many options for adding vertical texture and color to your knitting. Learn the possibilities for your LK-150 machine.</string></var><var name='CHALLENGE_COMPONENTID'><string>4973</string></var><var name='FIELDNAMES'><string>CHALLENGE_ASSIGNID,CHALLENGE_COMPONENTID,HTMLCONTENT</string></var><var name='CHALLENGE_ASSIGNID'><string>3504</string></var></struct></data></wddxPacket>"
51,LK-150 Fun,332,Stripes,4,3504,1,HTML,Horizontal Design Possibilities,4975,3,VimeoMultiple,"<wddxPacket version='1.0'><header/><data><struct ><var name='VIMEOID2'><string>151859649</string></var><var name='LABLE4'><string>&lt;i class='fa fa-youtube-play' aria-hidden='true'&gt;&lt;/i&gt;</string></var><var name='FIELDNAMES'><string>CHALLENGE_ASSIGNID,CHALLENGE_COMPONENTID,VIMEOID1,LABLE1,VIMEOID2,LABLE2,VIMEOID3,LABLE3,VIMEOID4,LABLE4</string></var><var name='CHALLENGE_COMPONENTID'><string>4975</string></var><var name='LABLE2'><string>&lt;i class='fa fa-youtube-play' aria-hidden='true'&gt;&lt;/i&gt; Taming Yarn Tails</string></var><var name='LABLE3'><string>&lt;i class='fa fa-youtube-play' aria-hidden='true'&gt;&lt;/i&gt; Perfect Jog-Less Stripes</string></var><var name='LABLE1'><string>&lt;i class='fa fa-youtube-play' aria-hidden='true'&gt;&lt;/i&gt; Yipes Stripes!</string></var><var name='VIMEOID1'><string>151857939</string></var><var name='CHALLENGE_ASSIGNID'><string>3504</string></var><var name='VIMEOID3'><string>151859081</string></var><var name='VIMEOID4'><string></string></var></struct></data></wddxPacket>"
51,LK-150 Fun,332,Stripes,4,3523,2,HTML,Your Turn - Try Stripes,5025,1,PrintWindowButton,"<wddxPacket version='1.0'><header/><data><struct ><var name='TYPEOF'><string>PrintWindowButton</string></var><var name='CHALLENGE_ASSIGNID'><string>3523</string></var><var name='LABLE'><string>Print the Worksheet</string></var><var name='FIELDNAMES'><string>CHALLENGE_ASSIGNID,TYPEOF,LABLE</string></var></struct></data></wddxPacket>"
51,LK-150 Fun,332,Stripes,4,3523,2,HTML,Your Turn - Try Stripes,5020,2,HTML,"<wddxPacket version='1.0'><header/><data><struct ><var name='HTMLCONTENT'><string>Grab 2 or more colors of yarn and try a stripe sampler:&lt;br&gt;<char code='0d'/><char code='0a'/><char code='0d'/><char code='0a'/><char code='0d'/><char code='0a'/>&lt;ol class=""instruction-list""&gt;<char code='0d'/><char code='0a'/>&lt;li&gt;Using any method, With &lt;span style=""background-color: #FFF200""&gt;&lt;b&gt;Color A&lt;/b&gt;&lt;/span&gt; cast on 30 stitches&lt;/li&gt;<char code='0d'/><char code='0a'/>&lt;li&gt;Knit 10 rows&lt;/li&gt;<char code='0d'/><char code='0a'/>&lt;li&gt;Carriage on the right, drop &lt;b&gt;Color A&lt;/b&gt;, (don't break the yarn, place it in the yarn guide or around the needlebed). Thread up &lt;span style=""background-color: #F7941D""&gt;&lt;b&gt;Color B&lt;/b&gt;&lt;/span&gt;&lt;/li&gt;<char code='0d'/><char code='0a'/>&lt;li&gt;Knit 2 rows&lt;/li&gt;<char code='0d'/><char code='0a'/>&lt;li&gt;Drop &lt;b&gt;Color B&lt;/b&gt;, thread up &lt;span style=""background-color: #FFF200""&gt;&lt;b&gt;Color A&lt;/b&gt;&lt;/span&gt;&lt;/li&gt;<char code='0d'/><char code='0a'/>&lt;li&gt;Knit 2 rows&lt;/li&gt;<char code='0d'/><char code='0a'/>&lt;li&gt;Drop Color A, thread up &lt;span style=""background-color: #F7941D""&gt;&lt;b&gt;Color B&lt;/b&gt;&lt;/span&gt;&lt;/li&gt;<char code='0d'/><char code='0a'/>&lt;li&gt;Knit 2 rows&lt;/li&gt;<char code='0d'/><char code='0a'/>------------------------------------------------------------------<char code='0d'/><char code='0a'/>&lt;li&gt;Break &lt;b&gt;Color B&lt;/b&gt;, weave the tail over and under the first few needles&lt;/li&gt;<char code='0d'/><char code='0a'/>&lt;li&gt;Thread up &lt;span style=""background-color: #FFF200""&gt;&lt;b&gt;Color A&lt;/b&gt;&lt;/span&gt;&lt;/li&gt;<char code='0d'/><char code='0a'/>&lt;li&gt;Knit 6 rows&lt;/li&gt;<char code='0d'/><char code='0a'/>---------------------------------------------------------------------<char code='0d'/><char code='0a'/><char code='0d'/><char code='0a'/>&lt;/ol&gt;<char code='0d'/><char code='0a'/><char code='0d'/><char code='0a'/>&lt;!--&lt;span style=""background-color: #FFF200""&gt;&lt;b&gt;Color A&lt;/b&gt;&lt;/span&gt;<char code='0d'/><char code='0a'/><char code='0d'/><char code='0a'/>&lt;span style=""background-color: #F7941D""&gt;&lt;b&gt;Color B&lt;/b&gt;&lt;/span&gt; --&gt;</string></var><var name='CHALLENGE_ASSIGNID'><string>3523</string></var><var name='CHALLENGE_COMPONENTID'><string>5020</string></var><var name='FIELDNAMES'><string>CHALLENGE_ASSIGNID,CHALLENGE_COMPONENTID,HTMLCONTENT</string></var></struct></data></wddxPacket>"
51,LK-150 Fun,332,Stripes,4,3506,3,VimeoID,Project 1: Basic Hat,4977,1,HTML,"<wddxPacket version='1.0'><header/><data><struct ><var name='FIELDNAMES'><string>CHALLENGE_ASSIGNID,CHALLENGE_COMPONENTID,HTMLCONTENT</string></var><var name='CHALLENGE_ASSIGNID'><string>3506</string></var><var name='CHALLENGE_COMPONENTID'><string>4977</string></var><var name='HTMLCONTENT'><string><char code='09'/>&lt;img class=""img-responsive"" src=""/challenge/images/v2/51/your_turn_stripes.gif""&gt;</string></var></struct></data></wddxPacket>"
51,LK-150 Fun,332,Stripes,4,3506,3,VimeoID,Project 1: Basic Hat,4978,2,VimeoID,"<wddxPacket version='1.0'><header/><data><struct ><var name='CHALLENGE_COMPONENTID'><string>4517</string></var><var name='VIMEOID'><string>319202520</string></var><var name='CHALLENGE_ASSIGNID'><string>3314</string></var><var name='FIELDNAMES'><string>CHALLENGE_ASSIGNID,CHALLENGE_COMPONENTID,VIMEOID,LABLE</string></var><var name='LABLE'><string>&lt;i class='fa fa-youtube-play' aria-hidden='true'&gt;&lt;/i&gt;&lt;b&gt; Ease, Build your Pattern and Knitting&lt;/b&gt;</string></var></struct></data></wddxPacket>"
51,LK-150 Fun,332,Stripes,4,3506,3,VimeoID,Project 1: Basic Hat,4979,3,ContinueButton,"<wddxPacket version='1.0'><header/><data><struct ><var name='CHALLENGE_ASSIGNID'><string>3314</string></var><var name='LABLE'><string>Build your hat pattern &lt;i class='fa fa-arrow-right'&gt; &lt;/i&gt;</string></var><var name='FIELDNAMES'><string>CHALLENGE_ASSIGNID,TYPEOF,LABLE</string></var><var name='TYPEOF'><string>ContinueButton</string></var></struct></data></wddxPacket>"
51,LK-150 Fun,332,Stripes,4,3507,4,HTML,Build Your Pattern,4980,1,Pattern,"<wddxPacket version='1.0'><header/><data><struct ><var name='SWATCHROWS'><string>Your_swatch_length</string></var><var name='SIZING_DATAMODEL_ELEMENT'><string>hat_size</string></var><var name='REDIRECT_TO'><string>/challenge/51/Group/3508/item|Stripes: View Your Pattern</string></var><var name='GARMENTID'><string>1000</string></var><var name='STITCHGAUGE_DATAMODEL_ELEMENT'><string>stitchgauge</string></var><var name='PATTERNFILENAME_DATAMODEL_ELEMENT'><string>PatternFilename_p1</string></var><var name='CHALLENGE_ASSIGNID'><string>3507</string></var><var name='FIELDNAMES'><string>CHALLENGE_ASSIGNID,CHALLENGE_COMPONENTID,GARMENTID,GARMENTTITLE,SHOWPATTERNNAME,SIZING_DATAMODEL_ELEMENT,STITCHGAUGE_DATAMODEL_ELEMENT,ROWGAUGE_DATAMODEL_ELEMENT,PATTERNFILENAME_DATAMODEL_ELEMENT,USESWATCHLOGIC,SWATCHSTITCHES,SWATCHROWS,SWATCHWEIGHT,REDIRECT_TO</string></var><var name='SWATCHSTITCHES'><string>your_swatch_width</string></var><var name='ROWGAUGE_DATAMODEL_ELEMENT'><string>rowgauge</string></var><var name='SWATCHWEIGHT'><string>Your_swatch_weight</string></var><var name='CHALLENGE_COMPONENTID'><string>4980</string></var><var name='USESWATCHLOGIC'><string>no</string></var><var name='SHOWPATTERNNAME'><string>0</string></var><var name='GARMENTTITLE'><string>DYI Hat</string></var></struct></data></wddxPacket>"
51,LK-150 Fun,332,Stripes,4,3508,5,HTML,View Your Pattern,4981,1,DataValidation,"<wddxPacket version='1.0'><header/><data><struct ><var name='FIELDNAMES'><string>CHALLENGE_ASSIGNID,CHALLENGE_COMPONENTID,DATAMODEL_ELEMENTS,DATAMODEL_REDIRECT,DATAMODEL_VALIDATION_MESSAGE</string></var><var name='CHALLENGE_COMPONENTID'><string>4981</string></var><var name='DATAMODEL_ELEMENTS'><string>PatternFilename_p1</string></var><var name='CHALLENGE_ASSIGNID'><string>3508</string></var><var name='DATAMODEL_VALIDATION_MESSAGE'><string></string></var><var name='DATAMODEL_REDIRECT'><string>3507</string></var></struct></data></wddxPacket>"
51,LK-150 Fun,332,Stripes,4,3508,5,HTML,View Your Pattern,4982,2,DocumentPattern,"<wddxPacket version='1.0'><header/><data><struct ><var name='VIEWHEIGHT'><string>0</string></var><var name='CHALLENGE_COMPONENTID'><string>4982</string></var><var name='FIELDNAMES'><string>CHALLENGE_ASSIGNID,CHALLENGE_COMPONENTID,LABLE,DATAMODEL_ICON,PATTERN_DATAMODEL_ELEMENT,VIEWHEIGHT</string></var><var name='LABLE'><string>Print Your Pattern</string></var><var name='DATAMODEL_ICON'><string>fa fa-print</string></var><var name='CHALLENGE_ASSIGNID'><string>3508</string></var><var name='PATTERN_DATAMODEL_ELEMENT'><string>PatternFilename_p1</string></var></struct></data></wddxPacket>"
51,LK-150 Fun,331,Garter Stitch,5,3503,1,HTML,Knit 'n Purl Stitches on the Machine,4972,1,HTML,"<wddxPacket version='1.0'><header/><data><struct ><var name='CHALLENGE_ASSIGNID'><string>3503</string></var><var name='HTMLCONTENT'><string>&lt;div class=""row""&gt;<char code='0d'/><char code='0a'/>&lt;div class=""col-sm-6 col-xs-12""&gt;<char code='0d'/><char code='0a'/><char code='0d'/><char code='0a'/>One of the first surprises for most machine knitters is the fact that the humble garter stitch is problematic on the knitting machine. Because our needles face in one direction and they form uniform stitches in one direction, we can easily produce stockinette stitch (translated knit 1 row, purl 1 row) but to knit every row?…..&lt;br&gt;&lt;br&gt;<char code='0d'/><char code='0a'/><char code='0d'/><char code='0a'/>Be default, knitting machines knit stockinette stitch. Stockinette has a smooth side (knit) side and a bumpy side (purl side)<char code='0d'/><char code='0a'/>In hand knitting terms this is knit 1 row purl 1 row.<char code='0d'/><char code='0a'/>Hand knitters can easily knit garter stitch by knitting every row. The ""purl bumps"" are visible on both sides of the knitting.&lt;br&gt;&lt;br&gt;<char code='0d'/><char code='0a'/><char code='0d'/><char code='0a'/>As machine knitters we have to take steps to show the purl bumps on the opposite side of our knitting.&lt;br&gt;&lt;br&gt;<char code='0d'/><char code='0a'/><char code='0d'/><char code='0a'/>There are a number of techniques you can use to get garter stitch texture in your knitting.<char code='0d'/><char code='0a'/>&lt;ul&gt;<char code='0d'/><char code='0a'/>&lt;li&gt;Hand manipulate (re-form) stitches&lt;/li&gt;<char code='0d'/><char code='0a'/>&lt;li&gt;Removing live stitches from the machine, turning the work and rehanging the stitches&lt;/li&gt;<char code='0d'/><char code='0a'/>&lt;/ul&gt;<char code='0d'/><char code='0a'/><char code='0d'/><char code='0a'/>With a little planning machine knitters CAN incorporate purl bumps in our knitting.&lt;br&gt;&lt;br&gt;&lt;em&gt;&lt;small&gt;You may have heard about an accessory called a RIBBER&lt;a href=""#"" data-toggle=""tooltip"" data-placement=""auto"" title=""A ribber is basically a second needlebed, positioned directly opposite the main bed. Because the needles face the opposite direction, both purl stitches and knit stitches can be formed ""&gt; &lt;sup&gt;&lt;i class=""fa fa-question-circle-o"" aria-hidden=""true""&gt;&lt;/i&gt;&lt;/a&gt;&lt;/sup&gt; for knitting machines.  The LK-150 was never designed with a ribber&lt;/small&gt;&lt;/em&gt;&lt;br&gt;&lt;center&gt;&lt;a class=""btn btn-primary"" href=""/classrooms/116/garter-stitch-on-the-machine"" target=""_new"" role=""button""&gt;Visit the Garter Stitch Classroom&lt;/a&gt;&lt;/center&gt;<char code='0d'/><char code='0a'/><char code='09'/><char code='0d'/><char code='0a'/><char code='0d'/><char code='0a'/>&lt;/div&gt;<char code='0d'/><char code='0a'/>&lt;div class=""col-sm-4 col-xs-12""&gt;&lt;img class=""img-thumbnail"" src=""/challenge/images/v2/51/garter.jpg""&gt;&lt;/div&gt;<char code='0d'/><char code='0a'/>&lt;/div&gt;<char code='0d'/><char code='0a'/></string></var><var name='FIELDNAMES'><string>CHALLENGE_ASSIGNID,CHALLENGE_COMPONENTID,HTMLCONTENT</string></var><var name='CHALLENGE_COMPONENTID'><string>4972</string></var></struct></data></wddxPacket>"
51,LK-150 Fun,331,Garter Stitch,5,3521,2,HTML,Reform Individual Stitches,5015,1,HTML,"<wddxPacket version='1.0'><header/><data><struct ><var name='HTMLCONTENT'><string>Because the needles on our needlebeds are positioned in one direction, passing the carriage and knitting a row produces stitches with the purl bumps facing.&lt;br&gt;&lt;br&gt;<char code='0d'/><char code='0a'/>You might want purl bumps on the opposite side of the knitting:<char code='0d'/><char code='0a'/>&lt;ul&gt;<char code='0d'/><char code='0a'/>&lt;li&gt;Ribbing&lt;/li&gt;<char code='0d'/><char code='0a'/>&lt;li&gt;Garter stitch accent rows&lt;/li&gt;<char code='0d'/><char code='0a'/>&lt;li&gt;Vertical accents between cables&lt;/li&gt;<char code='0d'/><char code='0a'/>&lt;li&gt;Accents to eyelets for lace&lt;/li&gt;<char code='0d'/><char code='0a'/>&lt;/ul&gt;<char code='0d'/><char code='0a'/>&lt;b&gt;To reform individual Stitches:&lt;/b&gt;<char code='0d'/><char code='0a'/>&lt;ol&gt;<char code='0d'/><char code='0a'/>&lt;li&gt;Use your latch tool to remove an individual stitch from the machine needle&lt;/li&gt;<char code='0d'/><char code='0a'/>&lt;li&gt;Insert the hook of the latch tool in the stitch in the row below&lt;/li&gt;<char code='0d'/><char code='0a'/>&lt;li&gt;Release the loose stitch&lt;/li&gt;<char code='0d'/><char code='0a'/>&lt;li&gt;Place the stitch behind the latch&lt;/li&gt;<char code='0d'/><char code='0a'/>&lt;li&gt;Place the unknit strand in the hook of the tool&lt;/li&gt;<char code='0d'/><char code='0a'/>&lt;li&gt;Pull the strand through, closing the latch with the stitch and forming a new stitch&lt;/li&gt;<char code='0d'/><char code='0a'/>&lt;li&gt;<char code='0d'/><char code='0a'/>Replace the new stitch back on the machine&lt;/li&gt;<char code='0d'/><char code='0a'/>&lt;li&gt;Notice that the purl bump is now away from you&lt;/li&gt;<char code='0d'/><char code='0a'/>&lt;/ul&gt;<char code='0d'/><char code='0a'/><char code='0d'/><char code='0a'/></string></var><var name='CHALLENGE_ASSIGNID'><string>3521</string></var><var name='FIELDNAMES'><string>CHALLENGE_ASSIGNID,CHALLENGE_COMPONENTID,HTMLCONTENT</string></var><var name='CHALLENGE_COMPONENTID'><string>5015</string></var></struct></data></wddxPacket>"
51,LK-150 Fun,331,Garter Stitch,5,3521,2,HTML,Reform Individual Stitches,5016,2,Imageslideshow,"<wddxPacket version='1.0'><header/><data><struct ><var name='SLIDESHOWAUDIO_8'><string></string></var><var name='SLIDESHOWAUDIO_4'><string></string></var><var name='SLIDESHOWCAPTION_8'><string>Lift up on the tool, sliding the new stitch over the machine needle</string></var><var name='SLIDESHOWAUDIO_3'><string></string></var><var name='SLIDESHOWCAPTION_19'><string></string></var><var name='ENABLEAUDIO'><string>0</string></var><var name='SLIDESHOWAUDIO_2'><string></string></var><var name='SLIDESHOWCAPTION_2'><string>Pull the machine needle back, dropping the stitch. Don't worry, because you've secured the stitch below with the latch tool, the dropped stitch won't run</string></var><var name='SLIDESHOWIMAGE_8'><string>/v2/51/garter9.jpg</string></var><var name='SLIDESHOWCAPTION_7'><string>Position the new stitch behind the latch of the tool and place the hood over the hook of the needle on the  machine</string></var><var name='SLIDESHOWIMAGE_3'><string>/v2/51/garter4.jpg</string></var><var name='SLIDESHOWAUDIO_5'><string></string></var><var name='SLIDESHOWCAPTION_1'><string>Pull the machine needle all the way out - putting the stitch behind the open latch</string></var><var name='SLIDESHOWIMAGE_11'><string></string></var><var name='SLIDESHOWAUDIO_15'><string></string></var><var name='SLIDESHOWCAPTION_17'><string></string></var><var name='SLIDESHOWCAPTION_13'><string></string></var><var name='SLIDESHOWAUDIO_12'><string></string></var><var name='SLIDESHOWAUDIO_6'><string></string></var><var name='SLIDESHOWIMAGE_6'><string>/v2/51/garter7.jpg</string></var><var name='SLIDESHOWAUDIO_16'><string></string></var><var name='SLIDESHOWCAPTION_18'><string></string></var><var name='SLIDESHOWIMAGE_1'><string>/v2/51/garter2.jpg</string></var><var name='CHALLENGE_COMPONENTID'><string>5016</string></var><var name='SLIDESHOWIMAGE_10'><string></string></var><var name='SLIDESHOWCAPTION_11'><string></string></var><var name='SLIDESHOWAUDIO_10'><string></string></var><var name='SLIDESHOWIMAGE_18'><string></string></var><var name='SLIDESHOWIMAGE_13'><string></string></var><var name='SLIDESHOWCAPTION_10'><string></string></var><var name='SLIDESHOWCAPTION_15'><string></string></var><var name='SLIDESHOWCAPTION_9'><string>Notice the knit stitch that is facing you ... the purl bump is now on the opposite side</string></var><var name='SLIDESHOWCAPTION_16'><string></string></var><var name='SLIDESHOWAUDIO_11'><string></string></var><var name='SLIDESHOWIMAGE_2'><string>/v2/51/garter3.jpg</string></var><var name='SLIDESHOWAUDIO_0'><string></string></var><var name='SLIDESHOWAUDIO_18'><string></string></var><var name='SLIDESHOWIMAGE_15'><string></string></var><var name='SLIDESHOWCAPTION_12'><string></string></var><var name='SLIDESHOWAUDIO_13'><string></string></var><var name='SLIDESHOWIMAGE_17'><string></string></var><var name='SLIDESHOWIMAGE_16'><string></string></var><var name='SLIDESHOWAUDIO_7'><string></string></var><var name='FIELDNAMES'><string>CHALLENGE_ASSIGNID,CHALLENGE_COMPONENTID,ENABLEAUDIO,PLAYAUDIO,SLIDESHOWIMAGE_0,SLIDESHOWAUDIO_0,SLIDESHOWCAPTION_0,SLIDESHOWIMAGE_1,SLIDESHOWAUDIO_1,SLIDESHOWCAPTION_1,SLIDESHOWIMAGE_2,SLIDESHOWAUDIO_2,SLIDESHOWCAPTION_2,SLIDESHOWIMAGE_3,SLIDESHOWAUDIO_3,SLIDESHOWCAPTION_3,SLIDESHOWIMAGE_4,SLIDESHOWAUDIO_4,SLIDESHOWCAPTION_4,SLIDESHOWIMAGE_5,SLIDESHOWAUDIO_5,SLIDESHOWCAPTION_5,SLIDESHOWIMAGE_6,SLIDESHOWAUDIO_6,SLIDESHOWCAPTION_6,SLIDESHOWIMAGE_7,SLIDESHOWAUDIO_7,SLIDESHOWCAPTION_7,SLIDESHOWIMAGE_8,SLIDESHOWAUDIO_8,SLIDESHOWCAPTION_8,SLIDESHOWIMAGE_9,SLIDESHOWAUDIO_9,SLIDESHOWCAPTION_9,SLIDESHOWIMAGE_10,SLIDESHOWAUDIO_10,SLIDESHOWCAPTION_10,SLIDESHOWIMAGE_11,SLIDESHOWAUDIO_11,SLIDESHOWCAPTION_11,SLIDESHOWIMAGE_12,SLIDESHOWAUDIO_12,SLIDESHOWCAPTION_12,SLIDESHOWIMAGE_13,SLIDESHOWAUDIO_13,SLIDESHOWCAPTION_13,SLIDESHOWIMAGE_14,SLIDESHOWAUDIO_14,SLIDESHOWCAPTION_14,SLIDESHOWIMAGE_15,SLIDESHOWAUDIO_15,SLIDESHOWCAPTION_15,SLIDESHOWIMAGE_16,SLIDESHOWAUDIO_16,SLIDESHOWCAPTION_16,SLIDESHOWIMAGE_17,SLIDESHOWAUDIO_17,SLIDESHOWCAPTION_17,SLIDESHOWIMAGE_18,SLIDESHOWAUDIO_18,SLIDESHOWCAPTION_18,SLIDESHOWIMAGE_19,SLIDESHOWAUDIO_19,SLIDESHOWCAPTION_19</string></var><var name='SLIDESHOWCAPTION_4'><string>Place the stitch that is on the tool behind the latch and place the un-knit strand in the hook of the tool</string></var><var name='SLIDESHOWAUDIO_17'><string></string></var><var name='SLIDESHOWAUDIO_19'><string></string></var><var name='SLIDESHOWCAPTION_6'><string>Continue to pull back, pulling the strand through the stitch, forming a new stitch</string></var><var name='PLAYAUDIO'><string>1</string></var><var name='SLIDESHOWAUDIO_9'><string></string></var><var name='SLIDESHOWIMAGE_0'><string>/v2/51/garter1.jpg</string></var><var name='SLIDESHOWCAPTION_3'><string>Un-knit (loosen) the stitch and free the strand</string></var><var name='SLIDESHOWIMAGE_9'><string>/v2/51/garter10_1.jpg</string></var><var name='SLIDESHOWAUDIO_1'><string></string></var><var name='SLIDESHOWCAPTION_5'><string>Pull back on the tool, closing the latch over the strand</string></var><var name='SLIDESHOWCAPTION_14'><string></string></var><var name='SLIDESHOWIMAGE_5'><string>/v2/51/garter6.jpg</string></var><var name='SLIDESHOWCAPTION_0'><string>Insert the latch tool in the loop of the stitch in the row below</string></var><var name='SLIDESHOWIMAGE_12'><string></string></var><var name='SLIDESHOWIMAGE_14'><string></string></var><var name='CHALLENGE_ASSIGNID'><string>3521</string></var><var name='SLIDESHOWIMAGE_19'><string></string></var><var name='SLIDESHOWIMAGE_7'><string>/v2/51/garter8.jpg</string></var><var name='SLIDESHOWIMAGE_4'><string>/v2/51/garter5.jpg</string></var><var name='SLIDESHOWAUDIO_14'><string></string></var></struct></data></wddxPacket>"
51,LK-150 Fun,331,Garter Stitch,5,3521,2,HTML,Reform Individual Stitches,5017,3,VimeoID,"<wddxPacket version='1.0'><header/><data><struct ><var name='TYPEOF'><string>VimeoID</string></var><var name='CHALLENGE_ASSIGNID'><string>3521</string></var><var name='VIMEOID'><string>347104087</string></var><var name='FIELDNAMES'><string>CHALLENGE_ASSIGNID,TYPEOF,VIMEOID,LABLE</string></var><var name='LABLE'><string>Reform a column of stitches</string></var></struct></data></wddxPacket>"
51,LK-150 Fun,331,Garter Stitch,5,3522,3,HTML,"Remove, Turn, Rehang",5018,1,HTML,"<wddxPacket version='1.0'><header/><data><struct ><var name='TYPEOF'><string>HTML</string></var><var name='CHALLENGE_ASSIGNID'><string>3522</string></var><var name='HTMLCONTENT'><string>Instead of reforming individual purl stitches, here are 2 techniques you can use to quickly create garter ridges.&lt;br&gt;&lt;br.<char code='0d'/><char code='0a'/>You many not want to work large sections of your knitting this way, but these methods work great for accents.&lt;br&gt;</string></var><var name='FIELDNAMES'><string>CHALLENGE_ASSIGNID,TYPEOF,HTMLCONTENT</string></var></struct></data></wddxPacket>"
51,LK-150 Fun,331,Garter Stitch,5,3522,3,HTML,"Remove, Turn, Rehang",5019,2,VimeoID,"<wddxPacket version='1.0'><header/><data><struct ><var name='CHALLENGE_ASSIGNID'><string>3522</string></var><var name='LABLE'><string>2 Techniques for creating garter ridges</string></var><var name='FIELDNAMES'><string>CHALLENGE_ASSIGNID,TYPEOF,VIMEOID,LABLE</string></var><var name='TYPEOF'><string>VimeoID</string></var><var name='VIMEOID'><string>347358154</string></var></struct></data></wddxPacket>"
51,LK-150 Fun,331,Garter Stitch,5,3525,4,HTML,Your Turn - Purl Practice,5024,1,PrintWindowButton,"<wddxPacket version='1.0'><header/><data><struct ><var name='CHALLENGE_ASSIGNID'><string>3525</string></var><var name='TYPEOF'><string>PrintWindowButton</string></var><var name='FIELDNAMES'><string>CHALLENGE_ASSIGNID,TYPEOF,LABLE</string></var><var name='LABLE'><string>Print the Worksheet</string></var></struct></data></wddxPacket>"
51,LK-150 Fun,331,Garter Stitch,5,3525,4,HTML,Your Turn - Purl Practice,5023,2,HTML,"<wddxPacket version='1.0'><header/><data><struct ><var name='CHALLENGE_ASSIGNID'><string>3525</string></var><var name='FIELDNAMES'><string>CHALLENGE_ASSIGNID,CHALLENGE_COMPONENTID,HTMLCONTENT</string></var><var name='CHALLENGE_COMPONENTID'><string>5023</string></var><var name='HTMLCONTENT'><string>&lt;div class=""row""&gt;<char code='0d'/><char code='0a'/>&lt;div class=""col-sm-6 col-xs-12""&gt;<char code='0d'/><char code='0a'/>Using any method, cast on 30 stitches (this is a great place to practice different cast on methods)&lt;br&gt;&lt;br&gt;<char code='0d'/><char code='0a'/>&lt;ol class=""instruction-list""&gt;<char code='0d'/><char code='0a'/>&lt;b&gt;Ribbing Practice&lt;/b&gt;<char code='0d'/><char code='0a'/>&lt;li&gt;Knit 10 rows&lt;/li&gt;<char code='0d'/><char code='0a'/>&lt;li&gt;Place your latch tool in a stitch in the middle of the knitting, down 4-5 rows&lt;/li&gt;<char code='0d'/><char code='0a'/>&lt;li&gt;Drop the stitch down to the tool&lt;/li&gt;<char code='0d'/><char code='0a'/>&lt;li&gt;Re-latch the stitch and re-hang it on the needle&lt;/li&gt;<char code='0d'/><char code='0a'/>&lt;li&gt;Skip 1 stitch and repeat&lt;/li&gt;<char code='0d'/><char code='0a'/>&lt;li&gt;Skip 1 stitch and repeat&lt;/li&gt;<char code='0d'/><char code='0a'/>&lt;/ol&gt;&lt;br&gt;&lt;br&gt;<char code='0d'/><char code='0a'/><char code='0d'/><char code='0a'/>&lt;ol class=""instruction-list""&gt;<char code='0d'/><char code='0a'/>&lt;b&gt;Hand knitting needle Remove, Turn, Rehang&lt;/b&gt;<char code='0d'/><char code='0a'/>&lt;li&gt;Knit a few rows&lt;/li&gt;<char code='0d'/><char code='0a'/>&lt;li&gt;Remove all the stitches on a circular hand knitting needle&lt;/li&gt;<char code='0d'/><char code='0a'/>&lt;li&gt;Turn the knitting&lt;/li&gt;<char code='0d'/><char code='0a'/>&lt;li&gt;Rehang all the stitches back on the same needles&lt;/li&gt;<char code='0d'/><char code='0a'/>&lt;li&gt;Knit a few rows&lt;/li&gt;<char code='0d'/><char code='0a'/>&lt;li&gt;Drop the work or bind off&lt;/li&gt;<char code='0d'/><char code='0a'/>&lt;/ol&gt;<char code='0d'/><char code='0a'/>&lt;/div&gt;<char code='0d'/><char code='0a'/>&lt;div class=""col-sm-3 col-xs-12 well""&gt;&lt;center&gt;&lt;img class=""img-responsive"" src=""/challenge/images/v2/51/feeling_ambitious.gif""&gt;&lt;/center&gt;<char code='0d'/><char code='0a'/>&lt;br&gt;Knit one of the patterns in this course and add a ""stripe"" of garter stitch.<char code='0d'/><char code='0a'/>&lt;/div&gt;<char code='0d'/><char code='0a'/>&lt;/div&gt;<char code='0d'/><char code='0a'/></string></var></struct></data></wddxPacket>"
51,LK-150 Fun,331,Garter Stitch,5,3700,5,HTML,Project 2: Infinity Scarf,5461,1,HTML,"<wddxPacket version='1.0'><header/><data><struct ><var name='CHALLENGE_ASSIGNID'><string>3700</string></var><var name='CHALLENGE_COMPONENTID'><string>5461</string></var><var name='HTMLCONTENT'><string>&lt;div class=""row""&gt;<char code='0d'/><char code='0a'/>&lt;div class=""col-sm-6 col-xs-12""&gt;<char code='0d'/><char code='0a'/><char code='0d'/><char code='0a'/><char code='0d'/><char code='0a'/><char code='0d'/><char code='0a'/><char code='0d'/><char code='0a'/>  &lt;div class='embed-responsive embed-responsive-16by9'&gt;&lt;iframe src='https://player.vimeo.com/video/151859209' frameborder='0' webkitAllowFullScreen mozallowfullscreen allowFullScreen&gt;&lt;/iframe&gt;<char code='0d'/><char code='0a'/>        &lt;/div&gt;<char code='0d'/><char code='0a'/><char code='0d'/><char code='0a'/>&lt;/div&gt;<char code='0d'/><char code='0a'/>&lt;div class=""col-sm-6 col-xs-12""&gt;<char code='0d'/><char code='0a'/>            &lt;audio controls&gt;<char code='0d'/><char code='0a'/>                &lt;source src=""/images/projects/audio/infinity_scarf.mp3"" type=""audio/mpeg""&gt;<char code='0d'/><char code='0a'/>                Your browser does not support the audio tag.<char code='0d'/><char code='0a'/>            &lt;/audio&gt;<char code='0d'/><char code='0a'/>            &lt;br&gt;<char code='0d'/><char code='0a'/>            By definition, an infinity scarf or Mobius scarf has no beginning and no end. The challenge to knit one on a knitting machine is to create a reversible fabric. For single bed machines that means turning your work or reforming stitches.&lt;br&gt;&lt;br&gt;This quick project creates a scarf that's not only reversible, but it has no stockinette curl.&lt;br&gt;&lt;br&gt;<char code='0d'/><char code='0a'/>            Brush up or learn the skills needed to create reversible fabric and try an invisible seam worked on the knitting machine.<char code='0d'/><char code='0a'/>&lt;/div&gt;<char code='0d'/><char code='0a'/>&lt;/div&gt;<char code='0d'/><char code='0a'/><char code='0d'/><char code='0a'/>      </string></var><var name='FIELDNAMES'><string>CHALLENGE_ASSIGNID,CHALLENGE_COMPONENTID,HTMLCONTENT</string></var></struct></data></wddxPacket>"
51,LK-150 Fun,331,Garter Stitch,5,3700,5,HTML,Project 2: Infinity Scarf,5471,2,boxtop,"<wddxPacket version='1.0'><header/><data><struct ><var name='FIELDNAMES'><string>CHALLENGE_ASSIGNID,TYPEOF,CLASSNAME</string></var><var name='CLASSNAME'><string>well</string></var><var name='TYPEOF'><string>boxtop</string></var><var name='CHALLENGE_ASSIGNID'><string>3700</string></var></struct></data></wddxPacket>"
51,LK-150 Fun,331,Garter Stitch,5,3700,5,HTML,Project 2: Infinity Scarf,5470,3,HTML,"<wddxPacket version='1.0'><header/><data><struct ><var name='HTMLCONTENT'><string>&lt;div class=""lead""&gt;&lt;b&gt;To join the scarf ends, join stitches to stitches with Kitchener grafting on the machine&lt;/b&gt;&lt;/div&gt;</string></var><var name='CHALLENGE_COMPONENTID'><string>5470</string></var><var name='CHALLENGE_ASSIGNID'><string>3700</string></var><var name='FIELDNAMES'><string>CHALLENGE_ASSIGNID,CHALLENGE_COMPONENTID,HTMLCONTENT</string></var></struct></data></wddxPacket>"
51,LK-150 Fun,331,Garter Stitch,5,3700,5,HTML,Project 2: Infinity Scarf,5460,4,VimeoMultiple,"<wddxPacket version='1.0'><header/><data><struct ><var name='LABLE5'><string>&lt;i class='fa fa-youtube-play' aria-hidden='true'&gt;&lt;/i&gt;</string></var><var name='VIMEOID1'><string>151849234</string></var><var name='VIMEOID6'><string></string></var><var name='VIMEOID5'><string></string></var><var name='LABLE4'><string>&lt;i class='fa fa-youtube-play' aria-hidden='true'&gt;&lt;/i&gt;</string></var><var name='TYPEOF'><string>VimeoMultiple</string></var><var name='VIMEOID4'><string></string></var><var name='VIMEOID3'><string></string></var><var name='CHALLENGE_ASSIGNID'><string>3700</string></var><var name='VIMEOID2'><string>151850342</string></var><var name='LABLE1'><string>&lt;i class='fa fa-youtube-play' aria-hidden='true'&gt;&lt;/i&gt; Kitchener Grafting on the Machine - Knit Side</string></var><var name='LABLE2'><string>&lt;i class='fa fa-youtube-play' aria-hidden='true'&gt;&lt;/i&gt; Kitchener Grafting on the Machine - Purl Side</string></var><var name='LABLE6'><string>&lt;i class='fa fa-youtube-play' aria-hidden='true'&gt;&lt;/i&gt;</string></var><var name='FIELDNAMES'><string>CHALLENGE_ASSIGNID,TYPEOF,VIMEOID1,LABLE1,VIMEOID2,LABLE2,VIMEOID3,LABLE3,VIMEOID4,LABLE4,VIMEOID5,LABLE5,VIMEOID6,LABLE6</string></var><var name='LABLE3'><string>&lt;i class='fa fa-youtube-play' aria-hidden='true'&gt;&lt;/i&gt;</string></var></struct></data></wddxPacket>"
51,LK-150 Fun,331,Garter Stitch,5,3700,5,HTML,Project 2: Infinity Scarf,5472,5,boxbottom,"<wddxPacket version='1.0'><header/><data><struct ><var name='CHALLENGE_ASSIGNID'><string>3700</string></var><var name='FIELDNAMES'><string>CHALLENGE_ASSIGNID,TYPEOF</string></var><var name='TYPEOF'><string>boxbottom</string></var></struct></data></wddxPacket>"
51,LK-150 Fun,331,Garter Stitch,5,3532,6,HTML,Infinity Scarf Pattern,5040,1,Pattern,"<wddxPacket version='1.0'><header/><data><struct ><var name='SWATCHROWS'><string>Your_swatch_length</string></var><var name='REDIRECT_TO'><string>/challenge/51/Group/3533/item|Garter Stitch: View your pattern</string></var><var name='STITCHGAUGE_DATAMODEL_ELEMENT'><string>stitchgauge_p3</string></var><var name='GARMENTID'><string>924</string></var><var name='ROWGAUGE_DATAMODEL_ELEMENT'><string>rowgauge_p3</string></var><var name='USESWATCHLOGIC'><string>no</string></var><var name='SIZING_DATAMODEL_ELEMENT'><string>p3_scarf_size</string></var><var name='SWATCHSTITCHES'><string>your_swatch_width</string></var><var name='GARMENTTITLE'><string>Infinity Scarf</string></var><var name='PATTERNFILENAME_DATAMODEL_ELEMENT'><string>patternfilename_p3</string></var><var name='FIELDNAMES'><string>CHALLENGE_ASSIGNID,CHALLENGE_COMPONENTID,GARMENTID,GARMENTTITLE,SIZING_DATAMODEL_ELEMENT,STITCHGAUGE_DATAMODEL_ELEMENT,ROWGAUGE_DATAMODEL_ELEMENT,PATTERNFILENAME_DATAMODEL_ELEMENT,USESWATCHLOGIC,SWATCHSTITCHES,SWATCHROWS,SWATCHWEIGHT,REDIRECT_TO</string></var><var name='SWATCHWEIGHT'><string>Your_swatch_weight</string></var><var name='CHALLENGE_ASSIGNID'><string>3532</string></var><var name='CHALLENGE_COMPONENTID'><string>5040</string></var></struct></data></wddxPacket>"
51,LK-150 Fun,331,Garter Stitch,5,3533,7,HTML,View your pattern,5041,1,DataValidation,"<wddxPacket version='1.0'><header/><data><struct ><var name='CHALLENGE_ASSIGNID'><string>3533</string></var><var name='DATAMODEL_VALIDATION_MESSAGE'><string></string></var><var name='DATAMODEL_REDIRECT'><string>3532</string></var><var name='CHALLENGE_COMPONENTID'><string>5041</string></var><var name='FIELDNAMES'><string>CHALLENGE_ASSIGNID,CHALLENGE_COMPONENTID,DATAMODEL_ELEMENTS,DATAMODEL_REDIRECT,DATAMODEL_VALIDATION_MESSAGE</string></var><var name='DATAMODEL_ELEMENTS'><string>patternfilename_p3</string></var></struct></data></wddxPacket>"
51,LK-150 Fun,331,Garter Stitch,5,3533,7,HTML,View your pattern,5042,2,DocumentPattern,"<wddxPacket version='1.0'><header/><data><struct ><var name='FIELDNAMES'><string>CHALLENGE_ASSIGNID,TYPEOF,LABLE,DATAMODEL_ICON,PATTERN_DATAMODEL_ELEMENT,VIEWHEIGHT</string></var><var name='LABLE'><string>Print your patten</string></var><var name='CHALLENGE_ASSIGNID'><string>3533</string></var><var name='VIEWHEIGHT'><string>600</string></var><var name='TYPEOF'><string>DocumentPattern</string></var><var name='PATTERN_DATAMODEL_ELEMENT'><string>patternfilename_p3</string></var><var name='DATAMODEL_ICON'><string>fa fa-download</string></var></struct></data></wddxPacket>"
51,LK-150 Fun,327,Increasing and Decreasing,6,3499,1,HTML,Shaping: Increase and Decrease,4969,1,HTML,"<wddxPacket version='1.0'><header/><data><struct ><var name='CHALLENGE_ASSIGNID'><string>3499</string></var><var name='FIELDNAMES'><string>CHALLENGE_ASSIGNID,CHALLENGE_COMPONENTID,HTMLCONTENT</string></var><var name='CHALLENGE_COMPONENTID'><string>4969</string></var><var name='HTMLCONTENT'><string>With increases and decreases, we can knit more than just rectangles on the machine.&lt;br&gt;&lt;br&gt;<char code='0d'/><char code='0a'/>You may be familiar with &lt;em&gt;&lt;b&gt;k2tog&lt;/b&gt;&lt;/em&gt; in hand knitting.  By transferring stitches, we can do the same thing on the knitting machine.&lt;br&gt;&lt;br&gt;<char code='0d'/><char code='0a'/></string></var></struct></data></wddxPacket>"
51,LK-150 Fun,327,Increasing and Decreasing,6,3499,1,HTML,Shaping: Increase and Decrease,5163,2,VimeoID,"<wddxPacket version='1.0'><header/><data><struct ><var name='CHALLENGE_ASSIGNID'><string>3499</string></var><var name='FIELDNAMES'><string>CHALLENGE_ASSIGNID,TYPEOF,VIMEOID,LABLE</string></var><var name='TYPEOF'><string>VimeoID</string></var><var name='VIMEOID'><string>151858447</string></var><var name='LABLE'><string>Basic Increases and Decreases</string></var></struct></data></wddxPacket>"
51,LK-150 Fun,327,Increasing and Decreasing,6,3600,2,HTML,Increase / Decrease Practice,5165,1,VimeoID,"<wddxPacket version='1.0'><header/><data><struct ><var name='FIELDNAMES'><string>CHALLENGE_ASSIGNID,TYPEOF,VIMEOID,LABLE</string></var><var name='TYPEOF'><string>VimeoID</string></var><var name='CHALLENGE_ASSIGNID'><string>3600</string></var><var name='VIMEOID'><string>348159173</string></var><var name='LABLE'><string>Practice Basic Increases and Decreases</string></var></struct></data></wddxPacket>"
51,LK-150 Fun,327,Increasing and Decreasing,6,3592,3,HTML,Your Turn - Inc/Dec Practice,5164,1,PrintWindowButton,"<wddxPacket version='1.0'><header/><data><struct ><var name='LABLE'><string>Print the Worksheet</string></var><var name='CHALLENGE_ASSIGNID'><string>3592</string></var><var name='FIELDNAMES'><string>CHALLENGE_ASSIGNID,TYPEOF,LABLE</string></var><var name='TYPEOF'><string>PrintWindowButton</string></var></struct></data></wddxPacket>"
51,LK-150 Fun,327,Increasing and Decreasing,6,3592,3,HTML,Your Turn - Inc/Dec Practice,5148,2,HTML,"<wddxPacket version='1.0'><header/><data><struct ><var name='HTMLCONTENT'><string>&lt;div class=""row""&gt;<char code='0d'/><char code='0a'/>&lt;div class=""col-sm-6 col-xs-12""&gt;<char code='0d'/><char code='0a'/><char code='0d'/><char code='0a'/>&lt;blockquote class=""blockquote_style""&gt;<char code='0d'/><char code='0a'/>In this practice, you will be working 2 increase methods and 2 decrease methods. &lt;br&gt;&lt;br&gt;Follow the video in the previous section&lt;br&gt;&lt;br&gt;<char code='0d'/><char code='0a'/>&lt;b&gt;The goals:&lt;/b&gt;&lt;br&gt;<char code='0d'/><char code='0a'/>&lt;ul&gt;<char code='0d'/><char code='0a'/>    &lt;li&gt;Get comfortable transferring stitches&lt;/li&gt;<char code='0d'/><char code='0a'/>    &lt;li&gt;Compare working shaping on the edge stitch verses leaving a seaming stitch&lt;/li&gt;<char code='0d'/><char code='0a'/>    &lt;li&gt;Experiment with leaving eyelets next to the increases&lt;/li&gt;<char code='0d'/><char code='0a'/>    &lt;/ul&gt;&lt;br&gt;&lt;/blockquote&gt;<char code='0d'/><char code='0a'/>        &lt;ol class=""instruction-list""&gt;<char code='0d'/><char code='0a'/>            &lt;li&gt;Cast on 20 stitches&lt;/li&gt;<char code='0d'/><char code='0a'/>            &lt;li&gt;Knit 4-6 rows&lt;br&gt;&lt;b&gt;------ Decreases -----&lt;/b&gt;&lt;br&gt;&lt;/li&gt;<char code='0d'/><char code='0a'/>            &lt;li&gt;On the right:<char code='0d'/><char code='0a'/>                &lt;ul class=""instruction-nolist""&gt;<char code='0d'/><char code='0a'/>                    &lt;li&gt;Transfer the edge stitch one needle to the left, putting 2 stitches on 1 needle.&lt;a href=""#decrease2"" data-toggle=""collapse""&gt;&lt;i class=""fa fa-youtube-play fa-2x hidden-print"" aria-hidden=""true""&gt;&lt;/i&gt;&lt;/a&gt;&lt;br&gt;<char code='0d'/><char code='0a'/>&lt;div id=""decrease2"" class=""collapse hidden-print""&gt;<char code='0d'/><char code='0a'/>&lt;div class='embed-video-container'&gt;&lt;iframe src='https://player.vimeo.com/video/360923118?autoplay=1&amp;loop=1&amp;autopause=0"" ' frameborder='0' webkitAllowFullScreen mozallowfullscreen allowFullScreen&gt;&lt;/iframe&gt;&lt;/div&gt;&lt;/li&gt;<char code='0d'/><char code='0a'/>                    &lt;li&gt;Place the emptied needle out of work&lt;/li&gt;<char code='0d'/><char code='0a'/>                &lt;/ul&gt;<char code='0d'/><char code='0a'/>            &lt;/li&gt;<char code='0d'/><char code='0a'/>            &lt;li&gt;On the left:<char code='0d'/><char code='0a'/>                &lt;ul class=""instruction-nolist""&gt;<char code='0d'/><char code='0a'/>                    &lt;li&gt;Transfer 2 left edge stitches 1 needle to the right,&lt;br&gt;putting 2 stitches on the 2nd needle from the left<char code='0d'/><char code='0a'/>&lt;a href=""#decrease"" data-toggle=""collapse""&gt;&lt;i class=""fa fa-youtube-play fa-2x hidden-print"" aria-hidden=""true""&gt;&lt;/i&gt;&lt;/a&gt;&lt;br&gt;<char code='0d'/><char code='0a'/>&lt;div id=""decrease"" class=""collapse hidden-print""&gt;<char code='0d'/><char code='0a'/>&lt;div class='embed-video-container'&gt;&lt;iframe src='https://player.vimeo.com/video/360921914?autoplay=1&amp;loop=1&amp;autopause=0"" ' frameborder='0' webkitAllowFullScreen mozallowfullscreen allowFullScreen&gt;&lt;/iframe&gt;&lt;/div&gt;&lt;/li&gt;<char code='0d'/><char code='0a'/>                    &lt;li&gt;Place the emptied needle out of work&lt;/li&gt;<char code='0d'/><char code='0a'/>                &lt;/ul&gt;<char code='0d'/><char code='0a'/>                &lt;li&gt;(18 stitches) Knit 2 rows&lt;/li&gt;<char code='0d'/><char code='0a'/>                &lt;li&gt;Repeat these decreases 5 more times.12 stitches decreased (8 stitches)&lt;br&gt; <char code='0d'/><char code='0a'/>                &lt;/li&gt;<char code='0d'/><char code='0a'/>                &lt;li&gt;Knit 4 rows&lt;br&gt;&lt;b&gt;------ Increases -----&lt;/b&gt;&lt;br&gt;&lt;/li&gt;<char code='0d'/><char code='0a'/>                &lt;li&gt;On the right:<char code='0d'/><char code='0a'/>                    &lt;ul class=""instruction-nolist""&gt;<char code='0d'/><char code='0a'/>                        &lt;li&gt;Transfer the right most stitch 1 needle to the right&lt;/li&gt;<char code='0d'/><char code='0a'/>                        &lt;li&gt;Pick up the heel of the stitch in the row below and fill the emptied needle&lt;br&gt;For best results, use the bump from the 3rd stitch below, not the stitch that was moved &lt;a href=""#transfer"" data-toggle=""collapse""&gt;&lt;i class=""fa fa-youtube-play fa-2x hidden-print"" aria-hidden=""true""&gt;&lt;/i&gt;&lt;/a&gt;&lt;br&gt;<char code='0d'/><char code='0a'/>&lt;div id=""transfer"" class=""collapse hidden-print""&gt;<char code='0d'/><char code='0a'/>&lt;div class='embed-video-container'&gt;&lt;iframe src='https://player.vimeo.com/video/354538104?autoplay=1&amp;loop=1&amp;autopause=0"" ' frameborder='0' webkitAllowFullScreen mozallowfullscreen allowFullScreen&gt;&lt;/iframe&gt;&lt;/div&gt;&lt;/li&gt;<char code='0d'/><char code='0a'/>                    &lt;/ul&gt;<char code='0d'/><char code='0a'/>                    &lt;li&gt;On the left:<char code='0d'/><char code='0a'/>                        &lt;ul class=""instruction-nolist""&gt;<char code='0d'/><char code='0a'/>                            &lt;li&gt;Transfer 2 stitches to the left&lt;/li&gt;<char code='0d'/><char code='0a'/>                            &lt;li&gt;Leave the emptied needle in working position (do not fill the emptied needle) (10 stitches) &lt;a href=""#increase1"" data-toggle=""collapse""&gt;&lt;i class=""fa fa-youtube-play fa-2x hidden-print"" aria-hidden=""true""&gt;&lt;/i&gt;&lt;/a&gt;&lt;br&gt;<char code='0d'/><char code='0a'/>&lt;div id=""increase1"" class=""collapse hidden-print""&gt;<char code='0d'/><char code='0a'/>&lt;div class='embed-video-container'&gt;&lt;iframe src='https://player.vimeo.com/video/360920025?autoplay=1&amp;loop=1&amp;autopause=0"" ' frameborder='0' webkitAllowFullScreen mozallowfullscreen allowFullScreen&gt;&lt;/iframe&gt;&lt;/div&gt;&lt;/li&gt;<char code='0d'/><char code='0a'/>                        &lt;/ul&gt;<char code='0d'/><char code='0a'/>                        &lt;li&gt;Repeat these increases 5 more times. 12 stitches increased (20 stitches)&lt;br&gt;-----------------------&lt;br&gt;&lt;/li&gt;<char code='0d'/><char code='0a'/>                        &lt;li&gt;Knit 4 rows&lt;/li&gt;<char code='0d'/><char code='0a'/>                        &lt;li&gt;Bind off&lt;/li&gt;     <char code='0d'/><char code='0a'/>        &lt;/ol&gt;<char code='0d'/><char code='0a'/><char code='0d'/><char code='0a'/>&lt;/div&gt;<char code='0d'/><char code='0a'/>&lt;div class=""col-sm-3 col-xs-12 zoom""&gt;<char code='09'/>&lt;img class=""img-responsive"" src=""/challenge/images/v2/51/inc_dec_chart1.jpg""&gt;&lt;/div&gt;<char code='0d'/><char code='0a'/>&lt;/div&gt;<char code='0d'/><char code='0a'/></string></var><var name='FIELDNAMES'><string>CHALLENGE_ASSIGNID,CHALLENGE_COMPONENTID,HTMLCONTENT</string></var><var name='CHALLENGE_COMPONENTID'><string>5148</string></var><var name='CHALLENGE_ASSIGNID'><string>3592</string></var></struct></data></wddxPacket>"
51,LK-150 Fun,333,Turning Corners (Partial Knitting),7,3505,1,HTML,Short Row Overview,5147,1,HTML,"<wddxPacket version='1.0'><header/><data><struct ><var name='HTMLCONTENT'><string>&lt;div class=""row""&gt;<char code='0d'/><char code='0a'/>&lt;div class=""col-sm-6 col-xs-12""&gt;Another way to shape your knitting and ""turn corners"" is partial knitting or short rows. If you are a hand knitter, think of the ""wrap and turn"" technique.&lt;br&gt;&lt;br&gt;On the knitting machine, we use a combination of the needle position (all the way out or ""D"" position) AND the Russel levers to ""hold"" for short row shaping.&lt;br&gt;&lt;br&gt;&lt;em&gt;You'll notice in the photos in this course, I marked ""H"" directly on my carriage, making it difficult to forget which levers control hold. &lt;i class=""fa fa-smile-o aria-hidden=""true""&gt;&lt;/i&gt;&lt;/em&gt;&lt;br&gt;&lt;br&gt;<char code='0d'/><char code='0a'/> From adding bust darts to shaping shoulders to increasing and decreasing, short rows are used so often in machine knitting that it is critical that you learn, understand AND PRACTICE this technique. &lt;br&gt;&lt;br&gt;<char code='0d'/><char code='0a'/>&lt;center&gt;&lt;figure&gt;&lt;img class=""img-responsive"" src=""/challenge/images/v2/51/short_rows.jpg""&gt;&lt;figcaption align=""center""&gt;&lt;br&gt;Needle Position ""D"" PLUS Russel Lever engaged = Hold for short row shaping&lt;/figcaption&gt;<char code='0d'/><char code='0a'/>&lt;/figure&gt;<char code='0d'/><char code='0a'/><char code='0d'/><char code='0a'/>&lt;/center&gt;<char code='0d'/><char code='0a'/>&lt;/div&gt;<char code='0d'/><char code='0a'/>&lt;div class=""col-sm-6 col-xs-12""&gt;&lt;img class=""img-responsive"" src=""/challenge/images/v2/51/short_row_diagram.jpg""&gt;&lt;/div&gt;<char code='0d'/><char code='0a'/>&lt;/div&gt;<char code='0d'/><char code='0a'/><char code='0d'/><char code='0a'/><char code='0d'/><char code='0a'/></string></var><var name='FIELDNAMES'><string>CHALLENGE_ASSIGNID,CHALLENGE_COMPONENTID,HTMLCONTENT</string></var><var name='CHALLENGE_ASSIGNID'><string>3505</string></var><var name='CHALLENGE_COMPONENTID'><string>5147</string></var></struct></data></wddxPacket>"
51,LK-150 Fun,333,Turning Corners (Partial Knitting),7,3601,2,HTML,Short Row Practice,5166,1,HTML,"<wddxPacket version='1.0'><header/><data><struct ><var name='HTMLCONTENT'><string>&lt;div class=""row""&gt;<char code='0d'/><char code='0a'/>&lt;div class=""col-sm-6 col-xs-12""&gt;Get familiar with the Russel levers. The goal is to understand the relationship between the levers and the needle positions. Understanding this technique will serve you throughout your machine knitting journey.  It is used not only for short row shaping, but for stitch patterning as well.&lt;br&gt;<char code='0d'/><char code='0a'/><char code='0d'/><char code='0a'/>&lt;h3&gt;Hold practice with no yarn&lt;/h3&gt;<char code='0d'/><char code='0a'/><char code='0d'/><char code='0a'/>&lt;ol class=""instruction-list""&gt;<char code='0d'/><char code='0a'/>&lt;li&gt;Put 30 needles in working position&lt;/li&gt;<char code='0d'/><char code='0a'/>&lt;li&gt;Set your carriage for plain knitting (both Russel levers NOT Engaged&lt;/li&gt;<char code='0d'/><char code='0a'/>&lt;li&gt;Pass the carriage back and forth. What happens?&lt;/li&gt;<char code='0d'/><char code='0a'/>&lt;li&gt;Put a few needles into hold (D)&lt;/li&gt;<char code='0d'/><char code='0a'/>&lt;li&gt;Engage the LEFT Russel Lever&lt;/li&gt;<char code='0d'/><char code='0a'/>&lt;li&gt;Pass the carriage to the left.  What happens?&lt;/li&gt;<char code='0d'/><char code='0a'/>&lt;li&gt;With the RIGHT Russel Lever set to plain knitting, pass the carriage.  What happens?&lt;/li&gt;<char code='0d'/><char code='0a'/>&lt;li&gt;Put a few needles in hold&lt;/Li&gt;<char code='0d'/><char code='0a'/>&lt;li&gt;Engage both Russel Levers (set your carriage to hold in both directions)&lt;/li&gt;<char code='0d'/><char code='0a'/>&lt;li&gt;Pass the carriage back and forth. What happens?&lt;/li&gt;<char code='0d'/><char code='0a'/>&lt;li&gt;Continue to play with needles in hold and the levers in different positions until you get a feel for the relationship between them&lt;/li&gt;<char code='0d'/><char code='0a'/>&lt;/ol&gt;<char code='0d'/><char code='0a'/><char code='0d'/><char code='0a'/>&lt;/div&gt;<char code='0d'/><char code='0a'/>&lt;div class=""col-sm-3 col-xs-12""&gt;&lt;img class=""img-thumbnail"" src=""/challenge/images/v2/51/russel_gif.gif""&gt;&lt;/div&gt;<char code='0d'/><char code='0a'/>&lt;/div&gt;<char code='0d'/><char code='0a'/><char code='0d'/><char code='0a'/><char code='0d'/><char code='0a'/><char code='0d'/><char code='0a'/></string></var><var name='FIELDNAMES'><string>CHALLENGE_ASSIGNID,CHALLENGE_COMPONENTID,HTMLCONTENT</string></var><var name='CHALLENGE_COMPONENTID'><string>5166</string></var><var name='CHALLENGE_ASSIGNID'><string>3601</string></var></struct></data></wddxPacket>"
51,LK-150 Fun,333,Turning Corners (Partial Knitting),7,3601,2,HTML,Short Row Practice,5168,2,VimeoID,"<wddxPacket version='1.0'><header/><data><struct ><var name='LABLE'><string>&lt;i class=""fa fa-youtube-play"" aria-hidden=""true""&gt;&lt;/i&gt; &lt;b&gt;Watch as work this practice&lt;/b&gt;</string></var><var name='CHALLENGE_COMPONENTID'><string>5168</string></var><var name='CHALLENGE_ASSIGNID'><string>3601</string></var><var name='VIMEOID'><string>348215514</string></var><var name='FIELDNAMES'><string>CHALLENGE_ASSIGNID,CHALLENGE_COMPONENTID,VIMEOID,LABLE</string></var></struct></data></wddxPacket>"
51,LK-150 Fun,333,Turning Corners (Partial Knitting),7,3603,3,HTML,The Key to Success with Short Rows,5169,1,VimeoID,"<wddxPacket version='1.0'><header/><data><struct ><var name='TYPEOF'><string>VimeoID</string></var><var name='FIELDNAMES'><string>CHALLENGE_ASSIGNID,TYPEOF,VIMEOID,LABLE</string></var><var name='LABLE'><string>&lt;i class=""fa fa-youtube-play"" aria-hidden=""true""&gt;&lt;/i&gt; &lt;b&gt;Wrap to prevent holes&lt;/b&gt;</string></var><var name='CHALLENGE_ASSIGNID'><string>3603</string></var><var name='VIMEOID'><string>348220717</string></var></struct></data></wddxPacket>"
51,LK-150 Fun,333,Turning Corners (Partial Knitting),7,3602,4,HTML,Your Turn - Short Row Practice,5167,1,HTML,"<wddxPacket version='1.0'><header/><data><struct ><var name='CHALLENGE_ASSIGNID'><string>3602</string></var><var name='CHALLENGE_COMPONENTID'><string>5167</string></var><var name='FIELDNAMES'><string>CHALLENGE_ASSIGNID,CHALLENGE_COMPONENTID,HTMLCONTENT</string></var><var name='HTMLCONTENT'><string>&lt;div class=""row""&gt;<char code='0d'/><char code='0a'/>&lt;div class=""col-sm-6 col-xs-12""&gt;<char code='0d'/><char code='0a'/>One of the most common uses for short row shaping is to shape shoulders.  Instead of binding off to create a shoulder slope, working short rows allow you to hold live stitches. These live stitches can then be joined neatly for a beautiful shoulder finish.&lt;br&gt;&lt;em&gt;NOTE: Normally you might be shaping a neckline AT THE SAME TIME as shaping the shoulder.  To keep things simple, we'll work through the shoulder shaping only for this exercise.&lt;/em&gt;&lt;br&gt;&lt;br&gt;<char code='0d'/><char code='0a'/>This is only one of many ways short rows shaping is used in machine knitting.&lt;/div&gt;<char code='0d'/><char code='0a'/>&lt;div class=""col-sm-4 col-xs-12""&gt;&lt;img class=""img-responsive"" src=""/challenge/images/v2/51/shaped-shoulders2.jpg""&gt;&lt;/div&gt;&lt;/div&gt;<char code='0d'/><char code='0a'/>&lt;img class=""img-responsive"" src=""/challenge/images/v2/51/dont_just_watch.gif""&gt;<char code='0d'/><char code='0a'/>&lt;b&gt;Shape a Shoulder:&lt;/b&gt;&lt;br&gt;&lt;br&gt;<char code='0d'/><char code='0a'/><char code='0d'/><char code='0a'/>&lt;ol class=""instruction-list""&gt;<char code='0d'/><char code='0a'/>&lt;li&gt;Cast on 30 stitches with any method&lt;/li&gt;<char code='0d'/><char code='0a'/>&lt;li&gt;Knit 8 rows&lt;/li&gt;<char code='0d'/><char code='0a'/>&lt;li&gt;Carriage on the right  - Set carriage to hold (both Russel Levers)&lt;/li&gt;<char code='0d'/><char code='0a'/>&lt;li&gt;Put 5 needles on the left (opposite the carriage) in hold position&lt;/li&gt;<char code='0d'/><char code='0a'/>&lt;li&gt;Knit to the left&lt;/li&gt;<char code='0d'/><char code='0a'/>&lt;li&gt;Wrap  &lt;a href=""#wrap"" data-toggle=""collapse""&gt;&lt;i class=""fa fa-youtube-play fa-2x hidden-print"" aria-hidden=""true""&gt;&lt;/i&gt;&lt;/a&gt;&lt;br&gt;<char code='0d'/><char code='0a'/>&lt;div id=""wrap"" class=""collapse hidden-print""&gt;<char code='0d'/><char code='0a'/>&lt;div class='embed-video-container'&gt;&lt;iframe src='https://player.vimeo.com/video/360925130?autoplay=1&amp;loop=1&amp;autopause=0"" ' frameborder='0' webkitAllowFullScreen mozallowfullscreen allowFullScreen&gt;&lt;/iframe&gt;&lt;/div&gt;&lt;/li&gt;<char code='0d'/><char code='0a'/>&lt;li&gt;Knit to the right&lt;/li&gt;<char code='0d'/><char code='0a'/>&lt;li&gt;Wrap&lt;/li&gt;<char code='0d'/><char code='0a'/>&lt;li&gt;Repeat until 5 needles remain in work&lt;/li&gt;<char code='0d'/><char code='0a'/>&lt;li&gt;Break the yarn&lt;/li&gt;<char code='0d'/><char code='0a'/>&lt;li&gt;Thread up a contrasting color&lt;/li&gt;<char code='0d'/><char code='0a'/>&lt;li&gt;Scrap Off&lt;/li&gt;<char code='0d'/><char code='0a'/>&lt;/ol&gt;<char code='0d'/><char code='0a'/><char code='0d'/><char code='0a'/><char code='0d'/><char code='0a'/>&lt;/ol&gt;<char code='0d'/><char code='0a'/><char code='0d'/><char code='0a'/></string></var></struct></data></wddxPacket>"
51,LK-150 Fun,333,Turning Corners (Partial Knitting),7,3602,4,HTML,Your Turn - Short Row Practice,5170,2,VimeoID,"<wddxPacket version='1.0'><header/><data><struct ><var name='CHALLENGE_ASSIGNID'><string>3602</string></var><var name='VIMEOID'><string>348227770</string></var><var name='CHALLENGE_COMPONENTID'><string>5170</string></var><var name='LABLE'><string>&lt;i class='fa fa-youtube-play' aria-hidden='true'&gt;&lt;/i&gt;&lt;b&gt; Watch as we work the practice &lt;/b&gt;</string></var><var name='FIELDNAMES'><string>CHALLENGE_ASSIGNID,CHALLENGE_COMPONENTID,VIMEOID,LABLE</string></var></struct></data></wddxPacket>"
51,LK-150 Fun,330,Hems and Ribbing,8,3512,1,HTML,Ribbing Options,4989,1,HTML,"<wddxPacket version='1.0'><header/><data><struct ><var name='CHALLENGE_ASSIGNID'><string>3301</string></var><var name='HTMLCONTENT'><string>No matter what machine you have, you can add ribbing to your knitting.  Examine and try whatever method works for you.</string></var><var name='TYPEOF'><string>HTML</string></var><var name='FIELDNAMES'><string>CHALLENGE_ASSIGNID,TYPEOF,HTMLCONTENT</string></var></struct></data></wddxPacket>"
51,LK-150 Fun,330,Hems and Ribbing,8,3512,1,HTML,Ribbing Options,4991,2,VimeoMultiple,"<wddxPacket version='1.0'><header/><data><struct ><var name='CHALLENGE_COMPONENTID'><string>4477</string></var><var name='VIMEOID1'><string>178357062</string></var><var name='CHALLENGE_ASSIGNID'><string>3301</string></var><var name='VIMEOID3'><string></string></var><var name='FIELDNAMES'><string>CHALLENGE_ASSIGNID,CHALLENGE_COMPONENTID,VIMEOID1,LABLE1,VIMEOID2,LABLE2,VIMEOID3,LABLE3,VIMEOID4,LABLE4</string></var><var name='LABLE3'><string>&lt;i class='fa fa-youtube-play' aria-hidden='true'&gt;&lt;/i&gt;</string></var><var name='LABLE1'><string>&lt;i class='fa fa-youtube-play' aria-hidden='true'&gt;&lt;/i&gt; &lt;b&gt;Ribbing on the Knitting Machine&lt;/b&gt;</string></var><var name='LABLE2'><string>&lt;i class='fa fa-youtube-play' aria-hidden='true'&gt;&lt;/i&gt; &lt;b&gt; Mock Ribbing&lt;/b&gt;</string></var><var name='VIMEOID2'><string>178357056</string></var><var name='LABLE4'><string>&lt;i class='fa fa-youtube-play' aria-hidden='true'&gt;&lt;/i&gt;</string></var><var name='VIMEOID4'><string></string></var></struct></data></wddxPacket>"
51,LK-150 Fun,330,Hems and Ribbing,8,3512,1,HTML,Ribbing Options,5006,3,HTML,"<wddxPacket version='1.0'><header/><data><struct ><var name='HTMLCONTENT'><string>&lt;img class=""img-responsive"" src=""/challenge/images/v2/51/dont_just_watch_practice_ribbing.gif""&gt;</string></var><var name='FIELDNAMES'><string>CHALLENGE_ASSIGNID,CHALLENGE_COMPONENTID,HTMLCONTENT</string></var><var name='CHALLENGE_ASSIGNID'><string>3512</string></var><var name='CHALLENGE_COMPONENTID'><string>5006</string></var></struct></data></wddxPacket>"
51,LK-150 Fun,330,Hems and Ribbing,8,3512,1,HTML,Ribbing Options,5005,4,ContinueButton,"<wddxPacket version='1.0'><header/><data><struct ><var name='LABLE'><string>Continue &lt;i class='fa fa-arrow-right'&gt; &lt;/i&gt;</string></var><var name='CHALLENGE_ASSIGNID'><string>3512</string></var><var name='FIELDNAMES'><string>CHALLENGE_ASSIGNID,TYPEOF,LABLE</string></var><var name='TYPEOF'><string>ContinueButton</string></var></struct></data></wddxPacket>"
51,LK-150 Fun,330,Hems and Ribbing,8,3515,2,HTML,Ribbing Practice,5004,1,Document,"<wddxPacket version='1.0'><header/><data><struct ><var name='CHALLENGE_COMPONENTID'><string>5004</string></var><var name='SHOWVIEWER'><string>0</string></var><var name='VIEWHEIGHT'><string>600</string></var><var name='FIELDNAMES'><string>CHALLENGE_ASSIGNID,CHALLENGE_COMPONENTID,LABLE,DATAMODEL_ICON,VIEWHEIGHT,SHOWVIEWER,FILENAME</string></var><var name='FILENAME'><string>ribbing_options1.pdf</string></var><var name='LABLE'><string>Print the Worksheet</string></var><var name='CHALLENGE_ASSIGNID'><string>3515</string></var><var name='DATAMODEL_ICON'><string>fa fa-download</string></var></struct></data></wddxPacket>"
51,LK-150 Fun,330,Hems and Ribbing,8,3515,2,HTML,Ribbing Practice,5007,2,Exercise,"<wddxPacket version='1.0'><header/><data><struct ><var name='EXCERCISE_IMAGE_9'><string></string></var><var name='EXCERCISE_DETAILS_6'><string></string></var><var name='EXCERCISE_DETAILS_10'><string></string></var><var name='EXCERCISE_IMAGE_2'><string>/challenge/images/arrow2.png</string></var><var name='EXCERCISE_DETAILS_3'><string> &lt;ol class=""instruction-list""&gt;<char code='0d'/><char code='0a'/>&lt;li&gt;Cast on 20-40 stitches over every other needle. Use the cast on method of your choice. (Make sure every other needle is out of work)&lt;/li&gt;<char code='0d'/><char code='0a'/>&lt;li&gt;Knit 15-20 rows (twice the desired length of your ribbing)&lt;/li&gt;<char code='0d'/><char code='0a'/>&lt;li&gt;Pick up the cast on edge and rehang it on the empty needles&lt;/li&gt;<char code='0d'/><char code='0a'/>&lt;li&gt;With all needles in work, knit 1 row across all needles&lt;/li&gt;<char code='0d'/><char code='0a'/>&lt;li&gt;Knit for a few inches and drop the work from the machine.&lt;/li&gt;<char code='0d'/><char code='0a'/>&lt;/ol&gt;</string></var><var name='EXCERCISE_TASK_9'><string></string></var><var name='EXCERCISE_IMAGE_3'><string>/challenge/images/arrow3.png</string></var><var name='EXCERCISE_TASK_1'><string>&lt;h3&gt;Hand Knit and Rehang&lt;/h3&gt;</string></var><var name='EXCERCISE_IMAGE_8'><string></string></var><var name='FIELDNAMES'><string>CHALLENGE_ASSIGNID,CHALLENGE_COMPONENTID,EXCERCISE_IMAGE_1,EXCERCISE_TASK_1,EXCERCISE_DETAILS_1,EXCERCISE_IMAGE_2,EXCERCISE_TASK_2,EXCERCISE_DETAILS_2,EXCERCISE_IMAGE_3,EXCERCISE_TASK_3,EXCERCISE_DETAILS_3,EXCERCISE_IMAGE_4,EXCERCISE_TASK_4,EXCERCISE_DETAILS_4,EXCERCISE_IMAGE_5,EXCERCISE_TASK_5,EXCERCISE_DETAILS_5,EXCERCISE_IMAGE_6,EXCERCISE_TASK_6,EXCERCISE_DETAILS_6,EXCERCISE_IMAGE_7,EXCERCISE_TASK_7,EXCERCISE_DETAILS_7,EXCERCISE_IMAGE_8,EXCERCISE_TASK_8,EXCERCISE_DETAILS_8,EXCERCISE_IMAGE_9,EXCERCISE_TASK_9,EXCERCISE_DETAILS_9,EXCERCISE_IMAGE_10,EXCERCISE_TASK_10,EXCERCISE_DETAILS_10</string></var><var name='EXCERCISE_IMAGE_10'><string></string></var><var name='EXCERCISE_TASK_2'><string>&lt;h3&gt;Hand Manipulate Ribbing&lt;/h3&gt;</string></var><var name='EXCERCISE_DETAILS_1'><string> &lt;ol class=""instruction-list""&gt;<char code='0d'/><char code='0a'/>&lt;li&gt;Cast on 20-30 stitches on hand knitting needles&lt;/li&gt;<char code='0d'/><char code='0a'/>&lt;li&gt;Hand knit a few rows of ribbing (1x1, 2x2 your choice)&lt;/li&gt;<char code='0d'/><char code='0a'/>&lt;li&gt;Pull out the same number of needles on the machine&lt;/li&gt;<char code='0d'/><char code='0a'/>&lt;li&gt;Carefully rehang the stitches from the needle to the machine needles, taking care not to twist the stitches&lt;/li&gt;<char code='0d'/><char code='0a'/>&lt;li&gt;Knit for a few inches and drop the work from the machine (or practice a bind off method)&lt;/li&gt;<char code='0d'/><char code='0a'/>&lt;/ol&gt;<char code='0d'/><char code='0a'/>&lt;img class=""img-responsive"" src=""/challenge/images/v2/51/rib_stitches.jpg""&gt;</string></var><var name='EXCERCISE_TASK_4'><string></string></var><var name='EXCERCISE_IMAGE_6'><string></string></var><var name='EXCERCISE_DETAILS_5'><string></string></var><var name='EXCERCISE_DETAILS_4'><string></string></var><var name='EXCERCISE_TASK_7'><string></string></var><var name='EXCERCISE_TASK_6'><string></string></var><var name='EXCERCISE_TASK_5'><string></string></var><var name='EXCERCISE_TASK_3'><string>&lt;h3&gt;Mock Ribbing&lt;/h3&gt;</string></var><var name='EXCERCISE_DETAILS_9'><string></string></var><var name='CHALLENGE_COMPONENTID'><string>5007</string></var><var name='EXCERCISE_DETAILS_2'><string> &lt;ol class=""instruction-list""&gt;<char code='0d'/><char code='0a'/>&lt;li&gt;Cast on 20-40 &lt;/li&gt;<char code='0d'/><char code='0a'/>&lt;li&gt;Knit 8 rows&lt;/li&gt;<char code='0d'/><char code='0a'/>&lt;li&gt;Drop the 3rd stitch from the right and re-latch&lt;/li&gt;<char code='0d'/><char code='0a'/>&lt;li&gt;Skip a stitch,  drop and re-latch&lt;/li&gt;<char code='0d'/><char code='0a'/>&lt;li&gt;Continue Across the swatch&lt;/li&gt;<char code='0d'/><char code='0a'/>&lt;li&gt;Knit for a few inches across all needles&lt;/li&gt;<char code='0d'/><char code='0a'/>&lt;li&gt;Drop the work from the machine (or practice a bind off method)&lt;/li&gt;<char code='0d'/><char code='0a'/>&lt;/ol&gt;<char code='0d'/><char code='0a'/><char code='0d'/><char code='0a'/>&lt;img class=""img-responsive"" src=""/challenge/images/v2/51/rib_stitches.jpg""&gt;</string></var><var name='EXCERCISE_TASK_8'><string></string></var><var name='EXCERCISE_IMAGE_5'><string></string></var><var name='EXCERCISE_TASK_10'><string></string></var><var name='EXCERCISE_IMAGE_7'><string></string></var><var name='EXCERCISE_IMAGE_1'><string>/challenge/images/arrow1.png</string></var><var name='EXCERCISE_DETAILS_7'><string></string></var><var name='CHALLENGE_ASSIGNID'><string>3515</string></var><var name='EXCERCISE_IMAGE_4'><string></string></var><var name='EXCERCISE_DETAILS_8'><string></string></var></struct></data></wddxPacket>"
51,LK-150 Fun,330,Hems and Ribbing,8,3514,3,VimeoID,Hems,4997,1,HTML,"<wddxPacket version='1.0'><header/><data><struct ><var name='CHALLENGE_ASSIGNID'><string>3511</string></var><var name='CHALLENGE_COMPONENTID'><string>4986</string></var><var name='HTMLCONTENT'><string>&lt;div class=""row""&gt;<char code='0d'/><char code='0a'/>&lt;div class=""col-md-4 col-xs-6""&gt;<char code='0d'/><char code='0a'/><char code='0d'/><char code='0a'/><char code='0d'/><char code='0a'/>For most knitting projects a plain 'ol cast just isn't enough.&lt;br&gt;Hems are a beautiful way to start (and end) your knitting.&lt;br&gt;&lt;br&gt;<char code='0d'/><char code='0a'/><char code='0d'/><char code='0a'/>&lt;ul class=""lightlist"" style=""list-style:none;""&gt;<char code='0d'/><char code='0a'/>&lt;li&gt;Scrap and Ravel &lt;/li&gt;<char code='0d'/><char code='0a'/>&lt;li&gt;E-Wrap&lt;/li&gt;<char code='0d'/><char code='0a'/>&lt;li&gt;Every Other Needle&lt;/lI&gt;<char code='0d'/><char code='0a'/>&lt;/ul&gt;<char code='0d'/><char code='0a'/>&lt;br&gt;&lt;br&gt;&lt;br&gt;<char code='0d'/><char code='0a'/>&lt;img class=""img-responsive"" src=""/challenge/images/v2/51/your_turn_practice_hems.gif""&gt;<char code='0d'/><char code='0a'/>&lt;/div&gt;<char code='0d'/><char code='0a'/>&lt;div class=""col-md-6 col-xs-6""&gt;<char code='0d'/><char code='0a'/><char code='0d'/><char code='0a'/><char code='09'/>&lt;div class='embed-video-container'&gt;&lt;iframe src='https://player.vimeo.com/video/178357079' frameborder='0' webkitAllowFullScreen mozallowfullscreen allowFullScreen&gt;&lt;/iframe&gt;&lt;/div&gt;<char code='0d'/><char code='0a'/>&lt;/div&gt;&lt;br&gt;&lt;br&gt;<char code='0d'/><char code='0a'/></string></var><var name='FIELDNAMES'><string>CHALLENGE_ASSIGNID,CHALLENGE_COMPONENTID,HTMLCONTENT</string></var></struct></data></wddxPacket>"
51,LK-150 Fun,330,Hems and Ribbing,8,3514,3,VimeoID,Hems,5003,2,ContinueButton,"<wddxPacket version='1.0'><header/><data><struct ><var name='FIELDNAMES'><string>CHALLENGE_ASSIGNID,TYPEOF,LABLE</string></var><var name='CHALLENGE_ASSIGNID'><string>3514</string></var><var name='TYPEOF'><string>ContinueButton</string></var><var name='LABLE'><string>Continue &lt;i class='fa fa-arrow-right'&gt; &lt;/i&gt;</string></var></struct></data></wddxPacket>"
51,LK-150 Fun,330,Hems and Ribbing,8,3511,4,VimeoID,Hem Practice,5002,1,Document,"<wddxPacket version='1.0'><header/><data><struct ><var name='CHALLENGE_ASSIGNID'><string>3511</string></var><var name='VIEWHEIGHT'><string>600</string></var><var name='SHOWVIEWER'><string>0</string></var><var name='CHALLENGE_COMPONENTID'><string>5002</string></var><var name='FILENAME'><string>hem_worksheets1.pdf</string></var><var name='DATAMODEL_ICON'><string>fa fa-download</string></var><var name='LABLE'><string>Print the Worksheets</string></var><var name='FIELDNAMES'><string>CHALLENGE_ASSIGNID,CHALLENGE_COMPONENTID,LABLE,DATAMODEL_ICON,VIEWHEIGHT,SHOWVIEWER,FILENAME</string></var></struct></data></wddxPacket>"
51,LK-150 Fun,330,Hems and Ribbing,8,3511,4,VimeoID,Hem Practice,4993,2,boxtop,"<wddxPacket version='1.0'><header/><data><struct ><var name='TYPEOF'><string>boxtop</string></var><var name='FIELDNAMES'><string>CHALLENGE_ASSIGNID,TYPEOF,CLASSNAME</string></var><var name='CLASSNAME'><string>well</string></var><var name='CHALLENGE_ASSIGNID'><string>3511</string></var></struct></data></wddxPacket>"
51,LK-150 Fun,330,Hems and Ribbing,8,3511,4,VimeoID,Hem Practice,4992,3,Exercise,"<wddxPacket version='1.0'><header/><data><struct ><var name='EXCERCISE_IMAGE_6'><string></string></var><var name='EXCERCISE_IMAGE_4'><string></string></var><var name='EXCERCISE_IMAGE_3'><string>/challenge/images/arrow3.png</string></var><var name='EXCERCISE_IMAGE_5'><string></string></var><var name='EXCERCISE_IMAGE_8'><string></string></var><var name='EXCERCISE_DETAILS_7'><string></string></var><var name='EXCERCISE_TASK_7'><string></string></var><var name='EXCERCISE_DETAILS_1'><string>&lt;div class=""row""&gt;<char code='0d'/><char code='0a'/>&lt;div class=""col-sm-6 col-xs-12""&gt;<char code='0d'/><char code='0a'/><char code='0d'/><char code='0a'/>&lt;ol class=""instruction-list""&gt;<char code='0d'/><char code='0a'/>    &lt;li&gt;With SCRAP YARN, cast on 20-40 stitches, using any cast on method.&lt;/li&gt;<char code='0d'/><char code='0a'/>    &lt;li&gt;Knit 8-10 rows. End with carriage on the left&lt;/li&gt;<char code='0d'/><char code='0a'/>    &lt;li&gt;Knit 1 row of ravel cord&lt;/li&gt;<char code='0d'/><char code='0a'/>    &lt;li&gt;1st half of hem:<char code='0d'/><char code='0a'/>        &lt;ul class=""instruction-nolist""&gt;<char code='0d'/><char code='0a'/>            &lt;li&gt;Main yarn&lt;/li&gt;<char code='0d'/><char code='0a'/>            &lt;li&gt;Garment Tension Minus 1&lt;/li&gt;<char code='0d'/><char code='0a'/>            &lt;li&gt;Knit 7 rows&lt;/li&gt;<char code='0d'/><char code='0a'/>        &lt;/ul&gt;<char code='0d'/><char code='0a'/>    &lt;/li&gt;<char code='0d'/><char code='0a'/>    &lt;li&gt;Knit 1 row at a loose tension (turning row)&lt;/li&gt;<char code='0d'/><char code='0a'/><char code='0d'/><char code='0a'/>    &lt;li&gt;2nd half of hem:<char code='0d'/><char code='0a'/>        &lt;ul class=""instruction-nolist""&gt;<char code='0d'/><char code='0a'/>            &lt;li&gt;Garment Tension &lt;/li&gt;<char code='0d'/><char code='0a'/>            &lt;li&gt;Knit 8 rows&lt;/li&gt;<char code='0d'/><char code='0a'/>        &lt;/ul&gt;<char code='0d'/><char code='0a'/>    &lt;/li&gt;<char code='0d'/><char code='0a'/>    &lt;li&gt;Pick up open cast on from the ravel cord&lt;/li&gt;<char code='0d'/><char code='0a'/>    &lt;li&gt;Knit 1 row loosely&lt;/li&gt;<char code='0d'/><char code='0a'/>    &lt;li&gt;At Garment Tension, continue knitting for a few inches&lt;/li&gt;<char code='0d'/><char code='0a'/>    &lt;li&gt;Practice binding off or drop the work from the machine&lt;/li&gt;<char code='0d'/><char code='0a'/>&lt;/ol&gt;<char code='0d'/><char code='0a'/><char code='0d'/><char code='0a'/>&lt;/div&gt;<char code='0d'/><char code='0a'/>&lt;div class=""col-sm-6 col-xs-12""&gt;&lt;img class=""img-responsive"" src=""/challenge/images/v2/51/scrap_hem1.jpg""&gt;&lt;/div&gt;<char code='0d'/><char code='0a'/>&lt;/div&gt;</string></var><var name='EXCERCISE_DETAILS_5'><string></string></var><var name='EXCERCISE_TASK_8'><string></string></var><var name='EXCERCISE_DETAILS_4'><string></string></var><var name='EXCERCISE_IMAGE_2'><string>/challenge/images/arrow2.png</string></var><var name='EXCERCISE_IMAGE_1'><string>/challenge/images/arrow1.png</string></var><var name='EXCERCISE_DETAILS_2'><string>&lt;div class=""row""&gt;<char code='0d'/><char code='0a'/>&lt;div class=""col-sm-6 col-xs-12""&gt;<char code='0d'/><char code='0a'/>&lt;ol class=""instruction-list""&gt;<char code='0d'/><char code='0a'/>&lt;li&gt;With MAIN YARN,  e-wrap cast on 20-40 stitches&lt;/li&gt;<char code='0d'/><char code='0a'/>&lt;li&gt;1st half of hem:<char code='0d'/><char code='0a'/>  &lt;ul class=""instruction-nolist""&gt;<char code='0d'/><char code='0a'/>&lt;li&gt;Main yarn&lt;/li&gt;<char code='0d'/><char code='0a'/>&lt;li&gt;Garment Tension Minus 1&lt;/li&gt;<char code='0d'/><char code='0a'/>&lt;li&gt;Knit 7 rows&lt;/li&gt;<char code='0d'/><char code='0a'/>&lt;/ul&gt;<char code='0d'/><char code='0a'/>&lt;/li&gt;<char code='0d'/><char code='0a'/>&lt;li&gt;Knit 1 row at a loose tension (turning row)&lt;/li&gt;<char code='0d'/><char code='0a'/>&lt;li&gt;2nd half of hem:<char code='0d'/><char code='0a'/>  &lt;ul class=""instruction-nolist""&gt;<char code='0d'/><char code='0a'/>&lt;li&gt;Garment Tension &lt;/li&gt;<char code='0d'/><char code='0a'/> &lt;li&gt;Knit 8 rows&lt;/li&gt;<char code='0d'/><char code='0a'/>&lt;/ul&gt;<char code='0d'/><char code='0a'/>&lt;/li&gt;<char code='0d'/><char code='0a'/>&lt;li&gt;Pick up e-wraps&lt;/li&gt;<char code='0d'/><char code='0a'/>&lt;li&gt;Knit 1 row loosely&lt;/li&gt;<char code='0d'/><char code='0a'/>&lt;li&gt;At Garment Tension, continue knitting for a few inches&lt;/li&gt;<char code='0d'/><char code='0a'/>&lt;li&gt;Practice binding off or drop the work from the machine&lt;/li&gt;<char code='0d'/><char code='0a'/><char code='0d'/><char code='0a'/>&lt;/ol&gt;<char code='0d'/><char code='0a'/><char code='0d'/><char code='0a'/>&lt;/div&gt;<char code='0d'/><char code='0a'/><char code='0d'/><char code='0a'/>&lt;div class=""col-sm-6 col-xs-12""&gt;&lt;img class=""img-responsive"" src=""/challenge/images/v2/51/ewrap1.jpg""&gt;&lt;/div&gt;<char code='0d'/><char code='0a'/>&lt;/div&gt;</string></var><var name='CHALLENGE_COMPONENTID'><string>4992</string></var><var name='FIELDNAMES'><string>CHALLENGE_ASSIGNID,CHALLENGE_COMPONENTID,EXCERCISE_IMAGE_1,EXCERCISE_TASK_1,EXCERCISE_DETAILS_1,EXCERCISE_IMAGE_2,EXCERCISE_TASK_2,EXCERCISE_DETAILS_2,EXCERCISE_IMAGE_3,EXCERCISE_TASK_3,EXCERCISE_DETAILS_3,EXCERCISE_IMAGE_4,EXCERCISE_TASK_4,EXCERCISE_DETAILS_4,EXCERCISE_IMAGE_5,EXCERCISE_TASK_5,EXCERCISE_DETAILS_5,EXCERCISE_IMAGE_6,EXCERCISE_TASK_6,EXCERCISE_DETAILS_6,EXCERCISE_IMAGE_7,EXCERCISE_TASK_7,EXCERCISE_DETAILS_7,EXCERCISE_IMAGE_8,EXCERCISE_TASK_8,EXCERCISE_DETAILS_8,EXCERCISE_IMAGE_9,EXCERCISE_TASK_9,EXCERCISE_DETAILS_9,EXCERCISE_IMAGE_10,EXCERCISE_TASK_10,EXCERCISE_DETAILS_10</string></var><var name='EXCERCISE_TASK_4'><string></string></var><var name='EXCERCISE_TASK_9'><string></string></var><var name='EXCERCISE_TASK_3'><string>&lt;h3&gt;Every Other Needle (EON) Hem&lt;/h3&gt;</string></var><var name='EXCERCISE_DETAILS_3'><string>&lt;div class=""row""&gt;<char code='0d'/><char code='0a'/>    &lt;div class=""col-sm-6 col-xs-12""&gt;<char code='0d'/><char code='0a'/>        &lt;ol class=""instruction-list""&gt;<char code='0d'/><char code='0a'/>            &lt;li&gt;With SCRAP YARN, cast on 20-40 stitches over EVERY OTHER NEEDLE&lt;/li&gt;<char code='0d'/><char code='0a'/>            &lt;li&gt;Knit 8-10 rows. End with carriage on the left&lt;/li&gt;<char code='0d'/><char code='0a'/>            &lt;li&gt;Knit 1 row of ravel cord&lt;/li&gt;<char code='0d'/><char code='0a'/>            &lt;li&gt;1st half of hem:<char code='0d'/><char code='0a'/>                  &lt;ul class=""instruction-nolist""&gt;<char code='0d'/><char code='0a'/>                    &lt;li&gt; Main yarn&lt;/li&gt;<char code='0d'/><char code='0a'/>                    &lt;li&gt; Garment Tension Minus 1&lt;/li&gt;<char code='0d'/><char code='0a'/>                    &lt;li&gt;Knit 4 rows over every other needle&lt;/li&gt;<char code='0d'/><char code='0a'/>                    &lt;li&gt; Pull all needles to working position&lt;/li&gt;<char code='0d'/><char code='0a'/>                    &lt;li&gt;Knit 3 rows over EVERY Needle&lt;/li&gt;<char code='0d'/><char code='0a'/>                &lt;/ul&gt;<char code='0d'/><char code='0a'/>            &lt;/li&gt;<char code='0d'/><char code='0a'/>            &lt;li&gt;Knit 1 row at a loose tension (turning row)&lt;/li&gt;<char code='0d'/><char code='0a'/>            &lt;li&gt;2nd half of hem:<char code='0d'/><char code='0a'/>                  &lt;ul class=""instruction-nolist""&gt;<char code='0d'/><char code='0a'/>                    &lt;li&gt;Garment Tension &lt;/li&gt;<char code='0d'/><char code='0a'/>                    &lt;li&gt; Knit 8 rows&lt;/li&gt;<char code='0d'/><char code='0a'/>                &lt;/ul&gt;<char code='0d'/><char code='0a'/>            &lt;/li&gt;<char code='0d'/><char code='0a'/>            &lt;li&gt;Pick up open cast on from the ravel cord&lt;/li&gt;<char code='0d'/><char code='0a'/><char code='0d'/><char code='0a'/>            &lt;li&gt;Knit 1 row loosely&lt;/li&gt;<char code='0d'/><char code='0a'/><char code='0d'/><char code='0a'/>            &lt;li&gt;At Garment Tension, continue knitting for a few inches&lt;/li&gt;<char code='0d'/><char code='0a'/><char code='0d'/><char code='0a'/>            &lt;li&gt;Practice binding off or drop the work from the machine&lt;/li&gt;<char code='0d'/><char code='0a'/>        &lt;/ol&gt;<char code='0d'/><char code='0a'/><char code='0d'/><char code='0a'/>    &lt;/div&gt;<char code='0d'/><char code='0a'/>    &lt;div class=""col-sm-6 col-xs-12""&gt;&lt;img class=""img-responsive"" src=""/challenge/images/v2/51/eon_hem1.jpg""&gt;&lt;/div&gt;<char code='0d'/><char code='0a'/>&lt;/div&gt;<char code='0d'/><char code='0a'/></string></var><var name='EXCERCISE_TASK_2'><string>&lt;h3&gt;E-Wrap Hem&lt;/h3&gt;</string></var><var name='EXCERCISE_DETAILS_9'><string></string></var><var name='EXCERCISE_TASK_6'><string></string></var><var name='EXCERCISE_TASK_10'><string></string></var><var name='EXCERCISE_DETAILS_8'><string></string></var><var name='CHALLENGE_ASSIGNID'><string>3511</string></var><var name='EXCERCISE_DETAILS_10'><string></string></var><var name='EXCERCISE_IMAGE_9'><string></string></var><var name='EXCERCISE_DETAILS_6'><string></string></var><var name='EXCERCISE_IMAGE_10'><string></string></var><var name='EXCERCISE_TASK_5'><string></string></var><var name='EXCERCISE_TASK_1'><string>&lt;h3&gt;Scrap and Ravel Hem&lt;/h3&gt;</string></var><var name='EXCERCISE_IMAGE_7'><string></string></var></struct></data></wddxPacket>"
51,LK-150 Fun,330,Hems and Ribbing,8,3511,4,VimeoID,Hem Practice,4994,4,boxbottom,"<wddxPacket version='1.0'><header/><data><struct ><var name='TYPEOF'><string>boxbottom</string></var><var name='CHALLENGE_ASSIGNID'><string>3511</string></var><var name='FIELDNAMES'><string>CHALLENGE_ASSIGNID,TYPEOF</string></var></struct></data></wddxPacket>"
51,LK-150 Fun,330,Hems and Ribbing,8,3519,5,HTML,Project 3: Slouchy hat,5464,1,HTML,"<wddxPacket version='1.0'><header/><data><struct ><var name='FIELDNAMES'><string>CHALLENGE_ASSIGNID,CHALLENGE_COMPONENTID,HTMLCONTENT</string></var><var name='CHALLENGE_COMPONENTID'><string>5464</string></var><var name='HTMLCONTENT'><string>&lt;div class=""row""&gt;<char code='0d'/><char code='0a'/>&lt;div class=""col-md-8 col-xs-12""&gt;<char code='09'/><char code='09'/><char code='0d'/><char code='0a'/><char code='0d'/><char code='0a'/>&lt;b&gt;Take a simple hat pattern, mix 'n match stitch patterns and you have a fun, fashionable slouchy hat.&lt;/b&gt;&lt;br&gt;&lt;br&gt;<char code='0d'/><char code='0a'/>Here's a cute hat pattern with a little more style.&lt;br&gt;&lt;br&gt;<char code='0d'/><char code='0a'/>The dynamic pattern is flexible enough so you can substitute stitch patterns and design your own hat with no math!&lt;br&gt;&lt;br&gt;<char code='0d'/><char code='0a'/><char code='0d'/><char code='0a'/>The band has a rolled edge and I chose to re-form 2x2 ribbing&lt;br&gt;&lt;br&gt;<char code='0d'/><char code='0a'/>The Pinterest board below gives examples of the variety of hats you can knit with this pattern.   Add your own touches and make it your own!&lt;br&gt;<char code='0d'/><char code='0a'/>These hats knit quickly and they are great for gifts and craft fair items.&lt;br&gt;<char code='0d'/><char code='0a'/><char code='0d'/><char code='0a'/><char code='0d'/><char code='0a'/><char code='0d'/><char code='0a'/>&lt;/div&gt;<char code='0d'/><char code='0a'/>&lt;div class=""col-md-4 col-xs-12""&gt;&lt;img class=""img-thumbnail"" src=""/path/images/65/slouchy_hat_intro.png""&gt;&lt;/div&gt;<char code='0d'/><char code='0a'/>&lt;/div&gt;<char code='0d'/><char code='0a'/><char code='0d'/><char code='0a'/><char code='0d'/><char code='0a'/></string></var><var name='CHALLENGE_ASSIGNID'><string>3519</string></var></struct></data></wddxPacket>"
51,LK-150 Fun,330,Hems and Ribbing,8,3519,5,HTML,Project 3: Slouchy hat,5466,2,Pinterest,"<wddxPacket version='1.0'><header/><data><struct ><var name='PINTERESTID'><string>26</string></var><var name='CHALLENGE_ASSIGNID'><string>3519</string></var><var name='TYPEOF'><string>Pinterest</string></var><var name='FIELDNAMES'><string>CHALLENGE_ASSIGNID,TYPEOF,PINTERESTID</string></var></struct></data></wddxPacket>"
51,LK-150 Fun,330,Hems and Ribbing,8,3516,6,HTML,Build your Pattern,5009,1,Pattern,"<wddxPacket version='1.0'><header/><data><struct ><var name='CHALLENGE_COMPONENTID'><string>5009</string></var><var name='SWATCHWEIGHT'><string>Your_swatch_weight</string></var><var name='SWATCHSTITCHES'><string>your_swatch_width</string></var><var name='USESWATCHLOGIC'><string>no</string></var><var name='CHALLENGE_ASSIGNID'><string>3516</string></var><var name='ROWGAUGE_DATAMODEL_ELEMENT'><string>rowgauge_p2</string></var><var name='SIZING_DATAMODEL_ELEMENT'><string>Hatsize_p2</string></var><var name='SHOWPATTERNNAME'><string>0</string></var><var name='REDIRECT_TO'><string>/challenge/51/Group/3520/item|Hems and Ribbing: View Your Pattern</string></var><var name='SWATCHROWS'><string>Your_swatch_length</string></var><var name='PATTERNFILENAME_DATAMODEL_ELEMENT'><string>patternFilename_p2</string></var><var name='GARMENTTITLE'><string>Basic Ribbed Hat</string></var><var name='STITCHGAUGE_DATAMODEL_ELEMENT'><string>stitchgauge_p2</string></var><var name='GARMENTID'><string>706</string></var><var name='FIELDNAMES'><string>CHALLENGE_ASSIGNID,CHALLENGE_COMPONENTID,GARMENTID,GARMENTTITLE,SHOWPATTERNNAME,SIZING_DATAMODEL_ELEMENT,STITCHGAUGE_DATAMODEL_ELEMENT,ROWGAUGE_DATAMODEL_ELEMENT,PATTERNFILENAME_DATAMODEL_ELEMENT,USESWATCHLOGIC,SWATCHSTITCHES,SWATCHROWS,SWATCHWEIGHT,REDIRECT_TO</string></var></struct></data></wddxPacket>"
51,LK-150 Fun,330,Hems and Ribbing,8,3520,7,HTML,View Your Pattern,5011,1,DataValidation,"<wddxPacket version='1.0'><header/><data><struct ><var name='CHALLENGE_ASSIGNID'><string>3520</string></var><var name='FIELDNAMES'><string>CHALLENGE_ASSIGNID,CHALLENGE_COMPONENTID,DATAMODEL_ELEMENTS,DATAMODEL_REDIRECT,DATAMODEL_VALIDATION_MESSAGE</string></var><var name='DATAMODEL_ELEMENTS'><string>patternFilename_p2</string></var><var name='DATAMODEL_REDIRECT'><string>3516</string></var><var name='DATAMODEL_VALIDATION_MESSAGE'><string></string></var><var name='CHALLENGE_COMPONENTID'><string>5011</string></var></struct></data></wddxPacket>"
51,LK-150 Fun,330,Hems and Ribbing,8,3520,7,HTML,View Your Pattern,5012,2,DocumentPattern,"<wddxPacket version='1.0'><header/><data><struct ><var name='CHALLENGE_ASSIGNID'><string>3520</string></var><var name='LABLE'><string>Print your Pattern</string></var><var name='CHALLENGE_COMPONENTID'><string>5012</string></var><var name='FIELDNAMES'><string>CHALLENGE_ASSIGNID,CHALLENGE_COMPONENTID,LABLE,DATAMODEL_ICON,PATTERN_DATAMODEL_ELEMENT,VIEWHEIGHT</string></var><var name='DATAMODEL_ICON'><string>fa fa-print</string></var><var name='PATTERN_DATAMODEL_ELEMENT'><string>patternFilename_p2</string></var><var name='VIEWHEIGHT'><string>600</string></var></struct></data></wddxPacket>"
51,LK-150 Fun,329,Lace,9,3501,1,HTML,Intentional Holes,4970,1,HTML,"<wddxPacket version='1.0'><header/><data><struct ><var name='CHALLENGE_COMPONENTID'><string>4970</string></var><var name='HTMLCONTENT'><string>&lt;div class=""row""&gt;<char code='0d'/><char code='0a'/>    &lt;div class=""col-sm-6 col-sm-offset-1 col-xs-12""&gt;<char code='0d'/><char code='0a'/><char code='0d'/><char code='0a'/>        Lace in knitting consists of secure holes (or eyelets) that are strategically placed to form graphic designs.&lt;br&gt; If you are a hand knitter you are probably familiar with k2tog, yo (Knit 2 together, yarn over). You can work this same type of eyelet sequence on the machine.<char code='0d'/><char code='0a'/><char code='0d'/><char code='0a'/>        &lt;blockquote class=""blockquote_style""&gt;The secret to knitting lace is remembering that the purl side is facing, so traditional lace patterns may need to be reversed&lt;/blockquote&gt;<char code='0d'/><char code='0a'/><char code='0d'/><char code='0a'/>        With the LK-150, lace is created by hand manipulating individual stitches. The technique is similar to decreases, the key is to keep the emptied needle in working position so an eyelet is formed and the stitch forms a new stitch on the following row.&lt;br&gt;&lt;br&gt; Simple all-over lace patterns can easily be created by alternating the stitches that are transferred and the direction of the transfers.&lt;br&gt;&lt;br&gt;<char code='0d'/><char code='0a'/>    &lt;/div&gt;    <char code='0d'/><char code='0a'/><char code='0d'/><char code='0a'/>        &lt;div class=""col-sm-4 col-sm-offset-1 col-xs-12 well""&gt;<char code='0d'/><char code='0a'/><char code='0d'/><char code='0a'/>            &lt;center&gt;&lt;img class=""img-responsive"" src=""/challenge/images/v2/51/eyelets_gauge.gif""&gt;&lt;br&gt;<char code='0d'/><char code='0a'/>                &lt;i class=""fa fa-lightbulb-o fa-2x aria-hidden="" true ""&gt;&lt;/i&gt; For accurate fit, be sure to swatch in lace as well as stockinette.&lt;/center&gt;<char code='0d'/><char code='0a'/>        &lt;/div&gt;<char code='0d'/><char code='0a'/>&lt;/div&gt;<char code='0d'/><char code='0a'/>&lt;center&gt;&lt;img class=""img-responsive"" src=""/challenge/images/v2/51/transfer_gif_online.gif""&gt;&lt;/center&gt;</string></var><var name='CHALLENGE_ASSIGNID'><string>3501</string></var><var name='FIELDNAMES'><string>CHALLENGE_ASSIGNID,CHALLENGE_COMPONENTID,HTMLCONTENT</string></var></struct></data></wddxPacket>"
51,LK-150 Fun,329,Lace,9,3534,2,HTML,Lace Practice,5043,1,HTML,"<wddxPacket version='1.0'><header/><data><struct ><var name='CHALLENGE_ASSIGNID'><string>3534</string></var><var name='FIELDNAMES'><string>CHALLENGE_ASSIGNID,CHALLENGE_COMPONENTID,HTMLCONTENT</string></var><var name='CHALLENGE_COMPONENTID'><string>5043</string></var><var name='HTMLCONTENT'><string>&lt;div class=""row""&gt;<char code='0d'/><char code='0a'/>&lt;div class=""col-sm-6 col-xs-12""&gt;&lt;br&gt;&lt;br&gt;<char code='0d'/><char code='0a'/><char code='0d'/><char code='0a'/>&lt;b&gt;The Goal:&lt;/b&gt;&lt;br&gt;&lt;br&gt;<char code='0d'/><char code='0a'/>&lt;b&gt;Left side:&lt;/b&gt; Practice transferring stitches right and left and examine the difference in the shape of the eyelet.  &lt;br&gt;<char code='0d'/><char code='0a'/>&lt;b&gt;Right side:&lt;/b&gt; Take a single needle out of work and examine the possibilities of needles out of work.&lt;br&gt;&lt;br&gt; <char code='0d'/><char code='0a'/><char code='0d'/><char code='0a'/>&lt;ol class=""instruction-list""&gt;<char code='0d'/><char code='0a'/>&lt;li&gt;Cast on 20 stitches L10-1 R1-10&lt;/li&gt;<char code='0d'/><char code='0a'/>&lt;li&gt;Knit 4 rows&lt;/li&gt;<char code='0d'/><char code='0a'/>&lt;li&gt;Transfer needle R5 to the right. Keep the emptied needle in out of work position&lt;/li&gt;<char code='0d'/><char code='0a'/>&lt;li&gt;Transfer needle L6 to the RIGHT. Keep the emptied needle in working position&lt;/li&gt;<char code='0d'/><char code='0a'/>&lt;li&gt;Knit 2 rows&lt;/li&gt;<char code='0d'/><char code='0a'/>&lt;li&gt;Transfer needle L5 to the LEFT. Keep the emptied needle in working position&lt;/li&gt;<char code='0d'/><char code='0a'/>&lt;li&gt;Knit 2 rows&lt;/li&gt;<char code='0d'/><char code='0a'/>&lt;li&gt;Transfer needle L6 to the RIGHT. Keep the emptied needle in working position&lt;/li&gt;<char code='0d'/><char code='0a'/>&lt;li&gt;Knit 4 rows&lt;/li&gt;<char code='0d'/><char code='0a'/>&lt;li&gt;Bind off or drop the work from the machine&lt;/li&gt;<char code='0d'/><char code='0a'/>&lt;/ol&gt;<char code='0d'/><char code='0a'/>&lt;/div&gt;<char code='0d'/><char code='0a'/>&lt;div class=""col-sm-6 col-xs-12""&gt;&lt;img class=""img-responsive"" src=""/challenge/images/v2/51/lace_practice.jpg""&gt;&lt;/div&gt;<char code='0d'/><char code='0a'/>&lt;/div&gt;<char code='0d'/><char code='0a'/>&lt;br&gt;b,r&gt;<char code='0d'/><char code='0a'/>&lt;div class=""row""&gt;<char code='0d'/><char code='0a'/>&lt;div class=""col-sm-4  col-sm-offset-1 col-xs-12""&gt;&lt;img class=""img-thumbnail zoom"" src=""/challenge/images/v2/51/lace1.jpg""&gt;&lt;/div&gt;<char code='0d'/><char code='0a'/>&lt;div class=""col-sm-4 col-sm-offset-1 col-xs-12""&gt;&lt;img class=""img-thumbnail zoom"" src=""/challenge/images/v2/51/lace2.jpg""&gt;&lt;/div&gt;<char code='0d'/><char code='0a'/>&lt;/div&gt;</string></var></struct></data></wddxPacket>"
51,LK-150 Fun,329,Lace,9,3590,3,HTML,Lace Inspiration,5145,1,HTML,"<wddxPacket version='1.0'><header/><data><struct ><var name='CHALLENGE_ASSIGNID'><string>3590</string></var><var name='HTMLCONTENT'><string>The technique of transferring stitches is the basis for creating eyelets and lace on the knitting machine.  The possibilities are almost endless!<char code='0d'/><char code='0a'/>&lt;ul&gt;<char code='0d'/><char code='0a'/>&lt;li&gt;Combine eyelets with garter stitch&lt;/li&gt;<char code='0d'/><char code='0a'/>&lt;li&gt;Cables 'n Lace&lt;/li&gt;<char code='0d'/><char code='0a'/>&lt;li&gt;Lace 'n Stripes&lt;/li&gt;<char code='0d'/><char code='0a'/>&lt;/ul&gt;<char code='0d'/><char code='0a'/>Although they are demonstrated on different machines, the techniques in these 2 tutorials are the same as on your LK-150. They are offered as a little ""eye candy"" to help you see some of the many possibilities of lace on your machine.&lt;br&gt;&lt;br&gt;<char code='0d'/><char code='0a'/></string></var><var name='TYPEOF'><string>HTML</string></var><var name='FIELDNAMES'><string>CHALLENGE_ASSIGNID,TYPEOF,HTMLCONTENT</string></var></struct></data></wddxPacket>"
51,LK-150 Fun,329,Lace,9,3590,3,HTML,Lace Inspiration,5144,2,VimeoMultiple,"<wddxPacket version='1.0'><header/><data><struct ><var name='VIMEOID3'><string></string></var><var name='CHALLENGE_ASSIGNID'><string>3590</string></var><var name='LABLE2'><string>&lt;i class='fa fa-youtube-play' aria-hidden='true'&gt;&lt;/i&gt; Zig Zag Lace</string></var><var name='VIMEOID4'><string></string></var><var name='LABLE3'><string>&lt;i class='fa fa-youtube-play' aria-hidden='true'&gt;&lt;/i&gt;</string></var><var name='VIMEOID2'><string>216102871</string></var><var name='VIMEOID1'><string>331489578</string></var><var name='TYPEOF'><string>VimeoMultiple</string></var><var name='LABLE1'><string>&lt;i class='fa fa-youtube-play' aria-hidden='true'&gt;&lt;/i&gt; Garter Eyelets</string></var><var name='FIELDNAMES'><string>CHALLENGE_ASSIGNID,TYPEOF,VIMEOID1,LABLE1,VIMEOID2,LABLE2,VIMEOID3,LABLE3,VIMEOID4,LABLE4</string></var><var name='LABLE4'><string>&lt;i class='fa fa-youtube-play' aria-hidden='true'&gt;&lt;/i&gt;</string></var></struct></data></wddxPacket>"
51,LK-150 Fun,329,Lace,9,3703,4,HTML,Lace Challenge,5467,1,HTML,"<wddxPacket version='1.0'><header/><data><struct ><var name='TYPEOF'><string>HTML</string></var><var name='CHALLENGE_ASSIGNID'><string>3703</string></var><var name='FIELDNAMES'><string>CHALLENGE_ASSIGNID,TYPEOF,HTMLCONTENT</string></var><var name='HTMLCONTENT'><string>Take any of the patterns in this course and add some lace.&lt;br&gt;<char code='0d'/><char code='0a'/>Add a few eyelets or all over designs.  Just remember to swatch with the lace pattern of your choice.&lt;br&gt;&lt;br&gt;</string></var></struct></data></wddxPacket>"
51,LK-150 Fun,329,Lace,9,3703,4,HTML,Lace Challenge,5468,2,HTML,"<wddxPacket version='1.0'><header/><data><struct ><var name='FIELDNAMES'><string>CHALLENGE_ASSIGNID,CHALLENGE_COMPONENTID,HTMLCONTENT</string></var><var name='CHALLENGE_ASSIGNID'><string>3703</string></var><var name='CHALLENGE_COMPONENTID'><string>5468</string></var><var name='HTMLCONTENT'><string>Use full-scale, knitters graph paper to plan the placement of your eyelets</string></var></struct></data></wddxPacket>"
51,LK-150 Fun,329,Lace,9,3703,4,HTML,Lace Challenge,5475,3,CustomCFM,"<wddxPacket version='1.0'><header/><data><struct ><var name='JSONFILE'><string></string></var><var name='TYPEOF'><string>CustomCFM</string></var><var name='FIELDNAMES'><string>CHALLENGE_ASSIGNID,TYPEOF,CUSTOMCFM,JSONFILE</string></var><var name='CUSTOMCFM'><string>graphpaper.cfm</string></var><var name='CHALLENGE_ASSIGNID'><string>3703</string></var></struct></data></wddxPacket>"
51,LK-150 Fun,328,Cables,10,3500,1,HTML,Crossing Cables on the Machine,5008,1,HTML,"<wddxPacket version='1.0'><header/><data><struct ><var name='FIELDNAMES'><string>CHALLENGE_ASSIGNID,CHALLENGE_COMPONENTID,HTMLCONTENT</string></var><var name='HTMLCONTENT'><string>&lt;div class=""row""&gt;<char code='0d'/><char code='0a'/>    &lt;div class=""col-sm-6 col-xs-12""&gt;Cables on the knitting machine?   YES!&lt;br&gt;&lt;br&gt;<char code='0d'/><char code='0a'/>Hand manipulating cables on the machine is similar to using a cable needle by hand.  By changing the order that the stitches are knit we can create fabulous texture for our knitting.&lt;br&gt;&lt;br&gt;<char code='0d'/><char code='0a'/>Some considerations:<char code='0d'/><char code='0a'/>&lt;ul&gt;<char code='0d'/><char code='0a'/>&lt;li&gt;As machine knitters we are viewing the knitting from the purl side. So we need to ""translate"" in our minds left cross and right cross cable stitch charts that are written for hand knitters. &lt;/li&gt;<char code='0d'/><char code='0a'/>&lt;li&gt;Most hand knitting cable patterns incorporate purl stitches to give the cables more depth.  Purl stitches that will show on the public (right) side of the knitting need to be hand manipulated&lt;/li&gt;<char code='0d'/><char code='0a'/>&lt;li&gt;Because the knitting is stretched across the needlebed, crossing more than 1-2 stitches can be a bit tricky.  But there are many ways to ovecome this and create beautiful cables on the machine.&lt;/li&gt;<char code='0d'/><char code='0a'/>&lt;/ul&gt;<char code='0d'/><char code='0a'/>    &lt;/div&gt;<char code='0d'/><char code='0a'/>    &lt;div class=""col-sm-4 col-xs-12""&gt;<char code='0d'/><char code='0a'/>        &lt;div class='embed-video-container'&gt;&lt;iframe src='https://player.vimeo.com/video/151859299' frameborder='0' webkitAllowFullScreen mozallowfullscreen allowFullScreen&gt;&lt;/iframe&gt;&lt;/div&gt;<char code='0d'/><char code='0a'/><char code='0d'/><char code='0a'/>    &lt;/div&gt;<char code='0d'/><char code='0a'/>&lt;/div&gt;<char code='0d'/><char code='0a'/>&lt;blockquote class=""blockquote_style""&gt;&lt;b&gt;Crossing ""backward""&lt;/b&gt;&lt;br&gt;&lt;br&gt;<char code='0d'/><char code='0a'/>If your pattern tells you to knit a right or a left cross cable, the challenge is to picture the cable from the knit side of the work (which is hidden when you are knitting on the machine)&lt;br&gt;&lt;br&gt;<char code='0d'/><char code='0a'/>Take time to envision the finished direction of the cross on the public side of the work.&lt;/blockquote&gt;&lt;br&gt;&lt;br&gt;<char code='0d'/><char code='0a'/>&lt;div class=""row""&gt;<char code='0d'/><char code='0a'/>&lt;div class=""col-sm-6 col-xs-12""&gt;<char code='0d'/><char code='0a'/>&lt;figure&gt;<char code='0d'/><char code='0a'/>&lt;img class=""img-thumbnail"" src=""/challenge/images/v2/51/right_wrong_exampl1.jpg""&gt;<char code='0d'/><char code='0a'/>&lt;figcaption align=""center""&gt;&lt;br&gt;&lt;b&gt;3x3 RIGHT cross cable&lt;/b&gt;<char code='0d'/><char code='0a'/>&lt;br&gt;&lt;em&gt;Hand knitting instructions: ""Place 3 stitches on a cable needle and hold in FRONT""&lt;/em&gt;&lt;br&gt;<char code='0d'/><char code='0a'/><char code='0d'/><char code='0a'/>&lt;/figcaption&gt;<char code='0d'/><char code='0a'/>&lt;/figure&gt;&lt;/div&gt;<char code='0d'/><char code='0a'/>&lt;div class=""col-sm-6 col-xs-12""&gt;<char code='0d'/><char code='0a'/>&lt;figure&gt;<char code='0d'/><char code='0a'/>&lt;img class=""img-thumbnail"" src=""/challenge/images/v2/51/right_wrong_exampl2.jpg""&gt;<char code='0d'/><char code='0a'/>&lt;figcaption align=""center""&gt;&lt;br&gt;&lt;b&gt;3x3 LEFT cross cable&lt;/b&gt;&lt;br&gt;<char code='0d'/><char code='0a'/>&lt;em&gt;Hand knitting instructions: ""Place 3 stitches on a cable needle and hold in BACK""&lt;/em&gt;<char code='0d'/><char code='0a'/>&lt;/figcaption&gt;<char code='0d'/><char code='0a'/>&lt;/figure&gt;&lt;/div&gt;<char code='0d'/><char code='0a'/>&lt;/div&gt;<char code='0d'/><char code='0a'/></string></var><var name='CHALLENGE_ASSIGNID'><string>3500</string></var><var name='CHALLENGE_COMPONENTID'><string>5008</string></var></struct></data></wddxPacket>"
51,LK-150 Fun,328,Cables,10,3604,2,HTML,Cable Practice,5172,1,VimeoID,"<wddxPacket version='1.0'><header/><data><struct ><var name='VIMEOID'><string>348270745</string></var><var name='LABLE'><string>&lt;i class='fa fa-youtube-play' aria-hidden='true'&gt;&lt;/i&gt; &lt;b&gt;Watch as we knit the sample&lt;/b&gt;</string></var><var name='CHALLENGE_ASSIGNID'><string>3604</string></var><var name='FIELDNAMES'><string>CHALLENGE_ASSIGNID,TYPEOF,VIMEOID,LABLE</string></var><var name='TYPEOF'><string>VimeoID</string></var></struct></data></wddxPacket>"
51,LK-150 Fun,328,Cables,10,3517,3,HTML,Your Turn - Cable Practice,5171,1,HTML,"<wddxPacket version='1.0'><header/><data><struct ><var name='FIELDNAMES'><string>CHALLENGE_ASSIGNID,CHALLENGE_COMPONENTID,HTMLCONTENT</string></var><var name='CHALLENGE_COMPONENTID'><string>5171</string></var><var name='HTMLCONTENT'><string>&lt;div class=""row""&gt;<char code='0d'/><char code='0a'/>&lt;div class=""col-sm-4 col-sm-offset-2 col-xs-12""&gt;<char code='0d'/><char code='0a'/><char code='09'/>&lt;img class=""img-responsive"" src=""/challenge/images/v2/51/braided_cable.jpg""&gt;&lt;/div&gt;<char code='0d'/><char code='0a'/><char code='0d'/><char code='0a'/>&lt;/div&gt;</string></var><var name='CHALLENGE_ASSIGNID'><string>3517</string></var></struct></data></wddxPacket>"
51,LK-150 Fun,328,Cables,10,3517,3,HTML,Your Turn - Cable Practice,5013,2,Document,"<wddxPacket version='1.0'><header/><data><struct ><var name='CHALLENGE_COMPONENTID'><string>5013</string></var><var name='VIEWHEIGHT'><string>600</string></var><var name='FILENAME'><string>cable_worksheet.pdf</string></var><var name='FIELDNAMES'><string>CHALLENGE_ASSIGNID,CHALLENGE_COMPONENTID,LABLE,DATAMODEL_ICON,VIEWHEIGHT,SHOWVIEWER,FILENAME</string></var><var name='LABLE'><string>Print the Worksheet</string></var><var name='DATAMODEL_ICON'><string>fa fa-download</string></var><var name='SHOWVIEWER'><string>0</string></var><var name='CHALLENGE_ASSIGNID'><string>3517</string></var></struct></data></wddxPacket>"
51,LK-150 Fun,328,Cables,10,3517,3,HTML,Your Turn - Cable Practice,5014,3,Exercise,"<wddxPacket version='1.0'><header/><data><struct ><var name='EXCERCISE_DETAILS_6'><string></string></var><var name='EXCERCISE_IMAGE_10'><string></string></var><var name='EXCERCISE_TASK_6'><string></string></var><var name='EXCERCISE_IMAGE_3'><string>/challenge/images/arrow3.png</string></var><var name='EXCERCISE_DETAILS_7'><string></string></var><var name='EXCERCISE_DETAILS_3'><string>&lt;div class=""row""&gt;<char code='0d'/><char code='0a'/>&lt;div class=""col-sm-6 col-xs-12""&gt;<char code='0d'/><char code='0a'/>&lt;ol&gt;<char code='0d'/><char code='0a'/>&lt;li&gt;*Work &lt;span style=""background-color: #FFF200""&gt;Cable 1&lt;/span over needles: L5-2 and  R4-7&lt;br&gt;<char code='0d'/><char code='0a'/>Carefully Knit 1 row&lt;br&gt;<char code='0d'/><char code='0a'/>Knit 3 rows (Reform XX purl stitches)<char code='0d'/><char code='0a'/>&lt;/li&gt;<char code='0d'/><char code='0a'/>&lt;br&gt;<char code='0d'/><char code='0a'/>&lt;li&gt;Work &lt;span style=""background-color: #F7941D""&gt;Cable 2&lt;/span&gt; over needles: L7-4 and R2-5&lt;br&gt;<char code='0d'/><char code='0a'/>Carefully knit 1 row&lt;br&gt;<char code='0d'/><char code='0a'/>Knit 3 rows (Reform XX purl stitches)&lt;br&gt;<char code='0d'/><char code='0a'/>&lt;/li&gt;<char code='0d'/><char code='0a'/>&lt;br&gt;<char code='0d'/><char code='0a'/>&lt;li&gt;Work &lt;span style=""background-color: #FFF200""&gt;Cable 1&lt;/span&gt; over needles: L5-2 and  R4-7&lt;br&gt;<char code='0d'/><char code='0a'/>Carefully knit 1 row&lt;br&gt;<char code='0d'/><char code='0a'/>Knit 3 rows (Reform XX purl stitches)<char code='0d'/><char code='0a'/>&lt;/li&gt;<char code='0d'/><char code='0a'/>&lt;br&gt;<char code='0d'/><char code='0a'/>&lt;li&gt;Work &lt;span style=""background-color: #F7941D""&gt;Cable 2&lt;/span&gt; over needles: L7-4 and R2-5&lt;br&gt;<char code='0d'/><char code='0a'/>Carefully knit 1 row&lt;br&gt;<char code='0d'/><char code='0a'/>Knit 3 rows (Reform XX purl stitches)*<char code='0d'/><char code='0a'/>&lt;/li&gt;<char code='0d'/><char code='0a'/>&lt;br&gt;<char code='0d'/><char code='0a'/>&lt;li&gt;Repeat from * to * at least 1 more time.&lt;/li&gt;<char code='0d'/><char code='0a'/>&lt;/ol&gt;<char code='0d'/><char code='0a'/><char code='0d'/><char code='0a'/>&lt;/div&gt;<char code='0d'/><char code='0a'/>&lt;div class=""col-sm-6 col-xs-12""&gt;&lt;img class=""img-responsive"" src=""/challenge/images/v2/51/cable practice.jpg""&gt;&lt;/div&gt;<char code='0d'/><char code='0a'/>&lt;/div&gt;</string></var><var name='EXCERCISE_DETAILS_4'><string></string></var><var name='EXCERCISE_TASK_5'><string></string></var><var name='EXCERCISE_IMAGE_5'><string></string></var><var name='EXCERCISE_IMAGE_1'><string>/challenge/images/arrow1.png</string></var><var name='EXCERCISE_TASK_10'><string></string></var><var name='EXCERCISE_IMAGE_2'><string>/challenge/images/arrow2.png</string></var><var name='EXCERCISE_IMAGE_4'><string></string></var><var name='EXCERCISE_TASK_3'><string>The Cable Pattern</string></var><var name='EXCERCISE_DETAILS_1'><string>Knit 2 columns of cables with 2 purl stitches between and on each side.&lt;br&gt; The cables are reversed and alternate creating the braided (plait) appearance.&lt;br&gt;<char code='0d'/><char code='0a'/><char code='0d'/><char code='0a'/>&lt;div class=""row""&gt;<char code='0d'/><char code='0a'/>    &lt;div class=""col-sm-4 col-sm-offset-1 col-xs-12 well""&gt;&lt;span style=""background-color: #FFF200""&gt;&lt;b&gt;Cable 1&lt;/b&gt;&lt;/span&gt;<char code='0d'/><char code='0a'/>        &lt;ol&gt;<char code='0d'/><char code='0a'/>            &lt;li&gt; Remove the LEFT 2 stitches and hold them aside.&lt;/li&gt;<char code='0d'/><char code='0a'/>            &lt;li&gt;Transfer the RIGHT 2 stitches to the empty needles.&lt;/li&gt;<char code='0d'/><char code='0a'/>            &lt;li&gt;Replace the held stitches on the newly emptied needles&lt;/li&gt;<char code='0d'/><char code='0a'/>        &lt;/ol&gt;<char code='0d'/><char code='0a'/>    &lt;/div&gt;<char code='0d'/><char code='0a'/>        &lt;div class=""col-sm-4 col-sm-offset-1 col-xs-12 well""&gt;&lt;span style=""background-color: #F7941D""&gt;&lt;b&gt;Cable 2:&lt;/b&gt;&lt;/span&gt;<char code='0d'/><char code='0a'/>            &lt;ol&gt;<char code='0d'/><char code='0a'/>                &lt;li&gt;Remove the RIGHT 2 stitches and hold them aside&lt;/li&gt;<char code='0d'/><char code='0a'/>                &lt;li&gt;Transfer the LEFT 2 stitches to the empty needles&lt;/li&gt;<char code='0d'/><char code='0a'/>                &lt;li&gt;Replace the held stitches on the newly emptied needles.&lt;/li&gt;<char code='0d'/><char code='0a'/>            &lt;/ol&gt;<char code='0d'/><char code='0a'/>        &lt;/div&gt;<char code='0d'/><char code='0a'/>&lt;/div&gt;<char code='0d'/><char code='0a'/><char code='0d'/><char code='0a'/></string></var><var name='CHALLENGE_COMPONENTID'><string>5014</string></var><var name='EXCERCISE_DETAILS_9'><string></string></var><var name='EXCERCISE_TASK_9'><string></string></var><var name='EXCERCISE_TASK_8'><string></string></var><var name='EXCERCISE_DETAILS_2'><string>&lt;ol&gt;<char code='0d'/><char code='0a'/>&lt;li&gt;Cast on 40 stitches with any method (left 20-1, right 1-20)&lt;/li&gt;<char code='0d'/><char code='0a'/>&lt;li&gt;Knit 6 rows (carriage on the right)&lt;/li&gt;<char code='0d'/><char code='0a'/>&lt;li&gt;Mark the needlebed, indicating the cable stitches and the purl columns&lt;/li&gt;<char code='0d'/><char code='0a'/>&lt;li&gt;Knit 3 rows &lt;/li&gt;<char code='0d'/><char code='0a'/>&lt;/ol&gt;<char code='0d'/><char code='0a'/>&lt;img class=""img-thumbnail"" src=""/challenge/images/v2/51/mark_the_bed.jpg""&gt;</string></var><var name='EXCERCISE_TASK_2'><string>Setup</string></var><var name='EXCERCISE_DETAILS_8'><string></string></var><var name='EXCERCISE_DETAILS_10'><string></string></var><var name='FIELDNAMES'><string>CHALLENGE_ASSIGNID,CHALLENGE_COMPONENTID,EXCERCISE_IMAGE_1,EXCERCISE_TASK_1,EXCERCISE_DETAILS_1,EXCERCISE_IMAGE_2,EXCERCISE_TASK_2,EXCERCISE_DETAILS_2,EXCERCISE_IMAGE_3,EXCERCISE_TASK_3,EXCERCISE_DETAILS_3,EXCERCISE_IMAGE_4,EXCERCISE_TASK_4,EXCERCISE_DETAILS_4,EXCERCISE_IMAGE_5,EXCERCISE_TASK_5,EXCERCISE_DETAILS_5,EXCERCISE_IMAGE_6,EXCERCISE_TASK_6,EXCERCISE_DETAILS_6,EXCERCISE_IMAGE_7,EXCERCISE_TASK_7,EXCERCISE_DETAILS_7,EXCERCISE_IMAGE_8,EXCERCISE_TASK_8,EXCERCISE_DETAILS_8,EXCERCISE_IMAGE_9,EXCERCISE_TASK_9,EXCERCISE_DETAILS_9,EXCERCISE_IMAGE_10,EXCERCISE_TASK_10,EXCERCISE_DETAILS_10</string></var><var name='EXCERCISE_IMAGE_8'><string></string></var><var name='EXCERCISE_IMAGE_7'><string></string></var><var name='EXCERCISE_IMAGE_9'><string></string></var><var name='EXCERCISE_IMAGE_6'><string></string></var><var name='EXCERCISE_TASK_7'><string></string></var><var name='EXCERCISE_DETAILS_5'><string></string></var><var name='CHALLENGE_ASSIGNID'><string>3517</string></var><var name='EXCERCISE_TASK_4'><string></string></var><var name='EXCERCISE_TASK_1'><string>The goal: Braided Cable</string></var></struct></data></wddxPacket>"
51,LK-150 Fun,378,What's next?,11,3705,1,HTML,Your Next Steps,5474,1,HTML,"<wddxPacket version='1.0'><header/><data><struct ><var name='HTMLCONTENT'><string>&lt;blockquote class=""blockquote_style""&gt;&lt;h3&gt;&lt;a href=""/challenge/34/course/master-lk-patterning"" target=""_blank""&gt;Master LK-150 Patterning Course&lt;/a&gt;&lt;/h3&gt;&lt;br&gt;Tuck, Slip, Fairisle, Plaiting, Intarsia ... add color, different yarns and hand manipulation to these basics and the possibilities are endless!&lt;br&gt;<char code='0d'/><char code='0a'/><char code='0d'/><char code='0a'/>&lt;/blockquote&gt;<char code='0d'/><char code='0a'/>&lt;div class=""row""&gt;<char code='0d'/><char code='0a'/> &lt;div class=""col-md-6 col-xs-12""&gt;<char code='0d'/><char code='0a'/>                <char code='0d'/><char code='0a'/>Have you had your LK-150 for a bit?  Can you do the basics?&lt;br&gt;&lt;br&gt;<char code='0d'/><char code='0a'/>          Have you made swatches or items in plain stockinette?  Maybe you've played with stitch patterning a bit.&lt;br&gt;&lt;br&gt;<char code='0d'/><char code='0a'/>          &lt;b&gt;This course is for you!&lt;/b&gt;&lt;/div&gt;<char code='0d'/><char code='0a'/> &lt;div class=""col-md-4 col-xs-12""&gt;&lt;img class=""img-responsive"" src=""/path/images/21/ready_to_do_more.gif""&gt;&lt;/div&gt;<char code='0d'/><char code='0a'/>&lt;/div&gt;<char code='0d'/><char code='0a'/><char code='0d'/><char code='0a'/><char code='0d'/><char code='0a'/><char code='0d'/><char code='0a'/><char code='0d'/><char code='0a'/>&lt;div class=""row""&gt;<char code='0d'/><char code='0a'/><char code='0d'/><char code='0a'/> &lt;div class=""col-md-4 col-xs-12""&gt;&lt;div class='embed-video-container'&gt;&lt;iframe src='https://player.vimeo.com/video/290792798' frameborder='0' webkitAllowFullScreen mozallowfullscreen allowFullScreen&gt;&lt;/iframe&gt;&lt;/div&gt;<char code='0d'/><char code='0a'/>&lt;/div&gt;<char code='0d'/><char code='0a'/>    <char code='0d'/><char code='0a'/>           <char code='0d'/><char code='0a'/><char code='0d'/><char code='0a'/>         &lt;div class=""col-md-6 col-xs-12""&gt;<char code='0d'/><char code='0a'/>             &lt;i class=""fa fa-check"" aria-hidden=""true""&gt;&lt;/i&gt; UNDERSTAND what the levers on your machine do&lt;br&gt;&lt;br&gt;<char code='0d'/><char code='0a'/><char code='0d'/><char code='0a'/>              &lt;i class=""fa fa-check"" aria-hidden=""true""&gt;&lt;/i&gt; Don't search for your manual to work stitch patterns&lt;br&gt;&lt;br&gt;<char code='0d'/><char code='0a'/><char code='0d'/><char code='0a'/>              &lt;i class=""fa fa-check"" aria-hidden=""true""&gt;&lt;/i&gt; Explore the possibilities of stitch patterning on your machine <char code='0d'/><char code='0a'/>                &lt;br&gt;&lt;br&gt;<char code='0d'/><char code='0a'/>             &lt;i class=""fa fa-check"" aria-hidden=""true""&gt;&lt;/i&gt;UNDERSTAND your machine, don't just blindly follow instructions&lt;br&gt;&lt;br&gt;<char code='0d'/><char code='0a'/>&lt;a href=""/challenge/34/course/master-lk-patterning"" class=""btn btn btn-primary lecture_complete_button""  target=""_blank""&gt;Check out the course&lt;/a&gt;<char code='0d'/><char code='0a'/>         &lt;/div&gt;<char code='0d'/><char code='0a'/><char code='0d'/><char code='0a'/>&lt;/div&gt;<char code='0d'/><char code='0a'/>&lt;br&gt;<char code='0d'/><char code='0a'/><char code='0d'/><char code='0a'/><char code='0d'/><char code='0a'/><char code='0d'/><char code='0a'/>&lt;div class=""row""&gt;<char code='0d'/><char code='0a'/>     &lt;div class=""col-md-12 col-xs-12""&gt;<char code='0d'/><char code='0a'/>         &lt;center&gt;&lt;h3&gt;Be the master of your machine .. not the other way around!&lt;/h3&gt;&lt;/center&gt;<char code='0d'/><char code='0a'/>      &lt;/div&gt;<char code='0d'/><char code='0a'/>&lt;/div&gt;<char code='0d'/><char code='0a'/><char code='0d'/><char code='0a'/></string></var><var name='FIELDNAMES'><string>CHALLENGE_ASSIGNID,CHALLENGE_COMPONENTID,HTMLCONTENT</string></var><var name='CHALLENGE_COMPONENTID'><string>4871</string></var><var name='CHALLENGE_ASSIGNID'><string>3463</string></var></struct></data></wddxPacket>"
