Homestudy_libraryid,HomeStudy_courseid_fk,Dateadded,Credit_id_fk,memberid_fk,Subscriberfree
12,3,2012-01-31 00:00:00.000,0,3B43FD8E-A9F3-4B1A-74CC-255ACCD77E11,1
13,2,2012-01-31 00:00:00.000,0,47778DB8-B8C8-7FE9-D03D-59636F31D724,1
14,2,2012-01-31 00:00:00.000,0,3B43FD8E-A9F3-4B1A-74CC-255ACCD77E11,1
15,3,2012-01-31 00:00:00.000,0,47778DB8-B8C8-7FE9-D03D-59636F31D724,1
16,1,2012-01-31 00:00:00.000,11909,3B43FD8E-A9F3-4B1A-74CC-255ACCD77E11,0
20,1,2012-02-02 00:00:00.000,11943,B3E80886-E847-63F1-A8BF-26B477DF55E2,0
21,3,2012-02-02 00:00:00.000,11943,B3E80886-E847-63F1-A8BF-26B477DF55E2,0
22,1,2012-02-02 00:00:00.000,11944,47778DB8-B8C8-7FE9-D03D-59636F31D724,0
23,4,2012-02-07 00:00:00.000,12086,47778DB8-B8C8-7FE9-D03D-59636F31D724,0
25,2,2012-02-09 00:00:00.000,12122,C0C10AC4-FE2D-758C-2DCD-882FFF59A876,0
26,3,2012-02-09 00:00:00.000,12122,C0C10AC4-FE2D-758C-2DCD-882FFF59A876,0
27,4,2012-02-14 00:00:00.000,12242,3B43FD8E-A9F3-4B1A-74CC-255ACCD77E11,0
28,1,2012-02-14 00:00:00.000,0,90C36E2C-E6CE-B1E3-C173-5688A7BF10A6,1
29,1,2012-02-16 00:00:00.000,0,10E098E9-AD1F-A3ED-835C-D846D303ECE4,1
30,1,2012-02-16 00:00:00.000,0,7DEBBE84-D3E6-3459-D696-5429B602BAA9,1
31,1,2012-02-16 00:00:00.000,12278,CC6FC2F9-C6C8-0317-7A37-E5B1211AD8C9,0
32,1,2012-02-16 00:00:00.000,0,491361B0-EBFE-C6CB-4324-DD3F641A14AA,1
33,1,2012-02-16 00:00:00.000,0,9004763D-9F82-C23D-ED84-B380EB89E220,1
34,1,2012-02-16 00:00:00.000,0,D7A5182E-9F3E-6D77-4916-51DB6B4F23A6,1
35,1,2012-02-16 00:00:00.000,0,D66E3D78-F4F7-1C61-9C48-AD2B78DBE9C1,1
36,1,2012-02-16 00:00:00.000,0,8ED996E4-E6CA-5640-648A-3AD1B0C7F336,1
37,1,2012-02-16 00:00:00.000,0,270CC343-05C2-015A-AFC1-9F763E3BA0DE,1
38,1,2012-02-16 00:00:00.000,0,C8FCF9DC-0FC7-6B43-B898-DC504E7903CE,1
39,1,2012-02-16 00:00:00.000,0,FBC9853E-0883-FD8D-B03B-74547CDA1983,1
40,1,2012-02-16 00:00:00.000,0,8E95C259-FC16-F130-C487-C733551382AD,1
41,1,2012-02-16 00:00:00.000,0,AE73636D-EA07-F615-2CB8-C9C77A86B25B,1
42,1,2012-02-16 00:00:00.000,0,93F63D78-011A-E1B3-CD2A-9519F9409A88,1
43,1,2012-02-16 00:00:00.000,0,8F54B4A4-952F-5D2C-9903-B82609142242,1
44,1,2012-02-16 00:00:00.000,0,DF963195-E442-D0B7-D991-03D3EE5484C4,1
45,1,2012-02-16 00:00:00.000,0,992FC0A4-D6E0-C460-AC9C-D9ECDCF067D5,1
46,1,2012-02-16 00:00:00.000,0,C090D8CA-A4E7-FB3B-3CDC-A3372DDCA57F,1
47,1,2012-02-16 00:00:00.000,0,2F4E89A1-F311-427F-E113-34A1A6A73D08,1
48,1,2012-02-17 00:00:00.000,0,ACF34677-BB9A-A337-B5C8-7C58C2742518,1
49,1,2012-02-17 00:00:00.000,0,94BDD0F7-F5DF-8893-9109-93FDF6B1B60D,1
50,1,2012-02-17 00:00:00.000,12325,88ED0785-C571-FADC-7F01-42E95F5D9BE9,0
51,1,2012-02-17 00:00:00.000,0,9D9328B9-0B67-1E62-F940-FED52E08A965,1
52,1,2012-02-17 00:00:00.000,0,0FC6D1BC-DB83-D7AD-2525-11379EBB88AB,1
53,1,2012-02-17 00:00:00.000,0,B0D2B01C-9510-CDAA-896B-81BAF46250BB,1
54,1,2012-02-17 00:00:00.000,0,FB98DFE8-9B5D-A548-A7A5-BBEB135D1ECA,1
55,1,2012-02-18 00:00:00.000,12349,114E2809-9AEF-1691-E1B8-A3619E56E85E,0
56,1,2012-02-19 00:00:00.000,0,017FE975-9BC1-622C-DE57-A1F87AE1F340,1
57,1,2012-02-20 00:00:00.000,0,1B0E90E1-A9A7-F69A-4D6A-82ACD5DDEF60,1
58,1,2012-02-20 00:00:00.000,0,95B7E590-DEB3-827C-E90B-23087E44F838,1
59,2,2012-02-20 00:00:00.000,12439,C090D8CA-A4E7-FB3B-3CDC-A3372DDCA57F,0
60,3,2012-02-20 00:00:00.000,12439,C090D8CA-A4E7-FB3B-3CDC-A3372DDCA57F,0
61,4,2012-02-20 00:00:00.000,12439,C090D8CA-A4E7-FB3B-3CDC-A3372DDCA57F,0
62,1,2012-02-22 00:00:00.000,0,DBCB4865-A707-9A2D-0D90-498F9387D195,1
63,1,2012-02-23 00:00:00.000,0,FCBDCC01-A064-80DC-AEAE-3FEC48D0E1EF,1
64,1,2012-02-23 00:00:00.000,0,B4DAAD7B-CA71-529E-1FD2-DDB49CC03C14,1
65,1,2012-02-24 00:00:00.000,0,43D066A4-B6F3-E8EE-C9B5-4928CCB69EBE,1
66,1,2012-02-24 00:00:00.000,0,0535B61A-C335-BD9E-E206-02744E634175,1
67,1,2012-02-25 00:00:00.000,0,EE3B1917-FC52-4732-8C05-37EABFEF8B2A,1
68,2,2012-02-28 00:00:00.000,12572,5F97FD57-EDF4-7B47-5FCB-1531CDC188F3,0
69,1,2012-03-01 00:00:00.000,0,9CCD998F-F08B-7CB1-4ED7-B05ADA467E48,1
70,1,2012-03-04 00:00:00.000,0,DB169D4F-B5B5-CD0C-C8B3-25587FA0D62D,1
71,1,2012-03-04 00:00:00.000,0,10249B67-FA47-FE8A-CC4B-FD11E1B3712E,1
72,1,2012-03-06 00:00:00.000,0,88CB2572-FA8F-86B3-687C-1F7F2D6D4C63,1
73,1,2012-03-06 00:00:00.000,0,FC40D986-FC01-E628-408C-F0ABB96BF624,1
74,1,2012-03-09 00:00:00.000,0,CD2FC7E5-0E86-8562-F0BB-5079500E7ADC,1
75,1,2012-03-09 00:00:00.000,0,CCA4B667-C453-1A2F-6AFA-3B5863BB0B21,1
76,1,2012-03-11 00:00:00.000,0,B7DB9B7C-0C4E-7ADE-D335-8F4A98F626D1,1
77,1,2012-03-11 00:00:00.000,0,0C01A668-D1AF-471C-B0D7-6CA043137E5A,1
78,1,2012-03-12 00:00:00.000,0,02500218-DAC2-453C-8D91-74E9ABFCA915,1
79,1,2012-03-12 00:00:00.000,0,8EB529BF-FF32-D0FD-72E8-E7E55FF55F6A,1
80,1,2012-03-15 00:00:00.000,0,B3E3036D-AB0A-CD20-48BA-C43DD5ACB0FD,1
81,1,2012-03-15 00:00:00.000,0,D9152775-CE5C-C3CD-C23D-7821185ABF7D,1
82,1,2012-03-20 00:00:00.000,0,3404535B-FEB6-DAC3-6436-2C934797324E,1
83,1,2012-03-23 00:00:00.000,0,A3667148-93AD-FE54-C35F-A247520C7F01,1
84,1,2012-03-24 00:00:00.000,0,999C5392-F6F2-1080-0289-8709BA7A6C6C,1
85,1,2012-04-02 00:00:00.000,0,A93EB01D-A5F5-53B3-1B6D-5A70D905AF01,1
86,1,2012-04-02 00:00:00.000,0,3D918775-CEE8-DCED-A98B-B9B9C6761C83,1
87,1,2012-04-02 00:00:00.000,0,6C63843E-C550-22F9-D754-EC849741D5B0,1
88,1,2012-04-02 00:00:00.000,0,01B2FD68-CBF1-1B58-1A47-B19A7F1168C8,1
89,1,2012-04-02 00:00:00.000,0,8FF16E4C-AA15-9440-1561-4912B13BD5A6,1
90,1,2012-04-02 00:00:00.000,0,6B401D3F-DA14-A7E1-7BAD-0C435A1AAC80,1
91,1,2012-04-02 00:00:00.000,0,757D2F4B-F8DA-2460-187E-270CD958121A,1
92,1,2012-04-03 00:00:00.000,0,84942C95-E4DB-7156-673B-F723795B8901,1
93,1,2012-04-04 00:00:00.000,0,C598BD61-F82B-01D1-94F4-55D4A5A6F116,1
94,1,2012-04-05 00:00:00.000,0,8F413807-A2C7-C4DA-C583-D45320C4F299,1
95,1,2012-04-06 00:00:00.000,0,E3B6341E-F805-F0E4-5DC6-41F7922252B1,1
96,1,2012-04-06 00:00:00.000,0,F9DE4756-DC2F-6466-307A-9E3329492EFF,1
97,1,2012-04-11 00:00:00.000,0,AED1E315-A47B-503C-5645-983BC5F2DEC7,1
98,1,2012-04-11 00:00:00.000,0,95501EBB-F0A1-1338-B0EC-4C01B6C639F2,1
99,1,2012-04-12 00:00:00.000,0,8EE4EF4C-0E94-6CB4-E3E0-94C1479FF520,1
100,1,2012-04-17 00:00:00.000,0,B1588948-F410-0A14-2B0F-2443F57E066A,1
101,1,2012-04-17 00:00:00.000,0,11041567-C874-A51B-D4ED-4C33FD5FDC0F,1
102,1,2012-04-18 00:00:00.000,0,5695A3AA-FB55-5B0E-47E6-EF47849311E9,1
103,1,2012-04-19 00:00:00.000,0,1A38E73D-9185-E439-2A17-3ABD65D80E55,1
104,1,2012-04-20 00:00:00.000,0,90632607-0B57-52B5-EE80-0FDA2A02F35F,1
105,1,2012-04-22 00:00:00.000,0,AE2BAF66-B110-26C8-19EB-947A6794839E,1
106,1,2012-04-24 00:00:00.000,14962,ADCFDA97-9A89-A762-6601-B5D33C0E165C,0
107,3,2012-04-26 00:00:00.000,14990,ABCC6012-CBF5-6D1B-A079-E2BBB6876FA9,0
108,1,2012-04-26 00:00:00.000,15005,72C6E786-9EDE-5779-62ED-D77A90276C11,0
109,1,2012-04-27 00:00:00.000,0,3D6CCCA2-F436-7D90-845B-DCD67BE6BB6A,1
110,1,2012-05-01 00:00:00.000,0,7B83ECDF-FBF4-98D1-8435-7B5DE9F9D50B,1
111,1,2012-05-02 00:00:00.000,15123,1F508D39-C01A-4E6D-10FA-66620DD85848,0
112,1,2012-05-03 00:00:00.000,0,83F2FD05-CEAD-EF66-16E9-2B28B7553FCD,1
113,1,2012-05-07 00:00:00.000,0,CEC1AABB-B899-1C1E-2EF1-1A68A2424051,1
114,1,2012-05-10 00:00:00.000,0,2E70C483-D2A3-7A86-DFF2-8C19386C8B4C,1
115,5,2012-05-17 00:00:00.000,15335,47778DB8-B8C8-7FE9-D03D-59636F31D724,0
116,5,2012-05-17 00:00:00.000,15337,47778DB8-B8C8-7FE9-D03D-59636F31D724,0
129,4,2012-05-17 00:00:00.000,15362,8E7AF84F-FE71-908E-FEAC-A670C14A098B,0
130,5,2012-05-18 00:00:00.000,15370,8E7AF84F-FE71-908E-FEAC-A670C14A098B,0
131,1,2012-05-20 00:00:00.000,0,6A537158-0204-8B1F-668D-FD8D3C332883,1
132,1,2012-05-21 00:00:00.000,0,D3A6C37A-ACB9-7EDB-2F25-C69060DFE29E,1
133,5,2012-05-22 00:00:00.000,15413,0C8E0919-BD96-35CD-A084-9C2515BF3C10,0
134,5,2012-05-22 00:00:00.000,15421,A86D8705-C324-113F-94BF-3213975C906C,0
135,1,2012-05-22 00:00:00.000,0,8D798C5F-D332-7309-2D7A-E50E3B629061,1
136,5,2012-05-22 00:00:00.000,15436,8FD8E8E5-96B1-4A2E-13AD-877575241774,0
137,5,2012-05-22 00:00:00.000,15439,718AC021-B8E5-BA92-8416-76D833420AB2,0
138,1,2012-05-22 00:00:00.000,0,9AD5F4BA-B52A-2C7A-6B60-431E7EB31F5C,1
139,5,2012-05-22 00:00:00.000,15450,306B9F95-AA2A-E6EF-8E48-F49B1F9F95A7,0
140,5,2012-05-23 00:00:00.000,15458,AE298D15-EA5A-AF1F-9C03-5A7091F306BC,0
141,1,2012-05-23 00:00:00.000,0,42EA3467-02D1-E6CA-4CE8-348E6B2B7D4E,1
142,3,2012-05-24 00:00:00.000,15482,C580EB68-D11F-EAB8-842A-CF0680BC7FAF,0
143,5,2012-05-25 00:00:00.000,15495,0F7B9EF4-A64B-28B4-2436-84ECB103051B,0
144,1,2012-05-25 00:00:00.000,0,FA9E6300-F716-4ADE-34DC-E42ADE3609D7,1
145,5,2012-05-29 00:00:00.000,15543,CD2FC7E5-0E86-8562-F0BB-5079500E7ADC,0
146,1,2012-05-31 00:00:00.000,0,718AC021-B8E5-BA92-8416-76D833420AB2,1
147,1,2012-06-01 00:00:00.000,15596,3BB3AEBD-F17A-77F5-090C-58C1DBED4037,0
148,1,2012-06-04 00:00:00.000,0,AB65E551-ED5E-1686-E30C-A501B6EBC4E5,1
149,5,2012-06-05 00:00:00.000,15656,C8E24656-AE0A-5C84-76CF-A3A22DFA3034,0
150,1,2012-06-06 00:00:00.000,15684,C4081EF3-DE8B-24BA-12DB-F4D9229F292A,0
151,1,2012-06-08 00:00:00.000,15728,F77C9635-067B-A649-8481-71644700941E,0
152,1,2012-06-09 00:00:00.000,0,1EE7723C-C111-535F-80C4-EF2BF7289EF6,1
153,1,2012-06-11 00:00:00.000,0,2B901E8F-EC8C-D677-8293-F40BEACA8427,1
154,1,2012-06-14 00:00:00.000,0,1F22BE49-FC2B-2EA4-A7C2-8687847A326B,1
155,1,2012-06-16 00:00:00.000,0,F61601A1-E22D-0159-A484-88DAC66D3E1E,1
156,4,2012-06-17 00:00:00.000,15845,C580EB68-D11F-EAB8-842A-CF0680BC7FAF,0
157,1,2012-06-22 00:00:00.000,0,FA4F7097-98DA-859C-B35E-5A62FA686C3D,1
158,5,2012-06-24 00:00:00.000,15956,6A537158-0204-8B1F-668D-FD8D3C332883,0
159,1,2012-06-27 00:00:00.000,0,5F97FD57-EDF4-7B47-5FCB-1531CDC188F3,1
160,1,2012-06-27 00:00:00.000,0,CA1CCDE8-E971-A56E-C90D-3E7A527221C1,1
161,1,2012-06-27 00:00:00.000,0,14B51B72-BA0F-3945-6236-A48DD76076DE,1
162,5,2012-06-28 00:00:00.000,16023,FA9E6300-F716-4ADE-34DC-E42ADE3609D7,0
163,1,2012-06-30 00:00:00.000,0,D6B000DF-0D3C-501A-AE71-3B96FA86CC39,1
164,1,2012-07-01 00:00:00.000,0,99F9B65F-E56A-F487-272E-74FCC0C973B7,1
165,1,2012-07-03 00:00:00.000,0,306B9F95-AA2A-E6EF-8E48-F49B1F9F95A7,1
166,4,2012-07-03 00:00:00.000,16444,8FD8E8E5-96B1-4A2E-13AD-877575241774,0
167,5,2012-07-03 00:00:00.000,16458,D678B208-ACC6-D967-31D1-F18965AF6809,0
168,2,2012-07-07 00:00:00.000,16539,60F3FBAC-D16F-6D73-E96D-53477530A985,0
169,3,2012-07-07 00:00:00.000,16539,60F3FBAC-D16F-6D73-E96D-53477530A985,0
170,4,2012-07-07 00:00:00.000,16539,60F3FBAC-D16F-6D73-E96D-53477530A985,0
171,1,2012-07-10 00:00:00.000,0,6E3251A4-BDCE-A0FB-BC6E-F437E8EDEE00,1
172,1,2012-07-11 00:00:00.000,0,78E1403E-C601-7547-295A-5A53625237F9,1
173,1,2012-07-12 00:00:00.000,0,F4860CFF-BC84-0093-AFA8-38E21A677AB7,1
174,1,2012-07-13 00:00:00.000,0,87A7D29C-A9F0-A65E-4DC8-5093C8BC2B33,1
175,1,2012-07-15 00:00:00.000,0,53181B04-EDA6-14D1-0B32-0068F276F8AB,1
176,1,2012-07-16 00:00:00.000,0,7E939E18-C71F-393D-2E1D-90F9211512E8,1
177,5,2012-07-21 00:00:00.000,16773,0551E7A8-A510-93A2-C70B-218D9F5760E2,0
178,1,2012-07-23 00:00:00.000,0,B406F742-EEA2-ADEE-F8B7-4F883B7AEC04,1
179,2,2012-07-24 00:00:00.000,16824,D678B208-ACC6-D967-31D1-F18965AF6809,0
180,4,2012-07-24 00:00:00.000,16824,D678B208-ACC6-D967-31D1-F18965AF6809,0
181,1,2012-07-31 00:00:00.000,0,04CFF700-C088-82E6-6E17-6FBF8FAA14AD,1
182,1,2012-08-02 00:00:00.000,16984,0255CDF3-C0ED-972F-98FA-78C32C248663,0
183,1,2012-08-04 00:00:00.000,0,8F9C6A80-90D3-1B52-7F1B-9D7F553741FB,1
184,1,2012-08-07 00:00:00.000,0,B50917F4-A543-EAB9-4681-A6B84C9747FA,1
185,5,2012-08-08 00:00:00.000,17050,0632274F-DB1F-6B85-1573-F0B4E2BEC324,0
186,1,2012-08-09 00:00:00.000,0,BB814997-91AC-2D2A-7185-F13279ED789E,1
187,2,2012-08-10 00:00:00.000,17079,E6CCA8CF-0ED6-F859-B560-7A966C140714,0
188,1,2012-08-15 00:00:00.000,0,0632274F-DB1F-6B85-1573-F0B4E2BEC324,1
189,1,2012-08-16 00:00:00.000,0,19D1844D-9AC3-3B55-0435-B16AA63DC39B,1
190,1,2012-08-17 00:00:00.000,0,47A84931-0A9B-5DB0-D960-7CA8700A7277,1
191,1,2012-08-21 00:00:00.000,17240,4776C1E7-B306-DB74-0BFC-0585BCB66F66,0
192,1,2012-08-23 00:00:00.000,17271,66700E0D-ECA2-1DB3-310F-33E4E9281A9B,0
193,2,2012-08-23 00:00:00.000,17271,66700E0D-ECA2-1DB3-310F-33E4E9281A9B,0
194,1,2012-08-26 00:00:00.000,0,905F3812-0390-9CB8-CA68-A731102A1C12,1
195,1,2012-08-27 00:00:00.000,0,0D72C3DB-0A24-1026-E770-3AF8648740BD,1
196,1,2012-08-30 00:00:00.000,0,FE10B445-B64C-2A8F-21FA-11C51D28ED25,1
197,1,2012-08-30 00:00:00.000,0,AA5C7261-0178-8D05-3299-67D995F5B57D,1
198,1,2012-08-31 00:00:00.000,0,E1E5118C-9550-7AA6-E81B-B86F277D0FA4,1
199,1,2012-09-01 00:00:00.000,0,C13B6C04-A3AE-73E4-2E07-9F01DD628207,1
200,1,2012-09-03 00:00:00.000,17504,8EE01537-B84A-3E42-B924-05D43EFCE54D,0
201,1,2012-09-03 00:00:00.000,0,686BF3CF-B2BA-FFBB-F576-6ECA0EBC4C6B,1
202,1,2012-09-05 00:00:00.000,17536,7D2721D6-D99C-18C4-5D07-17E31D45AAAA,0
203,3,2012-09-05 00:00:00.000,17543,7D2721D6-D99C-18C4-5D07-17E31D45AAAA,0
204,2,2012-09-06 00:00:00.000,17565,4017FC39-D892-85BC-CD18-2B5A3628E31E,0
205,1,2012-09-06 00:00:00.000,0,1748A33A-FEF5-994F-6554-41671A4E1054,1
206,1,2012-09-07 00:00:00.000,0,3DAD5128-E48E-A1D7-9A57-888BD53DCE39,1
207,2,2012-09-08 00:00:00.000,17613,2778330A-BC33-AD62-3F86-3CCEA9E31BD4,0
208,1,2012-09-09 00:00:00.000,0,69EB82CC-CB50-6A78-447C-A420A7325AD7,1
209,1,2012-09-12 00:00:00.000,0,99403DA8-A091-2B7D-2EE9-01C83887DC75,1
210,5,2012-09-13 00:00:00.000,17718,E390C879-CECF-79EB-1E85-9C7D2A1E3635,0
211,1,2012-09-16 00:00:00.000,0,9F7DAB6C-B895-BC9D-51E1-76FFAB59BE4B,1
212,1,2012-09-18 00:00:00.000,0,0924B677-E2A2-6D9A-491A-57B5F8A6C0EF,1
213,1,2012-09-20 00:00:00.000,0,75CDB142-F1B2-78B5-FF94-F08556156C35,1
214,1,2012-09-23 00:00:00.000,0,86DA4D09-E712-6568-B090-C226F4C49B1F,1
215,1,2012-09-27 00:00:00.000,0,5498E1E7-B917-4D64-5452-21FE13610402,1
216,1,2012-09-27 00:00:00.000,0,94A3AAF0-A961-3640-0B10-0E68155F3565,1
217,1,2012-09-29 00:00:00.000,0,9E55ADF3-E79E-04F1-2D64-D9C790D15443,1
218,1,2012-09-30 00:00:00.000,0,FDF6B4DE-AB1E-2F22-E2C4-497E39EAB671,1
219,1,2012-09-30 00:00:00.000,0,AB8F198E-AA57-B9E7-CE98-A669519F47A4,1
220,5,2012-10-02 00:00:00.000,18076,79B4571D-F5A9-38A1-EE1F-C0932AC88E94,0
221,1,2012-10-02 00:00:00.000,18081,FF6F08DB-B254-1AFC-C30C-165F569E6010,0
222,1,2012-10-04 00:00:00.000,0,9192CDA0-FAB0-16AD-72C7-16B0B4BD90E2,1
223,1,2012-10-04 00:00:00.000,0,CA5ADC07-04F8-B1B3-8767-C82960115C6A,1
224,1,2012-10-05 00:00:00.000,0,C87C6AF6-D891-4637-39EF-B144A2D1C5AB,1
225,1,2012-10-08 00:00:00.000,18216,412CC096-F716-085C-A2D3-E98568B578CA,0
226,1,2012-10-09 00:00:00.000,0,20D59407-DEC7-E8C3-EE0D-D50B542F3FD0,1
227,2,2012-10-15 00:00:00.000,18807,83839E60-B2A6-54B8-D39A-1BCA584F02D6,0
228,2,2012-10-15 00:00:00.000,18809,83839E60-B2A6-54B8-D39A-1BCA584F02D6,0
229,3,2012-10-16 00:00:00.000,18828,83839E60-B2A6-54B8-D39A-1BCA584F02D6,0
230,3,2012-10-16 00:00:00.000,18844,6B9F9DE1-98C7-F4E1-ED21-BA7B8B78745D,0
231,1,2012-10-17 00:00:00.000,0,3090D622-A818-1100-4C38-B783BEB4ED71,1
232,2,2012-10-17 00:00:00.000,18874,6B9F9DE1-98C7-F4E1-ED21-BA7B8B78745D,0
233,1,2012-10-17 00:00:00.000,18878,6F3A3CC5-94DE-030C-999D-898F5C70FEA1,0
234,1,2012-10-17 00:00:00.000,18881,6F3A3CC5-94DE-030C-999D-898F5C70FEA1,0
235,3,2012-10-17 00:00:00.000,18884,6F3A3CC5-94DE-030C-999D-898F5C70FEA1,0
236,5,2012-10-18 00:00:00.000,18911,8F413807-A2C7-C4DA-C583-D45320C4F299,0
237,1,2012-10-18 00:00:00.000,18913,6B9F9DE1-98C7-F4E1-ED21-BA7B8B78745D,0
238,1,2012-10-18 00:00:00.000,0,7320B89A-D2CC-642B-F567-F6E0372C7B01,1
239,1,2012-10-20 00:00:00.000,0,7CF86122-B5CA-DCA4-EE83-12FF3D0CDC37,1
240,1,2012-10-21 00:00:00.000,0,7468745F-DC0E-810F-852C-EC12B5C7E4FE,1
241,1,2012-10-21 00:00:00.000,0,9DB9D4FE-DAED-E084-3E20-5F930E2C639A,1
242,1,2012-10-25 00:00:00.000,0,6C1CF543-C28F-D379-B89F-D34E136D3810,1
243,5,2012-10-30 00:00:00.000,19265,3B43FD8E-A9F3-4B1A-74CC-255ACCD77E11,0
244,1,2012-10-31 00:00:00.000,0,3358C3FE-B166-31F6-24CD-D8133E7318B2,1
245,1,2012-11-03 00:00:00.000,0,18D5621A-F632-45EA-40E0-AC19E5D94761,1
246,2,2012-11-07 00:00:00.000,19409,99E153F5-B5EA-1755-7879-DF707F8F2D84,0
247,1,2012-11-08 00:00:00.000,0,D09D32F8-D072-13BD-51DB-AEA724F23354,1
248,5,2012-11-08 00:00:00.000,19431,8EE4EF4C-0E94-6CB4-E3E0-94C1479FF520,0
249,5,2012-11-08 00:00:00.000,19437,6B9F9DE1-98C7-F4E1-ED21-BA7B8B78745D,0
250,2,2012-11-08 00:00:00.000,19454,E1D96578-ABD8-F13B-A10B-8BA0E8848C97,0
251,5,2012-11-09 00:00:00.000,19462,6B9F9DE1-98C7-F4E1-ED21-BA7B8B78745D,0
252,1,2012-11-09 00:00:00.000,0,19923DAA-B71D-4650-5AE5-9987FF71B4F9,1
253,1,2012-11-09 00:00:00.000,19479,E1D96578-ABD8-F13B-A10B-8BA0E8848C97,0
254,1,2012-11-12 00:00:00.000,0,D6EC88EE-BD6E-2F7F-5BD6-C7C5C117F70F,1
255,5,2012-11-13 00:00:00.000,19549,E1D96578-ABD8-F13B-A10B-8BA0E8848C97,0
256,1,2012-11-14 00:00:00.000,19614,FFF82FC6-99A4-C57F-C6DA-FC75DC5ED666,0
257,3,2012-11-15 00:00:00.000,19627,E1D96578-ABD8-F13B-A10B-8BA0E8848C97,0
258,1,2012-11-19 00:00:00.000,19698,1AEF98C6-DC17-B984-D813-9AC93EF67C90,0
259,5,2012-11-19 00:00:00.000,19698,1AEF98C6-DC17-B984-D813-9AC93EF67C90,0
260,1,2012-11-22 00:00:00.000,0,56B0C71B-A7C1-A1BB-601B-9E9B5AC606BE,1
261,1,2012-11-27 00:00:00.000,0,F7813D7A-A715-DB7B-5E01-782FF5EC0FED,1
262,1,2012-12-02 00:00:00.000,20027,F19066B8-C229-B451-1113-4CAC436BF7EB,0
263,6,2012-12-04 00:00:00.000,20055,47778DB8-B8C8-7FE9-D03D-59636F31D724,0
264,1,2012-12-05 00:00:00.000,0,AEBCEF05-D401-9916-A8F1-817E5EDB6B18,1
265,6,2012-12-05 00:00:00.000,20138,3B43FD8E-A9F3-4B1A-74CC-255ACCD77E11,0
266,1,2012-12-08 00:00:00.000,0,5A37FBB5-9625-EFE4-0CD0-EF671436EE1F,1
267,1,2012-12-11 00:00:00.000,0,FCBC7E6E-DE6A-1397-A512-8AE4662317CB,1
268,1,2012-12-11 00:00:00.000,0,ADC06EC8-DB96-A14A-34BA-DC613A27802D,1
269,1,2012-12-13 00:00:00.000,0,D0203E4C-A874-1941-2118-292EAC0BAAD7,1
270,1,2012-12-16 00:00:00.000,0,EAD713EE-ACEA-17FF-E159-767F9B08B750,1
271,1,2012-12-28 00:00:00.000,0,68532759-D911-AEC2-FB5C-1A63BBBB8E53,1
272,1,2012-12-28 00:00:00.000,0,592718A3-B6F9-710D-839C-1580F026FFD5,1
273,1,2012-12-29 00:00:00.000,0,9B15F2FC-C3B0-A423-48EA-48BFFB0244EA,1
274,1,2012-12-29 00:00:00.000,0,75EACE1E-901D-9BD2-D59C-C1C3966A4F97,1
275,1,2012-12-30 00:00:00.000,0,0DE0564D-BCBC-9A07-7DE5-6160332C8ED6,1
276,1,2012-12-30 00:00:00.000,0,F3264B96-0283-9295-ED3C-D64208FC83A2,1
279,1,2013-01-01 00:00:00.000,0,F149E235-F9F9-8A55-75B2-A2E18B17AD5F,1
280,1,2013-01-01 00:00:00.000,0,6F9F6371-B0A0-3BC6-CE90-8203D4B23742,1
281,1,2013-01-01 00:00:00.000,21166,F7C2BDED-F33F-73EF-C61F-CA6D2B4E8B9B,0
282,1,2013-01-02 00:00:00.000,0,104CB18A-BA7A-ACEB-7E4A-8CFB9C3A74ED,1
283,1,2013-01-03 00:00:00.000,21249,479210FC-E325-00ED-9DA0-4F2CD66DA6F1,0
284,1,2013-01-04 00:00:00.000,0,9D7A14F0-C0E9-78F8-5DA3-0839F5464254,1
285,1,2013-01-11 00:00:00.000,0,50957AD9-CDC6-0DA2-F417-5AE8D78C20ED,1
286,6,2013-01-16 00:00:00.000,21588,45EBF7A1-D314-8332-5020-9B3FE9D22E61,0
287,1,2013-01-22 00:00:00.000,0,7DAE88D8-FEC0-26DE-C3D9-0B6DFD75DC95,1
288,1,2013-01-24 00:00:00.000,0,E1A70F61-A423-BD03-00D4-BA88FE778193,1
290,6,2013-01-25 00:00:00.000,0,592718A3-B6F9-710D-839C-1580F026FFD5,1
291,6,2013-01-26 00:00:00.000,21838,63EECD49-DA71-90DC-2B11-139254D7974E,0
292,6,2013-01-26 00:00:00.000,0,9D7A8794-CAEC-E58D-5328-F3AC5351213C,1
293,1,2013-01-27 00:00:00.000,0,789DE6DE-CDAA-00BE-6E7A-2778F706EA64,1
294,6,2013-01-29 00:00:00.000,21909,DE6E1514-A462-3BED-1DCB-13296D04A669,0
295,6,2013-01-29 00:00:00.000,21910,EDDDFC9E-E363-828F-DED6-C8EB0A63AA4F,0
296,6,2013-01-29 00:00:00.000,21913,D32C22CF-C739-690A-F79F-B3B16B0A8B8D,0
297,6,2013-01-29 00:00:00.000,21917,BB814997-91AC-2D2A-7185-F13279ED789E,0
298,1,2013-01-29 00:00:00.000,21918,5B15EA43-DC9E-F75F-1B4E-61C2AF20A9DA,0
299,6,2013-01-29 00:00:00.000,21921,8F9C6A80-90D3-1B52-7F1B-9D7F553741FB,0
300,6,2013-01-29 00:00:00.000,21922,6D496B50-DAD4-2503-68FE-46F9D5BCE01A,0
301,6,2013-01-29 00:00:00.000,21923,A4A9DEA8-0E15-1079-C0A5-E213AD67E167,0
302,6,2013-01-29 00:00:00.000,21926,90632607-0B57-52B5-EE80-0FDA2A02F35F,0
303,2,2013-01-29 00:00:00.000,21928,90632607-0B57-52B5-EE80-0FDA2A02F35F,0
304,3,2013-01-29 00:00:00.000,21929,90632607-0B57-52B5-EE80-0FDA2A02F35F,0
305,4,2013-01-29 00:00:00.000,21930,90632607-0B57-52B5-EE80-0FDA2A02F35F,0
306,6,2013-01-29 00:00:00.000,21931,8FD8E8E5-96B1-4A2E-13AD-877575241774,0
307,6,2013-01-29 00:00:00.000,21936,27642F3A-B9B2-DE01-2BEA-B2BAFE40370B,0
308,6,2013-01-29 00:00:00.000,21939,E4E491F7-F821-283E-D2FD-5AE702ADD1FD,0
309,6,2013-01-30 00:00:00.000,21948,D182B72D-0FF6-C66F-2EA9-AB91E03C4EAA,0
310,1,2013-01-30 00:00:00.000,0,0337C78B-B73A-C376-F692-AC0BAFC97A5E,1
311,6,2013-01-30 00:00:00.000,21958,10249B67-FA47-FE8A-CC4B-FD11E1B3712E,0
312,6,2013-01-30 00:00:00.000,21960,DC237190-DAE8-5484-B88B-01A99AD18AA8,0
313,6,2013-01-30 00:00:00.000,21965,11041567-C874-A51B-D4ED-4C33FD5FDC0F,0
314,6,2013-01-31 00:00:00.000,21992,1020404D-A328-CBFA-994E-75057E2882EF,0
315,1,2013-02-07 00:00:00.000,0,83116C03-F222-41A4-1BFF-D93754F6C1D6,1
316,1,2013-02-11 00:00:00.000,22237,BBDC3DD2-FCBC-93CF-6E78-CF933346D349,0
317,1,2013-02-11 00:00:00.000,22261,CAEACA14-AD4F-B1F7-D17D-3C911644847A,0
318,1,2013-02-13 00:00:00.000,0,A12B0C31-B3B7-C62C-1E50-53AE3EE09BE9,1
319,1,2013-02-14 00:00:00.000,22342,7D643882-0669-60A6-0B7A-BF56351462B5,0
320,6,2013-02-16 00:00:00.000,22411,3504FF87-9CA2-9E87-7AEE-FCC7951C1707,0
321,6,2013-02-19 00:00:00.000,22501,FCBDCC01-A064-80DC-AEAE-3FEC48D0E1EF,0
322,1,2013-02-20 00:00:00.000,0,F2B271AD-F7D2-A4A7-6A1E-C5A0E08280CF,1
323,1,2013-02-24 00:00:00.000,0,C2923C7D-EBF0-4B9F-9ED4-A24D73A4E1AF,1
324,1,2013-02-24 00:00:00.000,0,787ABE7C-06E8-2B7B-BBE4-59E13CA00456,1
325,1,2013-02-28 00:00:00.000,0,CBBFE311-F45D-CD26-72C5-58A09206BD13,1
326,1,2013-02-28 00:00:00.000,0,A31C479C-DA8C-96EE-2F40-40719B6241C3,1
327,7,2013-03-02 00:00:00.000,22976,47778DB8-B8C8-7FE9-D03D-59636F31D724,0
328,7,2013-03-04 00:00:00.000,23012,3B43FD8E-A9F3-4B1A-74CC-255ACCD77E11,0
329,1,2013-03-04 00:00:00.000,0,1936B4EC-F6B7-5FA1-2CEE-93A97E58EF17,1
330,1,2013-03-06 00:00:00.000,0,5B03E2C6-CF4C-6F61-E549-2E78EEE536B3,1
331,1,2013-03-07 00:00:00.000,0,1047A83A-A3EB-F534-2D37-3199FB3E5834,1
332,1,2013-03-07 00:00:00.000,0,2E6AE822-92F1-EA4B-E9B0-7A45B4D0ACB7,1
333,1,2013-03-07 00:00:00.000,0,D1B823F3-F708-0CAF-D65F-B34DD8820D59,1
334,1,2013-03-07 00:00:00.000,0,0F990B20-F08E-035B-B804-9F95CA8193D2,1
335,1,2013-03-07 00:00:00.000,23105,3CD3FE59-A80D-0951-18C5-DDF44111E92D,0
336,1,2013-03-08 00:00:00.000,0,53E11091-DD26-C2E9-3542-B63976767B39,1
337,1,2013-03-12 00:00:00.000,0,C89E2DF9-DF4E-2108-B2DA-5C4FD8404503,1
338,7,2013-03-13 00:00:00.000,23224,03704A83-CD7A-86EF-B14D-1C108C424403,0
339,7,2013-03-18 00:00:00.000,0,D182B72D-0FF6-C66F-2EA9-AB91E03C4EAA,1
340,7,2013-03-18 00:00:00.000,0,53181B04-EDA6-14D1-0B32-0068F276F8AB,1
341,6,2013-03-18 00:00:00.000,23318,53181B04-EDA6-14D1-0B32-0068F276F8AB,0
342,7,2013-03-18 00:00:00.000,0,D1C11103-CD9C-DE71-BF8E-1CA376AC5A29,1
343,7,2013-03-20 00:00:00.000,0,F7813D7A-A715-DB7B-5E01-782FF5EC0FED,1
344,1,2013-03-20 00:00:00.000,0,D1C11103-CD9C-DE71-BF8E-1CA376AC5A29,1
345,7,2013-03-21 00:00:00.000,0,0535B61A-C335-BD9E-E206-02744E634175,1
346,7,2013-03-22 00:00:00.000,0,A93EB01D-A5F5-53B3-1B6D-5A70D905AF01,1
347,7,2013-03-23 00:00:00.000,0,6F9F6371-B0A0-3BC6-CE90-8203D4B23742,1
348,7,2013-03-24 00:00:00.000,0,99E153F5-B5EA-1755-7879-DF707F8F2D84,1
349,1,2013-03-25 00:00:00.000,0,1182183C-C220-1B9E-A0F1-098D7430A860,1
350,7,2013-03-25 00:00:00.000,0,1182183C-C220-1B9E-A0F1-098D7430A860,1
351,7,2013-03-25 00:00:00.000,0,3404535B-FEB6-DAC3-6436-2C934797324E,1
352,1,2013-03-25 00:00:00.000,0,30C8D84C-A8B7-578C-0B9A-ABD080DC10FB,1
353,7,2013-03-27 00:00:00.000,0,DBBBB468-D698-F97C-C715-A8D1FB67238A,1
355,7,2013-03-27 00:00:00.000,0,787ABE7C-06E8-2B7B-BBE4-59E13CA00456,1
356,7,2013-03-28 00:00:00.000,0,86DA4D09-E712-6568-B090-C226F4C49B1F,1
357,7,2013-03-29 00:00:00.000,0,9A160535-C59A-DE3C-7406-D1C44A08A5A5,1
358,7,2013-03-31 00:00:00.000,23677,29DD8A76-FC1E-DDC6-8B48-8436233A8F96,0
359,7,2013-04-01 00:00:00.000,0,CBBFE311-F45D-CD26-72C5-58A09206BD13,1
360,5,2013-04-01 00:00:00.000,23683,1646DCB2-BE64-5F93-3766-C83EB5E1CAD0,0
361,5,2013-04-01 00:00:00.000,23684,D5A9ED4A-01F5-6FDA-14CF-2D1FF42077F3,0
362,7,2013-04-01 00:00:00.000,23686,067A37BD-EF63-96FC-98B4-46002167003F,0
363,7,2013-04-01 00:00:00.000,23687,6CA3D58D-F702-9393-1754-B9186BA2E39C,0
364,7,2013-04-01 00:00:00.000,23688,090CE16D-0E55-3988-8CBB-01B7F56E5791,0
365,7,2013-04-01 00:00:00.000,23689,0945DF31-0F50-A3EC-B473-50D8856274E6,0
366,7,2013-04-01 00:00:00.000,23690,D3A6C37A-ACB9-7EDB-2F25-C69060DFE29E,0
367,7,2013-04-01 00:00:00.000,23691,FAB77806-FE3A-B997-41F6-41E1D45D80F8,0
368,7,2013-04-01 00:00:00.000,23692,9133C45D-C173-5B3E-C570-B874CAF6E1A4,0
369,7,2013-04-01 00:00:00.000,23693,DE4CE24D-FDBA-995E-7D36-8D2C2F444A00,0
370,7,2013-04-01 00:00:00.000,23694,FEC878F6-F0A2-433D-E94A-90214CDD0CF0,0
371,7,2013-04-01 00:00:00.000,23695,4D03355E-0927-9B03-ECD7-C68127FF247F,0
372,7,2013-04-01 00:00:00.000,23696,F0B309CC-C516-C93F-BB66-059AA615EB44,0
373,7,2013-04-01 00:00:00.000,23697,4962A5B0-C99F-559A-55A5-BC4A53F2A39E,0
374,7,2013-04-01 00:00:00.000,23698,5753D463-E811-723C-2271-4D9BF6EF0D83,0
375,7,2013-04-01 00:00:00.000,23699,BC66593F-FCFD-4A12-117E-CB8B9842D8BB,0
376,7,2013-04-01 00:00:00.000,23700,0337C78B-B73A-C376-F692-AC0BAFC97A5E,0
377,7,2013-04-01 00:00:00.000,23701,F7E7F8D3-D13B-7FE4-8F3E-018D8761E1CF,0
378,7,2013-04-01 00:00:00.000,23702,D8636C7D-F9AF-1B70-6848-7114ECEF2EF5,0
379,7,2013-04-01 00:00:00.000,23703,EE44880F-F2FD-D781-44B0-5A8E97745393,0
380,7,2013-04-01 00:00:00.000,23704,46E54284-A76C-611D-4CB1-78D727B621AC,0
381,7,2013-04-01 00:00:00.000,23705,90374CFF-DA19-6053-6167-E86B7872C39E,0
382,7,2013-04-01 00:00:00.000,23706,FDF6B4DE-AB1E-2F22-E2C4-497E39EAB671,0
383,7,2013-04-01 00:00:00.000,23707,750F490A-0184-31F0-9B0C-B0E93580F739,0
384,7,2013-04-01 00:00:00.000,23708,9C02177A-02FD-74FE-330D-4B4DA3CCE282,0
385,7,2013-04-01 00:00:00.000,23709,3504FF87-9CA2-9E87-7AEE-FCC7951C1707,0
386,7,2013-04-01 00:00:00.000,23710,B6386689-CD43-7850-B712-162CE21737CF,0
387,7,2013-04-01 00:00:00.000,23711,78E1403E-C601-7547-295A-5A53625237F9,0
388,7,2013-04-01 00:00:00.000,23712,8B3A254B-C6DC-CAFF-E42D-C0AF3F58CEB8,0
389,7,2013-04-01 00:00:00.000,23713,7DEBBE84-D3E6-3459-D696-5429B602BAA9,0
390,7,2013-04-01 00:00:00.000,23714,592718A3-B6F9-710D-839C-1580F026FFD5,0
391,7,2013-04-01 00:00:00.000,23715,B0D2B01C-9510-CDAA-896B-81BAF46250BB,0
392,7,2013-04-01 00:00:00.000,23716,1748A33A-FEF5-994F-6554-41671A4E1054,0
393,7,2013-04-01 00:00:00.000,23717,FB7B7D3D-E213-16CF-B96A-DFE051A87719,0
394,7,2013-04-01 00:00:00.000,23718,4146AC89-032A-5923-7A9A-EF3DA931669E,0
395,7,2013-04-01 00:00:00.000,23719,2B901E8F-EC8C-D677-8293-F40BEACA8427,0
396,7,2013-04-01 00:00:00.000,23720,A298EE3C-9968-967B-91FE-83584AB112F1,0
397,7,2013-04-01 00:00:00.000,23721,9E4771D9-FF0B-FA48-1E2A-6C7021797CC2,0
398,7,2013-04-01 00:00:00.000,23722,8EE236F0-0698-3E95-C5A3-951611EC2CFE,0
399,7,2013-04-01 00:00:00.000,23723,6A1B7CF9-9EB3-412F-63D5-0631F59C4FB8,0
400,7,2013-04-01 00:00:00.000,23724,6F2DC764-A375-33E1-2F6F-28D1023C30E6,0
401,7,2013-04-01 00:00:00.000,23725,F2B271AD-F7D2-A4A7-6A1E-C5A0E08280CF,0
402,7,2013-04-01 00:00:00.000,23726,55341089-D47E-0D7A-1F4B-7917B1D041EA,0
403,7,2013-04-01 00:00:00.000,23727,3D6CCCA2-F436-7D90-845B-DCD67BE6BB6A,0
404,7,2013-04-01 00:00:00.000,23728,5F60D9AE-A05D-9515-D421-F45A4F5844C1,0
405,7,2013-04-01 00:00:00.000,23729,90691C68-CEC5-614C-8C04-5F6BA6129D43,0
406,7,2013-04-01 00:00:00.000,23730,CAEACA14-AD4F-B1F7-D17D-3C911644847A,0
407,7,2013-04-01 00:00:00.000,23731,83591EF1-ACE3-839D-C1F3-E164AE38E54D,0
408,7,2013-04-01 00:00:00.000,23732,7631EBE9-FF79-84B6-BD3C-9932CE7484AC,0
409,7,2013-04-01 00:00:00.000,23733,10249B67-FA47-FE8A-CC4B-FD11E1B3712E,0
410,7,2013-04-01 00:00:00.000,23734,AA196C17-B949-57F8-C1D0-D92DE5FEE2C1,0
411,7,2013-04-01 00:00:00.000,23735,1C504BF3-EBDC-0F1D-B6F3-D9F117456790,0
412,7,2013-04-01 00:00:00.000,23736,9192CDA0-FAB0-16AD-72C7-16B0B4BD90E2,0
413,7,2013-04-01 00:00:00.000,23737,D0203E4C-A874-1941-2118-292EAC0BAAD7,0
414,7,2013-04-01 00:00:00.000,23738,9D7A8794-CAEC-E58D-5328-F3AC5351213C,0
415,7,2013-04-01 00:00:00.000,23739,DA7107F5-0BF0-02F5-6EAE-EB19A0018672,0
416,7,2013-04-01 00:00:00.000,23740,506FF133-CC08-BEDC-579E-4A636D2A88F2,0
417,7,2013-04-01 00:00:00.000,23741,9212F566-E089-1A00-7B4A-41A3945AE5D3,0
418,7,2013-04-01 00:00:00.000,23742,F3F94906-C8DF-0154-A1DD-A6393C0E282B,0
419,7,2013-04-01 00:00:00.000,23743,A3667148-93AD-FE54-C35F-A247520C7F01,0
420,7,2013-04-01 00:00:00.000,23744,903C7E01-CA89-6637-D342-C667FCDD2284,0
421,7,2013-04-01 00:00:00.000,23745,0C01A668-D1AF-471C-B0D7-6CA043137E5A,0
422,7,2013-04-01 00:00:00.000,23746,45B81AD6-EFB4-147A-BD76-33CB564AD07D,0
423,7,2013-04-01 00:00:00.000,23747,718AC021-B8E5-BA92-8416-76D833420AB2,0
424,7,2013-04-01 00:00:00.000,23748,4E707B56-A29F-3301-E292-87553687DD7F,0
425,7,2013-04-01 00:00:00.000,23749,AA8D3691-06B5-1DBE-532F-DFF62E437363,0
426,7,2013-04-01 00:00:00.000,23750,6CDE3A6B-C894-D5F3-1221-79971BD3BA4A,0
427,7,2013-04-01 00:00:00.000,23751,7CF86122-B5CA-DCA4-EE83-12FF3D0CDC37,0
428,7,2013-04-01 00:00:00.000,23752,ADC06EC8-DB96-A14A-34BA-DC613A27802D,0
429,7,2013-04-01 00:00:00.000,23753,CD9DA157-FCD2-12B6-4CB8-A90F349C24D7,0
430,7,2013-04-01 00:00:00.000,23754,F95553B0-C322-D4BB-9983-8CF79887A515,0
431,7,2013-04-01 00:00:00.000,23755,61E148C6-D3FA-14F5-9359-AA481FC24316,0
432,7,2013-04-01 00:00:00.000,23756,CF14A5A1-CB21-30F5-5AB9-CD1E4550B086,0
433,7,2013-04-01 00:00:00.000,23757,3358C3FE-B166-31F6-24CD-D8133E7318B2,0
434,7,2013-04-01 00:00:00.000,23758,5B03E2C6-CF4C-6F61-E549-2E78EEE536B3,0
435,7,2013-04-01 00:00:00.000,23759,260D8BD7-DD49-E1CD-C10F-7D2F3A542381,0
436,7,2013-04-01 00:00:00.000,23760,CD4BC6C2-0A0A-48D1-ECF6-678D173EE06F,0
437,7,2013-04-01 00:00:00.000,23761,3AA32C5D-BAC4-6932-5A43-69BF91193A02,0
438,7,2013-04-01 00:00:00.000,23762,A892204A-B54D-5224-EB1E-9F4345CD60F5,0
439,7,2013-04-01 00:00:00.000,23763,96D6B266-E9BE-BC6D-358D-789AE078123F,0
440,7,2013-04-01 00:00:00.000,23764,D9504420-F030-90A1-B236-BD06C7BF0BDA,0
441,7,2013-04-01 00:00:00.000,23765,8F9C6A80-90D3-1B52-7F1B-9D7F553741FB,0
442,7,2013-04-01 00:00:00.000,23766,5D8652B8-0555-9A19-73C0-36B270B75B59,0
443,7,2013-04-01 00:00:00.000,23767,87A7D29C-A9F0-A65E-4DC8-5093C8BC2B33,0
444,7,2013-04-01 00:00:00.000,23768,D6B000DF-0D3C-501A-AE71-3B96FA86CC39,0
445,7,2013-04-01 00:00:00.000,23769,AB8F198E-AA57-B9E7-CE98-A669519F47A4,0
446,7,2013-04-01 00:00:00.000,23770,D83F45CC-F0E2-AB79-0962-36B8FBA0111F,0
447,7,2013-04-01 00:00:00.000,23771,5A37FBB5-9625-EFE4-0CD0-EF671436EE1F,0
448,7,2013-04-01 00:00:00.000,23772,30C8D84C-A8B7-578C-0B9A-ABD080DC10FB,0
449,7,2013-04-01 00:00:00.000,23773,6C1CF543-C28F-D379-B89F-D34E136D3810,0
450,7,2013-04-01 00:00:00.000,23774,EDDDFC9E-E363-828F-DED6-C8EB0A63AA4F,0
451,7,2013-04-01 00:00:00.000,23775,FA4F7097-98DA-859C-B35E-5A62FA686C3D,0
452,7,2013-04-01 00:00:00.000,23776,921B14EC-B9BA-A3A5-9B4E-74FF4E3CB13E,0
453,7,2013-04-01 00:00:00.000,23777,F16BDD28-C210-2513-AD7A-F5FBD2BCB051,0
454,7,2013-04-01 00:00:00.000,23778,0D72C3DB-0A24-1026-E770-3AF8648740BD,0
455,7,2013-04-01 00:00:00.000,23779,8D31DA0A-E52A-6CB3-360B-F6B53E7DCA44,0
456,7,2013-04-01 00:00:00.000,23780,9CF2E353-E5B8-7A2D-3DB2-5785D0B47CE0,0
457,7,2013-04-01 00:00:00.000,23781,3E5E79F2-DC8A-77E0-DCD7-B0B3F90A42D7,0
458,7,2013-04-01 00:00:00.000,23782,114927D8-91F3-F373-092B-6CE931774F83,0
459,7,2013-04-01 00:00:00.000,23783,DD0CBF37-A09B-78FC-7608-E7E7066208CE,0
460,7,2013-04-01 00:00:00.000,23784,98426D7C-A1FF-C6D9-87B7-337A20EAC758,0
461,7,2013-04-01 00:00:00.000,23785,8D798C5F-D332-7309-2D7A-E50E3B629061,0
462,7,2013-04-01 00:00:00.000,23786,DE904D50-9A5C-D382-8C86-117E1062B252,0
463,7,2013-04-01 00:00:00.000,23787,CDC61D74-06F3-D078-4B83-8089922C029A,0
464,7,2013-04-01 00:00:00.000,23788,C89E2DF9-DF4E-2108-B2DA-5C4FD8404503,0
465,7,2013-04-01 00:00:00.000,23789,FC40D986-FC01-E628-408C-F0ABB96BF624,0
466,7,2013-04-01 00:00:00.000,23790,92F69613-919A-BFDB-1F46-71751CDC4DE1,0
467,7,2013-04-01 00:00:00.000,23791,DFACC983-E544-2B1B-8CE1-9D38411B3BC6,0
468,7,2013-04-01 00:00:00.000,23792,D51605B4-0413-6BED-B038-BBA7A1386231,0
469,7,2013-04-01 00:00:00.000,23793,26143E61-AC7C-07CC-0432-BD1BC4EF9525,0
470,7,2013-04-01 00:00:00.000,23794,0BD156C1-0F31-FCD6-83E2-95CF125DADA3,0
471,7,2013-04-01 00:00:00.000,23795,31BEFDB5-B585-E97D-E968-427085FDDF50,0
472,7,2013-04-01 00:00:00.000,23796,B13EC734-C4E0-A3EA-2F8B-49F7EB13ECF5,0
473,7,2013-04-01 00:00:00.000,23797,FCBC7E6E-DE6A-1397-A512-8AE4662317CB,0
474,7,2013-04-01 00:00:00.000,23798,75EACE1E-901D-9BD2-D59C-C1C3966A4F97,0
475,7,2013-04-01 00:00:00.000,23799,D678B208-ACC6-D967-31D1-F18965AF6809,0
476,7,2013-04-01 00:00:00.000,23800,F4860CFF-BC84-0093-AFA8-38E21A677AB7,0
477,7,2013-04-01 00:00:00.000,23801,948AD43E-B82C-49F9-0442-DFD08512F288,0
478,7,2013-04-01 00:00:00.000,23802,0C8E0919-BD96-35CD-A084-9C2515BF3C10,0
479,7,2013-04-01 00:00:00.000,23803,94A3AAF0-A961-3640-0B10-0E68155F3565,0
480,7,2013-04-01 00:00:00.000,23804,D60C8E31-0CF8-49E3-8A24-75348AC1FE09,0
481,7,2013-04-01 00:00:00.000,23805,E1E5118C-9550-7AA6-E81B-B86F277D0FA4,0
482,7,2013-04-01 00:00:00.000,23806,AE73636D-EA07-F615-2CB8-C9C77A86B25B,0
483,7,2013-04-01 00:00:00.000,23807,C87C6AF6-D891-4637-39EF-B144A2D1C5AB,0
484,7,2013-04-01 00:00:00.000,23808,47B86699-EDB1-9A68-4191-E72FE3F2FF87,0
485,7,2013-04-01 00:00:00.000,23809,B9CC2DA3-AD66-34BA-B88B-945168030AF0,0
486,7,2013-04-01 00:00:00.000,23810,33E41CC1-9FAF-D9D3-1421-A8CE4DE5891C,0
487,7,2013-04-01 00:00:00.000,23811,E1A035D0-CC17-912A-F206-407928AC91DB,0
488,7,2013-04-01 00:00:00.000,23812,86F554F0-AAEE-3FED-52A7-A307CF7A5614,0
489,7,2013-04-01 00:00:00.000,23813,5498E1E7-B917-4D64-5452-21FE13610402,0
490,7,2013-04-01 00:00:00.000,23814,8EDF10ED-057D-6395-49A9-72C14463F8B6,0
491,7,2013-04-01 00:00:00.000,23815,11041567-C874-A51B-D4ED-4C33FD5FDC0F,0
492,7,2013-04-01 00:00:00.000,23816,C090D8CA-A4E7-FB3B-3CDC-A3372DDCA57F,0
493,7,2013-04-01 00:00:00.000,23817,E7100165-BA92-3F33-3244-00C1EC3C3F60,0
494,7,2013-04-01 00:00:00.000,23818,B7E856ED-BBD5-C668-97F9-894A9398BC81,0
495,7,2013-04-01 00:00:00.000,23819,95C05C0B-D99A-5756-C209-FB739D2944DE,0
496,7,2013-04-01 00:00:00.000,23820,6D496B50-DAD4-2503-68FE-46F9D5BCE01A,0
497,7,2013-04-01 00:00:00.000,23821,F149E235-F9F9-8A55-75B2-A2E18B17AD5F,0
498,7,2013-04-01 00:00:00.000,23822,5619EAB3-CD36-F656-B23A-1F55243290D3,0
499,7,2013-04-01 00:00:00.000,23823,A4639A51-9BB3-E423-7743-AA06C644FCFC,0
500,7,2013-04-01 00:00:00.000,23824,3DAD5128-E48E-A1D7-9A57-888BD53DCE39,0
501,7,2013-04-01 00:00:00.000,23825,E1A70F61-A423-BD03-00D4-BA88FE778193,0
502,7,2013-04-01 00:00:00.000,23826,B50917F4-A543-EAB9-4681-A6B84C9747FA,0
503,7,2013-04-01 00:00:00.000,23827,BDE71AE3-9296-E1D7-96B4-AED919A6266B,0
504,7,2013-04-01 00:00:00.000,23828,7E7DC308-0E75-07FC-8927-C439C0E2D0FA,0
505,7,2013-04-01 00:00:00.000,23829,CEC1AABB-B899-1C1E-2EF1-1A68A2424051,0
506,7,2013-04-01 00:00:00.000,23830,90DDAD22-C2CF-F9E8-CC21-381C6F28AACF,0
507,7,2013-04-01 00:00:00.000,23831,D09D32F8-D072-13BD-51DB-AEA724F23354,0
508,7,2013-04-01 00:00:00.000,23832,92E3AC5B-F1C8-B806-881D-251AA0C6D2BA,0
509,7,2013-04-01 00:00:00.000,23833,8FB90453-D833-2B6E-9D7B-043621E25956,0
510,7,2013-04-01 00:00:00.000,23834,92D7179E-BAE4-94E4-0C3D-C5EF02A3EF8E,0
511,7,2013-04-01 00:00:00.000,23835,4E487399-9280-0F67-ABD8-FF58AC62C5E0,0
512,7,2013-04-01 00:00:00.000,23836,DF963195-E442-D0B7-D991-03D3EE5484C4,0
513,7,2013-04-01 00:00:00.000,23837,C13B6C04-A3AE-73E4-2E07-9F01DD628207,0
514,7,2013-04-01 00:00:00.000,23838,940EDC5E-A5F5-50EB-D88D-11F5C678C679,0
515,7,2013-04-01 00:00:00.000,23839,8F413807-A2C7-C4DA-C583-D45320C4F299,0
516,7,2013-04-01 00:00:00.000,23840,9AD5F4BA-B52A-2C7A-6B60-431E7EB31F5C,0
517,7,2013-04-01 00:00:00.000,23841,FA429BB9-BD73-C5B5-244D-18FA3E4084EE,0
518,7,2013-04-01 00:00:00.000,23842,098D9412-A545-8585-1927-0A4CBC26C232,0
519,7,2013-04-01 00:00:00.000,23843,200E34FA-DC21-C03E-B3FB-D870185FB20A,0
520,7,2013-04-01 00:00:00.000,23844,CD2FC7E5-0E86-8562-F0BB-5079500E7ADC,0
521,7,2013-04-01 00:00:00.000,23845,6FCC1336-B47F-C258-64B0-6593D0118F54,0
522,7,2013-04-01 00:00:00.000,23846,99F9B65F-E56A-F487-272E-74FCC0C973B7,0
523,7,2013-04-01 00:00:00.000,23847,2BCEA406-D9C0-B725-71E9-9323723F460A,0
524,7,2013-04-01 00:00:00.000,23848,9D9328B9-0B67-1E62-F940-FED52E08A965,0
525,7,2013-04-01 00:00:00.000,23849,E9038EE9-9E03-28C7-1842-385337854720,0
526,7,2013-04-01 00:00:00.000,23850,B26398FC-9208-9A3E-47E1-BC0C3C5CF4C2,0
527,7,2013-04-01 00:00:00.000,23851,9D5834BD-EA8F-17F2-FD27-3A2CD0986B8E,0
528,7,2013-04-01 00:00:00.000,23852,9511CBBC-D84E-96E7-A571-4B554FF215FA,0
529,7,2013-04-01 00:00:00.000,23853,E17C7E81-E5B0-8E88-942D-5C1DE4FE02A5,0
530,7,2013-04-01 00:00:00.000,23854,8EE5090C-EA45-AB82-7A4A-47544F384A2B,0
531,7,2013-04-01 00:00:00.000,23855,D6EC88EE-BD6E-2F7F-5BD6-C7C5C117F70F,0
532,7,2013-04-01 00:00:00.000,23856,1EE7723C-C111-535F-80C4-EF2BF7289EF6,0
533,7,2013-04-01 00:00:00.000,23857,B7B7E44D-BEC0-237B-60CE-6D954F80ED8D,0
534,7,2013-04-01 00:00:00.000,23858,83116C03-F222-41A4-1BFF-D93754F6C1D6,0
535,7,2013-04-01 00:00:00.000,23859,907D8099-E3FD-8D4C-266A-6EC872603CE3,0
536,7,2013-04-01 00:00:00.000,23860,C9954B78-A346-D604-025E-C82BBBB3DD0A,0
537,7,2013-04-01 00:00:00.000,23861,270CC343-05C2-015A-AFC1-9F763E3BA0DE,0
538,7,2013-04-01 00:00:00.000,23862,D1B823F3-F708-0CAF-D65F-B34DD8820D59,0
539,7,2013-04-01 00:00:00.000,23863,7325BF7E-D40D-516E-3665-6D1E9FC6F042,0
540,7,2013-04-01 00:00:00.000,23864,9E55ADF3-E79E-04F1-2D64-D9C790D15443,0
541,7,2013-04-01 00:00:00.000,23865,902B1405-F20E-68C6-09B3-F98FABFCD39C,0
542,7,2013-04-01 00:00:00.000,23866,3D8602B7-CC56-8FC8-8268-3BF6475306BE,0
543,7,2013-04-01 00:00:00.000,23867,BB814997-91AC-2D2A-7185-F13279ED789E,0
544,7,2013-04-01 00:00:00.000,23868,D66E3D78-F4F7-1C61-9C48-AD2B78DBE9C1,0
545,7,2013-04-01 00:00:00.000,23869,B4DAAD7B-CA71-529E-1FD2-DDB49CC03C14,0
546,7,2013-04-01 00:00:00.000,23870,3160E4FE-D9D3-5DDF-3F33-0BB275F2BD75,0
547,7,2013-04-01 00:00:00.000,23871,59AAEA7B-D7D0-8527-7BD3-686CACCC676E,0
548,7,2013-04-01 00:00:00.000,23872,AE7F0894-B2E0-A06D-9812-D2766731704E,0
549,7,2013-04-01 00:00:00.000,23873,AED1E315-A47B-503C-5645-983BC5F2DEC7,0
550,7,2013-04-01 00:00:00.000,23874,0924B677-E2A2-6D9A-491A-57B5F8A6C0EF,0
551,7,2013-04-01 00:00:00.000,23875,AE541486-E4E0-9182-3227-42EE27F0447F,0
552,7,2013-04-01 00:00:00.000,23876,B4150ECE-D38E-11FC-621E-460DA3564904,0
553,7,2013-04-01 00:00:00.000,23877,A916FB1B-C389-F3C7-B737-291BCCFC785E,0
554,7,2013-04-01 00:00:00.000,23878,AEBCEF05-D401-9916-A8F1-817E5EDB6B18,0
555,7,2013-04-01 00:00:00.000,23879,48B8AED1-AD27-B4A9-C24A-2EA46F62FD3E,0
556,7,2013-04-01 00:00:00.000,23880,4A23F3F4-D646-A0C1-3F92-BB25CBA970D4,0
557,7,2013-04-01 00:00:00.000,23881,A31C479C-DA8C-96EE-2F40-40719B6241C3,0
558,7,2013-04-01 00:00:00.000,23882,AD9413E1-EE49-047C-BF23-021A52260285,0
559,7,2013-04-01 00:00:00.000,23883,58B76D4C-0B1E-DD83-D2C5-DEA62E52D67D,0
560,7,2013-04-01 00:00:00.000,23884,7C72FDB4-C793-B996-0FB3-093329B2FC34,0
561,7,2013-04-01 00:00:00.000,23885,4981BB70-D569-2107-4C22-9D95A50C031C,0
562,7,2013-04-01 00:00:00.000,23886,073D7D71-F328-57FE-AB5B-2D6C5798084C,0
563,7,2013-04-01 00:00:00.000,23887,94B117C6-B2A5-799D-1589-1D85D5A477E4,0
564,7,2013-04-01 00:00:00.000,23888,2E6AE822-92F1-EA4B-E9B0-7A45B4D0ACB7,0
565,7,2013-04-01 00:00:00.000,23889,17153E20-F8BA-276A-AAFE-CD6D92BF6849,0
566,7,2013-04-01 00:00:00.000,23890,6C63843E-C550-22F9-D754-EC849741D5B0,0
567,7,2013-04-01 00:00:00.000,23891,F9C2B60E-F0FF-3C77-615D-B499A2DD74DA,0
568,7,2013-04-01 00:00:00.000,23892,491361B0-EBFE-C6CB-4324-DD3F641A14AA,0
569,7,2013-04-01 00:00:00.000,23893,90AD3550-F9FD-8B2E-81C6-70E811CFCB84,0
570,7,2013-04-01 00:00:00.000,23894,48724B54-A2FB-4BAA-15BD-49825F16FF15,0
571,7,2013-04-01 00:00:00.000,23895,B61B34F2-F3CB-1B45-F4A8-FE49E3302A6A,0
572,7,2013-04-01 00:00:00.000,23896,123E7C46-9882-B2CE-4C4C-9C0F4B37A087,0
573,7,2013-04-01 00:00:00.000,23897,ECEB2412-0D93-FBB1-D5B7-D041DA90F558,0
574,7,2013-04-01 00:00:00.000,23898,F9DE4756-DC2F-6466-307A-9E3329492EFF,0
575,7,2013-04-01 00:00:00.000,23899,0FB71CC2-9CF3-0340-D352-A8CAF385B348,0
576,7,2013-04-01 00:00:00.000,23900,3148C817-9BE9-4316-3B1F-4B7856B2F1EE,0
577,7,2013-04-01 00:00:00.000,23901,ADCFDA97-9A89-A762-6601-B5D33C0E165C,0
578,7,2013-04-01 00:00:00.000,23902,D13A771C-EE07-B409-4CC5-691BAA016D90,0
579,7,2013-04-01 00:00:00.000,23903,01B2FD68-CBF1-1B58-1A47-B19A7F1168C8,0
580,7,2013-04-01 00:00:00.000,23904,8EB529BF-FF32-D0FD-72E8-E7E55FF55F6A,0
581,7,2013-04-01 00:00:00.000,23905,A148FA13-B439-371C-9EF4-44BF01EA0EF2,0
582,7,2013-04-01 00:00:00.000,23906,9F7DAB6C-B895-BC9D-51E1-76FFAB59BE4B,0
583,7,2013-04-01 00:00:00.000,23907,8F284E49-A876-0EE7-A4A1-2A6868505B85,0
584,7,2013-04-01 00:00:00.000,23908,B3E3036D-AB0A-CD20-48BA-C43DD5ACB0FD,0
585,7,2013-04-01 00:00:00.000,23909,E536A84B-E037-F14C-C628-E8F2732BBA7C,0
586,7,2013-04-01 00:00:00.000,23910,A774147C-0246-5342-79B7-80BB916F9F34,0
587,7,2013-04-01 00:00:00.000,23911,CD67D8B3-AE34-3D5C-F940-B76177141D96,0
588,7,2013-04-01 00:00:00.000,23912,5216A92B-096B-F131-DA0A-276BEEC3E1D4,0
589,7,2013-04-01 00:00:00.000,23913,8ECA11DE-00C8-F196-74C4-0809240B2531,0
590,7,2013-04-01 00:00:00.000,23914,50957AD9-CDC6-0DA2-F417-5AE8D78C20ED,0
591,7,2013-04-01 00:00:00.000,23915,5947DDEA-9902-1126-613F-46CA9DD01C7F,0
592,7,2013-04-01 00:00:00.000,23916,93226CC6-A1A0-C614-BA69-A7C748D323FF,0
593,7,2013-04-01 00:00:00.000,23917,9080FB9E-98A2-BA2D-BB37-88A54AC7333A,0
594,7,2013-04-01 00:00:00.000,23918,5C4D1EBC-043A-24E1-09A4-52922486D083,0
595,7,2013-04-01 00:00:00.000,23919,2778330A-BC33-AD62-3F86-3CCEA9E31BD4,0
596,7,2013-04-01 00:00:00.000,23920,AC7228A9-F514-4254-215A-834E8D4B3BD4,0
597,7,2013-04-01 00:00:00.000,23921,600BCBD6-9A4C-FDF4-6450-5AA154F0B299,0
598,7,2013-04-01 00:00:00.000,23922,9D7A14F0-C0E9-78F8-5DA3-0839F5464254,0
599,7,2013-04-01 00:00:00.000,23923,AE2BAF66-B110-26C8-19EB-947A6794839E,0
600,7,2013-04-01 00:00:00.000,23924,1047A83A-A3EB-F534-2D37-3199FB3E5834,0
601,7,2013-04-01 00:00:00.000,23925,7564B501-F780-196B-5673-6EB88DF39A74,0
602,7,2013-04-01 00:00:00.000,23926,14B51B72-BA0F-3945-6236-A48DD76076DE,0
603,7,2013-04-01 00:00:00.000,23927,20C2193C-FC47-A8DB-6E8F-58F0BCC7CB9E,0
604,7,2013-04-01 00:00:00.000,23928,9ECCF6D8-00A9-FD6F-9F65-5363EB4FB611,0
605,7,2013-04-01 00:00:00.000,23929,7E939E18-C71F-393D-2E1D-90F9211512E8,0
606,7,2013-04-01 00:00:00.000,23930,27642F3A-B9B2-DE01-2BEA-B2BAFE40370B,0
607,7,2013-04-01 00:00:00.000,23931,3090D622-A818-1100-4C38-B783BEB4ED71,0
608,7,2013-04-01 00:00:00.000,23932,D7EE9ADE-B80A-0949-E2D1-281126AE6A06,0
609,7,2013-04-01 00:00:00.000,23933,847CED70-E8E0-A4C7-8F62-F902ED32C379,0
610,7,2013-04-01 00:00:00.000,23934,FBD149D0-CF24-3887-D64C-1B200433800B,0
611,7,2013-04-01 00:00:00.000,23935,E80C2F87-D829-EDEE-243A-48F5BAD7F815,0
612,7,2013-04-01 00:00:00.000,23936,5F97FD57-EDF4-7B47-5FCB-1531CDC188F3,0
613,7,2013-04-01 00:00:00.000,23937,EAD713EE-ACEA-17FF-E159-767F9B08B750,0
614,7,2013-04-01 00:00:00.000,23938,94E4186F-E01A-DC4D-6E21-5969EC6B6A57,0
615,7,2013-04-01 00:00:00.000,23939,9687F406-084E-3E59-FF24-A3C7A115F241,0
616,7,2013-04-01 00:00:00.000,23940,0A8BDF39-E431-2A7D-41C2-BCAE87933EE8,0
617,7,2013-04-01 00:00:00.000,23941,B1118581-9864-1D85-0C5A-6AD43E661E88,0
618,7,2013-04-01 00:00:00.000,23942,445B0841-EBFA-78F6-7AB9-7E3E8F434E19,0
619,7,2013-04-01 00:00:00.000,23943,66242542-0BB9-0ECF-6EA1-C5EFCF6A2E0D,0
620,7,2013-04-01 00:00:00.000,23944,9B2C1769-BF55-7A6C-E733-08729834AC73,0
621,7,2013-04-01 00:00:00.000,23945,63EDE548-94BD-5B32-6B5B-A26ED12F5EB2,0
622,7,2013-04-01 00:00:00.000,23946,8279E78B-ABD1-A099-11A8-8F587AE3EA48,0
623,7,2013-04-01 00:00:00.000,23947,9E12CD1A-BEAA-85D5-A566-E2D4830C3D12,0
624,7,2013-04-01 00:00:00.000,23948,07D1508B-F5FF-B0E8-9DE0-CE661E1908D5,0
625,7,2013-04-01 00:00:00.000,23949,56B0C71B-A7C1-A1BB-601B-9E9B5AC606BE,0
626,7,2013-04-01 00:00:00.000,23950,60CDFDD3-AD84-C040-D976-D815FAB19C41,0
627,7,2013-04-01 00:00:00.000,23951,74D4E93B-D10E-F2E1-2D19-494BBEFF7F75,0
628,7,2013-04-01 00:00:00.000,23952,F3264B96-0283-9295-ED3C-D64208FC83A2,0
629,7,2013-04-01 00:00:00.000,23953,8F54B4A4-952F-5D2C-9903-B82609142242,0
630,7,2013-04-01 00:00:00.000,23954,DC237190-DAE8-5484-B88B-01A99AD18AA8,0
631,7,2013-04-01 00:00:00.000,23955,47A84931-0A9B-5DB0-D960-7CA8700A7277,0
632,7,2013-04-01 00:00:00.000,23956,89547217-AE57-1DA6-0166-D19AC1860FFD,0
633,7,2013-04-01 00:00:00.000,23957,B7DB9B7C-0C4E-7ADE-D335-8F4A98F626D1,0
634,7,2013-04-01 00:00:00.000,23958,D84D278E-AC32-427B-288D-8CB4A9B74C64,0
635,7,2013-04-01 00:00:00.000,23959,99403DA8-A091-2B7D-2EE9-01C83887DC75,0
636,7,2013-04-01 00:00:00.000,23960,A8F4AA60-FC8E-B282-63B4-BF9362A8681C,0
637,7,2013-04-01 00:00:00.000,23961,0F990B20-F08E-035B-B804-9F95CA8193D2,0
638,7,2013-04-01 00:00:00.000,23962,CA1CCDE8-E971-A56E-C90D-3E7A527221C1,0
639,7,2013-04-01 00:00:00.000,23963,90D5FABA-BA45-7535-23FF-EA2A0800F058,0
640,7,2013-04-01 00:00:00.000,23964,407B482B-C14E-EB09-B8F3-E601769FB9D7,0
641,7,2013-04-01 00:00:00.000,23965,8F4B66F8-ADA2-5980-8B92-DB41FC2EDD8E,0
642,7,2013-04-01 00:00:00.000,23966,A3C55AF6-9890-6D62-08CF-0F0BF4BAAFFE,0
643,7,2013-04-01 00:00:00.000,23967,26B38A5A-0D68-DBEE-F5FE-F913D45EAA87,0
644,7,2013-04-01 00:00:00.000,23968,CE68FDC0-F0D0-0801-E117-63D149258526,0
645,7,2013-04-01 00:00:00.000,23969,5A07BFAB-D464-6D53-A654-459C54FF4349,0
646,7,2013-04-01 00:00:00.000,23970,935E59D2-A44F-375E-2B72-BF880A0B8688,0
647,7,2013-04-01 00:00:00.000,23971,104CB18A-BA7A-ACEB-7E4A-8CFB9C3A74ED,0
648,7,2013-04-01 00:00:00.000,23972,7B83ECDF-FBF4-98D1-8435-7B5DE9F9D50B,0
649,7,2013-04-01 00:00:00.000,23973,9F9E144B-B404-309A-64A4-EBF967D86123,0
650,7,2013-04-01 00:00:00.000,23974,D9152775-CE5C-C3CD-C23D-7821185ABF7D,0
651,7,2013-04-01 00:00:00.000,23975,8FD8E8E5-96B1-4A2E-13AD-877575241774,0
652,7,2013-04-01 00:00:00.000,23976,9139EAD1-E473-034D-FF38-5DD08851FEB6,0
653,7,2013-04-01 00:00:00.000,23977,A8BA185B-E879-E972-A6D8-4D74EE685807,0
654,7,2013-04-01 00:00:00.000,23978,72A8C04E-AAED-72E6-DA53-123090E5EBFE,0
655,7,2013-04-01 00:00:00.000,23979,84942C95-E4DB-7156-673B-F723795B8901,0
656,7,2013-04-01 00:00:00.000,23980,B1588948-F410-0A14-2B0F-2443F57E066A,0
657,7,2013-04-01 00:00:00.000,23981,2E70C483-D2A3-7A86-DFF2-8C19386C8B4C,0
658,7,2013-04-01 00:00:00.000,23982,20D59407-DEC7-E8C3-EE0D-D50B542F3FD0,0
659,7,2013-04-01 00:00:00.000,23983,A631AC21-F97D-FBDC-73CE-E1D281CFFCD7,0
660,7,2013-04-01 00:00:00.000,23984,905F3812-0390-9CB8-CA68-A731102A1C12,0
661,7,2013-04-01 00:00:00.000,23985,38199459-BA37-0D60-B51B-BF406F38C87A,0
662,7,2013-04-01 00:00:00.000,23986,CA5ADC07-04F8-B1B3-8767-C82960115C6A,0
663,7,2013-04-01 00:00:00.000,23987,9B15F2FC-C3B0-A423-48EA-48BFFB0244EA,0
664,7,2013-04-01 00:00:00.000,23988,F8F4E262-BDBD-8D55-96DE-9FA108156B2E,0
665,7,2013-04-01 00:00:00.000,23989,A0CECA72-CB07-190E-7387-612FBDDA25D9,0
666,7,2013-04-01 00:00:00.000,23990,789DE6DE-CDAA-00BE-6E7A-2778F706EA64,0
667,7,2013-04-01 00:00:00.000,23991,D4EAC308-DFED-1007-18E2-E825CAC19DB8,0
668,7,2013-04-01 00:00:00.000,23992,8FE66317-D79D-E69D-131C-626BE126480E,0
669,7,2013-04-01 00:00:00.000,23993,DB11EC40-EFF0-3A22-FC47-6DC57C79B9D3,0
670,7,2013-04-01 00:00:00.000,23994,0DE0564D-BCBC-9A07-7DE5-6160332C8ED6,0
671,7,2013-04-01 00:00:00.000,23995,6A537158-0204-8B1F-668D-FD8D3C332883,0
672,7,2013-04-01 00:00:00.000,23996,652E12DD-F3C2-2DB3-56C6-616529BBE64E,0
673,7,2013-04-01 00:00:00.000,23997,1E27A2CA-0E8E-8A88-3683-95D32F1CF4E5,0
674,7,2013-04-01 00:00:00.000,23998,BD0C7B06-BC75-8578-2AD5-CB32953FC3BE,0
675,7,2013-04-01 00:00:00.000,23999,27F80DCC-FC19-1AFD-326E-01436FB7A7A0,0
676,7,2013-04-01 00:00:00.000,24000,FE10B445-B64C-2A8F-21FA-11C51D28ED25,0
677,7,2013-04-01 00:00:00.000,24001,AA81EC2D-CB7A-00C8-A4B3-680CF687AF37,0
678,7,2013-04-01 00:00:00.000,24002,1B6FB257-A4FE-12E7-4620-CC0EBF12B138,0
679,7,2013-04-01 00:00:00.000,24003,9570C6D3-A1C4-613A-9557-4A165E003DD0,0
680,7,2013-04-01 00:00:00.000,24004,AE298D15-EA5A-AF1F-9C03-5A7091F306BC,0
681,7,2013-04-01 00:00:00.000,24005,86B157EE-9806-BBFD-ABCF-C05A3A527490,0
682,7,2013-04-01 00:00:00.000,24006,A86D8705-C324-113F-94BF-3213975C906C,0
683,7,2013-04-01 00:00:00.000,24007,AA5C7261-0178-8D05-3299-67D995F5B57D,0
684,7,2013-04-01 00:00:00.000,24008,04CFF700-C088-82E6-6E17-6FBF8FAA14AD,0
685,7,2013-04-01 00:00:00.000,24009,42EA3467-02D1-E6CA-4CE8-348E6B2B7D4E,0
686,7,2013-04-01 00:00:00.000,24010,9A52B0D1-D4AA-509E-4C54-EEC578763C3A,0
687,7,2013-04-01 00:00:00.000,24011,DBCB4865-A707-9A2D-0D90-498F9387D195,0
688,7,2013-04-01 00:00:00.000,24012,3A66EB93-9384-4257-BC32-5D960F110222,0
689,7,2013-04-01 00:00:00.000,24013,999C5392-F6F2-1080-0289-8709BA7A6C6C,0
690,7,2013-04-01 00:00:00.000,24014,32514AAA-B205-ACAC-5149-03D30AAB22EF,0
691,7,2013-04-01 00:00:00.000,24015,EE3B1917-FC52-4732-8C05-37EABFEF8B2A,0
692,7,2013-04-01 00:00:00.000,24016,24DD7014-93B7-25B3-47C2-04DC9DBF8344,0
693,7,2013-04-01 00:00:00.000,24017,93F67FED-DC31-1C5D-260A-AFF8DF710F83,0
694,7,2013-04-01 00:00:00.000,24018,2DF0BA91-CD8F-285B-24A1-975AB8F83FE2,0
695,7,2013-04-01 00:00:00.000,24019,10290F9A-E987-3433-3F25-03A869EB0F03,0
696,7,2013-04-01 00:00:00.000,24020,19D1844D-9AC3-3B55-0435-B16AA63DC39B,0
697,7,2013-04-01 00:00:00.000,24021,52840F87-A39E-6BE3-3F5E-B5394C2A16A7,0
698,7,2013-04-01 00:00:00.000,24022,30E8B407-A16C-745B-2558-98407BFABC9A,0
699,7,2013-04-01 00:00:00.000,24023,CB2D8457-C695-C44F-725A-52B3E063A35B,0
700,7,2013-04-01 00:00:00.000,24024,34EBAE6C-D6D5-51FD-7CF4-4F1C8A5D520D,0
701,7,2013-04-01 00:00:00.000,24025,68532759-D911-AEC2-FB5C-1A63BBBB8E53,0
702,7,2013-04-01 00:00:00.000,24026,A3E226EC-03C1-6E0D-EE50-F457985EB6F3,0
703,7,2013-04-01 00:00:00.000,24027,5695A3AA-FB55-5B0E-47E6-EF47849311E9,0
704,7,2013-04-01 00:00:00.000,24028,86070238-0FB3-9B83-9D37-6A051F048A11,0
705,7,2013-04-01 00:00:00.000,24029,3D918775-CEE8-DCED-A98B-B9B9C6761C83,0
706,7,2013-04-01 00:00:00.000,24030,34021D27-031A-DA2F-4D41-296692828084,0
707,7,2013-04-01 00:00:00.000,24031,DE6E1514-A462-3BED-1DCB-13296D04A669,0
708,7,2013-04-01 00:00:00.000,24032,B406F742-EEA2-ADEE-F8B7-4F883B7AEC04,0
709,7,2013-04-01 00:00:00.000,24033,15A950D5-9DDD-BD8D-0347-E376AC9BBABB,0
710,7,2013-04-01 00:00:00.000,24034,9D14EB82-E70E-CC3E-93BF-F9346A8681DE,0
711,7,2013-04-01 00:00:00.000,24035,04C9A4D2-ABF1-B776-723F-8CCC8651A012,0
712,7,2013-04-01 00:00:00.000,24036,05A8BF7A-F1AE-5941-604E-E92D76B35D79,0
713,7,2013-04-01 00:00:00.000,24037,240E6580-9365-BED2-7D77-C1C7C9232F05,0
714,7,2013-04-01 00:00:00.000,24038,07E57311-AF7F-5A4F-8EEC-1335580EA067,0
715,7,2013-04-01 00:00:00.000,24039,97758EDB-94FE-E5A3-5F2D-FD5611056C49,0
716,7,2013-04-01 00:00:00.000,24040,4606F379-0071-2FA7-774A-23A6CCA13778,0
717,7,2013-04-01 00:00:00.000,24041,C0D1C8A8-B8AC-1741-31B3-485AE43BC4EA,0
718,7,2013-04-01 00:00:00.000,24042,93CE390B-00B5-8E4D-512D-571E83D2AB48,0
719,7,2013-04-01 00:00:00.000,24043,931112F8-9FA0-B52F-39E9-0E7010A049D9,0
720,7,2013-04-01 00:00:00.000,24044,CF64E259-F1B9-A97B-91BF-EC8F26F40A64,0
721,7,2013-04-01 00:00:00.000,24045,93119CFF-D254-BD61-E078-C70E3CCD8E47,0
722,7,2013-04-01 00:00:00.000,24046,8ED591D4-01B9-16EB-E5ED-31102B0545B0,0
723,7,2013-04-01 00:00:00.000,24047,90632607-0B57-52B5-EE80-0FDA2A02F35F,0
724,7,2013-04-01 00:00:00.000,24048,191EE100-D41C-CBB3-51C2-BD464F2E9CF8,0
725,7,2013-04-01 00:00:00.000,24049,8F8681AB-F0BC-27B2-704D-DE2D57B7378B,0
726,7,2013-04-01 00:00:00.000,24050,94BDD0F7-F5DF-8893-9109-93FDF6B1B60D,0
727,7,2013-04-01 00:00:00.000,24051,20D07A3B-CD7D-103B-2FF3-A61C9A04F146,0
728,7,2013-04-01 00:00:00.000,24052,ADAB467C-DFEA-DC5F-FEE1-44F93125ECA9,0
729,7,2013-04-01 00:00:00.000,24053,E46660D2-A0EC-0038-0664-D98C218E5B30,0
730,7,2013-04-01 00:00:00.000,24054,6B79D121-0CBC-BF2B-00AB-F9C0B0F0B56F,0
731,7,2013-04-01 00:00:00.000,24055,7D328695-9105-854B-5020-E7A25EBFE154,0
732,7,2013-04-01 00:00:00.000,24056,3870816A-C72B-4A05-FF4C-8EC6CAD687C8,0
733,7,2013-04-01 00:00:00.000,24057,1085EA94-0C4C-F0C6-FBBE-01AC2F4C1232,0
734,7,2013-04-01 00:00:00.000,24058,00555EA7-B129-F47C-96BF-0B29C9755A57,0
735,7,2013-04-01 00:00:00.000,24059,9CFC248E-FEB2-6009-AD69-0A8AFB646914,0
736,7,2013-04-01 00:00:00.000,24060,18D5621A-F632-45EA-40E0-AC19E5D94761,0
737,7,2013-04-01 00:00:00.000,24061,7A43CA8A-C076-F440-7C9D-F559A875A10C,0
738,7,2013-04-01 00:00:00.000,24062,3F29E428-EF06-D2B4-BFC3-4167763EB4FE,0
739,7,2013-04-01 00:00:00.000,24063,B5C7A676-D701-10D3-C36F-4D7FB7AF0E48,0
740,7,2013-04-01 00:00:00.000,24064,8000540E-0B56-A467-A103-3C6AACC06053,0
741,7,2013-04-01 00:00:00.000,24065,AAE9D5A2-F666-23F6-E42B-30811578C466,0
742,7,2013-04-01 00:00:00.000,24066,8FB36620-095D-9827-7AF1-5D88C173B141,0
743,7,2013-04-01 00:00:00.000,24067,93E0AB75-955E-CE1E-9B46-9D08991F5FE8,0
744,7,2013-04-01 00:00:00.000,24068,5777FA18-CC48-01EA-FE72-8463A04B690C,0
745,7,2013-04-01 00:00:00.000,24069,9E4C013D-B8E7-5720-15A6-F4FC0FBDA451,0
746,7,2013-04-01 00:00:00.000,24070,19923DAA-B71D-4650-5AE5-9987FF71B4F9,0
747,7,2013-04-01 00:00:00.000,24071,43AA78C1-BFAD-52BE-62AA-EE5D8968D1E7,0
748,7,2013-04-01 00:00:00.000,24072,8793B238-DB32-B6CA-D542-382FC33E2E91,0
749,7,2013-04-01 00:00:00.000,24073,1A38E73D-9185-E439-2A17-3ABD65D80E55,0
750,7,2013-04-01 00:00:00.000,24074,1936B4EC-F6B7-5FA1-2CEE-93A97E58EF17,0
751,7,2013-04-01 00:00:00.000,24075,3EF96823-B80B-AB73-FA2E-7FBECF108B0D,0
752,7,2013-04-01 00:00:00.000,24076,8E95C259-FC16-F130-C487-C733551382AD,0
753,7,2013-04-01 00:00:00.000,24077,2F4E89A1-F311-427F-E113-34A1A6A73D08,0
754,7,2013-04-01 00:00:00.000,24078,3CCCF2F2-FBE4-E1BA-0E92-4ED01B67828D,0
755,7,2013-04-01 00:00:00.000,24079,1563685A-A282-3243-D73F-F6F9E9F4619B,0
756,7,2013-04-01 00:00:00.000,24080,E390C879-CECF-79EB-1E85-9C7D2A1E3635,0
757,7,2013-04-01 00:00:00.000,24081,92A68BEF-C9DD-683F-A8B4-E9A6C2B4A9FE,0
758,7,2013-04-01 00:00:00.000,24082,BA98CE53-0151-4C93-A4BF-048DA6CB8E4B,0
759,7,2013-04-01 00:00:00.000,24083,8EE4EF4C-0E94-6CB4-E3E0-94C1479FF520,0
760,7,2013-04-01 00:00:00.000,24084,CF98C504-E07D-D2C3-B4C0-5FB95EF0EB15,0
761,7,2013-04-01 00:00:00.000,24085,ABCC6012-CBF5-6D1B-A079-E2BBB6876FA9,0
762,7,2013-04-01 00:00:00.000,24086,5C35E2E7-A0E0-5A23-EE4F-D2D5BCE4A33E,0
763,7,2013-04-01 00:00:00.000,24087,1F22BE49-FC2B-2EA4-A7C2-8687847A326B,0
764,7,2013-04-01 00:00:00.000,24088,B44AE4C9-082A-9B47-6796-815CA98B667C,0
765,7,2013-04-01 00:00:00.000,24089,9296977E-9906-B4C3-EB1B-E69184A26F6C,0
766,7,2013-04-01 00:00:00.000,24090,9004763D-9F82-C23D-ED84-B380EB89E220,0
767,7,2013-04-01 00:00:00.000,24091,441FC6B3-EABF-2802-1C65-7202284520D0,0
768,7,2013-04-01 00:00:00.000,24092,7468745F-DC0E-810F-852C-EC12B5C7E4FE,0
769,7,2013-04-01 00:00:00.000,24093,306B9F95-AA2A-E6EF-8E48-F49B1F9F95A7,0
770,7,2013-04-01 00:00:00.000,24094,BC87A2DA-F2E3-6401-E860-90205B52D554,0
771,7,2013-04-01 00:00:00.000,24095,F1E4B8BE-97DD-FE11-11C6-1602E38B656F,0
772,7,2013-04-01 00:00:00.000,24096,90874042-A656-3075-51C8-D9B81910631D,0
773,7,2013-04-01 00:00:00.000,24097,15BB6DBC-CF0A-5EC8-93F4-70DF7ED8CC27,0
774,7,2013-04-01 00:00:00.000,24098,2688BE11-FA99-29CF-AA0D-74362917DB1C,0
775,7,2013-04-01 00:00:00.000,24099,FB98DFE8-9B5D-A548-A7A5-BBEB135D1ECA,0
776,7,2013-04-01 00:00:00.000,24100,CD6664A3-C5F8-39C1-6358-A69FA2551D9F,0
777,7,2013-04-01 00:00:00.000,24101,FBC9853E-0883-FD8D-B03B-74547CDA1983,0
778,7,2013-04-01 00:00:00.000,24102,C2923C7D-EBF0-4B9F-9ED4-A24D73A4E1AF,0
779,7,2013-04-01 00:00:00.000,24103,6743CFCB-D257-6289-6890-75A00CF8B1DA,0
780,7,2013-04-01 00:00:00.000,24104,75CDB142-F1B2-78B5-FF94-F08556156C35,0
781,7,2013-04-01 00:00:00.000,24105,B9C50E84-0700-F657-FE50-4634C9327A16,0
782,7,2013-04-01 00:00:00.000,24106,0632274F-DB1F-6B85-1573-F0B4E2BEC324,0
783,7,2013-04-01 00:00:00.000,24107,8ED086F8-D6FB-3AD3-5CE3-CABDD03B5D24,0
784,7,2013-04-01 00:00:00.000,24108,BD7D0893-9DE6-9316-3366-ADD226D2E352,0
785,7,2013-04-01 00:00:00.000,24109,AB65E551-ED5E-1686-E30C-A501B6EBC4E5,0
786,7,2013-04-01 00:00:00.000,24110,FBCECF89-E60D-6F41-BC9B-C1BFA0014528,0
787,7,2013-04-01 00:00:00.000,24111,B186AECC-0DCF-4C1B-13C9-89D61745954E,0
788,7,2013-04-01 00:00:00.000,24112,53E11091-DD26-C2E9-3542-B63976767B39,0
789,7,2013-04-01 00:00:00.000,24113,7DAE88D8-FEC0-26DE-C3D9-0B6DFD75DC95,0
790,7,2013-04-01 00:00:00.000,24114,9E1A749F-B68E-E78F-DB7B-094E0B4AB40E,0
791,7,2013-04-01 00:00:00.000,24115,10E098E9-AD1F-A3ED-835C-D846D303ECE4,0
792,7,2013-04-01 00:00:00.000,24116,266F00DE-A7EA-CF30-2B94-41735F4F4F27,0
793,7,2013-04-01 00:00:00.000,24117,A12B0C31-B3B7-C62C-1E50-53AE3EE09BE9,0
794,7,2013-04-01 00:00:00.000,24118,588E7CDC-DF28-578F-3F39-1E7C9E17F4C5,0
795,7,2013-04-01 00:00:00.000,24119,8EDA84F6-BB18-575B-4116-2D41CB0FB4F0,0
796,7,2013-04-01 00:00:00.000,24120,C06587BA-FC56-8B31-D04D-F6EE3DB09217,0
797,7,2013-04-01 00:00:00.000,24121,8FF16E4C-AA15-9440-1561-4912B13BD5A6,0
798,7,2013-04-01 00:00:00.000,24122,FCBDCC01-A064-80DC-AEAE-3FEC48D0E1EF,0
799,7,2013-04-01 00:00:00.000,24123,8DEA0A80-A838-94A4-7B91-2857F116A59C,0
800,7,2013-04-01 00:00:00.000,24124,7320B89A-D2CC-642B-F567-F6E0372C7B01,0
801,7,2013-04-01 00:00:00.000,24125,8E66FA20-9835-32BB-1FAE-86DB2356087B,0
802,7,2013-04-01 00:00:00.000,24126,6E3251A4-BDCE-A0FB-BC6E-F437E8EDEE00,0
803,7,2013-04-01 00:00:00.000,24127,31A999EC-A987-9BEC-FB78-88045FC094D1,0
804,7,2013-04-01 00:00:00.000,24128,F7C2BDED-F33F-73EF-C61F-CA6D2B4E8B9B,0
805,7,2013-04-01 00:00:00.000,24129,8A70A791-999B-C59F-B50C-6A667F117247,0
806,7,2013-04-01 00:00:00.000,24130,6EDA8D0E-C8CE-309A-A7F8-1689CB5DEB5B,0
807,7,2013-04-01 00:00:00.000,24131,A449DA4B-EE3B-8801-76DA-25F0C4DE63AD,0
808,7,2013-04-01 00:00:00.000,24132,D4344D52-D8CE-4C29-A207-B34DE4E113E1,0
809,1,2013-04-02 00:00:00.000,24621,FA507DC6-F551-8967-6164-1F4BCA3C3D4E,0
810,7,2013-04-04 00:00:00.000,24668,1B0E90E1-A9A7-F69A-4D6A-82ACD5DDEF60,0
811,1,2013-04-04 00:00:00.000,0,48B8AED1-AD27-B4A9-C24A-2EA46F62FD3E,1
812,1,2013-04-04 00:00:00.000,24680,D5F44E66-09EA-68A7-7B4A-7C8A8CC90C3F,0
813,1,2013-04-05 00:00:00.000,0,DD61C1EC-BD64-4A2A-0DDC-57CC0D49DB9A,1
814,7,2013-04-05 00:00:00.000,24714,94D6980D-0EF0-2177-CF38-E694BA30C97C,0
815,7,2013-04-05 00:00:00.000,24715,2F732042-AF0E-11F5-1D74-A8F12C0B198F,0
816,1,2013-04-06 00:00:00.000,0,AE298D15-EA5A-AF1F-9C03-5A7091F306BC,1
817,7,2013-04-07 00:00:00.000,24743,DB09388B-C479-5C0F-04AA-7A341B5E0F01,0
818,1,2013-04-07 00:00:00.000,24744,DB09388B-C479-5C0F-04AA-7A341B5E0F01,0
819,6,2013-04-07 00:00:00.000,24753,1182183C-C220-1B9E-A0F1-098D7430A860,0
820,7,2013-04-09 00:00:00.000,24804,61B3C382-D793-915E-2D51-660D9DDF75C0,0
821,7,2013-04-09 00:00:00.000,24805,2B0A0EC4-F7A9-C924-B47A-CC1594DCB891,0
822,7,2013-04-09 00:00:00.000,24806,810E218D-EA4C-49E1-6380-C770BF6BA33F,0
823,1,2013-04-10 00:00:00.000,24812,26291327-ECE7-EF70-014C-1AB870993B92,0
824,1,2013-04-10 00:00:00.000,24824,66DBF170-93AA-5E4D-EC8B-DA378E9C9C4E,0
825,1,2013-04-14 00:00:00.000,0,A8BA185B-E879-E972-A6D8-4D74EE685807,1
826,1,2013-04-14 00:00:00.000,0,9AEF03E6-B91B-0C84-DE27-5AE957C7BF3A,1
827,1,2013-04-16 00:00:00.000,0,90DDAD22-C2CF-F9E8-CC21-381C6F28AACF,1
828,1,2013-04-25 00:00:00.000,0,94F1992C-A611-9C4B-72F4-BD43798BDEB8,1
829,3,2013-05-01 00:00:00.000,25556,E616C397-B664-8A10-F569-4951F9BDF1EA,0
830,1,2013-05-04 00:00:00.000,0,D13A771C-EE07-B409-4CC5-691BAA016D90,1
831,1,2013-05-04 00:00:00.000,0,3D5F069D-AED5-F160-38B1-C999A9D8B3F1,1
832,1,2013-05-04 00:00:00.000,0,0510DFA5-A2B3-654F-0605-8478FE9B3BBD,1
833,3,2013-05-09 00:00:00.000,25729,70C2F10F-9ED1-2640-8344-BD8679D980A6,0
834,1,2013-05-09 00:00:00.000,0,DBBBB468-D698-F97C-C715-A8D1FB67238A,1
835,7,2013-05-09 00:00:00.000,25738,B2E14418-9EA7-858A-9BE7-64B34018AF7D,0
836,3,2013-05-09 00:00:00.000,25740,DBBBB468-D698-F97C-C715-A8D1FB67238A,0
837,2,2013-05-09 00:00:00.000,25741,DBBBB468-D698-F97C-C715-A8D1FB67238A,0
838,3,2013-05-09 00:00:00.000,25744,905F3812-0390-9CB8-CA68-A731102A1C12,0
839,1,2013-05-09 00:00:00.000,0,0C8E0919-BD96-35CD-A084-9C2515BF3C10,1
840,3,2013-05-09 00:00:00.000,25757,58909EE9-02EA-63E7-A395-07A9FBC6C470,0
841,3,2013-05-09 00:00:00.000,25758,7DAE88D8-FEC0-26DE-C3D9-0B6DFD75DC95,0
842,3,2013-05-09 00:00:00.000,25760,5216A92B-096B-F131-DA0A-276BEEC3E1D4,0
843,7,2013-05-10 00:00:00.000,25762,824C82AD-FEA9-6AC4-4FC9-8DDBDDC8246A,0
844,3,2013-05-10 00:00:00.000,25780,9DBA465A-CF63-349E-0407-98C88B75BB49,0
845,3,2013-05-12 00:00:00.000,25811,2373357B-F184-FF68-BB73-B5561FB182D9,0
846,7,2013-05-13 00:00:00.000,25824,90B3F1E8-079C-BC3B-A3A1-66262CE327F9,0
847,7,2013-05-14 00:00:00.000,25832,706FD7AB-E68B-AF1F-3341-74799C67FD8C,0
848,6,2013-05-14 00:00:00.000,25836,9C02177A-02FD-74FE-330D-4B4DA3CCE282,0
849,6,2013-05-15 00:00:00.000,25866,9A160535-C59A-DE3C-7406-D1C44A08A5A5,0
850,1,2013-05-16 00:00:00.000,0,BC66593F-FCFD-4A12-117E-CB8B9842D8BB,1
851,1,2013-06-01 00:00:00.000,0,71D58A96-93EC-9591-55B7-5D228DF105A1,1
852,1,2013-06-05 00:00:00.000,0,BC87A2DA-F2E3-6401-E860-90205B52D554,1
853,1,2013-06-16 00:00:00.000,0,0BBC569D-9E66-E7E6-FED1-4C121797A365,1
854,1,2013-06-20 00:00:00.000,0,F17C2CDD-9785-F796-416B-5BD18E0C9FA6,1
855,1,2013-06-21 00:00:00.000,0,5E071A59-F829-AA85-8848-96F3810E9CE8,1
856,5,2013-06-22 00:00:00.000,26681,334F33A3-EBAB-B2DC-E214-E0C2C3B29F83,0
857,7,2013-06-28 00:00:00.000,26828,20FA46CC-E507-C2CC-D2EE-96917C6125AB,0
858,1,2013-07-01 00:00:00.000,0,20FA46CC-E507-C2CC-D2EE-96917C6125AB,1
859,1,2013-07-03 00:00:00.000,0,38749111-AEBE-C4FD-0EFD-21C805F6F3CE,1
860,1,2013-07-03 00:00:00.000,28004,A567917F-AB7E-98DD-ACCF-17BA56D81A9F,0
861,1,2013-07-04 00:00:00.000,0,5753D463-E811-723C-2271-4D9BF6EF0D83,1
862,1,2013-07-09 00:00:00.000,0,4C4B57C5-9D7B-321A-23FB-B7AF9D70B04C,1
863,1,2013-07-11 00:00:00.000,0,9133C45D-C173-5B3E-C570-B874CAF6E1A4,1
864,7,2013-07-12 00:00:00.000,28283,3BB3AEBD-F17A-77F5-090C-58C1DBED4037,0
865,3,2013-07-15 00:00:00.000,28340,6DA2387D-AC0B-6DCA-3C12-B4748E7E55B6,0
866,1,2013-07-15 00:00:00.000,0,D541AE00-BDE3-F7BB-9D99-E1D59B52E67A,1
867,1,2013-07-16 00:00:00.000,0,865FDDB9-0AC0-0AE5-1F4A-B873C904F4BC,1
868,1,2013-07-19 00:00:00.000,0,92EDC7E0-D3E2-974F-141B-E3CF877B7B88,1
869,7,2013-07-19 00:00:00.000,28421,A6239C23-CC89-0310-AC45-17F8F143A5F5,0
870,7,2013-07-22 00:00:00.000,28463,32A73A09-BED8-88F5-5385-170E10B57459,0
871,1,2013-07-23 00:00:00.000,0,16AB6396-CCF5-D057-8B93-FD7BDF164710,1
872,1,2013-07-23 00:00:00.000,0,FD0C8064-EFE7-9A7A-0E0A-D0E5AC5EF1B7,1
873,7,2013-07-23 00:00:00.000,28484,D541AE00-BDE3-F7BB-9D99-E1D59B52E67A,0
874,1,2013-07-24 00:00:00.000,0,7F1D73E6-0B2C-2CB3-30F6-BF2A4789B25D,1
875,5,2013-07-25 00:00:00.000,28512,0BBC569D-9E66-E7E6-FED1-4C121797A365,0
876,6,2013-07-25 00:00:00.000,28515,3B43FD8E-A9F3-4B1A-74CC-255ACCD77E11,0
877,6,2013-07-25 00:00:00.000,28516,A298EE3C-9968-967B-91FE-83584AB112F1,0
878,6,2013-07-25 00:00:00.000,28523,157FA1A0-C257-3BB1-5068-101D49821078,0
879,6,2013-07-26 00:00:00.000,28535,9DBA465A-CF63-349E-0407-98C88B75BB49,0
880,6,2013-07-26 00:00:00.000,28538,6E53BC5D-944E-4D4F-7B76-C946117C0A1D,0
881,6,2013-07-27 00:00:00.000,28551,20FA46CC-E507-C2CC-D2EE-96917C6125AB,0
882,6,2013-07-29 00:00:00.000,28581,DBEED2B4-CA7C-9A84-840A-66A9FAFC333A,0
883,1,2013-07-30 00:00:00.000,0,D6428470-AD85-589F-50D3-BEBD58A15E5F,1
884,1,2013-07-31 00:00:00.000,28621,70C2F10F-9ED1-2640-8344-BD8679D980A6,0
885,1,2013-07-31 00:00:00.000,28626,345B8A5F-AA62-D84D-7455-E5B92F9AA03E,0
886,1,2013-07-31 00:00:00.000,0,9A160535-C59A-DE3C-7406-D1C44A08A5A5,1
887,1,2013-07-31 00:00:00.000,0,7C293978-0EC4-E06A-B375-A6EF0F3384AC,1
888,1,2013-07-31 00:00:00.000,0,90691C68-CEC5-614C-8C04-5F6BA6129D43,1
889,1,2013-07-31 00:00:00.000,28634,B5D30F1C-E709-BB79-F61B-F5D637F5B4B6,0
890,1,2013-07-31 00:00:00.000,0,D69734CC-B871-1D48-5593-EC2783C01994,1
891,1,2013-07-31 00:00:00.000,28635,ABD98A2A-CBE6-ED9D-1374-FD3CC71910EC,0
892,1,2013-07-31 00:00:00.000,28640,E72325E4-A42D-BA4C-A821-028F229D9362,0
893,1,2013-07-31 00:00:00.000,28641,18BFE4A8-05BD-FE95-E3FF-42E090B373B1,0
894,1,2013-07-31 00:00:00.000,0,1642DD35-BAC4-359F-D93F-432AF3F4DEAF,1
895,7,2013-08-01 00:00:00.000,28680,FBE9F3A8-ED23-D646-10EB-4E174C4F2CFF,0
896,1,2013-08-02 00:00:00.000,28684,92EDC7E0-D3E2-974F-141B-E3CF877B7B88,0
897,1,2013-08-02 00:00:00.000,0,75D51C8D-0CD3-9F1F-7DAB-8FA9278F50FA,1
898,1,2013-08-07 00:00:00.000,0,10290F9A-E987-3433-3F25-03A869EB0F03,1
899,1,2013-08-07 00:00:00.000,0,45238E42-DC7A-B604-8D13-04FBDEFA5DE0,1
900,1,2013-08-09 00:00:00.000,0,18139689-96BA-A717-DACE-1CA0870B2482,1
901,1,2013-08-24 00:00:00.000,0,67B81D2F-C6D2-5855-AE7C-56EFF5853C89,1
902,7,2013-08-27 00:00:00.000,29281,3D229620-9B85-1CAC-D6E7-0A44C1198C3E,0
903,7,2013-08-27 00:00:00.000,29283,21747BE7-CCFA-8051-34F9-BFBFAE746144,0
904,7,2013-08-27 00:00:00.000,29296,73CB3CDA-EA6F-B36B-B69B-7D71A4FA0BC8,0
905,1,2013-08-28 00:00:00.000,0,3D8602B7-CC56-8FC8-8268-3BF6475306BE,1
906,7,2013-08-30 00:00:00.000,29379,70840215-93F8-E100-3619-FFE97D1A9270,0
907,5,2013-09-02 00:00:00.000,29436,DE11D5AF-FE3F-D8C7-ABFB-EB6D3118BC46,0
908,1,2013-09-04 00:00:00.000,0,A9F93AE9-0181-014F-4A6C-3D326EFE3152,1
909,7,2013-09-07 00:00:00.000,29605,ED36E59C-F65D-92CC-27C9-0D7372FECFFF,0
910,5,2013-09-07 00:00:00.000,29625,18139689-96BA-A717-DACE-1CA0870B2482,0
911,1,2013-09-12 00:00:00.000,29740,BB409D20-BBBB-14F1-94F5-1A32E35A89C5,0
912,1,2013-09-14 00:00:00.000,0,46E5AB65-0711-C3B8-6FA1-47D81360EF6B,1
913,8,2013-09-14 00:00:00.000,29811,47778DB8-B8C8-7FE9-D03D-59636F31D724,0
914,8,2013-09-14 00:00:00.000,29814,3B43FD8E-A9F3-4B1A-74CC-255ACCD77E11,0
915,1,2013-09-17 00:00:00.000,29879,5EEC80D7-C1D0-4B95-92B5-144EE467F030,0
916,8,2013-09-18 00:00:00.000,29924,FF609A8E-9ADE-82E2-17A5-29CA4FFC0A49,0
917,1,2013-09-18 00:00:00.000,0,3F0621E3-E060-8680-4CF3-D1913F56E09D,1
918,8,2013-09-18 00:00:00.000,29932,85E519C0-91DB-EFE5-534C-A39D32CBCC7F,0
919,8,2013-09-19 00:00:00.000,29941,AB28BA43-0F01-CB5D-6EAF-B7AE1B3C0F94,0
920,8,2013-09-19 00:00:00.000,29945,18D5621A-F632-45EA-40E0-AC19E5D94761,0
921,8,2013-09-19 00:00:00.000,29951,F52F0B90-C9B4-B548-C295-6B0A96CB7F17,0
922,8,2013-09-19 00:00:00.000,29955,B72F7F6D-F9F1-8937-C037-6B0A7FD64D3A,0
923,8,2013-09-19 00:00:00.000,29973,E0CE5AA2-ED50-A1D0-8993-7A61F5A88914,0
924,8,2013-09-19 00:00:00.000,29975,3D8602B7-CC56-8FC8-8268-3BF6475306BE,0
925,8,2013-09-19 00:00:00.000,29977,42EA3467-02D1-E6CA-4CE8-348E6B2B7D4E,0
926,1,2013-09-19 00:00:00.000,0,6CDE3A6B-C894-D5F3-1221-79971BD3BA4A,1
927,1,2013-09-19 00:00:00.000,0,F44EE8A2-F109-D485-B883-7C04683A8DB2,1
928,8,2013-09-19 00:00:00.000,29984,00FAEB30-FA5B-EDDB-56D0-F6847F02318A,0
929,8,2013-09-19 00:00:00.000,29988,F17C2CDD-9785-F796-416B-5BD18E0C9FA6,0
930,8,2013-09-19 00:00:00.000,29990,6FBE43A3-9C7F-4FB5-E1BD-E275826EE546,0
931,8,2013-09-19 00:00:00.000,29994,17D387AF-E70F-9109-E7F6-4C1CBC7E7352,0
932,8,2013-09-19 00:00:00.000,29996,0A8BDF39-E431-2A7D-41C2-BCAE87933EE8,0
933,8,2013-09-20 00:00:00.000,30000,1642DD35-BAC4-359F-D93F-432AF3F4DEAF,0
934,7,2013-09-20 00:00:00.000,30002,1642DD35-BAC4-359F-D93F-432AF3F4DEAF,0
935,1,2013-09-20 00:00:00.000,0,CF14A5A1-CB21-30F5-5AB9-CD1E4550B086,1
936,8,2013-09-20 00:00:00.000,30031,7325BF7E-D40D-516E-3665-6D1E9FC6F042,0
937,8,2013-09-20 00:00:00.000,30040,42FCB0B8-AB7F-E349-57B9-4ABF04FF6809,0
938,8,2013-09-21 00:00:00.000,30056,9A160535-C59A-DE3C-7406-D1C44A08A5A5,0
939,1,2013-09-22 00:00:00.000,30062,4D5145F4-963A-C412-F43C-E19BC99567B6,0
940,8,2013-09-22 00:00:00.000,30078,45238E42-DC7A-B604-8D13-04FBDEFA5DE0,0
941,8,2013-09-22 00:00:00.000,30093,114927D8-91F3-F373-092B-6CE931774F83,0
942,8,2013-09-23 00:00:00.000,30101,1B0E90E1-A9A7-F69A-4D6A-82ACD5DDEF60,0
943,8,2013-09-23 00:00:00.000,30107,10290F9A-E987-3433-3F25-03A869EB0F03,0
944,1,2013-09-24 00:00:00.000,0,E56A46B5-B1EE-9B33-01A8-646887EBC362,1
945,1,2013-09-25 00:00:00.000,0,86CDD2B3-BA3D-554C-C5C3-E65E902E8CEA,1
946,8,2013-09-26 00:00:00.000,30203,83FF1BAF-F76F-C5D4-739B-D67F5FCC59D7,0
947,8,2013-09-26 00:00:00.000,30206,5C69CAD4-EC34-5226-E05D-F76DF1663973,0
948,8,2013-09-27 00:00:00.000,30217,F08FD626-DFAD-7C89-77B3-3EF7494BAA4F,0
949,1,2013-09-27 00:00:00.000,0,77A589C6-B3AE-D4C9-C4B1-AB47838B6BCC,1
950,1,2013-09-28 00:00:00.000,30231,32639AD9-080C-C757-1858-728A92F33485,0
951,7,2013-09-28 00:00:00.000,30243,F4478A4D-E65F-4822-6DA3-012ED043AF65,0
952,1,2013-09-29 00:00:00.000,0,45873A89-B7E8-1350-4BF8-E81E05785DE4,1
953,7,2013-09-30 00:00:00.000,30284,67B81D2F-C6D2-5855-AE7C-56EFF5853C89,0
954,1,2013-10-01 00:00:00.000,0,A3723494-0957-C052-AA9C-8832C23E7E2F,1
955,1,2013-10-01 00:00:00.000,30904,90691C68-CEC5-614C-8C04-5F6BA6129D43,0
956,6,2013-10-01 00:00:00.000,30946,FC40D986-FC01-E628-408C-F0ABB96BF624,0
957,8,2013-10-01 00:00:00.000,30947,FC40D986-FC01-E628-408C-F0ABB96BF624,0
958,1,2013-10-02 00:00:00.000,30966,79D00D3E-F523-ACE8-4DF9-C73C9F588C15,0
959,8,2013-10-02 00:00:00.000,30969,5B0FCEA8-0FD5-5A56-837B-09D8B0A89619,0
960,1,2013-10-02 00:00:00.000,30976,32A73A09-BED8-88F5-5385-170E10B57459,0
961,8,2013-10-02 00:00:00.000,30981,6126755C-D304-25E6-3461-1FB40B3E3980,0
962,7,2013-10-04 00:00:00.000,31053,84754729-9005-7C0C-0B18-0B5CCB33C89A,0
963,8,2013-10-05 00:00:00.000,31083,08430EED-FB4A-136C-104C-6AAD3DB4A512,0
964,7,2013-10-06 00:00:00.000,31095,B4DA4493-BD02-959C-EB0F-C8001EA5C7D9,0
965,1,2013-10-06 00:00:00.000,0,841D795F-CB4C-4599-8B31-ED8B5E01A2D5,1
966,8,2013-10-07 00:00:00.000,31113,1182183C-C220-1B9E-A0F1-098D7430A860,0
967,7,2013-10-10 00:00:00.000,31196,CDF676B3-C0E8-5343-72C9-FF2EFD819CA7,0
968,8,2013-10-10 00:00:00.000,31213,345B8A5F-AA62-D84D-7455-E5B92F9AA03E,0
969,2,2013-10-11 00:00:00.000,31243,A5E2F6CF-B35C-990B-E9F6-1C41CECB2965,0
970,1,2013-10-11 00:00:00.000,0,6FC58201-0B60-DF56-8EB5-7AE14E424D9B,1
971,8,2013-10-11 00:00:00.000,31252,11041567-C874-A51B-D4ED-4C33FD5FDC0F,0
972,1,2013-10-11 00:00:00.000,0,36868FE7-C600-0C71-642E-73FEA69B215A,1
973,6,2013-10-13 00:00:00.000,31311,D541AE00-BDE3-F7BB-9D99-E1D59B52E67A,0
974,8,2013-10-13 00:00:00.000,31312,D541AE00-BDE3-F7BB-9D99-E1D59B52E67A,0
975,2,2013-10-13 00:00:00.000,31314,D541AE00-BDE3-F7BB-9D99-E1D59B52E67A,0
976,3,2013-10-13 00:00:00.000,31315,D541AE00-BDE3-F7BB-9D99-E1D59B52E67A,0
977,4,2013-10-13 00:00:00.000,31316,D541AE00-BDE3-F7BB-9D99-E1D59B52E67A,0
978,7,2013-10-13 00:00:00.000,31323,4290DA5C-C6B1-6C1D-F917-703BE9351071,0
979,6,2013-10-14 00:00:00.000,31361,1C92E240-92A0-E228-B9E1-5A982D7EE9EE,0
980,8,2013-10-15 00:00:00.000,31390,04882864-FB75-FBD9-7090-1C64384BF347,0
981,8,2013-10-15 00:00:00.000,31413,BEE5B830-D7A6-FB65-484B-A25CEC94A0DD,0
982,1,2013-10-16 00:00:00.000,0,9C44F80B-A3F0-C570-822A-8D3C0CA62C3D,1
983,8,2013-10-17 00:00:00.000,31443,18139689-96BA-A717-DACE-1CA0870B2482,0
984,8,2013-10-17 00:00:00.000,31457,EAE3E05A-F7EA-52BB-1C0E-6FCB71727CB4,0
985,3,2013-10-18 00:00:00.000,31479,45EBF7A1-D314-8332-5020-9B3FE9D22E61,0
986,3,2013-10-19 00:00:00.000,31512,86DA4D09-E712-6568-B090-C226F4C49B1F,0
987,8,2013-10-19 00:00:00.000,31526,841D795F-CB4C-4599-8B31-ED8B5E01A2D5,0
988,1,2013-10-20 00:00:00.000,31557,D85160A1-A462-38D0-66E8-028275471C7F,0
989,8,2013-10-22 00:00:00.000,31611,8F50BCF4-AB84-E04B-F6C4-8C14F0B4C987,0
990,7,2013-10-23 00:00:00.000,31644,E561AF77-B84D-A95E-525D-8063477D04C6,0
991,8,2013-10-24 00:00:00.000,31675,89D4AA29-B9B9-AD91-A73F-71551FC3A915,0
992,8,2013-10-28 00:00:00.000,31810,92EDC7E0-D3E2-974F-141B-E3CF877B7B88,0
993,1,2013-10-28 00:00:00.000,0,0187E197-043D-3DCA-3708-32AB778E37CA,1
994,9,2013-10-29 00:00:00.000,0,3B43FD8E-A9F3-4B1A-74CC-255ACCD77E11,1
995,1,2013-10-31 00:00:00.000,0,72F3D42A-D4FF-313F-5430-EB9F8DCFD105,1
996,8,2013-10-31 00:00:00.000,32052,B5C7A676-D701-10D3-C36F-4D7FB7AF0E48,0
997,7,2013-11-01 00:00:00.000,32132,F6E7185F-F738-72AE-B325-B593E9F50D6E,0
998,8,2013-11-01 00:00:00.000,32148,FA4F7097-98DA-859C-B35E-5A62FA686C3D,0
999,2,2013-11-01 00:00:00.000,32150,FA4F7097-98DA-859C-B35E-5A62FA686C3D,0
1000,4,2013-11-01 00:00:00.000,32151,FA4F7097-98DA-859C-B35E-5A62FA686C3D,0
1001,8,2013-11-02 00:00:00.000,32174,FE2B4E5B-B36A-492E-22A8-331DB331D9A1,0
1002,8,2013-11-03 00:00:00.000,32217,395FFADD-EF06-EF0E-BA5B-85BDA419514D,0
1003,7,2013-11-04 00:00:00.000,32245,18139689-96BA-A717-DACE-1CA0870B2482,0
1004,8,2013-11-05 00:00:00.000,32295,97F8CF5A-09B8-DF51-E0A1-064248E42D81,0
1005,1,2013-11-06 00:00:00.000,0,75D8BFE4-F683-FF90-398C-6CB4A04F4540,1
1006,7,2013-11-06 00:00:00.000,32406,75D8BFE4-F683-FF90-398C-6CB4A04F4540,0
1007,8,2013-11-07 00:00:00.000,32439,33753039-907C-18A8-A6F0-6FB5004DDE62,0
1008,8,2013-11-10 00:00:00.000,32542,F29E9523-BA00-F1DD-C74F-2EE6B8B6621D,0
1009,1,2013-11-10 00:00:00.000,0,A892204A-B54D-5224-EB1E-9F4345CD60F5,1
1010,8,2013-11-11 00:00:00.000,32607,45AC923E-CE38-F00D-35CE-E707DAC698FD,0
1011,5,2013-11-11 00:00:00.000,32609,3D250902-0E81-B9B1-6489-F5493588199C,0
1012,1,2013-11-12 00:00:00.000,0,F29E9523-BA00-F1DD-C74F-2EE6B8B6621D,1
1013,1,2013-11-13 00:00:00.000,0,3D250902-0E81-B9B1-6489-F5493588199C,1
1014,2,2013-11-13 00:00:00.000,32674,F29E9523-BA00-F1DD-C74F-2EE6B8B6621D,0
1015,4,2013-11-13 00:00:00.000,32675,F29E9523-BA00-F1DD-C74F-2EE6B8B6621D,0
1016,8,2013-11-13 00:00:00.000,32676,270CC343-05C2-015A-AFC1-9F763E3BA0DE,0
1017,7,2013-11-13 00:00:00.000,32680,72F3D42A-D4FF-313F-5430-EB9F8DCFD105,0
1018,1,2013-11-17 00:00:00.000,0,5D6EB8BD-DE55-0BBA-9BF4-32F3AAFDD5C5,1
1019,7,2013-11-18 00:00:00.000,32883,B8BE1F8A-EE75-7724-EB0F-5E5350FB4174,0
1020,7,2013-11-18 00:00:00.000,32903,41CF8E54-ED4A-9B62-968A-D0422F02A369,0
1021,8,2013-11-19 00:00:00.000,32958,C7C71111-E144-DC07-16F2-DEDFC987E1D2,0
1022,8,2013-11-19 00:00:00.000,32968,6016D88D-FC77-3043-BAE6-D4963A5BF312,0
1023,8,2013-11-21 00:00:00.000,33061,9B15F2FC-C3B0-A423-48EA-48BFFB0244EA,0
1024,8,2013-11-21 00:00:00.000,33065,72665593-E6B2-F4DB-AB44-77765BDBE82E,0
1025,8,2013-11-21 00:00:00.000,33072,3CCCF2F2-FBE4-E1BA-0E92-4ED01B67828D,0
1026,8,2013-11-21 00:00:00.000,33074,A892204A-B54D-5224-EB1E-9F4345CD60F5,0
1027,8,2013-11-21 00:00:00.000,33077,FF415DFB-0DFB-9E14-1D4B-BF986E1BA3CE,0
1028,8,2013-11-21 00:00:00.000,33081,5F97FD57-EDF4-7B47-5FCB-1531CDC188F3,0
1029,8,2013-11-21 00:00:00.000,33083,E6F82BA6-003F-EC66-1FE6-E657D9CDF88D,0
1030,1,2013-11-22 00:00:00.000,0,BEE5B830-D7A6-FB65-484B-A25CEC94A0DD,1
1031,8,2013-11-22 00:00:00.000,33107,DFD9BF04-B69C-4BF8-226C-44B7F9716FA2,0
1032,8,2013-11-22 00:00:00.000,33109,6D496B50-DAD4-2503-68FE-46F9D5BCE01A,0
1033,8,2013-11-23 00:00:00.000,33144,86DA4D09-E712-6568-B090-C226F4C49B1F,0
1034,8,2013-11-24 00:00:00.000,33246,D4D9A1B4-A602-42F7-FA89-246930DDCE73,0
1035,8,2013-11-25 00:00:00.000,33253,A5E2F6CF-B35C-990B-E9F6-1C41CECB2965,0
1036,8,2013-11-25 00:00:00.000,33296,9024E1B2-C52C-88DE-DE30-86C3D57870E2,0
1037,8,2013-11-25 00:00:00.000,33306,A8BA185B-E879-E972-A6D8-4D74EE685807,0
1038,5,2013-11-25 00:00:00.000,33308,A8BA185B-E879-E972-A6D8-4D74EE685807,0
1039,1,2013-11-28 00:00:00.000,0,24084518-F66B-F62F-F2B0-87D008E0A30C,1
1040,6,2013-12-01 00:00:00.000,33534,9FF3AACF-0A3F-9A67-A711-628B9EE611AE,0
1041,1,2013-12-03 00:00:00.000,0,8D9C6024-0DDC-F7EF-9BF6-D340EC53BF91,1
1042,8,2013-12-04 00:00:00.000,33647,BE411739-E750-0A36-E297-D444FD30E066,0
1043,8,2013-12-04 00:00:00.000,33649,BE411739-E750-0A36-E297-D444FD30E066,0
1044,1,2013-12-06 00:00:00.000,33708,766B1DD7-9FB8-50B7-2C06-0E11BEEB0642,0
1045,1,2013-12-09 00:00:00.000,0,A16288F6-B14E-811F-7499-230D0DAC0601,1
1046,7,2013-12-09 00:00:00.000,33842,F29E9523-BA00-F1DD-C74F-2EE6B8B6621D,0
1047,7,2013-12-12 00:00:00.000,33893,55100A70-D2CD-5F83-0D8D-02D1B5CF8C1B,0
1048,1,2013-12-12 00:00:00.000,0,D0B1711D-D8C8-8292-B48D-5825C3C67306,1
1049,1,2013-12-13 00:00:00.000,0,084E2DDB-9F45-EAE9-FED8-EF5C21D92189,1
1050,1,2013-12-16 00:00:00.000,0,A15B8269-B1D7-87F9-AE42-1B625D0E18DA,1
1051,8,2013-12-16 00:00:00.000,34052,D31F23C6-C87C-FEF4-9544-25C6B8B85F97,0
1052,8,2013-12-19 00:00:00.000,34187,6238CD78-F231-9E3B-C1C1-E325EC058A9C,0
1053,1,2013-12-23 00:00:00.000,0,0A0B18BD-F364-1EE3-519C-654526D11B66,1
1054,8,2013-12-24 00:00:00.000,34341,670A6B67-A0D2-FE98-72F3-8E227F1A8450,0
1055,1,2013-12-25 00:00:00.000,0,2BCEA406-D9C0-B725-71E9-9323723F460A,1
1056,8,2013-12-28 00:00:00.000,34456,EE0F0A0A-9427-75A4-9A15-067631D9B6F3,0
1057,1,2013-12-28 00:00:00.000,0,737A66E9-DF00-6069-567B-7C92A7863666,1
1058,8,2013-12-28 00:00:00.000,34465,737A66E9-DF00-6069-567B-7C92A7863666,0
1059,1,2013-12-28 00:00:00.000,0,E9F5457B-EEC2-BD1D-D0BA-BD49A0150020,1
1060,1,2013-12-28 00:00:00.000,0,0677B5BE-D787-89D1-30CA-4BAC551C1D9E,1
1061,1,2013-12-31 00:00:00.000,0,A6562349-F33A-504A-9550-F2523DA85718,1
1062,1,2014-01-01 00:00:00.000,0,2FCDA448-ED8E-B831-F615-B0D611B65116,1
1063,1,2014-01-01 00:00:00.000,0,8EDA84F6-BB18-575B-4116-2D41CB0FB4F0,1
1064,1,2014-01-01 00:00:00.000,0,9024E1B2-C52C-88DE-DE30-86C3D57870E2,1
1065,8,2014-01-01 00:00:00.000,35378,A3FD086B-B69F-3BDE-E7C4-C2AA6524E621,0
1066,8,2014-01-01 00:00:00.000,35391,4F22CFDE-0A66-5C24-D0AA-AFF10BE5D761,0
1067,1,2014-01-01 00:00:00.000,0,BFC324EF-B1D6-EE05-1CB9-FB95AB898FDD,1
1068,1,2014-01-01 00:00:00.000,0,C06587BA-FC56-8B31-D04D-F6EE3DB09217,1
1069,8,2014-01-01 00:00:00.000,35433,49E47BB2-CE59-5043-FE84-5E093D92405D,0
1070,1,2014-01-01 00:00:00.000,0,17D387AF-E70F-9109-E7F6-4C1CBC7E7352,1
1071,1,2014-01-02 00:00:00.000,0,5E0142D7-D0F0-B328-8760-F936621EF9A1,1
1072,8,2014-01-05 00:00:00.000,35688,63FFFD19-B6A7-2A00-5ED1-B49E1407F82A,0
1073,7,2014-01-06 00:00:00.000,35723,2DE69781-C7D9-06CB-0BD3-A1C248D15FE2,0
1074,1,2014-01-06 00:00:00.000,0,489BA3F5-0E73-181A-B7E5-5EFA56BABEEC,1
1075,1,2014-01-07 00:00:00.000,0,E2262DE4-FC4A-DEFE-E18C-55BF72F8D950,1
1076,1,2014-01-07 00:00:00.000,0,9FF3AACF-0A3F-9A67-A711-628B9EE611AE,1
1077,1,2014-01-09 00:00:00.000,0,271BBF58-F189-818E-8546-AD64CD1F9702,1
1078,1,2014-01-09 00:00:00.000,0,D4DA2742-C9C4-7DD3-EDD3-97C612EE9C36,1
1079,1,2014-01-09 00:00:00.000,0,93856DE6-E8A6-11EB-C211-696DF6FC6ECA,1
1080,1,2014-01-09 00:00:00.000,0,FBEC7905-06AD-7A04-098A-DAEC9B9760B0,1
1081,1,2014-01-09 00:00:00.000,0,93626E92-93B2-5BB2-6981-C2640420AB77,1
1082,1,2014-01-10 00:00:00.000,0,AD0D5683-D728-643F-2AA8-C113723EEF75,1
1083,8,2014-01-10 00:00:00.000,36032,44A25DB2-F00B-652D-51D5-887F1A701D68,0
1084,1,2014-01-10 00:00:00.000,0,44A25DB2-F00B-652D-51D5-887F1A701D68,1
1085,1,2014-01-10 00:00:00.000,0,1EB9DA22-E7EE-45FA-213B-8021E1778498,1
1086,1,2014-01-11 00:00:00.000,0,0061DC24-F713-0B3B-E611-819A03CFB869,1
1087,1,2014-01-14 00:00:00.000,0,04882864-FB75-FBD9-7090-1C64384BF347,1
1088,6,2014-01-14 00:00:00.000,36201,77D86C65-B50F-CD7B-7FFA-E7B1E0B1D455,0
1089,6,2014-01-15 00:00:00.000,36256,B4A0949C-F4B1-7F91-21D5-727706DDBF09,0
1090,6,2014-01-16 00:00:00.000,36272,A567917F-AB7E-98DD-ACCF-17BA56D81A9F,0
1091,6,2014-01-16 00:00:00.000,36278,2373357B-F184-FF68-BB73-B5561FB182D9,0
1092,1,2014-01-17 00:00:00.000,0,F52F0B90-C9B4-B548-C295-6B0A96CB7F17,1
1093,1,2014-01-17 00:00:00.000,36325,B4150ECE-D38E-11FC-621E-460DA3564904,0
1094,8,2014-01-18 00:00:00.000,36332,0510DFA5-A2B3-654F-0605-8478FE9B3BBD,0
1095,1,2014-01-18 00:00:00.000,0,231B48F8-921D-7B6C-EDEE-A5E9D1F45663,1
1096,8,2014-01-18 00:00:00.000,36357,D9FF3D7B-A5AD-EA4E-2610-FC37734A6C9B,0
1097,1,2014-01-18 00:00:00.000,0,379EC9C2-DB81-90F6-F274-A5EAC03A97B4,1
1098,8,2014-01-19 00:00:00.000,36403,2C20BAC2-FC77-E500-455E-7308689CF0B4,0
1099,1,2014-01-20 00:00:00.000,0,AADDB864-AD50-C551-F083-0723E93BDBDC,1
1100,1,2014-01-21 00:00:00.000,0,7538A6DC-EE48-436D-4631-B315AD843956,1
1101,1,2014-01-21 00:00:00.000,0,FD8813E4-D0DC-786A-AA51-351099506E18,1
1102,8,2014-01-21 00:00:00.000,36529,FD8813E4-D0DC-786A-AA51-351099506E18,0
1103,1,2014-01-21 00:00:00.000,0,AB5796D9-B453-9CE6-20DA-0C421CE92D56,1
1104,8,2014-01-22 00:00:00.000,36574,AADDB864-AD50-C551-F083-0723E93BDBDC,0
1105,1,2014-01-23 00:00:00.000,0,D4D9A1B4-A602-42F7-FA89-246930DDCE73,1
1106,1,2014-01-24 00:00:00.000,0,0CBEBC43-04F3-806F-4EC2-B41A486B60A3,1
1107,1,2014-01-25 00:00:00.000,0,05A19D5C-9447-99B4-42B4-C5F8C7CFBD60,1
1108,7,2014-01-26 00:00:00.000,36728,AADDB864-AD50-C551-F083-0723E93BDBDC,0
1109,1,2014-01-27 00:00:00.000,0,D1B1A5CB-E2A2-F07B-3A78-410ECE6281BD,1
1110,8,2014-01-27 00:00:00.000,36782,D1B1A5CB-E2A2-F07B-3A78-410ECE6281BD,0
1111,7,2014-01-30 00:00:00.000,36905,0609307D-D57F-9B62-80CF-94836C91CD34,0
1112,1,2014-01-30 00:00:00.000,0,5B2100A8-E66A-FE61-E4DA-66C8E5236DD5,1
1113,1,2014-01-31 00:00:00.000,0,6509B992-FEF6-93A0-D8FE-020E2862411E,1
1114,7,2014-02-01 00:00:00.000,36965,121B2AEB-A1EC-B63A-A6DC-8C30349B4F04,0
1115,8,2014-02-01 00:00:00.000,36984,B2584190-0588-D59F-55C7-B366B2073D2C,0
1116,6,2014-02-02 00:00:00.000,37010,E81DD8C5-E1B4-172F-5CAC-F5576BBDDB8F,0
1117,1,2014-02-02 00:00:00.000,0,FB2F01C6-B93A-3B62-FEE2-8AD133BFF731,1
1118,1,2014-02-04 00:00:00.000,0,028B8107-FE10-C261-0E9F-7F72ACD3E804,1
1119,1,2014-02-04 00:00:00.000,0,0643E074-A042-814C-9F1D-75754008DA33,1
1120,8,2014-02-04 00:00:00.000,37077,028B8107-FE10-C261-0E9F-7F72ACD3E804,0
1121,8,2014-02-04 00:00:00.000,37110,8446E71D-A67C-A5CA-CAA5-72BD83600268,0
1122,1,2014-02-06 00:00:00.000,0,C63B7FEE-0482-4F13-0B0A-5863BB576CF0,1
1123,1,2014-02-08 00:00:00.000,0,908E9B87-C4BC-5AF4-61B2-8C7F963D19B2,1
1124,8,2014-02-08 00:00:00.000,37276,B6793162-B537-F6B6-A9EA-B9DAC35DE0E9,0
1125,7,2014-02-09 00:00:00.000,37303,444886E9-A7AA-879B-E6C6-2805F26F6D80,0
1126,8,2014-02-10 00:00:00.000,37324,D391A664-AE1D-800F-1791-D2A7DB375E68,0
1127,1,2014-02-10 00:00:00.000,0,7B05D2EA-CB5E-3443-9079-7B97BD73DA74,1
1128,7,2014-02-12 00:00:00.000,37404,FD8813E4-D0DC-786A-AA51-351099506E18,0
1129,8,2014-02-12 00:00:00.000,37413,2759D15E-FA5F-D6FF-0F5A-445D588C4596,0
1130,1,2014-02-13 00:00:00.000,0,C46093E8-95AB-ABDC-E9C6-84C403AD2473,1
1131,6,2014-02-13 00:00:00.000,37441,C46093E8-95AB-ABDC-E9C6-84C403AD2473,0
1132,7,2014-02-13 00:00:00.000,37442,C46093E8-95AB-ABDC-E9C6-84C403AD2473,0
1133,1,2014-02-13 00:00:00.000,0,37E14E0B-FC24-5CB5-37B2-115327D7A286,1
1134,1,2014-02-14 00:00:00.000,0,6B79D121-0CBC-BF2B-00AB-F9C0B0F0B56F,1
1135,1,2014-02-14 00:00:00.000,0,F645CCEA-C2E6-E483-3DC9-021E685D6682,1
1136,8,2014-02-15 00:00:00.000,37555,3324C538-0575-D381-4102-0C973A1F759F,0
1137,7,2014-02-15 00:00:00.000,37574,1CFA061B-B65F-38C1-7720-2496E57DB587,0
1138,8,2014-02-15 00:00:00.000,37579,37D34F13-D755-55CD-3F0D-46E07C18B33B,0
1139,1,2014-02-16 00:00:00.000,0,23C772EF-CE8C-7CBD-5EC7-2BCC30D655F5,1
1140,1,2014-02-16 00:00:00.000,0,01D3DE57-CFCA-3B24-2F5C-6B588B329611,1
1141,1,2014-02-16 00:00:00.000,0,D391A664-AE1D-800F-1791-D2A7DB375E68,1
1142,1,2014-02-16 00:00:00.000,0,BA2007F9-957C-7A9A-7698-42BBE14CDA49,1
1143,8,2014-02-17 00:00:00.000,37636,406C3909-F176-9884-D111-1614CCE42F5A,0
1144,1,2014-02-17 00:00:00.000,37651,41883293-BE39-906C-5C54-64D70BE5BF00,0
1145,7,2014-02-18 00:00:00.000,37663,76917206-F098-6E53-8654-ED9B488D0302,0
1146,1,2014-02-19 00:00:00.000,0,F86650C0-BC35-A825-9730-CA4C18EA7A1D,1
1147,1,2014-02-19 00:00:00.000,0,3324C538-0575-D381-4102-0C973A1F759F,1
1148,8,2014-02-20 00:00:00.000,37751,E0B6BFB9-0E20-4250-A002-09A7F4EF4336,0
1149,1,2014-02-21 00:00:00.000,0,0CFB98A1-E298-E61A-ED85-E5CD423D8A79,1
1150,7,2014-02-22 00:00:00.000,37825,90ECE379-0CD5-FA6F-E58C-1F3ED4D4A793,0
1151,7,2014-02-22 00:00:00.000,37862,02271B40-D4EC-68A0-86D8-F3AD9C6F3340,0
1152,1,2014-02-23 00:00:00.000,0,64006AE9-D8C7-0C6E-E557-1E00470E20D3,1
1153,3,2014-02-25 00:00:00.000,37980,20D59407-DEC7-E8C3-EE0D-D50B542F3FD0,0
1154,1,2014-02-25 00:00:00.000,0,3D6E315C-DC3C-136E-3FEB-5CD720847218,1
1155,1,2014-02-25 00:00:00.000,0,00FAEB30-FA5B-EDDB-56D0-F6847F02318A,1
1156,7,2014-02-27 00:00:00.000,38091,74A6370B-C9BF-6C96-AECD-C8559B0D4391,0
1157,8,2014-02-27 00:00:00.000,38099,639C1E2F-9492-B667-CD5F-B0B801ED97BC,0
1158,7,2014-02-27 00:00:00.000,38108,16D396EB-B131-03F1-9D8B-7FE30E1D2FFE,0
1159,1,2014-02-28 00:00:00.000,38140,7B126A3D-D17A-B9A5-9AC5-E464E4367927,0
1160,8,2014-03-01 00:00:00.000,38147,7B05D2EA-CB5E-3443-9079-7B97BD73DA74,0
1161,6,2014-03-01 00:00:00.000,38149,D7D7B6E6-D2C7-114E-6237-1F742EF89CB5,0
1162,26,2014-03-01 00:00:00.000,38173,47778DB8-B8C8-7FE9-D03D-59636F31D724,0
1163,1,2014-03-01 00:00:00.000,0,33753039-907C-18A8-A6F0-6FB5004DDE62,1
1164,7,2014-03-02 00:00:00.000,38227,13904D6B-A34A-A58B-856B-9D374DF6F698,0
1165,26,2014-03-02 00:00:00.000,38231,3B43FD8E-A9F3-4B1A-74CC-255ACCD77E11,0
1166,26,2014-03-04 00:00:00.000,38285,D1B1A5CB-E2A2-F07B-3A78-410ECE6281BD,0
1167,26,2014-03-04 00:00:00.000,38287,A298EE3C-9968-967B-91FE-83584AB112F1,0
1168,26,2014-03-04 00:00:00.000,38289,D391A664-AE1D-800F-1791-D2A7DB375E68,0
1169,26,2014-03-04 00:00:00.000,38291,5498E1E7-B917-4D64-5452-21FE13610402,0
1170,26,2014-03-04 00:00:00.000,38295,AEBCEF05-D401-9916-A8F1-817E5EDB6B18,0
1171,26,2014-03-04 00:00:00.000,38297,AEBCEF05-D401-9916-A8F1-817E5EDB6B18,0
1172,26,2014-03-04 00:00:00.000,38302,114927D8-91F3-F373-092B-6CE931774F83,0
1173,1,2014-03-04 00:00:00.000,38304,B55B6879-03E9-C5AC-9661-2664E1CC6EDA,0
1174,26,2014-03-04 00:00:00.000,38306,A8BA185B-E879-E972-A6D8-4D74EE685807,0
1175,26,2014-03-04 00:00:00.000,38308,A8BA185B-E879-E972-A6D8-4D74EE685807,0
1176,26,2014-03-04 00:00:00.000,38310,24813B5B-BD50-99B6-1D54-EC968E3B081F,0
1177,26,2014-03-04 00:00:00.000,38312,868CD038-CA1C-4251-5E62-4E7AAAE547CD,0
1178,26,2014-03-04 00:00:00.000,38315,A0CECA72-CB07-190E-7387-612FBDDA25D9,0
1179,1,2014-03-04 00:00:00.000,0,868CD038-CA1C-4251-5E62-4E7AAAE547CD,1
1180,26,2014-03-04 00:00:00.000,38319,8A86BE0B-F2DE-A017-4E70-B29D7C500054,0
1181,26,2014-03-04 00:00:00.000,38324,3404535B-FEB6-DAC3-6436-2C934797324E,0
1182,26,2014-03-04 00:00:00.000,38326,94BDD0F7-F5DF-8893-9109-93FDF6B1B60D,0
1183,26,2014-03-04 00:00:00.000,38332,345B8A5F-AA62-D84D-7455-E5B92F9AA03E,0
1184,26,2014-03-04 00:00:00.000,38336,B5E38B28-D4A8-C1FE-D1CB-F9466C00C93B,0
1185,7,2014-03-04 00:00:00.000,38338,B5E38B28-D4A8-C1FE-D1CB-F9466C00C93B,0
1186,26,2014-03-04 00:00:00.000,38340,5F97FD57-EDF4-7B47-5FCB-1531CDC188F3,0
1187,8,2014-03-04 00:00:00.000,38343,5F97FD57-EDF4-7B47-5FCB-1531CDC188F3,0
1188,26,2014-03-04 00:00:00.000,38345,CD4BC6C2-0A0A-48D1-ECF6-678D173EE06F,0
1189,26,2014-03-04 00:00:00.000,38350,FC40D986-FC01-E628-408C-F0ABB96BF624,0
1190,26,2014-03-04 00:00:00.000,38355,F52F0B90-C9B4-B548-C295-6B0A96CB7F17,0
1191,26,2014-03-04 00:00:00.000,38359,FD8813E4-D0DC-786A-AA51-351099506E18,0
1192,26,2014-03-04 00:00:00.000,38364,20FA46CC-E507-C2CC-D2EE-96917C6125AB,0
1193,26,2014-03-04 00:00:00.000,38367,3324C538-0575-D381-4102-0C973A1F759F,0
1194,8,2014-03-04 00:00:00.000,38369,444886E9-A7AA-879B-E6C6-2805F26F6D80,0
1195,26,2014-03-04 00:00:00.000,38371,444886E9-A7AA-879B-E6C6-2805F26F6D80,0
1196,26,2014-03-04 00:00:00.000,38375,77D86C65-B50F-CD7B-7FFA-E7B1E0B1D455,0
1197,26,2014-03-04 00:00:00.000,38378,954D3668-F3CC-0709-9EDD-6488DE2BDED8,0
1198,26,2014-03-04 00:00:00.000,38383,6238CD78-F231-9E3B-C1C1-E325EC058A9C,0
1199,26,2014-03-05 00:00:00.000,38387,17D387AF-E70F-9109-E7F6-4C1CBC7E7352,0
1200,26,2014-03-05 00:00:00.000,38389,F405F533-F96E-689F-7BAD-977AF5D6A33B,0
1201,26,2014-03-05 00:00:00.000,38391,6B79D121-0CBC-BF2B-00AB-F9C0B0F0B56F,0
1202,26,2014-03-05 00:00:00.000,38396,0E646A70-09F6-5AE3-387C-C4010E24D99B,0
1203,26,2014-03-05 00:00:00.000,38408,BA98CE53-0151-4C93-A4BF-048DA6CB8E4B,0
1204,26,2014-03-05 00:00:00.000,38410,698F67DB-C6A0-EE81-ECC0-68EFB59B80F0,0
1205,26,2014-03-05 00:00:00.000,38413,6EEAECF6-0F7E-E9C0-ABEA-1D94FAF485E9,0
1206,8,2014-03-05 00:00:00.000,38415,379EC9C2-DB81-90F6-F274-A5EAC03A97B4,0
1207,26,2014-03-05 00:00:00.000,38422,9E12CD1A-BEAA-85D5-A566-E2D4830C3D12,0
1208,26,2014-03-06 00:00:00.000,38435,3CCCF2F2-FBE4-E1BA-0E92-4ED01B67828D,0
1209,7,2014-03-06 00:00:00.000,38440,798BA647-0A66-5321-915B-070591A4617D,0
1210,26,2014-03-06 00:00:00.000,38441,028B8107-FE10-C261-0E9F-7F72ACD3E804,0
1211,26,2014-03-06 00:00:00.000,38449,5DAFFE5A-E4A9-C004-DE64-B32FFAEC4020,0
1212,26,2014-03-07 00:00:00.000,38473,810E218D-EA4C-49E1-6380-C770BF6BA33F,0
1213,26,2014-03-07 00:00:00.000,38475,FEB466A1-0631-2EC2-C170-A89537413F0D,0
1214,1,2014-03-07 00:00:00.000,0,954D3668-F3CC-0709-9EDD-6488DE2BDED8,1
1215,1,2014-03-07 00:00:00.000,0,F405F533-F96E-689F-7BAD-977AF5D6A33B,1
1216,1,2014-03-08 00:00:00.000,0,8EF96E9A-D66F-0121-9B8F-72D44F895401,1
1217,26,2014-03-08 00:00:00.000,38504,270CC343-05C2-015A-AFC1-9F763E3BA0DE,0
1218,26,2014-03-10 00:00:00.000,38563,B5DCCA43-B30D-1A70-1743-D365BD882297,0
1219,1,2014-03-10 00:00:00.000,0,3F055F06-D8D8-B796-6371-59F313D4A73A,1
1220,26,2014-03-11 00:00:00.000,38590,DD61C1EC-BD64-4A2A-0DDC-57CC0D49DB9A,0
1221,1,2014-03-12 00:00:00.000,0,24813B5B-BD50-99B6-1D54-EC968E3B081F,1
1222,26,2014-03-13 00:00:00.000,38637,B9F4ECA5-DBD7-2F47-9D04-F4B5C287F8D9,0
1223,1,2014-03-13 00:00:00.000,0,BB7F0260-DDC6-AD8A-569B-6C7D5B3BB806,1
1224,5,2014-03-13 00:00:00.000,38679,BA2007F9-957C-7A9A-7698-42BBE14CDA49,0
1225,1,2014-03-14 00:00:00.000,0,CDA06EE4-F837-08E7-FE9A-8C36407FA6CE,1
1226,1,2014-03-16 00:00:00.000,0,13D55470-DDFA-5D47-F397-4B434E932C9C,1
1227,1,2014-03-16 00:00:00.000,0,8A8E944E-FC79-D232-76B0-FBCDE05F88C8,1
1228,8,2014-03-17 00:00:00.000,38825,D04B502E-BCFA-1E13-24CE-87E1FE302101,0
1229,3,2014-03-18 00:00:00.000,38853,8EDA84F6-BB18-575B-4116-2D41CB0FB4F0,0
1230,3,2014-03-18 00:00:00.000,38857,C06587BA-FC56-8B31-D04D-F6EE3DB09217,0
1231,26,2014-03-18 00:00:00.000,38859,1B8A8D51-F1FD-2692-54AC-A1A618AF5C7A,0
1232,7,2014-03-18 00:00:00.000,38864,9F6BB0A1-EDE7-E619-606C-8790F0A4DDD9,0
1233,3,2014-03-19 00:00:00.000,38892,1AA99C28-A8A4-B188-946C-F33BA905AD4A,0
1234,3,2014-03-19 00:00:00.000,38901,9C02177A-02FD-74FE-330D-4B4DA3CCE282,0
1235,7,2014-03-19 00:00:00.000,38911,AC464825-A489-A621-65DA-620ED486E313,0
1236,27,2014-03-19 00:00:00.000,38916,47778DB8-B8C8-7FE9-D03D-59636F31D724,0
1237,27,2014-03-19 00:00:00.000,38923,59DD15FC-E00F-778C-24E7-5E5D91FB5A38,0
1238,26,2014-03-20 00:00:00.000,38980,379EC9C2-DB81-90F6-F274-A5EAC03A97B4,0
1239,5,2014-03-21 00:00:00.000,38994,F86650C0-BC35-A825-9730-CA4C18EA7A1D,0
1240,8,2014-03-21 00:00:00.000,39010,7266B2EA-A5B5-8F78-063F-3424E488CAA3,0
1241,7,2014-03-22 00:00:00.000,39021,EB06364A-B379-04C5-34AB-872791715997,0
1242,7,2014-03-22 00:00:00.000,39022,F19C120E-E438-FF10-97B1-456939B4C9F3,0
1243,7,2014-03-22 00:00:00.000,39023,9FA73386-BB0E-1FB3-615A-E3FA9BD4314C,0
1244,7,2014-03-22 00:00:00.000,39039,14DE4698-98B1-62D9-D3D7-41EBB44A155B,0
1245,7,2014-03-22 00:00:00.000,39042,10559D5E-BBAD-A1B4-118F-32D01F5233F7,0
1246,1,2014-03-22 00:00:00.000,0,AC464825-A489-A621-65DA-620ED486E313,1
1247,7,2014-03-22 00:00:00.000,39049,BFC324EF-B1D6-EE05-1CB9-FB95AB898FDD,0
1248,7,2014-03-22 00:00:00.000,39057,17D387AF-E70F-9109-E7F6-4C1CBC7E7352,0
1249,1,2014-03-23 00:00:00.000,0,9414C9A3-CBB8-39DB-9C98-CE3A4789EE96,1
1250,7,2014-03-23 00:00:00.000,39081,DF19D101-E865-1466-7414-BAD0F4119FA1,0
1251,3,2014-03-23 00:00:00.000,39088,A73261A5-CBD2-6AE4-168B-CD2CCADD8FC7,0
1252,7,2014-03-24 00:00:00.000,39106,DCD2DE35-CB8A-2ABA-C765-7E8065E17FB0,0
1253,7,2014-03-24 00:00:00.000,39107,9F5BE42C-F024-6BB0-A98A-F70B879CE338,0
1254,1,2014-03-24 00:00:00.000,0,57F4D090-F1FA-4B1B-6365-04FADB4183A1,1
1255,8,2014-03-24 00:00:00.000,39123,7631EBE9-FF79-84B6-BD3C-9932CE7484AC,0
1256,26,2014-03-24 00:00:00.000,39125,7631EBE9-FF79-84B6-BD3C-9932CE7484AC,0
1257,27,2014-03-25 00:00:00.000,39138,F0D77EB8-B149-41A3-FAE9-BE6BF9720B05,0
1258,1,2014-03-25 00:00:00.000,0,F0D77EB8-B149-41A3-FAE9-BE6BF9720B05,1
1259,27,2014-03-25 00:00:00.000,39140,A8BA185B-E879-E972-A6D8-4D74EE685807,0
1260,27,2014-03-25 00:00:00.000,39141,FCBDCC01-A064-80DC-AEAE-3FEC48D0E1EF,0
1261,27,2014-03-25 00:00:00.000,39142,BA2007F9-957C-7A9A-7698-42BBE14CDA49,0
1262,1,2014-03-25 00:00:00.000,0,0281AEC9-E441-99F5-5D1D-177C938E1687,1
1263,26,2014-03-25 00:00:00.000,39160,AA81EC2D-CB7A-00C8-A4B3-680CF687AF37,0
1264,1,2014-03-25 00:00:00.000,0,AABD0A8B-D3A9-EDA0-0838-FAC71598BF3D,1
1265,27,2014-03-26 00:00:00.000,39174,5A07BFAB-D464-6D53-A654-459C54FF4349,0
1266,27,2014-03-26 00:00:00.000,39201,8F9C6A80-90D3-1B52-7F1B-9D7F553741FB,0
1267,27,2014-03-26 00:00:00.000,39202,5216A92B-096B-F131-DA0A-276BEEC3E1D4,0
1268,1,2014-03-26 00:00:00.000,0,BC4BD81C-0ACF-20CE-C3E0-0CFCF9303DF2,1
1269,26,2014-03-27 00:00:00.000,39234,86DA4D09-E712-6568-B090-C226F4C49B1F,0
1270,5,2014-03-28 00:00:00.000,39262,DBEED2B4-CA7C-9A84-840A-66A9FAFC333A,0
1271,7,2014-03-28 00:00:00.000,39272,67B07165-9FE0-BCEA-0781-DC6E2111C7C8,0
1272,7,2014-03-28 00:00:00.000,39285,53FEA67D-E0AB-9BA9-AE7A-D7E5A8C62BEB,0
1273,1,2014-03-30 00:00:00.000,0,A81EF670-C4E5-4126-75E9-F97C29DAD9B5,1
1274,8,2014-03-31 00:00:00.000,40144,94F2D106-B22C-B16D-7AE8-E565E778CD6C,0
1275,8,2014-04-01 00:00:00.000,40210,191F0EC7-C13D-02B6-820A-C36A47945533,0
1276,1,2014-04-01 00:00:00.000,0,2CD5F9E0-D558-5164-A153-E9627965112F,1
1277,1,2014-04-01 00:00:00.000,0,9A52B0D1-D4AA-509E-4C54-EEC578763C3A,1
1278,7,2014-04-01 00:00:00.000,40330,0F7B9EF4-A64B-28B4-2436-84ECB103051B,0
1279,1,2014-04-01 00:00:00.000,0,97209AA5-EA17-3949-150E-324B9580C63C,1
1280,5,2014-04-01 00:00:00.000,40359,97209AA5-EA17-3949-150E-324B9580C63C,0
1281,1,2014-04-01 00:00:00.000,0,670A6B67-A0D2-FE98-72F3-8E227F1A8450,1
1282,1,2014-04-02 00:00:00.000,0,49954884-FFFF-D6B5-2BD1-DD80642F1DA5,1
1283,8,2014-04-02 00:00:00.000,40403,B6386689-CD43-7850-B712-162CE21737CF,0
1284,1,2014-04-02 00:00:00.000,0,8E5E72C3-0834-D0ED-F6A5-AF2072ACCFBD,1
1285,1,2014-04-02 00:00:00.000,0,DF19D101-E865-1466-7414-BAD0F4119FA1,1
1286,1,2014-04-02 00:00:00.000,0,50A04AB2-059A-BDB9-4EE6-3CC361005F0F,1
1287,1,2014-04-03 00:00:00.000,0,93119CFF-D254-BD61-E078-C70E3CCD8E47,1
1288,1,2014-04-04 00:00:00.000,0,82A43239-BF40-73BC-2CEF-FDEC0E9AF909,1
1289,1,2014-04-04 00:00:00.000,0,4C77D268-B447-B693-3A80-AF143D71A1A2,1
1290,1,2014-04-04 00:00:00.000,0,518DF5EA-C375-FA1A-8954-E1862AE4555C,1
1291,1,2014-04-05 00:00:00.000,0,114927D8-91F3-F373-092B-6CE931774F83,1
1292,8,2014-04-05 00:00:00.000,40593,32921E99-AB11-6272-C3D7-6594641C3CBC,0
1293,26,2014-04-05 00:00:00.000,40600,737A66E9-DF00-6069-567B-7C92A7863666,0
1294,3,2014-04-06 00:00:00.000,40637,7BF2DECB-CD98-E4F2-ADC6-803FD0564F0F,0
1295,8,2014-04-07 00:00:00.000,40657,1C877D14-ADB1-4A8D-859B-6DFC0FEDE485,0
1296,8,2014-04-08 00:00:00.000,40722,55F87C4A-93CB-36CF-E477-A3DF2F0DB36B,0
1297,26,2014-04-08 00:00:00.000,40724,55F87C4A-93CB-36CF-E477-A3DF2F0DB36B,0
1298,1,2014-04-09 00:00:00.000,0,D5A05F5D-0976-593C-319B-B7CDA072D38C,1
1299,7,2014-04-10 00:00:00.000,40769,D00C9E08-E56D-C3C0-7960-61E7B4A59C39,0
1300,26,2014-04-10 00:00:00.000,40784,CD2FC7E5-0E86-8562-F0BB-5079500E7ADC,0
1301,1,2014-04-12 00:00:00.000,40850,155E5F3D-025A-AB9D-062F-7F5622750500,0
1302,8,2014-04-12 00:00:00.000,40851,149D8BBA-E0FF-4496-C026-846FC5B31F6B,0
1303,1,2014-04-13 00:00:00.000,0,49E47BB2-CE59-5043-FE84-5E093D92405D,1
1304,26,2014-04-14 00:00:00.000,40901,1E283255-E367-AC85-6564-CB679C79B6A6,0
1305,1,2014-04-14 00:00:00.000,0,1045FAB9-CA2E-2E3D-071E-2CE34311A88C,1
1306,7,2014-04-15 00:00:00.000,40939,94F2D106-B22C-B16D-7AE8-E565E778CD6C,0
1307,8,2014-04-18 00:00:00.000,41012,7687E1C8-BE86-9DE1-E99B-5D6398E628B5,0
1308,26,2014-04-19 00:00:00.000,41028,79B74694-B1D4-56A2-A847-DBD595C048FF,0
1309,8,2014-04-20 00:00:00.000,41110,3CE02ACE-AE11-93F2-ADE0-83542C7C4725,0
1310,1,2014-04-20 00:00:00.000,0,16D396EB-B131-03F1-9D8B-7FE30E1D2FFE,1
1311,1,2014-04-22 00:00:00.000,0,7E111228-BBC8-3D5D-E564-0743AF4870A8,1
1312,1,2014-04-22 00:00:00.000,0,AB1BD8DF-D704-7782-6ED4-42756E6950D9,1
1313,8,2014-04-23 00:00:00.000,41209,8EDD8A5A-E98C-FF93-ABFA-C9DC4FFCA85E,0
1314,28,2014-04-26 00:00:00.000,41318,47778DB8-B8C8-7FE9-D03D-59636F31D724,0
1315,28,2014-04-26 00:00:00.000,41319,59DD15FC-E00F-778C-24E7-5E5D91FB5A38,0
1316,26,2014-04-27 00:00:00.000,41354,8FF16E4C-AA15-9440-1561-4912B13BD5A6,0
1317,8,2014-04-27 00:00:00.000,41367,07F0389C-F18A-B091-A73A-505ECE5B41E8,0
1318,1,2014-04-27 00:00:00.000,0,07F0389C-F18A-B091-A73A-505ECE5B41E8,1
1319,28,2014-04-27 00:00:00.000,41379,11041567-C874-A51B-D4ED-4C33FD5FDC0F,0
1320,7,2014-04-28 00:00:00.000,41392,7DFC34CC-C7C9-76EE-CA75-3E5EA9F28829,0
1321,28,2014-04-29 00:00:00.000,41431,664C3476-FB6F-09D5-7C21-FB8D1BF60594,0
1322,28,2014-04-29 00:00:00.000,41438,F4478A4D-E65F-4822-6DA3-012ED043AF65,0
1323,28,2014-04-29 00:00:00.000,41440,19923DAA-B71D-4650-5AE5-9987FF71B4F9,0
1324,28,2014-04-29 00:00:00.000,41441,905F3812-0390-9CB8-CA68-A731102A1C12,0
1325,28,2014-04-29 00:00:00.000,41445,3404535B-FEB6-DAC3-6436-2C934797324E,0
1326,26,2014-04-29 00:00:00.000,41465,11041567-C874-A51B-D4ED-4C33FD5FDC0F,0
1327,28,2014-04-29 00:00:00.000,41467,DC237190-DAE8-5484-B88B-01A99AD18AA8,0
1328,5,2014-04-29 00:00:00.000,41478,7CDFB254-BE7D-2DF9-998D-F467068E4EAA,0
1329,28,2014-04-30 00:00:00.000,41494,BA2007F9-957C-7A9A-7698-42BBE14CDA49,0
1330,28,2014-04-30 00:00:00.000,41507,BC66593F-FCFD-4A12-117E-CB8B9842D8BB,0
1331,28,2014-05-01 00:00:00.000,41532,4D5145F4-963A-C412-F43C-E19BC99567B6,0
1332,28,2014-05-01 00:00:00.000,41565,9BBDD5A6-C1F7-C889-0CAB-5065DD5C4FF4,0
1333,1,2014-05-01 00:00:00.000,0,7A0667F4-ADDE-7E99-66E3-1649597F1C5F,1
1334,28,2014-05-02 00:00:00.000,41572,AA5C7261-0178-8D05-3299-67D995F5B57D,0
1335,28,2014-05-03 00:00:00.000,41618,7CDFB254-BE7D-2DF9-998D-F467068E4EAA,0
1336,5,2014-05-05 00:00:00.000,41684,379EC9C2-DB81-90F6-F274-A5EAC03A97B4,0
1337,1,2014-05-05 00:00:00.000,0,81F7F555-CE39-A3A3-1C05-F2131F0B6CD6,1
1338,1,2014-05-06 00:00:00.000,0,6EE6E2A8-DDC2-21BF-3F7F-CB13BBCE50EB,1
1339,1,2014-05-06 00:00:00.000,0,6C02AFC4-05CE-661A-0744-2AF86B23E88F,1
1340,28,2014-05-06 00:00:00.000,41744,FD8813E4-D0DC-786A-AA51-351099506E18,0
1341,28,2014-05-07 00:00:00.000,41775,7B05D2EA-CB5E-3443-9079-7B97BD73DA74,0
1342,28,2014-05-07 00:00:00.000,41778,53181B04-EDA6-14D1-0B32-0068F276F8AB,0
1343,1,2014-05-07 00:00:00.000,0,67B07165-9FE0-BCEA-0781-DC6E2111C7C8,1
1344,28,2014-05-07 00:00:00.000,41783,9C02177A-02FD-74FE-330D-4B4DA3CCE282,0
1345,1,2014-05-08 00:00:00.000,0,7A738A8F-9D68-6D0E-48DD-6F834DD80B8D,1
1346,7,2014-05-10 00:00:00.000,41864,7E111228-BBC8-3D5D-E564-0743AF4870A8,0
1347,26,2014-05-11 00:00:00.000,41920,B8FA12E0-E4DE-5E81-EACE-E59B7448EC96,0
1348,8,2014-05-11 00:00:00.000,41922,B8FA12E0-E4DE-5E81-EACE-E59B7448EC96,0
1349,1,2014-05-12 00:00:00.000,0,FB05B4D8-EF7D-D47E-AABE-959C0D78A410,1
1350,1,2014-05-12 00:00:00.000,0,2012FEE0-ECB4-29C6-7A6B-80661C9984D3,1
1351,1,2014-05-14 00:00:00.000,0,F87AD4B6-063D-0C71-20F4-13534A70CF6B,1
1352,8,2014-05-14 00:00:00.000,42065,DFE8EF1B-935A-A94E-56F6-E7453F3E646C,0
1353,8,2014-05-16 00:00:00.000,42134,F87AD4B6-063D-0C71-20F4-13534A70CF6B,0
1354,7,2014-05-16 00:00:00.000,42150,CF019F55-DE0E-ABD4-DA8C-9A0E99206ECD,0
1355,5,2014-05-17 00:00:00.000,42172,77D86C65-B50F-CD7B-7FFA-E7B1E0B1D455,0
1356,7,2014-05-17 00:00:00.000,42174,77D86C65-B50F-CD7B-7FFA-E7B1E0B1D455,0
1357,1,2014-05-18 00:00:00.000,0,32A4B239-FDEB-6A45-6557-850D7894EB6F,1
1358,6,2014-05-18 00:00:00.000,42198,7CB8DFDC-9301-05FA-F579-037AE7A425E6,0
1359,8,2014-05-18 00:00:00.000,42212,10249B67-FA47-FE8A-CC4B-FD11E1B3712E,0
1360,8,2014-05-18 00:00:00.000,42215,1739E5DD-FC64-118D-3D8F-95F790E31C65,0
1361,26,2014-05-18 00:00:00.000,42217,1739E5DD-FC64-118D-3D8F-95F790E31C65,0
1362,1,2014-05-19 00:00:00.000,0,8F8681AB-F0BC-27B2-704D-DE2D57B7378B,1
1363,1,2014-05-21 00:00:00.000,0,F232CD71-FF54-279A-AC93-D936D35F5021,1
1364,7,2014-05-22 00:00:00.000,42301,F0D77EB8-B149-41A3-FAE9-BE6BF9720B05,0
1365,8,2014-05-22 00:00:00.000,42320,1ECA418D-D54C-10DE-63BB-648416FE3F87,0
1366,8,2014-05-23 00:00:00.000,42351,2AA7BDCB-DF63-F12C-C000-D0F16323E442,0
1367,1,2014-05-24 00:00:00.000,0,4943D2B0-A6E0-5878-D8F8-1A0A3F816483,1
1368,1,2014-05-26 00:00:00.000,0,47895F13-DE88-7140-FB46-35E3CDB5C5BD,1
1369,1,2014-05-27 00:00:00.000,0,C58602B9-A4E6-89B9-7149-2C8E506AB912,1
1370,27,2014-05-28 00:00:00.000,42480,90632607-0B57-52B5-EE80-0FDA2A02F35F,0
1371,1,2014-05-31 00:00:00.000,0,F3B14A24-0FC6-1571-5976-23FCFC3C2ECD,1
1372,26,2014-06-01 00:00:00.000,42579,F86650C0-BC35-A825-9730-CA4C18EA7A1D,0
1373,8,2014-06-01 00:00:00.000,42588,297FF043-A3FD-EA9B-1E6A-EB06D8D652A5,0
1374,8,2014-06-02 00:00:00.000,42606,D678B208-ACC6-D967-31D1-F18965AF6809,0
1375,26,2014-06-02 00:00:00.000,42608,D678B208-ACC6-D967-31D1-F18965AF6809,0
1376,1,2014-06-03 00:00:00.000,0,DFE8EF1B-935A-A94E-56F6-E7453F3E646C,1
1377,1,2014-06-04 00:00:00.000,0,01693E4B-961B-A0E1-85D9-15DEC0E2B6FA,1
1378,1,2014-06-04 00:00:00.000,0,49F5D405-0912-A0F1-1192-D249D5C8BDE9,1
1379,28,2014-06-07 00:00:00.000,42768,119C812B-F7A1-13EF-670C-6786FA1E77BD,0
1380,26,2014-06-08 00:00:00.000,42798,25444D30-DF79-711D-725E-3B68B92D0D47,0
1381,8,2014-06-10 00:00:00.000,42855,7159708A-A558-50D9-5B2C-8E92E805228E,0
1382,7,2014-06-10 00:00:00.000,42895,88437B5D-0AFD-AB9F-226F-6179789DCAAF,0
1383,26,2014-06-12 00:00:00.000,42936,F16BDD28-C210-2513-AD7A-F5FBD2BCB051,0
1384,26,2014-06-12 00:00:00.000,42938,A8BA185B-E879-E972-A6D8-4D74EE685807,0
1385,26,2014-06-12 00:00:00.000,42940,0609307D-D57F-9B62-80CF-94836C91CD34,0
1386,26,2014-06-12 00:00:00.000,42942,E390C879-CECF-79EB-1E85-9C7D2A1E3635,0
1387,6,2014-06-12 00:00:00.000,42947,B55B6879-03E9-C5AC-9661-2664E1CC6EDA,0
1388,2,2014-06-12 00:00:00.000,42952,9B15F2FC-C3B0-A423-48EA-48BFFB0244EA,0
1389,3,2014-06-12 00:00:00.000,42953,9B15F2FC-C3B0-A423-48EA-48BFFB0244EA,0
1390,4,2014-06-12 00:00:00.000,42955,9B15F2FC-C3B0-A423-48EA-48BFFB0244EA,0
1391,1,2014-06-13 00:00:00.000,0,997C51DD-F742-1853-A41A-03D8AD984AB7,1
1392,1,2014-06-14 00:00:00.000,0,7159708A-A558-50D9-5B2C-8E92E805228E,1
1393,7,2014-06-14 00:00:00.000,43018,3FA97B67-CE59-5B26-8B7B-60C591E3698A,0
1394,7,2014-06-14 00:00:00.000,43022,7159708A-A558-50D9-5B2C-8E92E805228E,0
1395,3,2014-06-14 00:00:00.000,43023,7159708A-A558-50D9-5B2C-8E92E805228E,0
1396,26,2014-06-15 00:00:00.000,43055,1642DD35-BAC4-359F-D93F-432AF3F4DEAF,0
1397,1,2014-06-17 00:00:00.000,0,802750BE-C85E-792E-B151-56B9EF2F697C,1
1398,26,2014-06-18 00:00:00.000,43105,79F805F4-E9FE-CDE1-0530-0EB061B81BF9,0
1399,28,2014-06-19 00:00:00.000,43140,7159708A-A558-50D9-5B2C-8E92E805228E,0
1400,8,2014-06-25 00:00:00.000,43292,D56B52F3-EA53-8AC0-0444-8E9BE31D7978,0
1401,1,2014-06-26 00:00:00.000,0,FFE32C19-087E-5717-4612-3829D154C125,1
1402,1,2014-06-26 00:00:00.000,0,06EF2D56-EB30-646C-A43A-4E53FB5CCE33,1
1403,1,2014-06-26 00:00:00.000,0,9A687E1A-0979-7B67-3767-D7B0D9D1FBD8,1
1404,1,2014-06-26 00:00:00.000,43314,B5811190-B283-2817-B240-48C653BAE4FE,0
1405,1,2014-06-26 00:00:00.000,0,92E54EED-CBBE-A6EB-6398-85B84F17B795,1
1406,1,2014-06-26 00:00:00.000,0,DF027923-BC4E-6805-3565-F2A4FF15B801,1
1407,1,2014-06-26 00:00:00.000,0,13CDF6F3-0F5E-47DD-065C-12E6A01CCE95,1
1408,1,2014-06-26 00:00:00.000,43331,DFD83376-B194-26FB-2A89-41E5D7ECA8A0,0
1409,1,2014-06-26 00:00:00.000,0,F177821F-A144-4D6E-79EB-44DB53E4DBA1,1
1410,2,2014-06-27 00:00:00.000,43348,997C51DD-F742-1853-A41A-03D8AD984AB7,0
1411,4,2014-06-27 00:00:00.000,43349,997C51DD-F742-1853-A41A-03D8AD984AB7,0
1412,1,2014-06-30 00:00:00.000,0,C46383EE-D246-1CD4-5904-7FCB5AA3671E,1
1413,8,2014-06-30 00:00:00.000,43449,DD055EF4-F167-DFCC-D359-FC2A9172D361,0
1414,1,2014-07-01 00:00:00.000,0,21747BE7-CCFA-8051-34F9-BFBFAE746144,1
1415,1,2014-07-01 00:00:00.000,0,414494FF-C29C-5EF3-3F25-6B60E1C2D489,1
1416,1,2014-07-01 00:00:00.000,0,FBD149D0-CF24-3887-D64C-1B200433800B,1
1417,1,2014-07-01 00:00:00.000,44383,F5C33D34-96F9-BA88-FDE5-FF29CB278AFF,0
1418,1,2014-07-01 00:00:00.000,0,DD42AA55-D317-72E1-F210-8B3E2659F537,1
1419,1,2014-07-01 00:00:00.000,0,B3C774A6-9248-FAB7-D92A-8B402FF67318,1
1420,1,2014-07-01 00:00:00.000,0,18A6099F-C534-E090-2052-0E0D925C720B,1
1421,1,2014-07-02 00:00:00.000,0,952D58CA-9E6F-598D-1A4A-EF2140E9D6F2,1
1422,1,2014-07-02 00:00:00.000,0,AA5EF8FA-D380-DA92-01DF-621A8BB8E717,1
1423,8,2014-07-03 00:00:00.000,44567,FB8294D3-013F-008A-6180-609A14B40BE5,0
1424,1,2014-07-03 00:00:00.000,0,B7B7E44D-BEC0-237B-60CE-6D954F80ED8D,1
1425,1,2014-07-03 00:00:00.000,0,CE8C5254-D047-8E82-DB2D-63E391045A1C,1
1426,1,2014-07-04 00:00:00.000,0,01245715-A1EE-37A5-4DDD-DD5B5C899FCC,1
1427,5,2014-07-04 00:00:00.000,44623,FB98DFE8-9B5D-A548-A7A5-BBEB135D1ECA,0
1428,1,2014-07-04 00:00:00.000,0,0306AFD4-A5CF-81CE-84DD-C8519B9EC4A0,1
1429,7,2014-07-04 00:00:00.000,44630,0306AFD4-A5CF-81CE-84DD-C8519B9EC4A0,0
1430,1,2014-07-05 00:00:00.000,0,E9C9484E-ECFD-D83F-8994-3E7A20FD4AB8,1
1431,1,2014-07-06 00:00:00.000,0,297FF043-A3FD-EA9B-1E6A-EB06D8D652A5,1
1432,6,2014-07-07 00:00:00.000,44749,B6386689-CD43-7850-B712-162CE21737CF,0
1433,1,2014-07-08 00:00:00.000,0,14CD41DF-F4F7-5E78-C1EC-1C6AA391F2D6,1
1434,8,2014-07-08 00:00:00.000,44787,2051C60E-C628-A7BD-B6BF-CC18435693A7,0
1435,1,2014-07-09 00:00:00.000,0,7266B2EA-A5B5-8F78-063F-3424E488CAA3,1
1436,1,2014-07-09 00:00:00.000,0,6ECD81B4-B172-04D6-2FDF-9D46FFB6B909,1
1437,1,2014-07-09 00:00:00.000,0,8B0D53AB-BB37-CAE6-3ECD-CB22E1F16540,1
1438,1,2014-07-10 00:00:00.000,0,F4478A4D-E65F-4822-6DA3-012ED043AF65,1
1439,1,2014-07-10 00:00:00.000,0,936C02C8-DDC7-0C13-3FD1-0425A656048B,1
1440,1,2014-07-10 00:00:00.000,0,BB457E33-D771-6594-5DE4-5AA53A918968,1
1441,1,2014-07-10 00:00:00.000,0,130BDEBA-047E-26B2-2F10-A85ED4366600,1
1442,6,2014-07-10 00:00:00.000,44868,1C427ED8-C936-81CB-627E-462765A5414E,0
1443,6,2014-07-10 00:00:00.000,44871,EAE3E05A-F7EA-52BB-1C0E-6FCB71727CB4,0
1444,6,2014-07-10 00:00:00.000,44872,8896306C-FE2D-61B5-FE77-0D2D595F19B9,0
1445,6,2014-07-10 00:00:00.000,44876,B7B3F884-FE5C-EEFD-AFB7-235EAF2DC624,0
1446,6,2014-07-11 00:00:00.000,44899,997C51DD-F742-1853-A41A-03D8AD984AB7,0
1447,6,2014-07-11 00:00:00.000,44900,4ACFDD79-E718-F930-653F-53C93B1C2C33,0
1448,7,2014-07-11 00:00:00.000,44903,9D91BE65-C7D8-B7EB-99A6-D78BC7E87B6F,0
1449,5,2014-07-11 00:00:00.000,44904,9D91BE65-C7D8-B7EB-99A6-D78BC7E87B6F,0
1450,6,2014-07-12 00:00:00.000,44940,8EDA84F6-BB18-575B-4116-2D41CB0FB4F0,0
1451,1,2014-07-12 00:00:00.000,0,20145404-030D-6393-1E2A-B95FFD6BE0EF,1
1452,7,2014-07-13 00:00:00.000,44963,0C7117A8-0CCB-9A78-81C3-EE06E846EBBB,0
1453,6,2014-07-13 00:00:00.000,44976,13CDF6F3-0F5E-47DD-065C-12E6A01CCE95,0
1454,1,2014-07-15 00:00:00.000,0,FB9D8020-04A9-8A7E-AEB7-D200EF552272,1
1455,6,2014-07-15 00:00:00.000,45048,BFC324EF-B1D6-EE05-1CB9-FB95AB898FDD,0
1456,1,2014-07-15 00:00:00.000,0,91C21552-DDDD-4517-1C94-256EE93F5014,1
1457,1,2014-07-15 00:00:00.000,0,4314EEA0-B1E5-595D-4AD6-D1E97E4A79E0,1
1458,1,2014-07-16 00:00:00.000,0,10B9623A-D93D-897D-3F4D-AD2EE51E6683,1
1459,8,2014-07-16 00:00:00.000,45154,63EECD49-DA71-90DC-2B11-139254D7974E,0
1460,8,2014-07-16 00:00:00.000,45161,413AFA99-0160-DA49-7059-0F4F62238B33,0
1461,1,2014-07-16 00:00:00.000,0,ADB137F4-C19D-AA6C-D2BF-A58CC06400F9,1
1462,1,2014-07-18 00:00:00.000,0,CDB4FC33-D5F5-945A-D6DF-AE5E2FC85B34,1
1463,8,2014-07-19 00:00:00.000,45260,501FA5AA-B5F1-1CFF-E0FD-B4939A83F798,0
1464,3,2014-07-20 00:00:00.000,45275,131E1087-014C-40BB-0D13-CEC639723D4F,0
1465,1,2014-07-20 00:00:00.000,0,63EECD49-DA71-90DC-2B11-139254D7974E,1
1466,1,2014-07-21 00:00:00.000,0,C79E5529-E014-5E6B-8F43-0BE658931E34,1
1467,6,2014-07-21 00:00:00.000,45314,EDF6C474-A9D9-BA5A-BA57-77D853E0F714,0
1468,6,2014-07-21 00:00:00.000,45315,1AA99C28-A8A4-B188-946C-F33BA905AD4A,0
1469,6,2014-07-21 00:00:00.000,45316,4F4E911B-FDD3-47DF-C4A7-7D8DACDF267C,0
1470,6,2014-07-21 00:00:00.000,45317,90AADB92-C23F-D2CE-5BB2-4C0A36A405FA,0
1471,6,2014-07-21 00:00:00.000,45318,83F72C51-9685-9867-C8CE-5E4FB6A90D55,0
1472,8,2014-07-23 00:00:00.000,45371,4713BF16-B297-0C48-549E-A7767CD784E6,0
1473,2,2014-07-24 00:00:00.000,45382,3DAD5128-E48E-A1D7-9A57-888BD53DCE39,0
1474,2,2014-07-24 00:00:00.000,45384,977A97E7-AA4E-070D-05F4-B77BB5235052,0
1475,5,2014-07-24 00:00:00.000,45385,977A97E7-AA4E-070D-05F4-B77BB5235052,0
1476,2,2014-07-24 00:00:00.000,45391,20FA46CC-E507-C2CC-D2EE-96917C6125AB,0
1477,7,2014-07-25 00:00:00.000,45397,63EDE548-94BD-5B32-6B5B-A26ED12F5EB2,0
1478,6,2014-07-25 00:00:00.000,45401,3F2FDC6A-F822-C3EF-5BD9-44CB71AD7EAE,0
1479,2,2014-07-25 00:00:00.000,45407,61E148C6-D3FA-14F5-9359-AA481FC24316,0
1480,2,2014-07-26 00:00:00.000,45432,FB05B4D8-EF7D-D47E-AABE-959C0D78A410,0
1481,1,2014-07-26 00:00:00.000,0,CF90AD10-E9F3-7A42-E6F7-EDA09FAAEADE,1
1482,8,2014-07-26 00:00:00.000,45445,C3128D19-CCDB-3929-533E-50BF5E710732,0
1483,1,2014-07-29 00:00:00.000,0,F9A58D20-92BE-9A26-DFA6-4E88AC9E14E5,1
1484,1,2014-07-31 00:00:00.000,0,415DA75E-9DFE-C316-D2B2-34F5F2F2CE48,1
1485,1,2014-07-31 00:00:00.000,0,34D71F65-FC4D-50DF-0965-51E8BFD044EF,1
1486,1,2014-07-31 00:00:00.000,45576,CEB2336A-BDCA-A34B-39E2-A96BF053FD60,0
1487,1,2014-07-31 00:00:00.000,0,7F782BB8-92DD-6A3D-55C1-BA7A1B5B47D0,1
1488,1,2014-08-02 00:00:00.000,0,C39A93DD-C3D2-AB06-3A0D-0FB2D7C21E27,1
1489,1,2014-08-04 00:00:00.000,0,3096BEA3-CC3F-64B9-278A-A7E0417B29B8,1
1490,1,2014-08-04 00:00:00.000,0,A306AE13-0246-F096-77A3-89B4F607C226,1
1491,1,2014-08-05 00:00:00.000,0,38C1CF45-A5BA-A606-7DB5-2C42AF836E40,1
1492,7,2014-08-05 00:00:00.000,45712,AD7BDA4F-9901-FAE6-758F-523407844A76,0
1493,1,2014-08-08 00:00:00.000,0,E75DBF75-9089-93BB-E79F-137318A0C2FC,1
1494,1,2014-08-08 00:00:00.000,0,70AAAA6F-F9AD-645E-A7A0-38C91E0B44B0,1
1495,1,2014-08-10 00:00:00.000,0,9D91BE65-C7D8-B7EB-99A6-D78BC7E87B6F,1
1496,1,2014-08-11 00:00:00.000,0,A449DA4B-EE3B-8801-76DA-25F0C4DE63AD,1
1497,8,2014-08-11 00:00:00.000,45880,E7ADA7F7-9458-E3AB-A20B-A1D0D23CC82B,0
1498,7,2014-08-12 00:00:00.000,45900,E9F5457B-EEC2-BD1D-D0BA-BD49A0150020,0
1499,7,2014-08-12 00:00:00.000,45904,F7B9E133-BEEB-DE54-7FD2-3C59FA001A6A,0
1500,7,2014-08-12 00:00:00.000,45925,1B8A8D51-F1FD-2692-54AC-A1A618AF5C7A,0
1501,1,2014-08-13 00:00:00.000,0,99ABC02F-AF3B-C1B7-D965-5B95588FE17F,1
1502,28,2014-08-14 00:00:00.000,45987,1642DD35-BAC4-359F-D93F-432AF3F4DEAF,0
1503,8,2014-08-14 00:00:00.000,46004,D63428EF-BBBC-D22E-FFA3-A7887272C3FA,0
1504,1,2014-08-14 00:00:00.000,0,E50B975D-0648-25D4-F0F7-5F0A7B1916A1,1
1505,28,2014-08-15 00:00:00.000,46027,7B0B5857-F7C5-9539-72A9-C4DD85CE3F92,0
1506,1,2014-08-15 00:00:00.000,0,7B0B5857-F7C5-9539-72A9-C4DD85CE3F92,1
1507,7,2014-08-17 00:00:00.000,46086,3B9D8A16-A263-62BF-C9F1-5BAC7AA58393,0
1508,28,2014-08-17 00:00:00.000,46096,750F490A-0184-31F0-9B0C-B0E93580F739,0
1509,28,2014-08-18 00:00:00.000,46133,C26C8FDC-A1B2-7723-8D57-D40EF574068B,0
1510,1,2014-08-18 00:00:00.000,0,AD7BDA4F-9901-FAE6-758F-523407844A76,1
1511,1,2014-08-19 00:00:00.000,0,E7ADA7F7-9458-E3AB-A20B-A1D0D23CC82B,1
1512,6,2014-08-20 00:00:00.000,46200,90AADB92-C23F-D2CE-5BB2-4C0A36A405FA,0
1513,1,2014-08-20 00:00:00.000,0,AECE87DB-C48F-EBE4-4C38-7C63052575C4,1
1514,8,2014-08-20 00:00:00.000,46205,3B89433F-9C04-4FC2-6285-7CF115E61666,0
1515,1,2014-08-23 00:00:00.000,0,2CDB275B-B209-B333-882B-948E938FDAA6,1
1516,7,2014-08-23 00:00:00.000,46287,2CDB275B-B209-B333-882B-948E938FDAA6,0
1517,28,2014-08-26 00:00:00.000,46349,AA5C7261-0178-8D05-3299-67D995F5B57D,0
1518,7,2014-08-26 00:00:00.000,46351,CAE2CB41-F7AD-169B-8B3F-7BD22D0B2A27,0
1519,5,2014-08-26 00:00:00.000,46356,11041567-C874-A51B-D4ED-4C33FD5FDC0F,0
1520,1,2014-08-28 00:00:00.000,0,AE7F0894-B2E0-A06D-9812-D2766731704E,1
1521,1,2014-08-28 00:00:00.000,46426,69EB82CC-CB50-6A78-447C-A420A7325AD7,0
1522,1,2014-08-28 00:00:00.000,0,8A86BE0B-F2DE-A017-4E70-B29D7C500054,1
1523,1,2014-08-28 00:00:00.000,0,78926463-F31D-5FD7-DB6D-CA4150AABA18,1
1524,1,2014-08-28 00:00:00.000,0,8FE66317-D79D-E69D-131C-626BE126480E,1
1525,1,2014-08-28 00:00:00.000,0,115C246E-F580-0609-6897-FF48AB3690DA,1
1526,1,2014-08-28 00:00:00.000,0,4809C140-FB5C-33E0-B71D-168FA9AC1DF6,1
1527,1,2014-08-28 00:00:00.000,0,2E774E0D-D992-C3CF-5CB9-6A0489FD6F2E,1
1528,1,2014-08-28 00:00:00.000,0,77D86C65-B50F-CD7B-7FFA-E7B1E0B1D455,1
1529,1,2014-08-28 00:00:00.000,0,FF41CDF8-0089-CA3C-6492-38DFCC51AEA3,1
1530,1,2014-08-28 00:00:00.000,0,8FD8E8E5-96B1-4A2E-13AD-877575241774,1
1531,1,2014-08-28 00:00:00.000,0,AAE9D5A2-F666-23F6-E42B-30811578C466,1
1532,7,2014-08-28 00:00:00.000,46449,E3B6341E-F805-F0E4-5DC6-41F7922252B1,0
1533,1,2014-08-29 00:00:00.000,0,AB772050-08A8-175D-33E5-947182C55A06,1
1534,1,2014-08-29 00:00:00.000,0,37A38CC6-ADEF-9CD9-9D36-58AFBDF5E8C9,1
1535,1,2014-08-29 00:00:00.000,0,A11416F6-DDCD-A6A9-5E47-DE41A2928E82,1
1536,1,2014-08-29 00:00:00.000,0,EAE3E05A-F7EA-52BB-1C0E-6FCB71727CB4,1
1537,1,2014-08-30 00:00:00.000,0,9ACE5316-C5F3-6AEE-74A1-6C5249737C10,1
1538,1,2014-08-31 00:00:00.000,0,C8DDEB55-0FD9-79E0-0EC2-5B9A748D9F1F,1
1539,1,2014-09-02 00:00:00.000,0,E714141A-05DA-AC9D-CC86-0DA6D27F0DA9,1
1540,28,2014-09-02 00:00:00.000,46565,F86650C0-BC35-A825-9730-CA4C18EA7A1D,0
1541,1,2014-09-03 00:00:00.000,0,25096B34-E623-6F55-52C9-BD65327CDCBC,1
1542,7,2014-09-03 00:00:00.000,46606,56A63829-AB56-2DB5-6D32-DEE93786B318,0
1543,1,2014-09-04 00:00:00.000,0,F51F65A1-C5EB-8263-6F73-91D3FDD5DA69,1
1544,8,2014-09-05 00:00:00.000,46670,EDD20AB7-A970-4D26-F549-E7D10083B53C,0
1545,1,2014-09-05 00:00:00.000,0,5721A279-9510-3C41-BC95-A7ACEC861274,1
1546,2,2014-09-05 00:00:00.000,46677,5721A279-9510-3C41-BC95-A7ACEC861274,0
1547,1,2014-09-07 00:00:00.000,46748,D18F3B59-DE27-4144-EAE5-93D7CBF00DFA,0
1548,26,2014-09-08 00:00:00.000,46801,5721A279-9510-3C41-BC95-A7ACEC861274,0
1549,7,2014-09-10 00:00:00.000,46849,9D18E53C-EAB6-7EEA-0A16-AC040933E9D7,0
1550,26,2014-09-10 00:00:00.000,46859,EDD20AB7-A970-4D26-F549-E7D10083B53C,0
1551,8,2014-09-10 00:00:00.000,46864,5F393C77-0E26-62BF-8DAD-A53A8374FE86,0
1552,1,2014-09-11 00:00:00.000,0,5D47B321-9AE9-F277-E91E-2F9EC942D5A2,1
1553,1,2014-09-12 00:00:00.000,0,2C6B4FFA-CB9E-F991-3F76-F8FC452071FF,1
1554,8,2014-09-13 00:00:00.000,46958,494F2BAA-E395-2B8C-CAF6-CE36D4611067,0
1555,26,2014-09-13 00:00:00.000,46963,3CAF3D84-F75C-8373-63C7-FFB13E3D04E7,0
1556,1,2014-09-14 00:00:00.000,0,5F393C77-0E26-62BF-8DAD-A53A8374FE86,1
1557,8,2014-09-15 00:00:00.000,47026,2784B494-E643-4258-9D71-F6C0F4C7EBD2,0
1558,1,2014-09-15 00:00:00.000,0,C3AC9AD7-EB55-1BEE-FC8A-5A13207F5D30,1
1559,8,2014-09-16 00:00:00.000,47073,F2EFDD54-BBCE-9866-2433-8FCB448E44FE,0
1560,1,2014-09-17 00:00:00.000,0,741F4D36-9962-5AF2-97BF-3055CE5FFA36,1
1561,1,2014-09-17 00:00:00.000,47104,3E4C8598-FB15-2E24-6F5C-8BF87BD3E1B5,0
1562,1,2014-09-20 00:00:00.000,0,14ED532B-CBA3-2AA8-7C7D-2A03AC68E9A4,1
1563,7,2014-09-22 00:00:00.000,47240,EB06364A-B379-04C5-34AB-872791715997,0
1564,6,2014-09-23 00:00:00.000,47269,79B4571D-F5A9-38A1-EE1F-C0932AC88E94,0
1565,1,2014-10-01 00:00:00.000,0,7906D790-9AAE-09A3-C25A-5C0DBAF7C039,1
1566,1,2014-10-01 00:00:00.000,0,DBEED2B4-CA7C-9A84-840A-66A9FAFC333A,1
1567,6,2014-10-03 00:00:00.000,48658,41A9AF33-02F6-321B-FFF4-D1C034044223,0
1568,1,2014-10-04 00:00:00.000,0,C7542065-B20B-D691-91AE-57486A000105,1
1569,28,2014-10-04 00:00:00.000,48692,5193EDD8-0446-D221-CC20-D59C3C4DF423,0
1570,32,2014-10-04 00:00:00.000,0,47778DB8-B8C8-7FE9-D03D-59636F31D724,1
1571,32,2014-10-04 00:00:00.000,0,3B43FD8E-A9F3-4B1A-74CC-255ACCD77E11,1
1572,32,2014-10-07 00:00:00.000,0,FEFD1071-03C8-0B19-850F-7D2E18F1F795,1
1573,32,2014-10-07 00:00:00.000,0,49F9FF5E-B5F6-34E0-4B6C-31471E989EE0,1
1574,32,2014-10-07 00:00:00.000,48776,2B523396-FB97-5084-2C43-DDCE9564452E,0
1575,32,2014-10-07 00:00:00.000,0,EAE3E05A-F7EA-52BB-1C0E-6FCB71727CB4,1
1576,32,2014-10-07 00:00:00.000,0,C3AC9AD7-EB55-1BEE-FC8A-5A13207F5D30,1
1577,32,2014-10-07 00:00:00.000,0,15196A8B-E420-D165-6275-82D231A9B936,1
1578,32,2014-10-07 00:00:00.000,0,231B48F8-921D-7B6C-EDEE-A5E9D1F45663,1
1579,32,2014-10-07 00:00:00.000,0,F3B14A24-0FC6-1571-5976-23FCFC3C2ECD,1
1580,32,2014-10-07 00:00:00.000,0,E390C879-CECF-79EB-1E85-9C7D2A1E3635,1
1581,32,2014-10-07 00:00:00.000,0,7983CAF9-DA04-D4CA-E2C2-A03483F29980,1
1582,32,2014-10-07 00:00:00.000,0,1E27A2CA-0E8E-8A88-3683-95D32F1CF4E5,1
1583,32,2014-10-07 00:00:00.000,48778,36868FE7-C600-0C71-642E-73FEA69B215A,0
1584,32,2014-10-07 00:00:00.000,0,E8224C1A-FF3E-94D2-261D-497188DDB34F,1
1585,32,2014-10-07 00:00:00.000,0,BBAFA16F-94D8-B7B4-ACCC-7A23FB50F31C,1
1586,32,2014-10-07 00:00:00.000,0,D725C1F6-9BEA-4CE4-B0F5-3A9FF1ECB8F8,1
1587,32,2014-10-07 00:00:00.000,0,D0203E4C-A874-1941-2118-292EAC0BAAD7,1
1588,32,2014-10-07 00:00:00.000,0,8E95C259-FC16-F130-C487-C733551382AD,1
1589,32,2014-10-07 00:00:00.000,0,5498E1E7-B917-4D64-5452-21FE13610402,1
1590,32,2014-10-07 00:00:00.000,0,269A487C-F365-4ECB-76EA-DF704A71D268,1
1591,32,2014-10-07 00:00:00.000,0,DEB92ED4-9ED7-3ABF-053B-FF378CF99026,1
1592,32,2014-10-07 00:00:00.000,0,868CD038-CA1C-4251-5E62-4E7AAAE547CD,1
1593,32,2014-10-07 00:00:00.000,0,E962BE82-0416-C852-96FF-971B88802093,1
1594,32,2014-10-07 00:00:00.000,0,3404535B-FEB6-DAC3-6436-2C934797324E,1
1595,32,2014-10-07 00:00:00.000,0,3160E4FE-D9D3-5DDF-3F33-0BB275F2BD75,1
1596,32,2014-10-07 00:00:00.000,0,4D5145F4-963A-C412-F43C-E19BC99567B6,1
1597,32,2014-10-07 00:00:00.000,0,0306AFD4-A5CF-81CE-84DD-C8519B9EC4A0,1
1598,32,2014-10-07 00:00:00.000,0,D13A771C-EE07-B409-4CC5-691BAA016D90,1
1599,32,2014-10-07 00:00:00.000,0,8A6E699A-FD6A-A976-3284-59BA7620074C,1
1600,32,2014-10-07 00:00:00.000,0,6CDE3A6B-C894-D5F3-1221-79971BD3BA4A,1
1601,32,2014-10-07 00:00:00.000,0,C89E2DF9-DF4E-2108-B2DA-5C4FD8404503,1
1602,32,2014-10-07 00:00:00.000,0,A15B8269-B1D7-87F9-AE42-1B625D0E18DA,1
1603,32,2014-10-07 00:00:00.000,0,477EC2F0-9FC9-C97F-4B04-BFC5AFDF0022,1
1604,32,2014-10-07 00:00:00.000,0,9AD5F4BA-B52A-2C7A-6B60-431E7EB31F5C,1
1605,32,2014-10-07 00:00:00.000,0,863C73D7-E5B6-9651-7A7E-E9A3AB2EA284,1
1606,32,2014-10-07 00:00:00.000,0,AEBCEF05-D401-9916-A8F1-817E5EDB6B18,1
1607,32,2014-10-07 00:00:00.000,0,742D266B-E57E-A773-BF4E-D4D913C09150,1
1608,32,2014-10-07 00:00:00.000,0,93119CFF-D254-BD61-E078-C70E3CCD8E47,1
1609,32,2014-10-07 00:00:00.000,0,5B2100A8-E66A-FE61-E4DA-66C8E5236DD5,1
1610,32,2014-10-07 00:00:00.000,0,491361B0-EBFE-C6CB-4324-DD3F641A14AA,1
1611,32,2014-10-07 00:00:00.000,0,6E53BC5D-944E-4D4F-7B76-C946117C0A1D,1
1612,32,2014-10-07 00:00:00.000,0,90632607-0B57-52B5-EE80-0FDA2A02F35F,1
1613,8,2014-10-07 00:00:00.000,48801,6D256C32-CF91-1AB7-7B61-8CC37FD7E54A,0
1614,32,2014-10-07 00:00:00.000,0,44A25DB2-F00B-652D-51D5-887F1A701D68,1
1615,32,2014-10-07 00:00:00.000,0,90691C68-CEC5-614C-8C04-5F6BA6129D43,1
1616,32,2014-10-07 00:00:00.000,0,8F413807-A2C7-C4DA-C583-D45320C4F299,1
1617,32,2014-10-07 00:00:00.000,0,191EE100-D41C-CBB3-51C2-BD464F2E9CF8,1
1618,32,2014-10-07 00:00:00.000,0,BAE85773-C8B4-DFBA-65FD-70D94049E526,1
1619,32,2014-10-07 00:00:00.000,0,AA81EC2D-CB7A-00C8-A4B3-680CF687AF37,1
1620,32,2014-10-07 00:00:00.000,0,CA1D34AA-C691-A9CC-35BC-DE41FABAA98A,1
1621,32,2014-10-07 00:00:00.000,0,47A84931-0A9B-5DB0-D960-7CA8700A7277,1
1622,32,2014-10-07 00:00:00.000,0,60CDFDD3-AD84-C040-D976-D815FAB19C41,1
1623,32,2014-10-07 00:00:00.000,0,E0CE5AA2-ED50-A1D0-8993-7A61F5A88914,1
1624,32,2014-10-07 00:00:00.000,0,3D6CCCA2-F436-7D90-845B-DCD67BE6BB6A,1
1625,32,2014-10-07 00:00:00.000,0,AB1BD8DF-D704-7782-6ED4-42756E6950D9,1
1626,32,2014-10-07 00:00:00.000,0,ABCC6012-CBF5-6D1B-A079-E2BBB6876FA9,1
1627,32,2014-10-07 00:00:00.000,0,F0D77EB8-B149-41A3-FAE9-BE6BF9720B05,1
1628,32,2014-10-07 00:00:00.000,0,FC40D986-FC01-E628-408C-F0ABB96BF624,1
1629,32,2014-10-07 00:00:00.000,0,297FF043-A3FD-EA9B-1E6A-EB06D8D652A5,1
1630,32,2014-10-07 00:00:00.000,0,9D18E53C-EAB6-7EEA-0A16-AC040933E9D7,1
1631,32,2014-10-07 00:00:00.000,0,D6CFBB32-C795-A508-A3FC-0F87680A070A,1
1632,32,2014-10-07 00:00:00.000,0,8EC93DDD-E9B4-D837-4028-DC6D9A1060BB,1
1633,32,2014-10-07 00:00:00.000,0,65FF97D6-F69A-F7A3-31AF-8E0E5551BE72,1
1634,32,2014-10-07 00:00:00.000,0,11931F45-F3D0-E928-CA0E-598D1EC8D79B,1
1635,32,2014-10-07 00:00:00.000,0,6EE6E2A8-DDC2-21BF-3F7F-CB13BBCE50EB,1
1636,32,2014-10-07 00:00:00.000,0,7631EBE9-FF79-84B6-BD3C-9932CE7484AC,1
1637,32,2014-10-07 00:00:00.000,0,53181B04-EDA6-14D1-0B32-0068F276F8AB,1
1638,32,2014-10-07 00:00:00.000,0,1C504BF3-EBDC-0F1D-B6F3-D9F117456790,1
1639,32,2014-10-07 00:00:00.000,0,48874EA7-F14F-CD2C-8915-A19117D08599,1
1640,32,2014-10-07 00:00:00.000,0,5D6EB8BD-DE55-0BBA-9BF4-32F3AAFDD5C5,1
1641,32,2014-10-07 00:00:00.000,0,8F8681AB-F0BC-27B2-704D-DE2D57B7378B,1
1642,32,2014-10-07 00:00:00.000,0,CDF676B3-C0E8-5343-72C9-FF2EFD819CA7,1
1643,32,2014-10-07 00:00:00.000,0,FB98DFE8-9B5D-A548-A7A5-BBEB135D1ECA,1
1644,32,2014-10-07 00:00:00.000,0,CE8C5254-D047-8E82-DB2D-63E391045A1C,1
1645,32,2014-10-07 00:00:00.000,48833,11931F45-F3D0-E928-CA0E-598D1EC8D79B,0
1646,32,2014-10-07 00:00:00.000,0,F177821F-A144-4D6E-79EB-44DB53E4DBA1,1
1647,32,2014-10-07 00:00:00.000,0,45873A89-B7E8-1350-4BF8-E81E05785DE4,1
1648,32,2014-10-07 00:00:00.000,0,1A387C78-BB5C-7FF4-C328-4AB760372E61,1
1649,32,2014-10-07 00:00:00.000,0,0B23765A-BC7C-5995-48E0-B3A22792B2AE,1
1650,32,2014-10-07 00:00:00.000,0,61E148C6-D3FA-14F5-9359-AA481FC24316,1
1651,32,2014-10-07 00:00:00.000,0,90C36E2C-E6CE-B1E3-C173-5688A7BF10A6,1
1652,32,2014-10-07 00:00:00.000,0,A12B0C31-B3B7-C62C-1E50-53AE3EE09BE9,1
1653,32,2014-10-07 00:00:00.000,0,20FA46CC-E507-C2CC-D2EE-96917C6125AB,1
1654,32,2014-10-07 00:00:00.000,0,37A38CC6-ADEF-9CD9-9D36-58AFBDF5E8C9,1
1655,32,2014-10-07 00:00:00.000,0,81F7F555-CE39-A3A3-1C05-F2131F0B6CD6,1
1656,32,2014-10-07 00:00:00.000,0,A8F4AA60-FC8E-B282-63B4-BF9362A8681C,1
1657,32,2014-10-07 00:00:00.000,0,AE7F0894-B2E0-A06D-9812-D2766731704E,1
1658,32,2014-10-07 00:00:00.000,0,D5A05F5D-0976-593C-319B-B7CDA072D38C,1
1659,32,2014-10-07 00:00:00.000,0,63EECD49-DA71-90DC-2B11-139254D7974E,1
1660,32,2014-10-07 00:00:00.000,0,FD8813E4-D0DC-786A-AA51-351099506E18,1
1661,32,2014-10-07 00:00:00.000,0,E81DD8C5-E1B4-172F-5CAC-F5576BBDDB8F,1
1662,32,2014-10-07 00:00:00.000,0,D8636C7D-F9AF-1B70-6848-7114ECEF2EF5,1
1663,32,2014-10-07 00:00:00.000,0,AB8F198E-AA57-B9E7-CE98-A669519F47A4,1
1664,32,2014-10-07 00:00:00.000,0,8EFC1FAD-BA4D-85FD-E502-C2152E8FF001,1
1665,32,2014-10-07 00:00:00.000,0,56A63829-AB56-2DB5-6D32-DEE93786B318,1
1666,32,2014-10-07 00:00:00.000,0,6EEAECF6-0F7E-E9C0-ABEA-1D94FAF485E9,1
1667,32,2014-10-07 00:00:00.000,0,853E00F7-E2BC-352D-6EC1-353D78E10F97,1
1668,32,2014-10-07 00:00:00.000,0,8FD8E8E5-96B1-4A2E-13AD-877575241774,1
1669,32,2014-10-07 00:00:00.000,0,4ACFDD79-E718-F930-653F-53C93B1C2C33,1
1670,32,2014-10-08 00:00:00.000,0,7266B2EA-A5B5-8F78-063F-3424E488CAA3,1
1671,32,2014-10-08 00:00:00.000,0,C7542065-B20B-D691-91AE-57486A000105,1
1672,32,2014-10-08 00:00:00.000,0,F51F65A1-C5EB-8263-6F73-91D3FDD5DA69,1
1673,32,2014-10-08 00:00:00.000,0,CF14A5A1-CB21-30F5-5AB9-CD1E4550B086,1
1674,32,2014-10-08 00:00:00.000,0,5E0142D7-D0F0-B328-8760-F936621EF9A1,1
1675,32,2014-10-08 00:00:00.000,0,01B6CE1D-F731-B832-2F5D-E46C3B173DE3,1
1676,32,2014-10-08 00:00:00.000,0,41CF8E54-ED4A-9B62-968A-D0422F02A369,1
1677,1,2014-10-08 00:00:00.000,0,41A9AF33-02F6-321B-FFF4-D1C034044223,1
1678,32,2014-10-08 00:00:00.000,0,EDD20AB7-A970-4D26-F549-E7D10083B53C,1
1679,32,2014-10-08 00:00:00.000,0,270CC343-05C2-015A-AFC1-9F763E3BA0DE,1
1680,32,2014-10-08 00:00:00.000,0,4C8B12AD-C77B-8448-44A8-3A01DC83EC4D,1
1681,32,2014-10-08 00:00:00.000,0,345B8A5F-AA62-D84D-7455-E5B92F9AA03E,1
1682,32,2014-10-08 00:00:00.000,0,67B07165-9FE0-BCEA-0781-DC6E2111C7C8,1
1683,32,2014-10-08 00:00:00.000,0,AECE87DB-C48F-EBE4-4C38-7C63052575C4,1
1684,32,2014-10-08 00:00:00.000,0,A3667148-93AD-FE54-C35F-A247520C7F01,1
1685,32,2014-10-08 00:00:00.000,0,5753D463-E811-723C-2271-4D9BF6EF0D83,1
1686,32,2014-10-08 00:00:00.000,0,06EF2D56-EB30-646C-A43A-4E53FB5CCE33,1
1687,32,2014-10-08 00:00:00.000,0,17D387AF-E70F-9109-E7F6-4C1CBC7E7352,1
1688,32,2014-10-09 00:00:00.000,0,0677B5BE-D787-89D1-30CA-4BAC551C1D9E,1
1689,32,2014-10-09 00:00:00.000,0,130BDEBA-047E-26B2-2F10-A85ED4366600,1
1690,32,2014-10-09 00:00:00.000,0,5B5BB8BD-00A1-8DD3-631B-089EA105B615,1
1691,32,2014-10-09 00:00:00.000,0,C48B9B93-F885-23F8-9A8C-D770B2A2D057,1
1692,32,2014-10-09 00:00:00.000,0,737A66E9-DF00-6069-567B-7C92A7863666,1
1693,32,2014-10-09 00:00:00.000,0,38749111-AEBE-C4FD-0EFD-21C805F6F3CE,1
1694,32,2014-10-09 00:00:00.000,0,D182B72D-0FF6-C66F-2EA9-AB91E03C4EAA,1
1695,32,2014-10-09 00:00:00.000,0,AEF986FC-9AB2-D452-BDDC-325532C44526,1
1696,32,2014-10-09 00:00:00.000,0,2E774E0D-D992-C3CF-5CB9-6A0489FD6F2E,1
1697,32,2014-10-09 00:00:00.000,0,421E8479-B689-4777-133C-F5583F195DF1,1
1698,32,2014-10-09 00:00:00.000,0,1B8A8D51-F1FD-2692-54AC-A1A618AF5C7A,1
1699,32,2014-10-09 00:00:00.000,0,40525278-B389-BEF0-F233-0C6622B2FD05,1
1700,32,2014-10-09 00:00:00.000,0,00C4237F-FC16-78EF-F4A5-CF98F2285BC3,1
1701,32,2014-10-09 00:00:00.000,0,93856DE6-E8A6-11EB-C211-696DF6FC6ECA,1
1702,32,2014-10-09 00:00:00.000,0,9D91BE65-C7D8-B7EB-99A6-D78BC7E87B6F,1
1703,32,2014-10-09 00:00:00.000,0,0E7CC327-B28A-F4B0-89EB-EFF9645B99EB,1
1704,32,2014-10-10 00:00:00.000,0,B3C774A6-9248-FAB7-D92A-8B402FF67318,1
1705,32,2014-10-10 00:00:00.000,0,22D6D3FA-9869-9B4C-4E6C-521C185B8372,1
1706,1,2014-10-10 00:00:00.000,0,0A8BDF39-E431-2A7D-41C2-BCAE87933EE8,1
1707,32,2014-10-10 00:00:00.000,0,DE904D50-9A5C-D382-8C86-117E1062B252,1
1708,1,2014-10-10 00:00:00.000,0,DE904D50-9A5C-D382-8C86-117E1062B252,1
1709,8,2014-10-10 00:00:00.000,48948,DBC76118-F20F-B7DC-8CF6-3B0F843921F2,0
1710,32,2014-10-10 00:00:00.000,0,0643E074-A042-814C-9F1D-75754008DA33,1
1711,32,2014-10-10 00:00:00.000,0,7BDE24CB-D2C9-1701-0B88-E03CC03FD91A,1
1712,32,2014-10-10 00:00:00.000,0,0D72C3DB-0A24-1026-E770-3AF8648740BD,1
1713,32,2014-10-10 00:00:00.000,0,E50B975D-0648-25D4-F0F7-5F0A7B1916A1,1
1714,32,2014-10-11 00:00:00.000,0,4B77E268-BA10-712D-4F90-57B97F969CB8,1
1715,1,2014-10-11 00:00:00.000,0,F072C0ED-EEB4-3717-DDF1-E92C6C1DA41C,1
1716,32,2014-10-12 00:00:00.000,0,BA2007F9-957C-7A9A-7698-42BBE14CDA49,1
1717,1,2014-10-13 00:00:00.000,0,02AC44A2-F8B6-DA91-CF91-DEE933D06726,1
1718,32,2014-10-13 00:00:00.000,0,9C44F80B-A3F0-C570-822A-8D3C0CA62C3D,1
1719,32,2014-10-14 00:00:00.000,0,0061DC24-F713-0B3B-E611-819A03CFB869,1
1720,1,2014-10-14 00:00:00.000,0,8411D650-A70C-EF6D-7922-3AB37B6DDC26,1
1721,32,2014-10-14 00:00:00.000,0,8411D650-A70C-EF6D-7922-3AB37B6DDC26,1
1722,1,2014-10-14 00:00:00.000,0,AB958C3E-F463-F884-F3B1-7361A7460CC2,1
1723,32,2014-10-14 00:00:00.000,0,AB958C3E-F463-F884-F3B1-7361A7460CC2,1
1724,32,2014-10-14 00:00:00.000,0,3FA97B67-CE59-5B26-8B7B-60C591E3698A,1
1725,32,2014-10-14 00:00:00.000,0,B4150ECE-D38E-11FC-621E-460DA3564904,1
1726,5,2014-10-14 00:00:00.000,49164,0C01A668-D1AF-471C-B0D7-6CA043137E5A,0
1727,1,2014-10-14 00:00:00.000,0,6D94E083-92DB-A1C4-A0D3-B5D51C94354D,1
1728,32,2014-10-14 00:00:00.000,0,11041793-CFD0-31E9-F59D-9EB6F844F33D,1
1729,32,2014-10-14 00:00:00.000,0,CF90AD10-E9F3-7A42-E6F7-EDA09FAAEADE,1
1730,1,2014-10-14 00:00:00.000,0,C7FBB467-C46E-CC56-4540-4A3F4C0433E2,1
1731,32,2014-10-15 00:00:00.000,0,F29E9523-BA00-F1DD-C74F-2EE6B8B6621D,1
1732,32,2014-10-15 00:00:00.000,0,9B15F2FC-C3B0-A423-48EA-48BFFB0244EA,1
1733,32,2014-10-15 00:00:00.000,0,C08EF1CF-F11C-B784-FE77-8CE8A04761DA,1
1734,32,2014-10-15 00:00:00.000,0,C58602B9-A4E6-89B9-7149-2C8E506AB912,1
1735,32,2014-10-16 00:00:00.000,0,DBEED2B4-CA7C-9A84-840A-66A9FAFC333A,1
1736,32,2014-10-16 00:00:00.000,0,CDB4FC33-D5F5-945A-D6DF-AE5E2FC85B34,1
1737,32,2014-10-16 00:00:00.000,0,42FCB0B8-AB7F-E349-57B9-4ABF04FF6809,1
1738,32,2014-10-17 00:00:00.000,0,21962069-B347-E61E-55D2-4574186DAC19,1
1739,33,2014-10-17 00:00:00.000,0,44A25DB2-F00B-652D-51D5-887F1A701D68,1
1740,32,2014-10-18 00:00:00.000,0,BB457E33-D771-6594-5DE4-5AA53A918968,1
1741,32,2014-10-18 00:00:00.000,0,F7813D7A-A715-DB7B-5E01-782FF5EC0FED,1
1742,32,2014-10-18 00:00:00.000,0,A4A9DEA8-0E15-1079-C0A5-E213AD67E167,1
1743,1,2014-10-18 00:00:00.000,0,A4A9DEA8-0E15-1079-C0A5-E213AD67E167,1
1744,32,2014-10-19 00:00:00.000,0,9A160535-C59A-DE3C-7406-D1C44A08A5A5,1
1745,8,2014-10-19 00:00:00.000,49385,9D42B6B1-0390-604B-3C68-C32CE5267A16,0
1746,1,2014-10-19 00:00:00.000,0,E4919660-D106-C2D9-49D7-E1D4FCC8C2A0,1
1747,32,2014-10-19 00:00:00.000,0,E4919660-D106-C2D9-49D7-E1D4FCC8C2A0,1
1748,32,2014-10-19 00:00:00.000,0,A7821614-C439-5F09-8F13-666020E8EB75,1
1749,32,2014-10-19 00:00:00.000,0,C06587BA-FC56-8B31-D04D-F6EE3DB09217,1
1750,1,2014-10-20 00:00:00.000,0,08AE8A48-BEBA-2051-0400-D51C495EBAD1,1
1751,32,2014-10-20 00:00:00.000,0,7A738A8F-9D68-6D0E-48DD-6F834DD80B8D,1
1752,1,2014-10-21 00:00:00.000,0,FF18C736-9AE6-C516-0873-5CD6353179AC,1
1753,1,2014-10-21 00:00:00.000,0,851E195C-CE37-EE4F-650E-AB233CC4F735,1
1754,32,2014-10-22 00:00:00.000,0,8FB36620-095D-9827-7AF1-5D88C173B141,1
1755,1,2014-10-23 00:00:00.000,0,2E83002B-ECD1-D696-DEA8-F0ECC368A2A4,1
1756,32,2014-10-23 00:00:00.000,0,8FC00253-D3ED-5E63-7B96-198F406D88A7,1
1757,32,2014-10-24 00:00:00.000,0,FEC878F6-F0A2-433D-E94A-90214CDD0CF0,1
1758,32,2014-10-25 00:00:00.000,0,06A0B67D-FE4B-4C5B-8B1C-74B20570A1F4,1
1759,32,2014-10-25 00:00:00.000,0,CB2CDD58-CB8B-1841-EF83-9E3DFDB7813D,1
1760,32,2014-10-25 00:00:00.000,0,48E09B2E-DF55-65E1-88E2-E9DB4802A3AA,1
1761,1,2014-10-25 00:00:00.000,0,48E09B2E-DF55-65E1-88E2-E9DB4802A3AA,1
1762,27,2014-10-25 00:00:00.000,49659,B4A0949C-F4B1-7F91-21D5-727706DDBF09,0
1763,32,2014-10-26 00:00:00.000,0,4C77D268-B447-B693-3A80-AF143D71A1A2,1
1764,32,2014-10-26 00:00:00.000,0,CD2FC7E5-0E86-8562-F0BB-5079500E7ADC,1
1765,32,2014-10-26 00:00:00.000,0,AA7496DB-DD5A-4521-D342-CDDDCDD36DF3,1
1766,32,2014-10-26 00:00:00.000,0,E9F5457B-EEC2-BD1D-D0BA-BD49A0150020,1
1767,32,2014-10-26 00:00:00.000,0,91029126-DC71-BDD8-EAA6-8FC4392654E9,1
1768,8,2014-10-27 00:00:00.000,49716,4F013FAD-9461-96E0-8151-BC43A1564B45,0
1769,3,2014-10-28 00:00:00.000,49742,37A38CC6-ADEF-9CD9-9D36-58AFBDF5E8C9,0
1770,32,2014-10-28 00:00:00.000,0,2E83002B-ECD1-D696-DEA8-F0ECC368A2A4,1
1771,3,2014-10-28 00:00:00.000,49762,77D86C65-B50F-CD7B-7FFA-E7B1E0B1D455,0
1772,3,2014-10-28 00:00:00.000,49769,8FB36620-095D-9827-7AF1-5D88C173B141,0
1773,32,2014-10-28 00:00:00.000,0,97209AA5-EA17-3949-150E-324B9580C63C,1
1774,1,2014-10-30 00:00:00.000,0,3DA1573E-E7D2-849C-0F85-2D229183DAC6,1
1775,32,2014-10-31 00:00:00.000,0,7CF86122-B5CA-DCA4-EE83-12FF3D0CDC37,1
1776,1,2014-11-01 00:00:00.000,0,32287AE7-D962-C460-C287-49CCF1119C23,1
1777,8,2014-11-02 00:00:00.000,49917,6E70692E-FBF0-FE57-5D2D-930F2EB19DA3,0
1778,6,2014-11-04 00:00:00.000,49992,00EF7663-ED74-37BD-0DAC-60596A51C906,0
1779,1,2014-11-06 00:00:00.000,0,90D5FABA-BA45-7535-23FF-EA2A0800F058,1
1780,1,2014-11-06 00:00:00.000,0,12A70D28-9F91-1689-0056-B4C407106503,1
1781,32,2014-11-06 00:00:00.000,0,90D5FABA-BA45-7535-23FF-EA2A0800F058,1
1782,1,2014-11-07 00:00:00.000,0,EE23CF4B-E75C-F6B6-A653-A5F99A07D57C,1
1783,7,2014-11-07 00:00:00.000,50079,F1AB759A-054A-AF9F-C575-D795A7A8AC31,0
1784,28,2014-11-07 00:00:00.000,50083,8F4B66F8-ADA2-5980-8B92-DB41FC2EDD8E,0
1785,32,2014-11-08 00:00:00.000,0,B46E33AF-CBFC-A801-C72B-B89B0E654647,1
1786,1,2014-11-08 00:00:00.000,0,B46E33AF-CBFC-A801-C72B-B89B0E654647,1
1787,1,2014-11-08 00:00:00.000,0,693DD4B6-D7DE-F635-89A3-A4A72D9FBA46,1
1788,1,2014-11-09 00:00:00.000,0,334F33A3-EBAB-B2DC-E214-E0C2C3B29F83,1
1789,2,2014-11-10 00:00:00.000,50184,270CC343-05C2-015A-AFC1-9F763E3BA0DE,0
1790,32,2014-11-10 00:00:00.000,0,41883293-BE39-906C-5C54-64D70BE5BF00,1
1791,8,2014-11-11 00:00:00.000,50227,5F417865-9B80-BA5F-AAD6-E6262E1B19BF,0
1792,8,2014-11-12 00:00:00.000,50252,24B31428-A9DD-898A-FD69-9D77A1983752,0
1793,1,2014-11-13 00:00:00.000,0,8B3A254B-C6DC-CAFF-E42D-C0AF3F58CEB8,1
1794,32,2014-11-14 00:00:00.000,0,02500218-DAC2-453C-8D91-74E9ABFCA915,1
1795,1,2014-11-14 00:00:00.000,0,B518A95E-B4D3-C1B5-A0D7-E93D7D91F5D9,1
1796,32,2014-11-14 00:00:00.000,0,8FB90453-D833-2B6E-9D7B-043621E25956,1
1797,7,2014-11-15 00:00:00.000,50410,F42C7ED9-D336-E6E6-EF9A-2B22A987FF12,0
1798,1,2014-11-16 00:00:00.000,0,73B9403F-DA4E-3641-A36C-7EBECDAA5E18,1
1799,8,2014-11-18 00:00:00.000,50521,757D2F4B-F8DA-2460-187E-270CD958121A,0
1800,32,2014-11-18 00:00:00.000,0,B28C6538-DA68-28CB-443E-8F44B714021A,1
1801,8,2014-11-19 00:00:00.000,50584,B72A218B-BFDF-3B78-34B6-DBCFF4813D48,0
1804,32,2014-11-20 00:00:00.000,0,8F2B3919-0167-5F8F-56B4-30D82E675E12,1
1806,32,2014-11-21 00:00:00.000,0,757D2F4B-F8DA-2460-187E-270CD958121A,1
1807,32,2014-11-21 00:00:00.000,0,FF6F08DB-B254-1AFC-C30C-165F569E6010,1
1808,1,2014-11-21 00:00:00.000,0,E4EF7B37-C8CB-4C5D-776E-746C29540F30,1
1809,32,2014-11-21 00:00:00.000,0,E4EF7B37-C8CB-4C5D-776E-746C29540F30,1
1810,32,2014-11-22 00:00:00.000,0,A4AFB98E-065A-29DC-26BE-E842F7BEA433,1
1811,1,2014-11-22 00:00:00.000,0,A4AFB98E-065A-29DC-26BE-E842F7BEA433,1
1812,8,2014-11-23 00:00:00.000,50751,DBA0403C-DA60-5CDB-BC7B-49BF1CEFF962,0
1813,32,2014-11-23 00:00:00.000,0,8EBB4E17-BAC8-A7F9-1FAB-4BE406C57110,1
1814,32,2014-11-23 00:00:00.000,0,42EA3467-02D1-E6CA-4CE8-348E6B2B7D4E,1
1815,32,2014-11-24 00:00:00.000,0,7A350F9C-C715-E8DC-2D38-526796153CC9,1
1816,1,2014-11-24 00:00:00.000,0,7A350F9C-C715-E8DC-2D38-526796153CC9,1
1817,32,2014-11-25 00:00:00.000,0,FB05B4D8-EF7D-D47E-AABE-959C0D78A410,1
1818,1,2014-11-27 00:00:00.000,0,CBEB301F-949D-5686-C8C7-CDA05102A018,1
1819,8,2014-11-27 00:00:00.000,50896,230DC594-F001-EE2B-FAF4-6362BD76ECEA,0
1820,6,2014-11-28 00:00:00.000,50922,6ECD81B4-B172-04D6-2FDF-9D46FFB6B909,0
1821,1,2014-11-29 00:00:00.000,0,79D5BC86-0865-5845-1344-8A2CEDAB62A4,1
1822,32,2014-12-01 00:00:00.000,0,0CBEBC43-04F3-806F-4EC2-B41A486B60A3,1
1823,7,2014-12-01 00:00:00.000,51012,99ABC02F-AF3B-C1B7-D965-5B95588FE17F,0
1824,32,2014-12-01 00:00:00.000,0,5FEE4516-A28C-E638-E5F0-BA93346A0E81,1
1825,1,2014-12-01 00:00:00.000,0,F97C06C6-93B4-923A-AA09-E5B2CC3F9A24,1
1826,1,2014-12-03 00:00:00.000,0,B6793162-B537-F6B6-A9EA-B9DAC35DE0E9,1
1827,32,2014-12-03 00:00:00.000,0,B6793162-B537-F6B6-A9EA-B9DAC35DE0E9,1
1828,32,2014-12-04 00:00:00.000,0,263EEDE8-C36D-814C-8EAF-6564BD1F6DBD,1
1829,6,2014-12-04 00:00:00.000,51105,113146F7-EDC0-41F5-7784-1C1C95535F78,0
1830,1,2014-12-05 00:00:00.000,0,F0E205B7-0757-5E1D-A506-11DBFDB53FC8,1
1831,32,2014-12-05 00:00:00.000,0,F52F0B90-C9B4-B548-C295-6B0A96CB7F17,1
1832,32,2014-12-05 00:00:00.000,0,E5F5CA3D-BD27-F45F-068F-41E4A741760B,1
1833,1,2014-12-07 00:00:00.000,0,039E6F14-D625-107F-7134-549B5D3BCB46,1
1834,6,2014-12-08 00:00:00.000,51241,113146F7-EDC0-41F5-7784-1C1C95535F78,0
1835,34,2014-12-10 00:00:00.000,0,47778DB8-B8C8-7FE9-D03D-59636F31D724,1
1836,34,2014-12-11 00:00:00.000,0,AC464825-A489-A621-65DA-620ED486E313,1
1837,34,2014-12-11 00:00:00.000,0,0A8BDF39-E431-2A7D-41C2-BCAE87933EE8,1
1838,34,2014-12-11 00:00:00.000,0,38749111-AEBE-C4FD-0EFD-21C805F6F3CE,1
1839,34,2014-12-11 00:00:00.000,0,D725C1F6-9BEA-4CE4-B0F5-3A9FF1ECB8F8,1
1840,34,2014-12-11 00:00:00.000,0,7B05D2EA-CB5E-3443-9079-7B97BD73DA74,1
1841,34,2014-12-11 00:00:00.000,0,FFE32C19-087E-5717-4612-3829D154C125,1
1842,34,2014-12-11 00:00:00.000,0,3404535B-FEB6-DAC3-6436-2C934797324E,1
1843,34,2014-12-11 00:00:00.000,0,86DA4D09-E712-6568-B090-C226F4C49B1F,1
1844,34,2014-12-11 00:00:00.000,0,7CF86122-B5CA-DCA4-EE83-12FF3D0CDC37,1
1845,34,2014-12-11 00:00:00.000,0,AEC16FC3-FC7E-8247-2A38-60CFD6FD3F63,1
1846,34,2014-12-11 00:00:00.000,0,8E95C259-FC16-F130-C487-C733551382AD,1
1847,34,2014-12-11 00:00:00.000,0,DBBBB468-D698-F97C-C715-A8D1FB67238A,1
1848,34,2014-12-11 00:00:00.000,0,7E111228-BBC8-3D5D-E564-0743AF4870A8,1
1849,34,2014-12-11 00:00:00.000,0,CDB4FC33-D5F5-945A-D6DF-AE5E2FC85B34,1
1850,34,2014-12-11 00:00:00.000,0,1B0CA030-0773-A51B-E428-EE9080C89220,1
1851,34,2014-12-11 00:00:00.000,0,9AEF03E6-B91B-0C84-DE27-5AE957C7BF3A,1
1852,34,2014-12-11 00:00:00.000,0,8EDA84F6-BB18-575B-4116-2D41CB0FB4F0,1
1853,34,2014-12-11 00:00:00.000,0,D182B72D-0FF6-C66F-2EA9-AB91E03C4EAA,1
1854,34,2014-12-11 00:00:00.000,0,C2A04ABF-F3CD-4FA0-848D-23F3C4C7BBEF,1
1855,34,2014-12-11 00:00:00.000,0,12A70D28-9F91-1689-0056-B4C407106503,1
1856,34,2014-12-11 00:00:00.000,0,E390C879-CECF-79EB-1E85-9C7D2A1E3635,1
1857,34,2014-12-11 00:00:00.000,0,D6428470-AD85-589F-50D3-BEBD58A15E5F,1
1858,34,2014-12-11 00:00:00.000,0,7266B2EA-A5B5-8F78-063F-3424E488CAA3,1
1859,34,2014-12-11 00:00:00.000,0,8C545B85-DA23-1E9D-6650-DA1843AB0996,1
1860,34,2014-12-11 00:00:00.000,0,8ED086F8-D6FB-3AD3-5CE3-CABDD03B5D24,1
1861,34,2014-12-11 00:00:00.000,0,9004763D-9F82-C23D-ED84-B380EB89E220,1
1862,34,2014-12-11 00:00:00.000,0,DBCB4865-A707-9A2D-0D90-498F9387D195,1
1863,34,2014-12-11 00:00:00.000,0,90632607-0B57-52B5-EE80-0FDA2A02F35F,1
1864,34,2014-12-11 00:00:00.000,0,D2C2F125-D9EE-D58A-1924-C3137D78A30F,1
1865,34,2014-12-11 00:00:00.000,0,BC87A2DA-F2E3-6401-E860-90205B52D554,1
1866,34,2014-12-11 00:00:00.000,0,CB32CA9F-D665-3302-6672-E09D93A3B16C,1
1867,34,2014-12-11 00:00:00.000,0,8ECAFAAC-AF45-D888-8965-83F3C520EC7D,1
1868,34,2014-12-11 00:00:00.000,0,0945DF31-0F50-A3EC-B473-50D8856274E6,1
1869,34,2014-12-11 00:00:00.000,0,22D6D3FA-9869-9B4C-4E6C-521C185B8372,1
1870,34,2014-12-11 00:00:00.000,0,73B9403F-DA4E-3641-A36C-7EBECDAA5E18,1
1871,34,2014-12-11 00:00:00.000,0,999C5392-F6F2-1080-0289-8709BA7A6C6C,1
1872,34,2014-12-11 00:00:00.000,0,B9D7D24E-0A69-B4FA-0794-ED26DAC1EC52,1
1873,34,2014-12-11 00:00:00.000,0,2A06BB89-D571-A671-ADF8-0C1DAF19BDBF,1
1874,34,2014-12-11 00:00:00.000,0,8A6E699A-FD6A-A976-3284-59BA7620074C,1
1875,34,2014-12-11 00:00:00.000,0,5B03E2C6-CF4C-6F61-E549-2E78EEE536B3,1
1876,34,2014-12-11 00:00:00.000,0,306B9F95-AA2A-E6EF-8E48-F49B1F9F95A7,1
1877,34,2014-12-11 00:00:00.000,0,A93EB01D-A5F5-53B3-1B6D-5A70D905AF01,1
1878,34,2014-12-11 00:00:00.000,0,A12B0C31-B3B7-C62C-1E50-53AE3EE09BE9,1
1879,34,2014-12-11 00:00:00.000,0,9D91BE65-C7D8-B7EB-99A6-D78BC7E87B6F,1
1880,34,2014-12-11 00:00:00.000,0,9CFC248E-FEB2-6009-AD69-0A8AFB646914,1
1881,34,2014-12-11 00:00:00.000,0,BAE85773-C8B4-DFBA-65FD-70D94049E526,1
1882,34,2014-12-11 00:00:00.000,0,931112F8-9FA0-B52F-39E9-0E7010A049D9,1
1883,34,2014-12-12 00:00:00.000,0,D0203E4C-A874-1941-2118-292EAC0BAAD7,1
1884,34,2014-12-12 00:00:00.000,0,DED01CA8-90C9-77CE-18F4-5281B4A83192,1
1885,34,2014-12-12 00:00:00.000,0,CF14A5A1-CB21-30F5-5AB9-CD1E4550B086,1
1886,34,2014-12-12 00:00:00.000,0,C46093E8-95AB-ABDC-E9C6-84C403AD2473,1
1887,34,2014-12-12 00:00:00.000,0,AE7F0894-B2E0-A06D-9812-D2766731704E,1
1888,34,2014-12-12 00:00:00.000,0,E56A46B5-B1EE-9B33-01A8-646887EBC362,1
1889,34,2014-12-12 00:00:00.000,0,4B77E268-BA10-712D-4F90-57B97F969CB8,1
1890,34,2014-12-12 00:00:00.000,0,44A25DB2-F00B-652D-51D5-887F1A701D68,1
1891,34,2014-12-12 00:00:00.000,0,A449DA4B-EE3B-8801-76DA-25F0C4DE63AD,1
1892,34,2014-12-12 00:00:00.000,0,AB1BD8DF-D704-7782-6ED4-42756E6950D9,1
1893,34,2014-12-12 00:00:00.000,0,11041793-CFD0-31E9-F59D-9EB6F844F33D,1
1894,6,2014-12-12 00:00:00.000,51361,9AEF03E6-B91B-0C84-DE27-5AE957C7BF3A,0
1895,34,2014-12-13 00:00:00.000,0,79B74694-B1D4-56A2-A847-DBD595C048FF,1
1896,34,2014-12-13 00:00:00.000,0,270CC343-05C2-015A-AFC1-9F763E3BA0DE,1
1897,8,2014-12-13 00:00:00.000,51403,F51F65A1-C5EB-8263-6F73-91D3FDD5DA69,0
1898,34,2014-12-13 00:00:00.000,0,11041567-C874-A51B-D4ED-4C33FD5FDC0F,1
1899,34,2014-12-14 00:00:00.000,0,FC40D986-FC01-E628-408C-F0ABB96BF624,1
1900,34,2014-12-14 00:00:00.000,0,67B81D2F-C6D2-5855-AE7C-56EFF5853C89,1
1901,26,2014-12-14 00:00:00.000,51424,67B81D2F-C6D2-5855-AE7C-56EFF5853C89,0
1902,8,2014-12-14 00:00:00.000,51436,E9B9C38E-B651-E4B9-E8D8-0B8AF4E4B4CA,0
1903,34,2014-12-14 00:00:00.000,0,114927D8-91F3-F373-092B-6CE931774F83,1
1904,34,2014-12-14 00:00:00.000,0,5D6EB8BD-DE55-0BBA-9BF4-32F3AAFDD5C5,1
1905,34,2014-12-15 00:00:00.000,0,5B5BB8BD-00A1-8DD3-631B-089EA105B615,1
1906,32,2014-12-15 00:00:00.000,51452,5081647D-ED09-FC3A-F9BF-BCE426A2A3A8,0
1907,34,2014-12-15 00:00:00.000,0,EDD20AB7-A970-4D26-F549-E7D10083B53C,1
1908,34,2014-12-15 00:00:00.000,0,0281AEC9-E441-99F5-5D1D-177C938E1687,1
1909,34,2014-12-16 00:00:00.000,0,93CE390B-00B5-8E4D-512D-571E83D2AB48,1
1910,34,2014-12-17 00:00:00.000,0,297FF043-A3FD-EA9B-1E6A-EB06D8D652A5,1
1911,34,2014-12-18 00:00:00.000,0,B2ED3117-E1BF-1EF2-257E-ACDA5F8FD49F,1
1912,34,2014-12-18 00:00:00.000,0,A1284AFB-F335-56E4-A240-93BB69C09D57,1
1913,1,2014-12-19 00:00:00.000,0,4A7F4792-BDEB-AB48-7A94-0323B42B0B67,1
1914,1,2014-12-19 00:00:00.000,0,B6386689-CD43-7850-B712-162CE21737CF,1
1915,32,2014-12-19 00:00:00.000,0,B6386689-CD43-7850-B712-162CE21737CF,1
1916,32,2014-12-19 00:00:00.000,0,DC186EE4-A62D-2792-BAB3-BFE907CEF6B8,1
1917,34,2014-12-20 00:00:00.000,0,9A52B0D1-D4AA-509E-4C54-EEC578763C3A,1
1918,34,2014-12-21 00:00:00.000,0,A3723494-0957-C052-AA9C-8832C23E7E2F,1
1919,8,2014-12-21 00:00:00.000,51641,656872E2-98D4-8318-F81C-41B925E0ED7E,0
1920,1,2014-12-21 00:00:00.000,0,6E6A4379-B9CB-32F4-D4BF-3D0332F9F15A,1
1921,32,2014-12-21 00:00:00.000,0,F3264B96-0283-9295-ED3C-D64208FC83A2,1
1922,34,2014-12-22 00:00:00.000,51692,EAD713EE-ACEA-17FF-E159-767F9B08B750,0
1923,34,2014-12-23 00:00:00.000,0,191EE100-D41C-CBB3-51C2-BD464F2E9CF8,1
1924,34,2014-12-23 00:00:00.000,0,1D842C42-E055-8A26-20BB-2963DA1B9144,1
1925,34,2014-12-24 00:00:00.000,0,0E7CC327-B28A-F4B0-89EB-EFF9645B99EB,1
1926,32,2014-12-24 00:00:00.000,0,8A776FA0-F515-3746-08FD-EF6A93A4EE07,1
1927,34,2014-12-24 00:00:00.000,0,8A776FA0-F515-3746-08FD-EF6A93A4EE07,1
1928,1,2014-12-26 00:00:00.000,0,9C07675E-EF5A-A793-B4EF-F517D7CEECB7,1
1929,34,2014-12-26 00:00:00.000,0,9C07675E-EF5A-A793-B4EF-F517D7CEECB7,1
1930,34,2014-12-27 00:00:00.000,0,87B93BF7-A45E-FBD1-C7B4-32D4D9B37ADB,1
1931,34,2014-12-27 00:00:00.000,0,737A66E9-DF00-6069-567B-7C92A7863666,1
1932,34,2014-12-27 00:00:00.000,0,BFC324EF-B1D6-EE05-1CB9-FB95AB898FDD,1
1933,1,2014-12-27 00:00:00.000,0,7E6D8143-C8C3-5D81-91F6-1CF89A859A26,1
1934,34,2014-12-27 00:00:00.000,0,97209AA5-EA17-3949-150E-324B9580C63C,1
1935,34,2014-12-28 00:00:00.000,0,91AE09FB-9577-BB60-A02F-FD98B9CE0B74,1
1936,32,2014-12-28 00:00:00.000,0,91AE09FB-9577-BB60-A02F-FD98B9CE0B74,1
1937,1,2014-12-28 00:00:00.000,0,91AE09FB-9577-BB60-A02F-FD98B9CE0B74,1
1938,34,2014-12-29 00:00:00.000,0,46D3B640-9FCB-DABF-49B2-7F06CB661C14,1
1939,32,2014-12-29 00:00:00.000,0,4C4B57C5-9D7B-321A-23FB-B7AF9D70B04C,1
1940,34,2014-12-29 00:00:00.000,0,C298A3FB-A2E3-EE3A-D12A-BA3A77369661,1
1941,1,2014-12-29 00:00:00.000,0,652E12DD-F3C2-2DB3-56C6-616529BBE64E,1
1942,32,2014-12-29 00:00:00.000,0,652E12DD-F3C2-2DB3-56C6-616529BBE64E,1
1943,34,2014-12-29 00:00:00.000,0,652E12DD-F3C2-2DB3-56C6-616529BBE64E,1
1944,32,2014-12-29 00:00:00.000,0,E3B6341E-F805-F0E4-5DC6-41F7922252B1,1
1945,34,2014-12-30 00:00:00.000,0,7159708A-A558-50D9-5B2C-8E92E805228E,1
1946,8,2014-12-30 00:00:00.000,51958,AA5EF8FA-D380-DA92-01DF-621A8BB8E717,0
1947,34,2014-12-30 00:00:00.000,0,71B104B2-F224-A728-8FE0-C86C48F42896,1
1948,32,2014-12-31 00:00:00.000,0,576AE965-BEF3-F080-641E-CF952F7D4AF2,1
1949,1,2015-01-01 00:00:00.000,0,B72A218B-BFDF-3B78-34B6-DBCFF4813D48,1
1950,34,2015-01-01 00:00:00.000,0,93C16EF1-C0D4-57F1-0678-FD15677E523D,1
1951,32,2015-01-01 00:00:00.000,0,DD61C1EC-BD64-4A2A-0DDC-57CC0D49DB9A,1
1952,34,2015-01-01 00:00:00.000,0,FF18C736-9AE6-C516-0873-5CD6353179AC,1
1953,7,2015-01-01 00:00:00.000,53974,F11DE38B-9952-16AF-5541-AFCBFF58C6E4,0
1954,32,2015-01-01 00:00:00.000,0,94E4186F-E01A-DC4D-6E21-5969EC6B6A57,1
1955,32,2015-01-01 00:00:00.000,0,5696D4D1-AC92-C71E-E775-5DAE46481E9D,1
1956,34,2015-01-01 00:00:00.000,0,C06587BA-FC56-8B31-D04D-F6EE3DB09217,1
1957,32,2015-01-01 00:00:00.000,0,77D86C65-B50F-CD7B-7FFA-E7B1E0B1D455,1
1958,32,2015-01-01 00:00:00.000,0,EE23CF4B-E75C-F6B6-A653-A5F99A07D57C,1
1959,34,2015-01-01 00:00:00.000,0,EE23CF4B-E75C-F6B6-A653-A5F99A07D57C,1
1960,32,2015-01-01 00:00:00.000,0,C8CAE832-E000-4A34-D8E4-67B815C16F2B,1
1961,1,2015-01-01 00:00:00.000,0,A3B98DB5-E3CB-4BD7-A8E4-42E08AF95867,1
1962,32,2015-01-01 00:00:00.000,0,EDA3D043-F4F5-B8F9-C9C5-6523E0CE1FCF,1
1963,34,2015-01-01 00:00:00.000,0,5F417865-9B80-BA5F-AAD6-E6262E1B19BF,1
1964,32,2015-01-01 00:00:00.000,0,9C07675E-EF5A-A793-B4EF-F517D7CEECB7,1
1965,34,2015-01-01 00:00:00.000,0,A11416F6-DDCD-A6A9-5E47-DE41A2928E82,1
1966,1,2015-01-01 00:00:00.000,0,1B0CA030-0773-A51B-E428-EE9080C89220,1
1967,34,2015-01-01 00:00:00.000,0,1F22BE49-FC2B-2EA4-A7C2-8687847A326B,1
1968,32,2015-01-01 00:00:00.000,0,79D5BC86-0865-5845-1344-8A2CEDAB62A4,1
1969,34,2015-01-02 00:00:00.000,0,48E09B2E-DF55-65E1-88E2-E9DB4802A3AA,1
1970,32,2015-01-02 00:00:00.000,0,4A7F4792-BDEB-AB48-7A94-0323B42B0B67,1
1971,7,2015-01-02 00:00:00.000,54123,D391A664-AE1D-800F-1791-D2A7DB375E68,0
1972,32,2015-01-02 00:00:00.000,0,D391A664-AE1D-800F-1791-D2A7DB375E68,1
1973,1,2015-01-02 00:00:00.000,0,AEC16FC3-FC7E-8247-2A38-60CFD6FD3F63,1
1974,1,2015-01-02 00:00:00.000,0,B2ED3117-E1BF-1EF2-257E-ACDA5F8FD49F,1
1975,1,2015-01-02 00:00:00.000,0,A9F27BF3-EF41-E818-8AA5-899D1FF90E9F,1
1976,32,2015-01-02 00:00:00.000,0,A9F27BF3-EF41-E818-8AA5-899D1FF90E9F,1
1977,34,2015-01-02 00:00:00.000,0,A9F27BF3-EF41-E818-8AA5-899D1FF90E9F,1
1978,34,2015-01-03 00:00:00.000,0,E9F5457B-EEC2-BD1D-D0BA-BD49A0150020,1
1979,34,2015-01-04 00:00:00.000,0,4C77D268-B447-B693-3A80-AF143D71A1A2,1
1980,34,2015-01-05 00:00:00.000,0,F51F65A1-C5EB-8263-6F73-91D3FDD5DA69,1
1981,6,2015-01-05 00:00:00.000,54338,E81DD8C5-E1B4-172F-5CAC-F5576BBDDB8F,0
1982,34,2015-01-05 00:00:00.000,0,1045FAB9-CA2E-2E3D-071E-2CE34311A88C,1
1983,32,2015-01-05 00:00:00.000,0,1045FAB9-CA2E-2E3D-071E-2CE34311A88C,1
1984,1,2015-01-06 00:00:00.000,0,46D3B640-9FCB-DABF-49B2-7F06CB661C14,1
1985,6,2015-01-06 00:00:00.000,54436,BC2A95F4-ED67-06FA-7C93-D4CBC8CAA67C,0
1986,34,2015-01-06 00:00:00.000,0,E0CE5AA2-ED50-A1D0-8993-7A61F5A88914,1
1987,5,2015-01-06 00:00:00.000,54459,0A8BDF39-E431-2A7D-41C2-BCAE87933EE8,0
1988,32,2015-01-06 00:00:00.000,0,8D7F8F10-E43C-2545-28CD-71F59DE941E1,1
1989,1,2015-01-06 00:00:00.000,0,CB2CDD58-CB8B-1841-EF83-9E3DFDB7813D,1
1990,1,2015-01-06 00:00:00.000,0,B3D4C517-B134-A450-34DB-F37368A52D23,1
1991,8,2015-01-06 00:00:00.000,54499,B3D4C517-B134-A450-34DB-F37368A52D23,0
1992,1,2015-01-07 00:00:00.000,0,ADDC351E-E814-30A2-E188-EB50D5F2A985,1
1993,34,2015-01-08 00:00:00.000,0,841D795F-CB4C-4599-8B31-ED8B5E01A2D5,1
1994,8,2015-01-08 00:00:00.000,54572,C9559D50-9C04-D819-4316-AA7B45276EF5,0
1995,1,2015-01-08 00:00:00.000,0,EDD20AB7-A970-4D26-F549-E7D10083B53C,1
1996,34,2015-01-08 00:00:00.000,0,3D8602B7-CC56-8FC8-8268-3BF6475306BE,1
1997,32,2015-01-08 00:00:00.000,0,F232CD71-FF54-279A-AC93-D936D35F5021,1
1998,1,2015-01-08 00:00:00.000,0,7EA45555-AA86-A0FF-350A-9916AE0A0152,1
1999,32,2015-01-08 00:00:00.000,0,7EA45555-AA86-A0FF-350A-9916AE0A0152,1
2000,32,2015-01-08 00:00:00.000,0,0A8BDF39-E431-2A7D-41C2-BCAE87933EE8,1
2001,34,2015-01-08 00:00:00.000,0,ADDC351E-E814-30A2-E188-EB50D5F2A985,1
2002,32,2015-01-08 00:00:00.000,0,ADDC351E-E814-30A2-E188-EB50D5F2A985,1
2003,34,2015-01-08 00:00:00.000,0,B2082625-930F-3AD7-1B6C-422183B14FB6,1
2004,32,2015-01-09 00:00:00.000,0,70C7F762-E845-C98A-E58D-BCAF80315464,1
2005,34,2015-01-09 00:00:00.000,0,791D4F27-C1D4-F89F-344C-5973C69A542C,1
2006,34,2015-01-09 00:00:00.000,0,DF19D101-E865-1466-7414-BAD0F4119FA1,1
2007,1,2015-01-09 00:00:00.000,0,0F7B9EF4-A64B-28B4-2436-84ECB103051B,1
2008,32,2015-01-10 00:00:00.000,0,D4833055-BA3F-68A5-009B-5BCF3787E0F9,1
2009,34,2015-01-10 00:00:00.000,0,D4833055-BA3F-68A5-009B-5BCF3787E0F9,1
2010,32,2015-01-11 00:00:00.000,54953,03345005-C033-2D14-CC94-136FE7CE4788,0
2011,34,2015-01-11 00:00:00.000,0,70840215-93F8-E100-3619-FFE97D1A9270,1
2012,34,2015-01-11 00:00:00.000,0,0B23765A-BC7C-5995-48E0-B3A22792B2AE,1
2013,6,2015-01-12 00:00:00.000,54973,87B93BF7-A45E-FBD1-C7B4-32D4D9B37ADB,0
2014,34,2015-01-14 00:00:00.000,0,722D0E18-D9D8-57B3-CEC1-867B3F7A649A,1
2015,32,2015-01-14 00:00:00.000,0,0C01A668-D1AF-471C-B0D7-6CA043137E5A,1
2016,32,2015-01-15 00:00:00.000,0,46D3B640-9FCB-DABF-49B2-7F06CB661C14,1
2017,1,2015-01-15 00:00:00.000,0,CCA1329B-C697-E97C-ADD3-7049E5D15213,1
2018,32,2015-01-15 00:00:00.000,0,B4E08B5F-AC6A-6901-8662-B8EDB3699CFD,1
2019,1,2015-01-16 00:00:00.000,0,D4833055-BA3F-68A5-009B-5BCF3787E0F9,1
2020,1,2015-01-16 00:00:00.000,0,F5D1290E-AB09-371B-AC32-4DE0488B2DA1,1
2021,8,2015-01-17 00:00:00.000,55197,B2082625-930F-3AD7-1B6C-422183B14FB6,0
2022,7,2015-01-17 00:00:00.000,55220,F84BCB4D-AF2E-4F21-22CA-AE0CBBF7826E,0
2023,1,2015-01-17 00:00:00.000,0,F865401B-C382-B474-C5FF-2D9B894B37D8,1
2024,34,2015-01-17 00:00:00.000,0,501FA5AA-B5F1-1CFF-E0FD-B4939A83F798,1
2025,32,2015-01-17 00:00:00.000,0,501FA5AA-B5F1-1CFF-E0FD-B4939A83F798,1
2026,1,2015-01-18 00:00:00.000,0,22D6D3FA-9869-9B4C-4E6C-521C185B8372,1
2027,8,2015-01-18 00:00:00.000,55310,7FFB452E-ADF3-C311-B8D4-D20AA501EB59,0
2028,8,2015-01-19 00:00:00.000,55346,020A6C92-C463-04B1-9CCE-646CD91D97D5,0
2029,34,2015-01-20 00:00:00.000,0,F0D77EB8-B149-41A3-FAE9-BE6BF9720B05,1
2030,32,2015-01-21 00:00:00.000,0,00DB7AB1-9B73-68A8-E206-2A2EA41414C2,1
2031,34,2015-01-22 00:00:00.000,0,ED36E59C-F65D-92CC-27C9-0D7372FECFFF,1
2032,34,2015-01-22 00:00:00.000,0,F87AD4B6-063D-0C71-20F4-13534A70CF6B,1
2033,32,2015-01-22 00:00:00.000,0,F87AD4B6-063D-0C71-20F4-13534A70CF6B,1
2034,27,2015-01-22 00:00:00.000,55461,02178C7C-E103-7097-FAE2-E72465526EE1,0
2035,34,2015-01-22 00:00:00.000,0,61613811-EC2C-E52D-8C49-ED18C98F01FA,1
2036,8,2015-01-22 00:00:00.000,55475,B7B3F884-FE5C-EEFD-AFB7-235EAF2DC624,0
2037,32,2015-01-22 00:00:00.000,0,93C16EF1-C0D4-57F1-0678-FD15677E523D,1
2038,32,2015-01-23 00:00:00.000,0,ED36E59C-F65D-92CC-27C9-0D7372FECFFF,1
2039,8,2015-01-23 00:00:00.000,55489,98ACF5D1-D02B-C351-F777-7D5150FE28E7,0
2040,32,2015-01-23 00:00:00.000,0,C8B5B12A-F22D-4AB7-41B7-47BFF1F2D779,1
2041,32,2015-01-23 00:00:00.000,0,C631A8AD-F2D9-3887-70CD-CF396CB97879,1
2042,1,2015-01-23 00:00:00.000,0,C8B5B12A-F22D-4AB7-41B7-47BFF1F2D779,1
2043,6,2015-01-24 00:00:00.000,55529,ED36E59C-F65D-92CC-27C9-0D7372FECFFF,0
2044,8,2015-01-24 00:00:00.000,55560,1EE212C6-0321-C7E1-15C5-0583E2165B57,0
2045,1,2015-01-25 00:00:00.000,0,174B892B-F41D-3B6D-1B71-E79913CB3604,1
2046,34,2015-01-26 00:00:00.000,0,295F747D-D07D-2776-93CE-4275B8DF640F,1
2047,34,2015-01-27 00:00:00.000,0,1C504BF3-EBDC-0F1D-B6F3-D9F117456790,1
2048,32,2015-01-27 00:00:00.000,0,D04B502E-BCFA-1E13-24CE-87E1FE302101,1
2049,34,2015-01-27 00:00:00.000,0,AA5C7261-0178-8D05-3299-67D995F5B57D,1
2050,8,2015-01-28 00:00:00.000,55742,44238B42-0E18-BB5B-EFCB-6BE8C1A578FC,0
2051,34,2015-01-28 00:00:00.000,0,9E12CD1A-BEAA-85D5-A566-E2D4830C3D12,1
2052,1,2015-01-28 00:00:00.000,0,EBC1E8DD-F5E0-AE5A-89B2-A8D510916F48,1
2053,32,2015-01-29 00:00:00.000,0,25096B34-E623-6F55-52C9-BD65327CDCBC,1
2054,8,2015-01-29 00:00:00.000,55768,3643C721-D19F-9F81-4FC6-EC26CFDE8AEB,0
2055,34,2015-01-30 00:00:00.000,0,0CFB98A1-E298-E61A-ED85-E5CD423D8A79,1
2056,34,2015-01-30 00:00:00.000,0,FD8813E4-D0DC-786A-AA51-351099506E18,1
2057,32,2015-01-31 00:00:00.000,0,B3D4C517-B134-A450-34DB-F37368A52D23,1
2058,34,2015-01-31 00:00:00.000,0,F9A58D20-92BE-9A26-DFA6-4E88AC9E14E5,1
2059,7,2015-01-31 00:00:00.000,55858,948FD4B2-A64B-3106-4AAA-2BE6B8406F76,0
2060,32,2015-01-31 00:00:00.000,0,F9A58D20-92BE-9A26-DFA6-4E88AC9E14E5,1
2061,8,2015-01-31 00:00:00.000,55867,3EECD125-91AA-855C-0183-C291C0E197D1,0
2062,32,2015-02-01 00:00:00.000,0,1B0E90E1-A9A7-F69A-4D6A-82ACD5DDEF60,1
2063,32,2015-02-01 00:00:00.000,0,11041567-C874-A51B-D4ED-4C33FD5FDC0F,1
2064,34,2015-02-01 00:00:00.000,0,1B0E90E1-A9A7-F69A-4D6A-82ACD5DDEF60,1
2065,1,2015-02-02 00:00:00.000,0,34F789B1-057A-2AE7-5669-3F58BF7E9DBC,1
2066,2,2015-02-02 00:00:00.000,55931,8DBCC0A6-025B-9563-29C8-2810779C009C,0
2067,34,2015-02-02 00:00:00.000,0,F865401B-C382-B474-C5FF-2D9B894B37D8,1
2068,34,2015-02-02 00:00:00.000,0,57BF6F7E-9CBE-8A61-B715-947A70839E6F,1
2069,32,2015-02-02 00:00:00.000,0,57BF6F7E-9CBE-8A61-B715-947A70839E6F,1
2070,8,2015-02-03 00:00:00.000,55975,4F8F8F31-DF15-5260-8042-B9FF8B148436,0
2071,8,2015-02-03 00:00:00.000,55989,5109E401-F316-E353-AF63-097F2EA0D91B,0
2072,34,2015-02-03 00:00:00.000,0,B4E08B5F-AC6A-6901-8662-B8EDB3699CFD,1
2073,1,2015-02-03 00:00:00.000,0,8B05C8B2-A520-1CFA-A10F-A9A417DCD51C,1
2074,34,2015-02-03 00:00:00.000,0,8B05C8B2-A520-1CFA-A10F-A9A417DCD51C,1
2075,1,2015-02-04 00:00:00.000,0,3AA32C5D-BAC4-6932-5A43-69BF91193A02,1
2076,34,2015-02-04 00:00:00.000,0,2ABF496D-FAD1-7225-B244-E6973DA8630E,1
2077,8,2015-02-05 00:00:00.000,56075,4E80A8B8-A4AE-E2CA-4AB7-98BADD8609CC,0
2078,32,2015-02-06 00:00:00.000,0,02A490B7-012A-30AA-9768-9F0410EB13EE,1
2079,38,2015-02-06 00:00:00.000,0,3B43FD8E-A9F3-4B1A-74CC-255ACCD77E11,1
2080,32,2015-02-06 00:00:00.000,0,4E80A8B8-A4AE-E2CA-4AB7-98BADD8609CC,1
2081,28,2015-02-07 00:00:00.000,56153,DF19D101-E865-1466-7414-BAD0F4119FA1,0
2082,1,2015-02-07 00:00:00.000,0,EC5671C2-F331-E631-7756-484F1C85B6E7,1
2083,34,2015-02-08 00:00:00.000,0,4E80A8B8-A4AE-E2CA-4AB7-98BADD8609CC,1
2084,8,2015-02-10 00:00:00.000,56273,02A490B7-012A-30AA-9768-9F0410EB13EE,0
2085,1,2015-02-11 00:00:00.000,0,70A4F585-C21B-011A-A0A7-2D954D0036B9,1
2086,32,2015-02-12 00:00:00.000,0,039E6F14-D625-107F-7134-549B5D3BCB46,1
2087,32,2015-02-12 00:00:00.000,0,3D8602B7-CC56-8FC8-8268-3BF6475306BE,1
2088,26,2015-02-13 00:00:00.000,56373,6ECD81B4-B172-04D6-2FDF-9D46FFB6B909,0
2089,1,2015-02-13 00:00:00.000,0,295F747D-D07D-2776-93CE-4275B8DF640F,1
2090,26,2015-02-13 00:00:00.000,56398,02A490B7-012A-30AA-9768-9F0410EB13EE,0
2091,32,2015-02-14 00:00:00.000,0,C79E5529-E014-5E6B-8F43-0BE658931E34,1
2092,32,2015-02-15 00:00:00.000,0,8EFD146B-D431-BEE7-F574-D8241E43E7E3,1
2093,8,2015-02-17 00:00:00.000,56516,00659D62-96BE-06FE-789D-FC52A0A5407C,0
2094,8,2015-02-17 00:00:00.000,56522,8E143E58-9197-033B-1DA2-5177A7C865AE,0
2095,26,2015-02-17 00:00:00.000,56524,922288DE-C30E-D915-945A-57D6F3E441CC,0
2096,8,2015-02-17 00:00:00.000,56526,CBEE46C6-E450-923A-27CC-98D2A0A6B207,0
2097,8,2015-02-17 00:00:00.000,56529,0E60DFBC-A63D-A49D-8015-08C233858652,0
2098,32,2015-02-17 00:00:00.000,0,AAB8E822-A095-2674-8CC7-9403359EB37B,1
2099,8,2015-02-17 00:00:00.000,56537,67A030BE-BC81-258F-FE7A-9CB7DE4007BB,0
2100,8,2015-02-17 00:00:00.000,56543,92E54EED-CBBE-A6EB-6398-85B84F17B795,0
2101,1,2015-02-17 00:00:00.000,0,8CDE4334-9413-D159-E790-E9409FE13AC5,1
2102,6,2015-02-17 00:00:00.000,56553,BAE85773-C8B4-DFBA-65FD-70D94049E526,0
2103,32,2015-02-17 00:00:00.000,0,F2883E77-E4FC-F112-C7E3-DE17B7163888,1
2104,8,2015-02-17 00:00:00.000,56554,BFC324EF-B1D6-EE05-1CB9-FB95AB898FDD,0
2105,32,2015-02-18 00:00:00.000,0,415DA75E-9DFE-C316-D2B2-34F5F2F2CE48,1
2106,8,2015-02-18 00:00:00.000,56572,6E325B57-F7B7-137A-66D7-B06A00C71AC8,0
2107,34,2015-02-19 00:00:00.000,0,4DD879C0-AD5F-29B1-04C9-8682CBF2E5E7,1
2108,8,2015-02-19 00:00:00.000,56617,9DB406FB-FF70-3F64-F764-DC81716640C5,0
2109,34,2015-02-19 00:00:00.000,0,DF963195-E442-D0B7-D991-03D3EE5484C4,1
2110,1,2015-02-19 00:00:00.000,56631,85097B62-DAFF-1635-0819-24045BAF7B9D,0
2111,32,2015-02-19 00:00:00.000,0,AFFDC86F-B63F-AF5A-3AFA-0C24D54F94DA,1
2112,32,2015-02-20 00:00:00.000,0,73B9403F-DA4E-3641-A36C-7EBECDAA5E18,1
2113,7,2015-02-20 00:00:00.000,56671,DBC76118-F20F-B7DC-8CF6-3B0F843921F2,0
2114,8,2015-02-20 00:00:00.000,56672,4DD879C0-AD5F-29B1-04C9-8682CBF2E5E7,0
2115,8,2015-02-21 00:00:00.000,56742,A9003A7F-0916-420E-4471-214279CBD4C6,0
2116,34,2015-02-22 00:00:00.000,0,FB98DFE8-9B5D-A548-A7A5-BBEB135D1ECA,1
2117,34,2015-02-22 00:00:00.000,0,AFFDC86F-B63F-AF5A-3AFA-0C24D54F94DA,1
2118,32,2015-02-22 00:00:00.000,0,9DD47BEC-9C04-B5EB-B4EB-6083FABAB0A8,1
2119,32,2015-02-23 00:00:00.000,0,B6FC1624-9480-BF7F-2481-BF9C5AFE84AA,1
2120,8,2015-02-23 00:00:00.000,56818,B6FC1624-9480-BF7F-2481-BF9C5AFE84AA,0
2121,32,2015-02-24 00:00:00.000,0,4290DA5C-C6B1-6C1D-F917-703BE9351071,1
2122,8,2015-02-25 00:00:00.000,56906,71CC94CB-9C8F-C412-4C02-A66295203B5A,0
2123,34,2015-02-25 00:00:00.000,0,AFB64B4E-9B9C-92C4-F978-B77BD46ACD2E,1
2124,32,2015-02-25 00:00:00.000,0,C403DD3D-0DD4-406C-8265-A328FA1C830C,1
2125,32,2015-02-26 00:00:00.000,0,8EE01537-B84A-3E42-B924-05D43EFCE54D,1
2126,32,2015-02-26 00:00:00.000,0,9004763D-9F82-C23D-ED84-B380EB89E220,1
2127,32,2015-02-26 00:00:00.000,0,97876D37-F0E6-EA0D-90FC-BF761CE8882A,1
2128,32,2015-02-26 00:00:00.000,0,2F72F4E3-FC93-0DE1-FE07-A41D035F638C,1
2129,32,2015-02-26 00:00:00.000,0,FBD149D0-CF24-3887-D64C-1B200433800B,1
2130,32,2015-02-26 00:00:00.000,0,A93EB01D-A5F5-53B3-1B6D-5A70D905AF01,1
2131,32,2015-02-26 00:00:00.000,0,F0E205B7-0757-5E1D-A506-11DBFDB53FC8,1
2132,32,2015-02-26 00:00:00.000,0,2ABF496D-FAD1-7225-B244-E6973DA8630E,1
2133,32,2015-02-26 00:00:00.000,0,7E939E18-C71F-393D-2E1D-90F9211512E8,1
2134,32,2015-02-26 00:00:00.000,0,EB94B20D-E5BC-736C-2C2D-7974B21EBBA7,1
2135,32,2015-02-26 00:00:00.000,0,8A86BE0B-F2DE-A017-4E70-B29D7C500054,1
2136,32,2015-02-26 00:00:00.000,0,8ECC1460-E11B-4D9B-1ED0-7A2A0DD8BADD,1
2137,32,2015-02-26 00:00:00.000,0,10290F9A-E987-3433-3F25-03A869EB0F03,1
2138,32,2015-02-26 00:00:00.000,0,CB32CA9F-D665-3302-6672-E09D93A3B16C,1
2139,32,2015-02-26 00:00:00.000,0,B72A218B-BFDF-3B78-34B6-DBCFF4813D48,1
2140,32,2015-02-26 00:00:00.000,0,423CEB58-C995-1543-D8DA-4931FBC4EA64,1
2141,34,2015-02-26 00:00:00.000,0,8A86BE0B-F2DE-A017-4E70-B29D7C500054,1
2142,32,2015-02-26 00:00:00.000,0,3499B765-997E-65DC-BE2A-8C222B0C7EA2,1
2143,32,2015-02-26 00:00:00.000,0,B66CE495-E659-F2D7-7D22-470B96D58138,1
2144,32,2015-02-26 00:00:00.000,0,73CB3CDA-EA6F-B36B-B69B-7D71A4FA0BC8,1
2145,7,2015-02-26 00:00:00.000,56971,0E60DFBC-A63D-A49D-8015-08C233858652,0
2146,34,2015-02-26 00:00:00.000,0,3499B765-997E-65DC-BE2A-8C222B0C7EA2,1
2147,32,2015-02-26 00:00:00.000,0,395FFADD-EF06-EF0E-BA5B-85BDA419514D,1
2148,32,2015-02-26 00:00:00.000,0,9AEF03E6-B91B-0C84-DE27-5AE957C7BF3A,1
2149,32,2015-02-26 00:00:00.000,0,89547217-AE57-1DA6-0166-D19AC1860FFD,1
2150,32,2015-02-26 00:00:00.000,0,306B9F95-AA2A-E6EF-8E48-F49B1F9F95A7,1
2151,32,2015-02-26 00:00:00.000,0,050ACAC7-92BB-4ECC-1B07-8E5F9C8ADE5E,1
2152,32,2015-02-26 00:00:00.000,0,9D5834BD-EA8F-17F2-FD27-3A2CD0986B8E,1
2153,34,2015-02-26 00:00:00.000,0,0CBEBC43-04F3-806F-4EC2-B41A486B60A3,1
2154,32,2015-02-26 00:00:00.000,0,8EB529BF-FF32-D0FD-72E8-E7E55FF55F6A,1
2155,32,2015-02-26 00:00:00.000,0,EA11FA99-EDD3-72B8-46B3-13E7CD31EB23,1
2156,32,2015-02-26 00:00:00.000,0,7B0B5857-F7C5-9539-72A9-C4DD85CE3F92,1
2157,32,2015-02-26 00:00:00.000,0,E616C397-B664-8A10-F569-4951F9BDF1EA,1
2158,32,2015-02-26 00:00:00.000,0,114927D8-91F3-F373-092B-6CE931774F83,1
2159,32,2015-02-26 00:00:00.000,0,2778330A-BC33-AD62-3F86-3CCEA9E31BD4,1
2160,32,2015-02-26 00:00:00.000,0,71B104B2-F224-A728-8FE0-C86C48F42896,1
2161,32,2015-02-26 00:00:00.000,0,1B706D05-E726-B33E-98E1-410637A5F017,1
2162,32,2015-02-26 00:00:00.000,0,AC33BE8B-0A52-4709-E440-4891E5948392,1
2163,32,2015-02-26 00:00:00.000,0,6D94E083-92DB-A1C4-A0D3-B5D51C94354D,1
2164,32,2015-02-26 00:00:00.000,0,BE537B7D-EFAE-CC02-5852-39AB0D7DB635,1
2165,32,2015-02-26 00:00:00.000,0,81161062-EC73-9C85-3B54-8DD52E641047,1
2166,32,2015-02-26 00:00:00.000,0,7EEAB7CB-9C65-2F93-3BF4-F76602825719,1
2167,32,2015-02-26 00:00:00.000,0,3CD7D0C1-91C1-5628-487E-2303DC7C27DD,1
2168,32,2015-02-26 00:00:00.000,0,24084518-F66B-F62F-F2B0-87D008E0A30C,1
2169,34,2015-02-26 00:00:00.000,0,81161062-EC73-9C85-3B54-8DD52E641047,1
2170,32,2015-02-26 00:00:00.000,0,8283B184-A895-1161-511A-B4031F4DFBF9,1
2171,34,2015-02-26 00:00:00.000,0,8283B184-A895-1161-511A-B4031F4DFBF9,1
2172,32,2015-02-26 00:00:00.000,0,FFE32C19-087E-5717-4612-3829D154C125,1
2173,32,2015-02-26 00:00:00.000,0,612D7BB7-F0B7-48E6-5B1D-B748D815A6D5,1
2174,32,2015-02-26 00:00:00.000,0,BFC324EF-B1D6-EE05-1CB9-FB95AB898FDD,1
2175,32,2015-02-26 00:00:00.000,0,215B3FC1-A494-EE84-0445-C046CDD46F12,1
2176,34,2015-02-26 00:00:00.000,0,3B4CE86C-0438-BE22-5460-2E6E8E649F07,1
2177,32,2015-02-26 00:00:00.000,0,D69734CC-B871-1D48-5593-EC2783C01994,1
2178,7,2015-02-26 00:00:00.000,57018,02A490B7-012A-30AA-9768-9F0410EB13EE,0
2179,32,2015-02-27 00:00:00.000,0,F16BDD28-C210-2513-AD7A-F5FBD2BCB051,1
2180,32,2015-02-27 00:00:00.000,0,BBD8CD8F-DE1B-886F-AF5D-EB121D3D307D,1
2181,32,2015-02-27 00:00:00.000,0,011E2DDA-A94C-26D5-CFDB-9EED2A406945,1
2182,32,2015-02-27 00:00:00.000,0,26B38A5A-0D68-DBEE-F5FE-F913D45EAA87,1
2183,32,2015-02-27 00:00:00.000,0,1F22BE49-FC2B-2EA4-A7C2-8687847A326B,1
2184,32,2015-02-27 00:00:00.000,0,19833D53-DF83-A57F-3815-24A4EDCF9D5B,1
2185,32,2015-02-27 00:00:00.000,0,266F00DE-A7EA-CF30-2B94-41735F4F4F27,1
2186,32,2015-02-27 00:00:00.000,0,AE2BAF66-B110-26C8-19EB-947A6794839E,1
2187,8,2015-02-27 00:00:00.000,57047,C791CBA4-D174-33FF-0C36-578A57F92F05,0
2188,32,2015-02-27 00:00:00.000,0,02178C7C-E103-7097-FAE2-E72465526EE1,1
2189,32,2015-02-27 00:00:00.000,0,F642BDE1-F17C-0B38-0946-200D16DD21EF,1
2190,32,2015-02-27 00:00:00.000,0,A11416F6-DDCD-A6A9-5E47-DE41A2928E82,1
2191,32,2015-02-28 00:00:00.000,0,63771888-CA8C-47D0-CB09-0A10DB8B842D,1
2192,1,2015-02-28 00:00:00.000,0,B629F935-F795-0631-3BE9-387E93E622E8,1
2193,32,2015-02-28 00:00:00.000,0,4E707B56-A29F-3301-E292-87553687DD7F,1
2194,32,2015-02-28 00:00:00.000,0,86DA4D09-E712-6568-B090-C226F4C49B1F,1
2195,32,2015-02-28 00:00:00.000,0,07812388-F975-F2C4-DF44-8AD440D9A26B,1
2196,32,2015-03-01 00:00:00.000,0,B629F935-F795-0631-3BE9-387E93E622E8,1
2197,34,2015-03-01 00:00:00.000,0,B629F935-F795-0631-3BE9-387E93E622E8,1
2198,32,2015-03-01 00:00:00.000,0,6ECD81B4-B172-04D6-2FDF-9D46FFB6B909,1
2199,8,2015-03-01 00:00:00.000,57162,85ADEBCF-C915-9495-BFBE-869602D0A421,0
2200,32,2015-03-02 00:00:00.000,0,E1CED2B2-D074-27A7-65BA-DC99E38496ED,1
2201,32,2015-03-02 00:00:00.000,0,6C472701-DC15-5678-2019-762DA884F363,1
2202,1,2015-03-02 00:00:00.000,0,B4876796-F128-11BD-8356-68B54A503ED0,1
2203,32,2015-03-02 00:00:00.000,0,31FF335C-0606-3EBA-5080-5E2A1DBC55B9,1
2204,34,2015-03-02 00:00:00.000,0,75D8BFE4-F683-FF90-398C-6CB4A04F4540,1
2205,1,2015-03-02 00:00:00.000,0,93C16EF1-C0D4-57F1-0678-FD15677E523D,1
2206,32,2015-03-03 00:00:00.000,0,74F25E6E-FF2F-6B64-A68E-1475EF332F1A,1
2207,32,2015-03-03 00:00:00.000,0,75D8BFE4-F683-FF90-398C-6CB4A04F4540,1
2208,27,2015-03-03 00:00:00.000,57286,75D8BFE4-F683-FF90-398C-6CB4A04F4540,0
2209,8,2015-03-03 00:00:00.000,57287,75D8BFE4-F683-FF90-398C-6CB4A04F4540,0
2210,26,2015-03-03 00:00:00.000,57289,75D8BFE4-F683-FF90-398C-6CB4A04F4540,0
2211,32,2015-03-04 00:00:00.000,0,CDD74472-C987-D3B1-5268-F60F21088D0F,1
2212,32,2015-03-04 00:00:00.000,0,19923DAA-B71D-4650-5AE5-9987FF71B4F9,1
2213,8,2015-03-04 00:00:00.000,57341,722D0E18-D9D8-57B3-CEC1-867B3F7A649A,0
2214,1,2015-03-04 00:00:00.000,0,0532DBC9-B186-36C0-A295-91C5AEC94A33,1
2215,32,2015-03-04 00:00:00.000,57351,DF266332-A6B4-BDED-814A-3924944B7B79,0
2216,8,2015-03-05 00:00:00.000,57371,AFFDC86F-B63F-AF5A-3AFA-0C24D54F94DA,0
2217,32,2015-03-05 00:00:00.000,0,722D0E18-D9D8-57B3-CEC1-867B3F7A649A,1
2218,32,2015-03-06 00:00:00.000,0,7DEBBE84-D3E6-3459-D696-5429B602BAA9,1
2219,32,2015-03-08 00:00:00.000,57471,EF8BFB62-D16E-6F08-05B0-A60BD54DE68F,0
2220,1,2015-03-10 00:00:00.000,0,E4FAEDC3-91DF-C4D3-591E-78E6C894BBCF,1
2221,34,2015-03-10 00:00:00.000,0,D1C11103-CD9C-DE71-BF8E-1CA376AC5A29,1
2222,26,2015-03-10 00:00:00.000,57577,E9B9C38E-B651-E4B9-E8D8-0B8AF4E4B4CA,0
2223,8,2015-03-11 00:00:00.000,57616,0532DBC9-B186-36C0-A295-91C5AEC94A33,0
2224,34,2015-03-11 00:00:00.000,0,070B20D4-E6E4-A392-D5B0-24758C2248CD,1
2225,7,2015-03-12 00:00:00.000,57651,0E033CDD-CD83-2510-6911-5542A1CE6B55,0
2226,1,2015-03-12 00:00:00.000,0,070B20D4-E6E4-A392-D5B0-24758C2248CD,1
2227,28,2015-03-12 00:00:00.000,57662,A3B98DB5-E3CB-4BD7-A8E4-42E08AF95867,0
2228,32,2015-03-12 00:00:00.000,0,070B20D4-E6E4-A392-D5B0-24758C2248CD,1
2229,32,2015-03-13 00:00:00.000,0,8CAF5CCF-F4E6-6567-3CD7-B9156557C79F,1
2230,34,2015-03-13 00:00:00.000,0,8CAF5CCF-F4E6-6567-3CD7-B9156557C79F,1
2231,7,2015-03-13 00:00:00.000,57713,16314023-952F-653B-7C1C-C6760518A08F,0
2232,2,2015-03-14 00:00:00.000,57759,070B20D4-E6E4-A392-D5B0-24758C2248CD,0
2233,1,2015-03-15 00:00:00.000,0,853E00F7-E2BC-352D-6EC1-353D78E10F97,1
2234,8,2015-03-16 00:00:00.000,57796,3BEC5DC9-A210-0CD8-8723-01B7ECD0E5BF,0
2235,1,2015-03-16 00:00:00.000,0,9DD47BEC-9C04-B5EB-B4EB-6083FABAB0A8,1
2236,6,2015-03-17 00:00:00.000,57833,E6F82BA6-003F-EC66-1FE6-E657D9CDF88D,0
2237,2,2015-03-17 00:00:00.000,57851,C89E2DF9-DF4E-2108-B2DA-5C4FD8404503,0
2238,32,2015-03-17 00:00:00.000,0,F4478A4D-E65F-4822-6DA3-012ED043AF65,1
2239,7,2015-03-18 00:00:00.000,57894,7489E67B-F2A3-81C7-6266-DADA7E25E313,0
2240,2,2015-03-18 00:00:00.000,57910,11041567-C874-A51B-D4ED-4C33FD5FDC0F,0
2241,7,2015-03-19 00:00:00.000,57933,BA2007F9-957C-7A9A-7698-42BBE14CDA49,0
2242,32,2015-03-19 00:00:00.000,0,B5C7A676-D701-10D3-C36F-4D7FB7AF0E48,1
2243,1,2015-03-19 00:00:00.000,0,02A490B7-012A-30AA-9768-9F0410EB13EE,1
2244,34,2015-03-21 00:00:00.000,0,E1CED2B2-D074-27A7-65BA-DC99E38496ED,1
2245,34,2015-03-21 00:00:00.000,0,8D7F8F10-E43C-2545-28CD-71F59DE941E1,1
2246,34,2015-03-21 00:00:00.000,0,A7CD2545-ACCF-0DF5-E5DE-7EE97CA676FB,1
2247,34,2015-03-21 00:00:00.000,0,D6B2DB86-9FC8-8ED3-3AEB-4ABEE0EE3B7E,1
2248,34,2015-03-21 00:00:00.000,0,BB457E33-D771-6594-5DE4-5AA53A918968,1
2249,34,2015-03-21 00:00:00.000,0,24084518-F66B-F62F-F2B0-87D008E0A30C,1
2250,34,2015-03-21 00:00:00.000,0,456092B1-B1A9-F53C-BBE4-FC389E21F857,1
2251,34,2015-03-21 00:00:00.000,0,F52F0B90-C9B4-B548-C295-6B0A96CB7F17,1
2252,34,2015-03-21 00:00:00.000,0,5498E1E7-B917-4D64-5452-21FE13610402,1
2253,34,2015-03-21 00:00:00.000,0,8FB90453-D833-2B6E-9D7B-043621E25956,1
2254,32,2015-03-21 00:00:00.000,0,4A6ABCED-BB7A-9362-9301-7C906C0A5C4F,1
2255,34,2015-03-21 00:00:00.000,0,EDA3D043-F4F5-B8F9-C9C5-6523E0CE1FCF,1
2256,34,2015-03-21 00:00:00.000,0,3CD7D0C1-91C1-5628-487E-2303DC7C27DD,1
2257,34,2015-03-21 00:00:00.000,0,8EFC1FAD-BA4D-85FD-E502-C2152E8FF001,1
2258,34,2015-03-21 00:00:00.000,0,02A490B7-012A-30AA-9768-9F0410EB13EE,1
2259,34,2015-03-21 00:00:00.000,0,97876D37-F0E6-EA0D-90FC-BF761CE8882A,1
2260,34,2015-03-21 00:00:00.000,0,4A6ABCED-BB7A-9362-9301-7C906C0A5C4F,1
2261,34,2015-03-21 00:00:00.000,0,AA8D3691-06B5-1DBE-532F-DFF62E437363,1
2262,34,2015-03-21 00:00:00.000,0,F0AC5780-B6F9-3F25-C1D9-314EACEFAF9D,1
2263,34,2015-03-21 00:00:00.000,0,DFACC983-E544-2B1B-8CE1-9D38411B3BC6,1
2264,34,2015-03-21 00:00:00.000,0,15D8FE81-99A8-F8AB-293C-0CE83A0E3B8B,1
2265,8,2015-03-21 00:00:00.000,58014,698F67DB-C6A0-EE81-ECC0-68EFB59B80F0,0
2266,26,2015-03-21 00:00:00.000,58018,DBC76118-F20F-B7DC-8CF6-3B0F843921F2,0
2267,34,2015-03-21 00:00:00.000,0,19923DAA-B71D-4650-5AE5-9987FF71B4F9,1
2268,34,2015-03-21 00:00:00.000,0,D60C8E31-0CF8-49E3-8A24-75348AC1FE09,1
2269,34,2015-03-21 00:00:00.000,0,8AA4FFA3-0E41-C86D-67F6-A9F4F0B1BBA9,1
2270,34,2015-03-21 00:00:00.000,0,CE8C5254-D047-8E82-DB2D-63E391045A1C,1
2271,34,2015-03-21 00:00:00.000,0,17D387AF-E70F-9109-E7F6-4C1CBC7E7352,1
2272,34,2015-03-22 00:00:00.000,0,ACB75BE3-F03F-5AD7-5B03-D9DF92749A42,1
2273,34,2015-03-22 00:00:00.000,0,99ABC02F-AF3B-C1B7-D965-5B95588FE17F,1
2274,34,2015-03-22 00:00:00.000,0,D13A771C-EE07-B409-4CC5-691BAA016D90,1
2275,34,2015-03-22 00:00:00.000,0,F642BDE1-F17C-0B38-0946-200D16DD21EF,1
2276,34,2015-03-23 00:00:00.000,0,5C4D1EBC-043A-24E1-09A4-52922486D083,1
2277,34,2015-03-23 00:00:00.000,0,5753D463-E811-723C-2271-4D9BF6EF0D83,1
2278,8,2015-03-24 00:00:00.000,58132,4849E287-CBE8-DBA6-127E-27CCC005F71D,0
2279,34,2015-03-24 00:00:00.000,0,5ACEFB04-D89C-DD81-2235-098FAE663487,1
2280,1,2015-03-25 00:00:00.000,0,5083CEB4-D347-373E-FE13-2CDFD0965049,1
2281,28,2015-03-25 00:00:00.000,58206,A8BA185B-E879-E972-A6D8-4D74EE685807,0
2282,2,2015-03-26 00:00:00.000,58214,A9F93AE9-0181-014F-4A6C-3D326EFE3152,0
2283,32,2015-03-26 00:00:00.000,0,5ACEFB04-D89C-DD81-2235-098FAE663487,1
2284,8,2015-03-26 00:00:00.000,58226,3C05B07F-0D71-624F-D50B-71D65CC61DC2,0
2285,26,2015-03-26 00:00:00.000,58228,3C05B07F-0D71-624F-D50B-71D65CC61DC2,0
2286,34,2015-03-26 00:00:00.000,0,3FD780C4-B88D-F2E7-1222-30DBDB4BFEFB,1
2287,32,2015-03-26 00:00:00.000,0,3FD780C4-B88D-F2E7-1222-30DBDB4BFEFB,1
2288,5,2015-03-26 00:00:00.000,58241,7489E67B-F2A3-81C7-6266-DADA7E25E313,0
2289,8,2015-03-28 00:00:00.000,58272,3FD780C4-B88D-F2E7-1222-30DBDB4BFEFB,0
2290,1,2015-03-28 00:00:00.000,0,8938682A-9369-F3E7-3D6F-08BBF3CF015C,1
2291,7,2015-03-28 00:00:00.000,58287,737A66E9-DF00-6069-567B-7C92A7863666,0
2292,7,2015-03-28 00:00:00.000,58294,C7FBB467-C46E-CC56-4540-4A3F4C0433E2,0
2293,1,2015-03-28 00:00:00.000,0,79B4571D-F5A9-38A1-EE1F-C0932AC88E94,1
2294,1,2015-03-30 00:00:00.000,0,F11DE38B-9952-16AF-5541-AFCBFF58C6E4,1
2295,34,2015-03-30 00:00:00.000,0,F11DE38B-9952-16AF-5541-AFCBFF58C6E4,1
2296,7,2015-03-30 00:00:00.000,58359,426F9112-0E58-C9A9-F21A-F9E9ECBB9C61,0
2297,5,2015-03-31 00:00:00.000,58374,E4FAEDC3-91DF-C4D3-591E-78E6C894BBCF,0
2298,8,2015-04-01 00:00:00.000,59438,6E3EAD87-CCFE-D18B-8566-56C1BB749A95,0
2299,34,2015-04-01 00:00:00.000,0,CADEF2A5-D9C6-55EB-A3ED-69340D5CBDF5,1
2300,1,2015-04-01 00:00:00.000,0,E1CED2B2-D074-27A7-65BA-DC99E38496ED,1
2301,1,2015-04-01 00:00:00.000,0,1E27A2CA-0E8E-8A88-3683-95D32F1CF4E5,1
2302,1,2015-04-01 00:00:00.000,0,FF8EC5A6-D3B7-8F26-B5DC-02B358364D4D,1
2303,34,2015-04-01 00:00:00.000,0,F4478A4D-E65F-4822-6DA3-012ED043AF65,1
2304,34,2015-04-01 00:00:00.000,0,EC3A5EA6-FE7D-1A58-3E04-4F95552EFC70,1
2305,1,2015-04-01 00:00:00.000,0,C3128D19-CCDB-3929-533E-50BF5E710732,1
2306,32,2015-04-01 00:00:00.000,0,999C5392-F6F2-1080-0289-8709BA7A6C6C,1
2307,1,2015-04-01 00:00:00.000,0,191EE100-D41C-CBB3-51C2-BD464F2E9CF8,1
2308,34,2015-04-01 00:00:00.000,0,757D2F4B-F8DA-2460-187E-270CD958121A,1
2309,5,2015-04-01 00:00:00.000,59613,737A66E9-DF00-6069-567B-7C92A7863666,0
2310,32,2015-04-02 00:00:00.000,0,2552DA7C-F34F-B364-A7F5-F9B847AC4498,1
2311,34,2015-04-02 00:00:00.000,0,4ACFDD79-E718-F930-653F-53C93B1C2C33,1
2312,26,2015-04-03 00:00:00.000,59814,4849E287-CBE8-DBA6-127E-27CCC005F71D,0
2313,34,2015-04-03 00:00:00.000,0,25012FC2-A043-36D4-7EBC-A76E6F222CCC,1
2314,32,2015-04-03 00:00:00.000,0,25012FC2-A043-36D4-7EBC-A76E6F222CCC,1
2315,1,2015-04-03 00:00:00.000,0,CF47242F-C5BD-5CFE-1AE2-BDD950A45732,1
2316,34,2015-04-03 00:00:00.000,0,CF47242F-C5BD-5CFE-1AE2-BDD950A45732,1
2317,32,2015-04-03 00:00:00.000,0,CF47242F-C5BD-5CFE-1AE2-BDD950A45732,1
2318,34,2015-04-04 00:00:00.000,0,8EFD146B-D431-BEE7-F574-D8241E43E7E3,1
2319,34,2015-04-04 00:00:00.000,0,2343392D-065E-A43E-4F60-FBCB494C3021,1
2320,34,2015-04-04 00:00:00.000,0,4849E287-CBE8-DBA6-127E-27CCC005F71D,1
2321,32,2015-04-04 00:00:00.000,0,4849E287-CBE8-DBA6-127E-27CCC005F71D,1
2322,8,2015-04-04 00:00:00.000,59915,2343392D-065E-A43E-4F60-FBCB494C3021,0
2323,34,2015-04-05 00:00:00.000,0,698F67DB-C6A0-EE81-ECC0-68EFB59B80F0,1
2324,10,2015-04-06 00:00:00.000,59955,C08EF1CF-F11C-B784-FE77-8CE8A04761DA,0
2325,8,2015-04-06 00:00:00.000,59977,2A01010E-C928-F9E2-9F15-5845DC45EC30,0
2326,1,2015-04-06 00:00:00.000,0,86EF9A31-0BD3-2958-81F5-C4C62960D8FC,1
2327,34,2015-04-06 00:00:00.000,0,70AAAA6F-F9AD-645E-A7A0-38C91E0B44B0,1
2328,34,2015-04-07 00:00:00.000,0,B3D4C517-B134-A450-34DB-F37368A52D23,1
2329,34,2015-04-08 00:00:00.000,0,8F9C6A80-90D3-1B52-7F1B-9D7F553741FB,1
2330,1,2015-04-08 00:00:00.000,0,B5C7A676-D701-10D3-C36F-4D7FB7AF0E48,1
2331,32,2015-04-08 00:00:00.000,0,86EF9A31-0BD3-2958-81F5-C4C62960D8FC,1
2332,32,2015-04-08 00:00:00.000,0,2343392D-065E-A43E-4F60-FBCB494C3021,1
2333,7,2015-04-09 00:00:00.000,60123,32287AE7-D962-C460-C287-49CCF1119C23,0
2334,2,2015-04-09 00:00:00.000,60124,32287AE7-D962-C460-C287-49CCF1119C23,0
2335,4,2015-04-09 00:00:00.000,60125,32287AE7-D962-C460-C287-49CCF1119C23,0
2336,8,2015-04-09 00:00:00.000,60134,EDAE046B-B4DF-362A-D4B3-6629EB450A86,0
2337,34,2015-04-09 00:00:00.000,0,9A034587-045A-6500-6CDD-2D9DA991AE33,1
2338,1,2015-04-09 00:00:00.000,0,9A034587-045A-6500-6CDD-2D9DA991AE33,1
2339,1,2015-04-10 00:00:00.000,60172,A21BD3DC-EC8A-6E2C-0817-231EAFBB1243,0
2340,34,2015-04-10 00:00:00.000,0,D541AE00-BDE3-F7BB-9D99-E1D59B52E67A,1
2341,32,2015-04-10 00:00:00.000,0,0BBC569D-9E66-E7E6-FED1-4C121797A365,1
2342,34,2015-04-10 00:00:00.000,0,15730F85-F6D5-C30F-1117-BFA35FCCAEB1,1
2343,1,2015-04-11 00:00:00.000,0,F7B8652A-FE1F-B763-BCB3-ABDCDEF75209,1
2344,8,2015-04-11 00:00:00.000,60218,F7B8652A-FE1F-B763-BCB3-ABDCDEF75209,0
2345,5,2015-04-11 00:00:00.000,60220,F7B8652A-FE1F-B763-BCB3-ABDCDEF75209,0
2346,7,2015-04-11 00:00:00.000,60240,A0C12110-098E-D132-2808-9103772D618E,0
2347,28,2015-04-11 00:00:00.000,60243,B3D4C517-B134-A450-34DB-F37368A52D23,0
2348,32,2015-04-11 00:00:00.000,0,D01B29FB-DBBF-AF49-3DF7-8C9C94980DF8,1
2349,34,2015-04-12 00:00:00.000,0,D01B29FB-DBBF-AF49-3DF7-8C9C94980DF8,1
2350,32,2015-04-12 00:00:00.000,0,87B93BF7-A45E-FBD1-C7B4-32D4D9B37ADB,1
2351,1,2015-04-14 00:00:00.000,0,9073FCD7-E3B8-9734-1456-ED8F42E10AC3,1
2352,6,2015-04-16 00:00:00.000,60405,0F990B20-F08E-035B-B804-9F95CA8193D2,0
2353,34,2015-04-16 00:00:00.000,0,6EBFF996-0147-8204-13AD-52C6CFDED151,1
2354,6,2015-04-16 00:00:00.000,60433,070B20D4-E6E4-A392-D5B0-24758C2248CD,0
2355,34,2015-04-16 00:00:00.000,0,74A6912B-9796-B6D6-B9B8-E00AB62B624B,1
2356,1,2015-04-17 00:00:00.000,0,3DA00CBC-ECA1-34E3-8C5D-45298285C665,1
2357,32,2015-04-17 00:00:00.000,0,8F54B4A4-952F-5D2C-9903-B82609142242,1
2358,7,2015-04-20 00:00:00.000,60520,D6AEFA65-C6DD-2641-5EB7-7ED345E903D7,0
2359,34,2015-04-20 00:00:00.000,0,6BF5BA26-0096-7785-FBF5-537D6E2461A7,1
2360,34,2015-04-20 00:00:00.000,0,423CEB58-C995-1543-D8DA-4931FBC4EA64,1
2361,34,2015-04-21 00:00:00.000,0,6EE6E2A8-DDC2-21BF-3F7F-CB13BBCE50EB,1
2362,7,2015-04-21 00:00:00.000,60557,2F322876-974C-A4BE-9547-35B956334590,0
2363,7,2015-04-22 00:00:00.000,60572,070B20D4-E6E4-A392-D5B0-24758C2248CD,0
2364,3,2015-04-22 00:00:00.000,60573,070B20D4-E6E4-A392-D5B0-24758C2248CD,0
2365,4,2015-04-22 00:00:00.000,60575,070B20D4-E6E4-A392-D5B0-24758C2248CD,0
2366,28,2015-04-22 00:00:00.000,60582,070B20D4-E6E4-A392-D5B0-24758C2248CD,0
2367,1,2015-04-23 00:00:00.000,0,3CD7D0C1-91C1-5628-487E-2303DC7C27DD,1
2368,1,2015-04-23 00:00:00.000,0,C298A3FB-A2E3-EE3A-D12A-BA3A77369661,1
2369,5,2015-04-24 00:00:00.000,60646,56A63829-AB56-2DB5-6D32-DEE93786B318,0
2370,1,2015-04-25 00:00:00.000,0,FEFD1071-03C8-0B19-850F-7D2E18F1F795,1
2371,1,2015-04-25 00:00:00.000,0,D1C9DBCA-ED0D-DC91-DCD9-61E5B9411B53,1
2372,1,2015-04-25 00:00:00.000,0,3544B77B-DF8D-4028-2953-DC4D30F2DD19,1
2373,1,2015-04-25 00:00:00.000,0,DBC76118-F20F-B7DC-8CF6-3B0F843921F2,1
2374,1,2015-04-25 00:00:00.000,0,935824EE-BE09-B656-3CF8-BCE3C1E1D495,1
2375,32,2015-04-25 00:00:00.000,0,935824EE-BE09-B656-3CF8-BCE3C1E1D495,1
2376,1,2015-04-25 00:00:00.000,0,1B8A8D51-F1FD-2692-54AC-A1A618AF5C7A,1
2377,1,2015-04-25 00:00:00.000,0,DE109216-B808-2B60-3028-82EA9D76C9B9,1
2378,1,2015-04-25 00:00:00.000,0,EDA3D043-F4F5-B8F9-C9C5-6523E0CE1FCF,1
2379,1,2015-04-25 00:00:00.000,0,C2A739CD-FE64-FA73-01AC-34B16A362FFE,1
2380,1,2015-04-25 00:00:00.000,0,97876D37-F0E6-EA0D-90FC-BF761CE8882A,1
2381,1,2015-04-25 00:00:00.000,0,8EEB82C2-03C7-B4F3-7F47-C6864BF25CFC,1
2382,1,2015-04-25 00:00:00.000,0,912F2CF5-DD39-C22F-27A8-62BAC9B73962,1
2383,1,2015-04-25 00:00:00.000,0,E9B9C38E-B651-E4B9-E8D8-0B8AF4E4B4CA,1
2384,1,2015-04-25 00:00:00.000,0,3D63174D-A42A-1FE4-D3B9-99CDB7592225,1
2385,1,2015-04-25 00:00:00.000,0,B4E08B5F-AC6A-6901-8662-B8EDB3699CFD,1
2386,1,2015-04-25 00:00:00.000,0,171B746D-0D7B-48A0-9FC2-EE680646C46F,1
2387,1,2015-04-25 00:00:00.000,0,7BF2DECB-CD98-E4F2-ADC6-803FD0564F0F,1
2388,1,2015-04-25 00:00:00.000,0,8D7F8F10-E43C-2545-28CD-71F59DE941E1,1
2389,8,2015-04-25 00:00:00.000,60675,F16A8DE7-0FAB-0BC4-F5AD-EB78FF8BDF4E,0
2390,1,2015-04-25 00:00:00.000,0,E0CE5AA2-ED50-A1D0-8993-7A61F5A88914,1
2391,1,2015-04-25 00:00:00.000,0,810E218D-EA4C-49E1-6380-C770BF6BA33F,1
2392,1,2015-04-25 00:00:00.000,60680,849A662A-D051-84E2-BA1E-8B06F2F6AAE0,0
2393,1,2015-04-25 00:00:00.000,0,40525278-B389-BEF0-F233-0C6622B2FD05,1
2394,1,2015-04-25 00:00:00.000,0,AC33BE8B-0A52-4709-E440-4891E5948392,1
2395,1,2015-04-25 00:00:00.000,0,612D7BB7-F0B7-48E6-5B1D-B748D815A6D5,1
2396,1,2015-04-26 00:00:00.000,0,E639E6F9-BB48-0D18-661C-3BE7FC027EF2,1
2397,1,2015-04-26 00:00:00.000,0,3F29E428-EF06-D2B4-BFC3-4167763EB4FE,1
2398,1,2015-04-27 00:00:00.000,0,89A4A9F9-A7DE-E797-E8BF-E137D4715405,1
2399,1,2015-04-28 00:00:00.000,0,15730F85-F6D5-C30F-1117-BFA35FCCAEB1,1
2400,1,2015-04-28 00:00:00.000,60733,ECA3B75F-9AA8-15F1-CFA3-F25C77091469,0
2401,1,2015-04-28 00:00:00.000,0,5FEE4516-A28C-E638-E5F0-BA93346A0E81,1
2402,27,2015-04-30 00:00:00.000,60811,070B20D4-E6E4-A392-D5B0-24758C2248CD,0
2403,1,2015-04-30 00:00:00.000,0,21962069-B347-E61E-55D2-4574186DAC19,1
2404,6,2015-05-01 00:00:00.000,60847,3CD7D0C1-91C1-5628-487E-2303DC7C27DD,0
2405,26,2015-05-01 00:00:00.000,60848,3CD7D0C1-91C1-5628-487E-2303DC7C27DD,0
2406,1,2015-05-01 00:00:00.000,0,1180034F-A852-C594-B001-2322C6D5AAF5,1
2407,34,2015-05-01 00:00:00.000,0,1180034F-A852-C594-B001-2322C6D5AAF5,1
2408,34,2015-05-01 00:00:00.000,0,130BDEBA-047E-26B2-2F10-A85ED4366600,1
2409,7,2015-05-02 00:00:00.000,60870,EBEE835C-E639-1298-3BAE-A165A0FF498B,0
2410,34,2015-05-05 00:00:00.000,0,1EEB6296-0C0B-7BD1-4A06-4F2365D894A8,1
2411,34,2015-05-05 00:00:00.000,0,C791CBA4-D174-33FF-0C36-578A57F92F05,1
2412,34,2015-05-06 00:00:00.000,0,19833D53-DF83-A57F-3815-24A4EDCF9D5B,1
2413,8,2015-05-07 00:00:00.000,61003,4C5D4F4A-F7FA-7CE0-AF49-4EC0B0ADFB3C,0
2414,7,2015-05-07 00:00:00.000,61014,6EBFF996-0147-8204-13AD-52C6CFDED151,0
2415,34,2015-05-09 00:00:00.000,0,039E6F14-D625-107F-7134-549B5D3BCB46,1
2416,1,2015-05-09 00:00:00.000,61045,396C87DC-A5E6-FFDB-A0A0-CB671DC8AAA3,0
2417,41,2015-05-11 00:00:00.000,0,47778DB8-B8C8-7FE9-D03D-59636F31D724,1
2418,32,2015-05-12 00:00:00.000,0,E9724451-FED3-42B1-3966-B64599722C3D,1
2419,1,2015-05-13 00:00:00.000,0,9139EAD1-E473-034D-FF38-5DD08851FEB6,1
2420,32,2015-05-13 00:00:00.000,0,ED3F3245-F573-EFBA-653F-95FEE0F2D2E8,1
2421,1,2015-05-13 00:00:00.000,0,ED3F3245-F573-EFBA-653F-95FEE0F2D2E8,1
2422,7,2015-05-13 00:00:00.000,61167,6919414B-9D0D-DD83-1CAF-6DBFE83A0A23,0
2423,28,2015-05-14 00:00:00.000,61191,20D59407-DEC7-E8C3-EE0D-D50B542F3FD0,0
2424,34,2015-05-14 00:00:00.000,0,742D266B-E57E-A773-BF4E-D4D913C09150,1
2425,28,2015-05-14 00:00:00.000,61193,456092B1-B1A9-F53C-BBE4-FC389E21F857,0
2426,28,2015-05-14 00:00:00.000,61197,948FD4B2-A64B-3106-4AAA-2BE6B8406F76,0
2427,28,2015-05-14 00:00:00.000,61203,24084518-F66B-F62F-F2B0-87D008E0A30C,0
2428,28,2015-05-15 00:00:00.000,61208,A3FD086B-B69F-3BDE-E7C4-C2AA6524E621,0
2429,1,2015-05-16 00:00:00.000,0,8EFD146B-D431-BEE7-F574-D8241E43E7E3,1
2430,7,2015-05-17 00:00:00.000,61265,8C700450-E974-3CEB-5DAF-47AE477938A4,0
2431,34,2015-05-17 00:00:00.000,0,04882864-FB75-FBD9-7090-1C64384BF347,1
2432,7,2015-05-18 00:00:00.000,61294,745B35EE-C3DC-FAA7-F9B4-BA8D875688D8,0
2433,32,2015-05-20 00:00:00.000,0,6919414B-9D0D-DD83-1CAF-6DBFE83A0A23,1
2434,1,2015-05-20 00:00:00.000,61362,F18A8D09-0A20-D4D0-644E-DA5294F55397,0
2435,28,2015-05-21 00:00:00.000,61382,3D918775-CEE8-DCED-A98B-B9B9C6761C83,0
2436,34,2015-05-21 00:00:00.000,0,E9724451-FED3-42B1-3966-B64599722C3D,1
2437,34,2015-05-22 00:00:00.000,0,D391A664-AE1D-800F-1791-D2A7DB375E68,1
2438,1,2015-05-22 00:00:00.000,0,B298F56B-057A-CEFF-3EB2-C70FEAED032B,1
2439,34,2015-05-22 00:00:00.000,0,B298F56B-057A-CEFF-3EB2-C70FEAED032B,1
2440,8,2015-05-22 00:00:00.000,61441,99183ADC-A2C1-DE7C-FDC3-3FF539B2CDC7,0
2441,34,2015-05-22 00:00:00.000,0,DD61C1EC-BD64-4A2A-0DDC-57CC0D49DB9A,1
2442,7,2015-05-23 00:00:00.000,61465,ED3F3245-F573-EFBA-653F-95FEE0F2D2E8,0
2443,1,2015-05-26 00:00:00.000,61498,B2097750-DEFD-0FF5-5F6B-9E0EABA8392C,0
2444,7,2015-05-26 00:00:00.000,61511,F9A58D20-92BE-9A26-DFA6-4E88AC9E14E5,0
2445,32,2015-05-26 00:00:00.000,0,92E54EED-CBBE-A6EB-6398-85B84F17B795,1
2446,32,2015-05-26 00:00:00.000,0,B1588948-F410-0A14-2B0F-2443F57E066A,1
2447,32,2015-05-26 00:00:00.000,0,C791CBA4-D174-33FF-0C36-578A57F92F05,1
2448,7,2015-05-26 00:00:00.000,61520,F51F65A1-C5EB-8263-6F73-91D3FDD5DA69,0
2449,7,2015-05-26 00:00:00.000,61526,B298F56B-057A-CEFF-3EB2-C70FEAED032B,0
2450,1,2015-05-27 00:00:00.000,0,E5E573CE-FC3B-DE44-CAD8-6D6389BADD25,1
2451,32,2015-05-27 00:00:00.000,0,E5E573CE-FC3B-DE44-CAD8-6D6389BADD25,1
2452,34,2015-05-27 00:00:00.000,0,E5E573CE-FC3B-DE44-CAD8-6D6389BADD25,1
2453,34,2015-05-29 00:00:00.000,0,CD35DEB0-E8BC-8C91-5C3D-E2CB399D32E3,1
2454,1,2015-05-29 00:00:00.000,0,2343392D-065E-A43E-4F60-FBCB494C3021,1
2455,8,2015-05-29 00:00:00.000,61613,F875D72E-06E3-4404-F1FA-1FB32B2509CA,0
2456,1,2015-05-30 00:00:00.000,0,74A6912B-9796-B6D6-B9B8-E00AB62B624B,1
2457,1,2015-05-31 00:00:00.000,0,99B80A02-03E7-EF91-6CE2-ED0C781AAABB,1
2458,34,2015-05-31 00:00:00.000,0,99B80A02-03E7-EF91-6CE2-ED0C781AAABB,1
2459,32,2015-06-01 00:00:00.000,0,9B2C1769-BF55-7A6C-E733-08729834AC73,1
2460,1,2015-06-02 00:00:00.000,0,3BE912C2-D1BA-C088-B7C2-56FB95BF7D82,1
2461,8,2015-06-03 00:00:00.000,61749,011E2DDA-A94C-26D5-CFDB-9EED2A406945,0
2462,5,2015-06-04 00:00:00.000,61762,74A92A24-E7C4-38C5-0D14-7ED4E3E5855E,0
2463,5,2015-06-04 00:00:00.000,61770,99183ADC-A2C1-DE7C-FDC3-3FF539B2CDC7,0
2464,5,2015-06-04 00:00:00.000,61774,4A7D34AC-A151-778D-9513-C2E0B52AFD3B,0
2465,5,2015-06-05 00:00:00.000,61787,2778330A-BC33-AD62-3F86-3CCEA9E31BD4,0
2466,5,2015-06-05 00:00:00.000,61796,E2262DE4-FC4A-DEFE-E18C-55BF72F8D950,0
2467,5,2015-06-05 00:00:00.000,61798,868CD038-CA1C-4251-5E62-4E7AAAE547CD,0
2468,1,2015-06-05 00:00:00.000,0,1231007F-A351-2CA2-72F0-B211AE940760,1
2469,5,2015-06-06 00:00:00.000,61815,DE904D50-9A5C-D382-8C86-117E1062B252,0
2470,5,2015-06-06 00:00:00.000,61844,6CDE3A6B-C894-D5F3-1221-79971BD3BA4A,0
2471,34,2015-06-10 00:00:00.000,0,DEEF1329-D059-FD16-3B6A-D4E784BC0061,1
2472,7,2015-06-11 00:00:00.000,61952,C30BE9B6-A3E2-F5D5-7032-F7475DF48E78,0
2473,5,2015-06-12 00:00:00.000,62063,19923DAA-B71D-4650-5AE5-9987FF71B4F9,0
2474,6,2015-06-13 00:00:00.000,62091,19923DAA-B71D-4650-5AE5-9987FF71B4F9,0
2475,1,2015-06-13 00:00:00.000,0,B9B8BCF2-B2A7-AA14-51A1-5811B8497D29,1
2476,1,2015-06-14 00:00:00.000,0,473C7E61-0159-E4FB-96C0-D938CE0B5044,1
2477,32,2015-06-15 00:00:00.000,0,C30BE9B6-A3E2-F5D5-7032-F7475DF48E78,1
2478,28,2015-06-15 00:00:00.000,62159,760600D1-C9F1-E7E0-A75B-ED8F35448BB9,0
2479,34,2015-06-16 00:00:00.000,0,33EC7734-0C7C-AF65-6556-6CB6F93F58DB,1
2480,8,2015-06-16 00:00:00.000,62216,FE7C7B47-EE4B-D8ED-0992-DE764889FB7E,0
2481,1,2015-06-16 00:00:00.000,0,730E259D-B60D-E41E-0939-3F9448289D71,1
2482,32,2015-06-16 00:00:00.000,0,3870816A-C72B-4A05-FF4C-8EC6CAD687C8,1
2483,1,2015-06-16 00:00:00.000,0,3870816A-C72B-4A05-FF4C-8EC6CAD687C8,1
2484,34,2015-06-16 00:00:00.000,0,3870816A-C72B-4A05-FF4C-8EC6CAD687C8,1
2485,7,2015-06-17 00:00:00.000,62239,3B1805D8-C64C-F012-8B74-2E0A796E3214,0
2486,5,2015-06-18 00:00:00.000,62273,076FFDA2-9E0A-0CB2-DE78-4B1ED32D7240,0
2487,1,2015-06-20 00:00:00.000,0,D4DBC3B7-EAE8-DFF9-1499-42723DFC3918,1
2488,32,2015-06-20 00:00:00.000,0,D4DBC3B7-EAE8-DFF9-1499-42723DFC3918,1
2489,32,2015-06-20 00:00:00.000,0,74A6912B-9796-B6D6-B9B8-E00AB62B624B,1
2490,8,2015-06-20 00:00:00.000,62345,F2A96CC0-EDA9-75F2-900B-C992BC859C3D,0
2491,1,2015-06-21 00:00:00.000,0,57BF6F7E-9CBE-8A61-B715-947A70839E6F,1
2492,34,2015-06-21 00:00:00.000,0,D5B6B8E0-D71E-8BF7-9013-DFFE704D64AA,1
2493,34,2015-06-23 00:00:00.000,0,C859C0C6-BB89-EBC1-9C3D-652CD26F15AF,1
2494,32,2015-06-24 00:00:00.000,0,24512D91-B591-8ABC-6E85-C85EDF4A5F2D,1
2495,1,2015-06-24 00:00:00.000,0,31FF335C-0606-3EBA-5080-5E2A1DBC55B9,1
2496,5,2015-06-25 00:00:00.000,62474,908E9B87-C4BC-5AF4-61B2-8C7F963D19B2,0
2497,1,2015-06-25 00:00:00.000,0,46F79F37-9E6C-4530-8105-2B9212290506,1
2498,1,2015-06-26 00:00:00.000,0,DEEF1329-D059-FD16-3B6A-D4E784BC0061,1
2499,34,2015-06-26 00:00:00.000,0,302F95C0-BE84-78E7-E281-B2D679DDDAFB,1
2500,32,2015-06-26 00:00:00.000,0,302F95C0-BE84-78E7-E281-B2D679DDDAFB,1
2501,34,2015-06-26 00:00:00.000,0,1E4757B4-FC53-7296-09F2-EE50AC89B0E2,1
2502,1,2015-06-26 00:00:00.000,0,1E4757B4-FC53-7296-09F2-EE50AC89B0E2,1
2503,7,2015-06-27 00:00:00.000,62536,302F95C0-BE84-78E7-E281-B2D679DDDAFB,0
2504,8,2015-06-27 00:00:00.000,62538,21C90510-F8B7-2C5B-12C4-6196A1EA86ED,0
2505,34,2015-06-28 00:00:00.000,0,639C1E2F-9492-B667-CD5F-B0B801ED97BC,1
2506,27,2015-06-28 00:00:00.000,62586,11041567-C874-A51B-D4ED-4C33FD5FDC0F,0
2507,26,2015-06-29 00:00:00.000,62606,B72A218B-BFDF-3B78-34B6-DBCFF4813D48,0
2508,1,2015-07-01 00:00:00.000,0,BBD8CD8F-DE1B-886F-AF5D-EB121D3D307D,1
2509,34,2015-07-01 00:00:00.000,0,BBD8CD8F-DE1B-886F-AF5D-EB121D3D307D,1
2510,1,2015-07-01 00:00:00.000,0,DE6ADC13-9C24-F9C6-9C4B-C4232E418A1C,1
2511,34,2015-07-01 00:00:00.000,0,C2A739CD-FE64-FA73-01AC-34B16A362FFE,1
2512,32,2015-07-01 00:00:00.000,0,997C51DD-F742-1853-A41A-03D8AD984AB7,1
2513,32,2015-07-01 00:00:00.000,0,639C1E2F-9492-B667-CD5F-B0B801ED97BC,1
2514,1,2015-07-01 00:00:00.000,0,639C1E2F-9492-B667-CD5F-B0B801ED97BC,1
2515,32,2015-07-01 00:00:00.000,0,46F79F37-9E6C-4530-8105-2B9212290506,1
2516,34,2015-07-01 00:00:00.000,0,46F79F37-9E6C-4530-8105-2B9212290506,1
2517,1,2015-07-01 00:00:00.000,0,CB32CA9F-D665-3302-6672-E09D93A3B16C,1
2518,1,2015-07-03 00:00:00.000,0,977A97E7-AA4E-070D-05F4-B77BB5235052,1
2519,34,2015-07-03 00:00:00.000,0,977A97E7-AA4E-070D-05F4-B77BB5235052,1
2520,32,2015-07-03 00:00:00.000,0,977A97E7-AA4E-070D-05F4-B77BB5235052,1
2521,1,2015-07-03 00:00:00.000,0,6C6DC3D7-0DEA-C4EA-B469-2A1C4BC86135,1
2522,1,2015-07-04 00:00:00.000,62871,0980549C-EE41-E84C-F613-864AAD46EE80,0
2523,1,2015-07-04 00:00:00.000,0,5438D385-B481-11E9-C74C-54B1677C8A1B,1
2524,34,2015-07-04 00:00:00.000,0,BA2007F9-957C-7A9A-7698-42BBE14CDA49,1
2525,1,2015-07-05 00:00:00.000,0,722D0E18-D9D8-57B3-CEC1-867B3F7A649A,1
2526,1,2015-07-05 00:00:00.000,0,47281A04-A42E-13F5-6BA9-5EA4955CC607,1
2527,7,2015-07-05 00:00:00.000,62911,1231007F-A351-2CA2-72F0-B211AE940760,0
2528,1,2015-07-05 00:00:00.000,0,0FE7F1A3-BDA3-935E-7BC6-8618037F607B,1
2529,8,2015-07-06 00:00:00.000,62919,6145754B-A5F8-1BDA-3CA8-E4EF98DDF75F,0
2530,34,2015-07-06 00:00:00.000,0,47281A04-A42E-13F5-6BA9-5EA4955CC607,1
2531,34,2015-07-08 00:00:00.000,0,A0C12110-098E-D132-2808-9103772D618E,1
2532,34,2015-07-08 00:00:00.000,0,BD56A39D-D419-3871-48F6-952AD7CA251C,1
2533,26,2015-07-08 00:00:00.000,62991,BD56A39D-D419-3871-48F6-952AD7CA251C,0
2534,8,2015-07-09 00:00:00.000,63017,BD56A39D-D419-3871-48F6-952AD7CA251C,0
2535,1,2015-07-09 00:00:00.000,63035,3E0C766F-0ABF-781A-44B5-5148BD4D3324,0
2536,34,2015-07-09 00:00:00.000,0,776CF77F-B8CC-0B47-FB3D-142FA5980E64,1
2537,26,2015-07-11 00:00:00.000,63169,F2A96CC0-EDA9-75F2-900B-C992BC859C3D,0
2538,8,2015-07-11 00:00:00.000,63178,1661E760-D006-021C-F610-3C4AB6C27ABC,0
2539,1,2015-07-12 00:00:00.000,0,F2A96CC0-EDA9-75F2-900B-C992BC859C3D,1
2540,8,2015-07-13 00:00:00.000,63224,72389D47-CDA3-24B9-CD5B-B7D0DF02736E,0
2541,8,2015-07-13 00:00:00.000,63242,886C3699-F0D9-0F03-A4B2-402D6C36642C,0
2542,1,2015-07-13 00:00:00.000,0,9534FF28-D391-9E14-4DF1-70DC4B8948FF,1
2543,1,2015-07-13 00:00:00.000,63250,96CD87EC-E985-5130-B7CF-B28AA113E9DE,0
2544,1,2015-07-14 00:00:00.000,0,5912F539-03FF-B16F-6390-50DC44535E13,1
2545,32,2015-07-14 00:00:00.000,0,5912F539-03FF-B16F-6390-50DC44535E13,1
2546,34,2015-07-14 00:00:00.000,0,5912F539-03FF-B16F-6390-50DC44535E13,1
2547,34,2015-07-14 00:00:00.000,0,00C4237F-FC16-78EF-F4A5-CF98F2285BC3,1
2548,6,2015-07-15 00:00:00.000,63308,21C90510-F8B7-2C5B-12C4-6196A1EA86ED,0
2549,34,2015-07-16 00:00:00.000,0,32287AE7-D962-C460-C287-49CCF1119C23,1
2550,1,2015-07-16 00:00:00.000,0,11041793-CFD0-31E9-F59D-9EB6F844F33D,1
2551,32,2015-07-18 00:00:00.000,0,3E4C8598-FB15-2E24-6F5C-8BF87BD3E1B5,1
2552,34,2015-07-18 00:00:00.000,0,BCF0D225-CF24-2C37-210A-AAC2938888CB,1
2553,32,2015-07-18 00:00:00.000,0,6EB03474-DA1F-DE09-9462-A7AD4A954C05,1
2554,34,2015-07-18 00:00:00.000,0,6EB03474-DA1F-DE09-9462-A7AD4A954C05,1
2555,32,2015-07-21 00:00:00.000,0,04DC4B5E-AE64-97A9-E57E-AFE88DFBE4E9,1
2556,7,2015-07-21 00:00:00.000,63468,DBBBB468-D698-F97C-C715-A8D1FB67238A,0
2557,7,2015-07-21 00:00:00.000,63474,BB457E33-D771-6594-5DE4-5AA53A918968,0
2558,7,2015-07-21 00:00:00.000,63477,D69734CC-B871-1D48-5593-EC2783C01994,0
2559,34,2015-07-21 00:00:00.000,0,78926463-F31D-5FD7-DB6D-CA4150AABA18,1
2560,7,2015-07-22 00:00:00.000,63490,46E5AB65-0711-C3B8-6FA1-47D81360EF6B,0
2561,7,2015-07-22 00:00:00.000,63491,11EB5D6C-D9FB-9A8C-96ED-EFA27BEF434D,0
2562,7,2015-07-22 00:00:00.000,63502,27971642-F7E2-4B8C-114A-1EB11B3794A5,0
2563,34,2015-07-25 00:00:00.000,0,8BA2D4F7-A8AA-DCF0-B052-EEC4B93DD1E5,1
2564,34,2015-07-25 00:00:00.000,0,C3AC9AD7-EB55-1BEE-FC8A-5A13207F5D30,1
2565,1,2015-07-25 00:00:00.000,0,FDDEEB09-0294-948C-4E56-C7C96AFFE523,1
2566,32,2015-07-25 00:00:00.000,0,FDDEEB09-0294-948C-4E56-C7C96AFFE523,1
2567,34,2015-07-25 00:00:00.000,0,FDDEEB09-0294-948C-4E56-C7C96AFFE523,1
2568,32,2015-07-25 00:00:00.000,0,D5B6B8E0-D71E-8BF7-9013-DFFE704D64AA,1
2569,28,2015-07-27 00:00:00.000,63655,4227C86E-909B-5376-0BA5-2251311D8392,0
2570,1,2015-07-28 00:00:00.000,0,CFF5E98B-B021-F108-A5FE-5EF19A42422F,1
2571,7,2015-07-28 00:00:00.000,63674,C48B9B93-F885-23F8-9A8C-D770B2A2D057,0
2572,1,2015-07-28 00:00:00.000,0,C48B9B93-F885-23F8-9A8C-D770B2A2D057,1
2573,34,2015-07-30 00:00:00.000,0,7BDE24CB-D2C9-1701-0B88-E03CC03FD91A,1
2574,27,2015-08-01 00:00:00.000,63776,9AEF03E6-B91B-0C84-DE27-5AE957C7BF3A,0
2575,34,2015-08-01 00:00:00.000,0,0D72C3DB-0A24-1026-E770-3AF8648740BD,1
2576,34,2015-08-01 00:00:00.000,0,E2C09301-A29E-599D-04E8-24E4B6F79FB8,1
2577,1,2015-08-01 00:00:00.000,0,1661E760-D006-021C-F610-3C4AB6C27ABC,1
2578,1,2015-08-02 00:00:00.000,0,C3E5F5F3-C238-356D-EE72-5250B0E1AC1C,1
2579,32,2015-08-02 00:00:00.000,0,C3E5F5F3-C238-356D-EE72-5250B0E1AC1C,1
2580,27,2015-08-02 00:00:00.000,63824,DE6E1514-A462-3BED-1DCB-13296D04A669,0
2581,8,2015-08-04 00:00:00.000,63872,BC703E59-9FF1-6CB2-3B47-76CBA79FF809,0
2582,32,2015-08-05 00:00:00.000,0,4462AF4E-9759-4EE1-F1A3-9E7E1C876C2C,1
2583,34,2015-08-05 00:00:00.000,0,4462AF4E-9759-4EE1-F1A3-9E7E1C876C2C,1
2584,27,2015-08-05 00:00:00.000,63901,29BCEBA6-DBCE-928F-F176-A64C078AD8EC,0
2585,32,2015-08-05 00:00:00.000,0,20D59407-DEC7-E8C3-EE0D-D50B542F3FD0,1
2586,34,2015-08-06 00:00:00.000,0,D9892FD6-D572-B53B-C187-E47099BA6251,1
2587,26,2015-08-06 00:00:00.000,63937,851E195C-CE37-EE4F-650E-AB233CC4F735,0
2588,7,2015-08-06 00:00:00.000,63945,FF6D2308-9F70-A60B-29AB-5714A6BE07E5,0
2589,26,2015-08-09 00:00:00.000,63988,0EEA6D9C-DCF8-3071-B940-E7469328669E,0
2590,7,2015-08-09 00:00:00.000,63992,12AEDE41-AEDE-9863-36E9-780141E066BD,0
2591,7,2015-08-09 00:00:00.000,63993,D9892FD6-D572-B53B-C187-E47099BA6251,0
2592,8,2015-08-09 00:00:00.000,63998,FF599F28-DA5F-F434-5EAB-7E32F72BE875,0
2593,1,2015-08-10 00:00:00.000,0,B122BAC6-95C6-D613-4447-F8EB2DA8FC7F,1
2594,34,2015-08-10 00:00:00.000,0,CA5E35B1-CEA9-DDB4-523F-35C9944A7AEE,1
2595,27,2015-08-10 00:00:00.000,64040,DD0CBF37-A09B-78FC-7608-E7E7066208CE,0
2596,1,2015-08-11 00:00:00.000,0,4462AF4E-9759-4EE1-F1A3-9E7E1C876C2C,1
2597,34,2015-08-12 00:00:00.000,0,83F7020E-E8AA-978A-0152-F56CCE1E0D36,1
2598,1,2015-08-12 00:00:00.000,0,83F7020E-E8AA-978A-0152-F56CCE1E0D36,1
2599,1,2015-08-13 00:00:00.000,0,7585C7DA-AB44-807D-3F05-A4899A10E139,1
2600,34,2015-08-13 00:00:00.000,0,6ECD81B4-B172-04D6-2FDF-9D46FFB6B909,1
2601,34,2015-08-13 00:00:00.000,0,693DD4B6-D7DE-F635-89A3-A4A72D9FBA46,1
2602,8,2015-08-13 00:00:00.000,64110,55C1A64E-A379-DA08-3223-51804926D7A5,0
2603,32,2015-08-13 00:00:00.000,0,55C1A64E-A379-DA08-3223-51804926D7A5,1
2604,1,2015-08-14 00:00:00.000,0,A3943322-B31C-38B3-FAF1-5A638EB164BE,1
2605,32,2015-08-14 00:00:00.000,0,7C80813D-BC2E-8C4E-742C-5B6B8598E3E5,1
2606,34,2015-08-14 00:00:00.000,0,9739F861-EE49-13A2-0AE2-7A643470BBE3,1
2607,34,2015-08-14 00:00:00.000,0,4ACD30E8-0148-D4BC-6B8A-0D80D762B338,1
2608,1,2015-08-14 00:00:00.000,0,E2C09301-A29E-599D-04E8-24E4B6F79FB8,1
2609,8,2015-08-14 00:00:00.000,64129,19C443EC-A26E-9B47-F0EA-B752A423C04A,0
2610,1,2015-08-15 00:00:00.000,0,6EB03474-DA1F-DE09-9462-A7AD4A954C05,1
2611,34,2015-08-16 00:00:00.000,0,9133C45D-C173-5B3E-C570-B874CAF6E1A4,1
2612,3,2015-08-18 00:00:00.000,64231,1642DD35-BAC4-359F-D93F-432AF3F4DEAF,0
2613,3,2015-08-18 00:00:00.000,64243,BAE85773-C8B4-DFBA-65FD-70D94049E526,0
2614,3,2015-08-18 00:00:00.000,64249,3404535B-FEB6-DAC3-6436-2C934797324E,0
2615,8,2015-08-19 00:00:00.000,64289,FC00E9B8-D03E-530A-4BA9-BEECEFBC1231,0
2616,1,2015-08-21 00:00:00.000,0,25B82FC7-0DEE-9C6A-9BBF-BF2EB6FB8D6D,1
2617,32,2015-08-21 00:00:00.000,0,897E62B9-023D-7A68-2127-A844F6A80916,1
2618,26,2015-08-23 00:00:00.000,64369,A3667148-93AD-FE54-C35F-A247520C7F01,0
2619,32,2015-08-23 00:00:00.000,0,07AAF7A7-B3F2-42EE-3AD6-D0975BEB4727,1
2620,45,2015-08-25 00:00:00.000,0,47778DB8-B8C8-7FE9-D03D-59636F31D724,1
2621,45,2015-08-25 00:00:00.000,0,3B43FD8E-A9F3-4B1A-74CC-255ACCD77E11,1
2622,1,2015-08-27 00:00:00.000,0,C3667397-B4E2-0B5B-2D88-F1E2D4BDF128,1
2623,32,2015-08-27 00:00:00.000,0,670A6B67-A0D2-FE98-72F3-8E227F1A8450,1
2624,32,2015-08-27 00:00:00.000,0,9CCD998F-F08B-7CB1-4ED7-B05ADA467E48,1
2625,32,2015-08-27 00:00:00.000,0,2F72DE79-D923-0957-C74E-A05624A043BD,1
2626,32,2015-08-27 00:00:00.000,0,FC00E9B8-D03E-530A-4BA9-BEECEFBC1231,1
2627,32,2015-08-27 00:00:00.000,0,4A7D34AC-A151-778D-9513-C2E0B52AFD3B,1
2628,32,2015-08-27 00:00:00.000,0,EDAE046B-B4DF-362A-D4B3-6629EB450A86,1
2629,32,2015-08-27 00:00:00.000,0,CE68FDC0-F0D0-0801-E117-63D149258526,1
2630,32,2015-08-27 00:00:00.000,0,931112F8-9FA0-B52F-39E9-0E7010A049D9,1
2631,32,2015-08-27 00:00:00.000,0,9511CBBC-D84E-96E7-A571-4B554FF215FA,1
2632,32,2015-08-27 00:00:00.000,0,FFAEECA3-E25E-4929-D70B-4245DCDA4ED2,1
2633,32,2015-08-27 00:00:00.000,0,3DAD5128-E48E-A1D7-9A57-888BD53DCE39,1
2634,32,2015-08-27 00:00:00.000,0,6CDF0B06-E5C8-2F43-CF41-555A45289EAF,1
2635,32,2015-08-27 00:00:00.000,0,E2C09301-A29E-599D-04E8-24E4B6F79FB8,1
2636,32,2015-08-27 00:00:00.000,0,C3667397-B4E2-0B5B-2D88-F1E2D4BDF128,1
2637,32,2015-08-27 00:00:00.000,0,DEEF1329-D059-FD16-3B6A-D4E784BC0061,1
2638,32,2015-08-27 00:00:00.000,0,BC6E646C-D7FD-F1D2-D5F5-2E0A1096B48F,1
2639,32,2015-08-27 00:00:00.000,0,1642DD35-BAC4-359F-D93F-432AF3F4DEAF,1
2640,32,2015-08-27 00:00:00.000,0,70AAAA6F-F9AD-645E-A7A0-38C91E0B44B0,1
2641,32,2015-08-27 00:00:00.000,0,B6785FC9-A741-5E54-1917-B9978620B166,1
2642,32,2015-08-27 00:00:00.000,0,79B4571D-F5A9-38A1-EE1F-C0932AC88E94,1
2643,32,2015-08-27 00:00:00.000,0,7585C7DA-AB44-807D-3F05-A4899A10E139,1
2644,32,2015-08-27 00:00:00.000,0,83F7020E-E8AA-978A-0152-F56CCE1E0D36,1
2645,32,2015-08-27 00:00:00.000,0,585B4800-F347-08E7-6B02-BDCD3FFEC321,1
2646,32,2015-08-28 00:00:00.000,0,AF095FFC-BE4E-2A17-5739-82033BF3F965,1
2647,32,2015-08-28 00:00:00.000,0,7906D790-9AAE-09A3-C25A-5C0DBAF7C039,1
2648,32,2015-08-28 00:00:00.000,64499,3405DE83-A97D-A47B-97C5-87A367324B40,0
2649,32,2015-08-28 00:00:00.000,0,F1E9630E-DA83-D3D8-2E2A-89D089C57BEA,1
2650,32,2015-08-28 00:00:00.000,0,456092B1-B1A9-F53C-BBE4-FC389E21F857,1
2651,32,2015-08-28 00:00:00.000,0,AAE9D5A2-F666-23F6-E42B-30811578C466,1
2652,32,2015-08-29 00:00:00.000,0,61AFE6EB-FA6F-6A99-B714-E385BBBEFCCC,1
2653,1,2015-08-29 00:00:00.000,0,6ECBA163-EA66-B4B2-7DB5-C11647D9EF51,1
2654,32,2015-08-29 00:00:00.000,0,0FE7F1A3-BDA3-935E-7BC6-8618037F607B,1
2655,8,2015-08-30 00:00:00.000,64565,80B8F889-B793-4FCB-CD96-65CC17F7FA43,0
2656,32,2015-08-30 00:00:00.000,0,B4A0949C-F4B1-7F91-21D5-727706DDBF09,1
2657,8,2015-08-30 00:00:00.000,64568,D5B6B8E0-D71E-8BF7-9013-DFFE704D64AA,0
2658,34,2015-08-31 00:00:00.000,0,DC17B6E8-A528-82BA-0AE9-1B6B5D4FB2B7,1
2659,32,2015-08-31 00:00:00.000,0,59404B3E-F1E6-51E6-B7FB-B493CFDE2736,1
2660,1,2015-08-31 00:00:00.000,0,D6AEFA65-C6DD-2641-5EB7-7ED345E903D7,1
2661,8,2015-09-02 00:00:00.000,64668,77FC1FE0-D54C-C479-C933-05D841414F07,0
2662,8,2015-09-02 00:00:00.000,64690,B24D8C71-EFC0-48FE-0603-7700EA7984CF,0
2663,7,2015-09-03 00:00:00.000,64718,D02BA300-E40A-9D67-5A8C-5298282DA3DB,0
2664,1,2015-09-04 00:00:00.000,0,6B223C09-AB27-EC59-F96D-86F57A6B4552,1
2665,34,2015-09-04 00:00:00.000,0,77FC1FE0-D54C-C479-C933-05D841414F07,1
2666,1,2015-09-04 00:00:00.000,0,77FC1FE0-D54C-C479-C933-05D841414F07,1
2667,32,2015-09-05 00:00:00.000,0,C8F72A89-9496-90D4-A766-BEE0845EBA4E,1
2668,1,2015-09-05 00:00:00.000,0,24512D91-B591-8ABC-6E85-C85EDF4A5F2D,1
2669,32,2015-09-06 00:00:00.000,0,9FE75239-ED8C-6B30-175D-0CB0425B929E,1
2670,34,2015-09-06 00:00:00.000,0,7C74314F-BF31-A796-1D1E-C9DDCCC08A9F,1
2671,32,2015-09-07 00:00:00.000,0,2E6AE822-92F1-EA4B-E9B0-7A45B4D0ACB7,1
2672,1,2015-09-07 00:00:00.000,0,DC186EE4-A62D-2792-BAB3-BFE907CEF6B8,1
2673,7,2015-09-09 00:00:00.000,64933,47281A04-A42E-13F5-6BA9-5EA4955CC607,0
2674,8,2015-09-09 00:00:00.000,64943,DEEF1329-D059-FD16-3B6A-D4E784BC0061,0
2675,8,2015-09-10 00:00:00.000,64948,B35A83EF-BFE4-7BCD-C0AB-4B26372BB13B,0
2676,34,2015-09-11 00:00:00.000,0,D27EF027-9F2D-1C5E-938D-1120FFC27FEB,1
2677,1,2015-09-11 00:00:00.000,0,20BF111A-E95A-2727-2CDD-61B4A859F58E,1
2678,8,2015-09-11 00:00:00.000,65031,3CE5BAF3-B139-2DF7-5A0A-08729C581E57,0
2679,7,2015-09-12 00:00:00.000,65051,E5F5CA3D-BD27-F45F-068F-41E4A741760B,0
2680,8,2015-09-15 00:00:00.000,65108,7934D17A-9C2E-C8F4-1605-2391AF7687A9,0
2681,32,2015-09-15 00:00:00.000,0,C2BDE268-D13C-56B1-ABAD-054D8FC6C266,1
2682,3,2015-09-15 00:00:00.000,65120,F3B14A24-0FC6-1571-5976-23FCFC3C2ECD,0
2683,7,2015-09-15 00:00:00.000,65134,D5B6B8E0-D71E-8BF7-9013-DFFE704D64AA,0
2684,32,2015-09-16 00:00:00.000,0,081E098D-A205-67CF-6136-52DAE180FC92,1
2685,28,2015-09-19 00:00:00.000,65234,4849E287-CBE8-DBA6-127E-27CCC005F71D,0
2686,32,2015-09-19 00:00:00.000,0,FC9FB25A-BE96-0C7F-0B33-C5A2BB9652AE,1
2687,34,2015-09-19 00:00:00.000,0,081E098D-A205-67CF-6136-52DAE180FC92,1
2688,32,2015-09-20 00:00:00.000,0,A0C12110-098E-D132-2808-9103772D618E,1
2689,1,2015-09-20 00:00:00.000,0,B6785FC9-A741-5E54-1917-B9978620B166,1
2690,1,2015-09-21 00:00:00.000,0,F0B33E9C-F555-4726-FB53-726296A5AD2C,1
2691,32,2015-09-21 00:00:00.000,0,F0B33E9C-F555-4726-FB53-726296A5AD2C,1
2692,7,2015-09-21 00:00:00.000,65274,F0B33E9C-F555-4726-FB53-726296A5AD2C,0
2693,3,2015-09-21 00:00:00.000,65275,F0B33E9C-F555-4726-FB53-726296A5AD2C,0
2694,34,2015-09-21 00:00:00.000,0,F204B402-B8A2-D992-AE3D-0D1B6375AE73,1
2695,32,2015-09-22 00:00:00.000,0,25B82FC7-0DEE-9C6A-9BBF-BF2EB6FB8D6D,1
2696,34,2015-09-24 00:00:00.000,0,334F33A3-EBAB-B2DC-E214-E0C2C3B29F83,1
2697,32,2015-09-24 00:00:00.000,0,334F33A3-EBAB-B2DC-E214-E0C2C3B29F83,1
2698,7,2015-09-26 00:00:00.000,65455,D9710D7D-92E2-2191-CEF3-2B53029DB75D,0
2699,7,2015-09-26 00:00:00.000,65459,9D9328B9-0B67-1E62-F940-FED52E08A965,0
2700,1,2015-09-26 00:00:00.000,0,0E60DFBC-A63D-A49D-8015-08C233858652,1
2701,7,2015-09-26 00:00:00.000,65465,8C545B85-DA23-1E9D-6650-DA1843AB0996,0
2702,7,2015-09-26 00:00:00.000,65471,19923DAA-B71D-4650-5AE5-9987FF71B4F9,0
2703,7,2015-09-26 00:00:00.000,65476,97209AA5-EA17-3949-150E-324B9580C63C,0
2704,7,2015-09-26 00:00:00.000,65485,862B92E3-E09B-5A30-5E63-8EA156BD6D75,0
2705,32,2015-09-26 00:00:00.000,0,13B156D8-02C8-8149-3329-88552BDBCB94,1
2706,32,2015-09-26 00:00:00.000,0,862B92E3-E09B-5A30-5E63-8EA156BD6D75,1
2707,7,2015-09-26 00:00:00.000,65487,C995DEAF-C164-3C69-45EB-4D3DB5089742,0
2708,7,2015-09-27 00:00:00.000,65501,1AA99C28-A8A4-B188-946C-F33BA905AD4A,0
2709,7,2015-09-27 00:00:00.000,65511,51A0F743-0718-C447-2FB3-B7EBFA0916B3,0
2710,7,2015-09-27 00:00:00.000,65519,B72A218B-BFDF-3B78-34B6-DBCFF4813D48,0
2711,5,2015-09-27 00:00:00.000,65520,B72A218B-BFDF-3B78-34B6-DBCFF4813D48,0
2712,7,2015-09-27 00:00:00.000,65522,2373357B-F184-FF68-BB73-B5561FB182D9,0
2713,32,2015-09-27 00:00:00.000,0,CF2BC09C-A3FD-09B6-7E0B-2C4B72712FB8,1
2714,34,2015-09-27 00:00:00.000,0,CF2BC09C-A3FD-09B6-7E0B-2C4B72712FB8,1
2715,1,2015-09-27 00:00:00.000,0,CF2BC09C-A3FD-09B6-7E0B-2C4B72712FB8,1
2716,7,2015-09-28 00:00:00.000,65557,851E195C-CE37-EE4F-650E-AB233CC4F735,0
2717,7,2015-09-28 00:00:00.000,65562,0DB4B9DD-B784-308C-5E43-CD6BDA32AF81,0
2718,7,2015-09-28 00:00:00.000,65567,A3C6ED51-0B56-BFC0-CC6D-DEAEEA263F9E,0
2719,7,2015-09-28 00:00:00.000,65568,2D7B4061-ECB7-D772-1A7D-994B26DEF0B6,0
2720,7,2015-09-29 00:00:00.000,65586,A1BD2112-CF88-7079-1844-BFC293CDB71C,0
2721,7,2015-09-29 00:00:00.000,65591,A0266306-BBA4-9814-C637-997254F824D6,0
2722,1,2015-09-29 00:00:00.000,0,B16F25E2-C662-EDB3-5B47-05DE44F9F44B,1
2723,7,2015-09-30 00:00:00.000,65621,C5FA6BDB-F732-1AB2-A548-06DB6FD50338,0
2724,7,2015-10-01 00:00:00.000,66695,B3D4C517-B134-A450-34DB-F37368A52D23,0
2725,8,2015-10-01 00:00:00.000,66699,3E9EE9C8-9D3A-ABFC-6ED2-B91E34CD7FE0,0
2726,34,2015-10-01 00:00:00.000,0,A1BD2112-CF88-7079-1844-BFC293CDB71C,1
2727,1,2015-10-01 00:00:00.000,0,A1BD2112-CF88-7079-1844-BFC293CDB71C,1
2728,34,2015-10-01 00:00:00.000,0,AA5EF8FA-D380-DA92-01DF-621A8BB8E717,1
2729,34,2015-10-02 00:00:00.000,0,0EA6224A-0FAC-3E19-7A69-7FD01A41BAB7,1
2730,34,2015-10-02 00:00:00.000,0,296B9D66-D4BE-023A-E39A-488936CCDE5B,1
2731,1,2015-10-03 00:00:00.000,0,D116F741-CBA2-5C25-969C-DAB2FA1194C8,1
2732,32,2015-10-03 00:00:00.000,0,D116F741-CBA2-5C25-969C-DAB2FA1194C8,1
2733,34,2015-10-03 00:00:00.000,0,D116F741-CBA2-5C25-969C-DAB2FA1194C8,1
2734,7,2015-10-03 00:00:00.000,66788,5534D9D6-E011-CAA6-5C39-52600A8F5E4E,0
2735,28,2015-10-03 00:00:00.000,66789,5534D9D6-E011-CAA6-5C39-52600A8F5E4E,0
2736,28,2015-10-03 00:00:00.000,66805,3B43FD8E-A9F3-4B1A-74CC-255ACCD77E11,0
2737,32,2015-10-04 00:00:00.000,0,296B9D66-D4BE-023A-E39A-488936CCDE5B,1
2738,8,2015-10-04 00:00:00.000,66833,296B9D66-D4BE-023A-E39A-488936CCDE5B,0
2739,7,2015-10-05 00:00:00.000,66877,9534FF28-D391-9E14-4DF1-70DC4B8948FF,0
2740,7,2015-10-05 00:00:00.000,66893,C58602B9-A4E6-89B9-7149-2C8E506AB912,0
2741,1,2015-10-06 00:00:00.000,0,6CDF0B06-E5C8-2F43-CF41-555A45289EAF,1
2742,8,2015-10-06 00:00:00.000,66927,6ECBA163-EA66-B4B2-7DB5-C11647D9EF51,0
2743,34,2015-10-07 00:00:00.000,0,41772DAE-D113-360B-3500-3EE51648D597,1
2744,32,2015-10-07 00:00:00.000,0,41772DAE-D113-360B-3500-3EE51648D597,1
2745,1,2015-10-07 00:00:00.000,0,41772DAE-D113-360B-3500-3EE51648D597,1
2746,1,2015-10-08 00:00:00.000,0,7CEB631C-FDA9-610C-8D0D-A0340518E973,1
2747,8,2015-10-08 00:00:00.000,67023,2504FB20-99E3-D359-5BDD-5DCD26CECDB4,0
2748,1,2015-10-09 00:00:00.000,67048,72389D47-CDA3-24B9-CD5B-B7D0DF02736E,0
2749,8,2015-10-09 00:00:00.000,67064,3B14FE30-F98F-D0CB-B075-CEEED729741D,0
2750,8,2015-10-09 00:00:00.000,67069,41772DAE-D113-360B-3500-3EE51648D597,0
2751,34,2015-10-10 00:00:00.000,0,2504FB20-99E3-D359-5BDD-5DCD26CECDB4,1
2752,7,2015-10-11 00:00:00.000,67110,7934D17A-9C2E-C8F4-1605-2391AF7687A9,0
2753,7,2015-10-11 00:00:00.000,67119,5FAE0688-CD1D-3BAF-95CC-8CF6FF6132F7,0
2754,34,2015-10-13 00:00:00.000,0,556DFBDE-E609-85D1-B296-A9640E3531E5,1
2755,1,2015-10-13 00:00:00.000,0,ABAC2B4E-0198-F94A-587A-8E9A44B9CC9B,1
2756,7,2015-10-14 00:00:00.000,67199,08B003A1-B746-0723-6BF5-DA788979C6A9,0
2757,8,2015-10-14 00:00:00.000,67202,8B060693-E08E-89B8-3BFE-70FF469B50A4,0
2758,7,2015-10-14 00:00:00.000,67206,7C1B9417-B677-1AF4-51B4-1488EC6578FE,0
2759,34,2015-10-15 00:00:00.000,0,96005EB8-D34B-B0B0-8DFB-EB67144504E3,1
2760,8,2015-10-16 00:00:00.000,67266,710A31A2-CD4B-1E3F-FA7F-1B4EA7EC2409,0
2761,32,2015-10-16 00:00:00.000,0,2E70C483-D2A3-7A86-DFF2-8C19386C8B4C,1
2762,34,2015-10-16 00:00:00.000,0,80B8F889-B793-4FCB-CD96-65CC17F7FA43,1
2763,27,2015-10-17 00:00:00.000,67296,73A66239-EE5E-2B9C-6FDD-C04EF5427CB6,0
2764,34,2015-10-18 00:00:00.000,0,21C90510-F8B7-2C5B-12C4-6196A1EA86ED,1
2765,34,2015-10-19 00:00:00.000,0,937B3AE1-FE05-D6C8-E85F-0B98C3220B68,1
2766,8,2015-10-20 00:00:00.000,67396,82586C8E-E432-C703-58FE-12F104D03DE1,0
2767,1,2015-10-21 00:00:00.000,0,89520C06-08C9-8E4E-FA65-10F27C4CA137,1
2768,32,2015-10-21 00:00:00.000,0,89520C06-08C9-8E4E-FA65-10F27C4CA137,1
2769,34,2015-10-21 00:00:00.000,0,89520C06-08C9-8E4E-FA65-10F27C4CA137,1
2770,32,2015-10-21 00:00:00.000,0,87604EF6-9CF1-4B87-075B-79DC2541C490,1
2771,32,2015-10-22 00:00:00.000,0,AFB64B4E-9B9C-92C4-F978-B77BD46ACD2E,1
2772,32,2015-10-22 00:00:00.000,67456,0D72C3DB-0A24-1026-E770-3AF8648740BD,0
2773,32,2015-10-22 00:00:00.000,0,FD8FD494-D176-931C-98B5-4345616D2407,1
2774,1,2015-10-22 00:00:00.000,0,937B3AE1-FE05-D6C8-E85F-0B98C3220B68,1
2775,1,2015-10-22 00:00:00.000,0,7A2C2F5F-A49B-28FE-E14B-95C4FE74B915,1
2776,32,2015-10-22 00:00:00.000,0,2679E67F-DF25-13BE-2CBD-D82BD8E62F00,1
2777,32,2015-10-22 00:00:00.000,0,09B99222-092D-C6C1-099C-5F8352C377F5,1
2778,32,2015-10-22 00:00:00.000,0,79B74694-B1D4-56A2-A847-DBD595C048FF,1
2779,32,2015-10-22 00:00:00.000,0,BB4CBFEE-FC1B-97C6-29C1-AB4D323F5BF1,1
2780,32,2015-10-23 00:00:00.000,0,F23EE9BD-E3AC-FE1E-5F31-436002841C42,1
2781,1,2015-10-23 00:00:00.000,0,87604EF6-9CF1-4B87-075B-79DC2541C490,1
2782,32,2015-10-23 00:00:00.000,0,BC703E59-9FF1-6CB2-3B47-76CBA79FF809,1
2783,32,2015-10-24 00:00:00.000,0,23C6AD7A-F4D0-861B-E456-E1E6A16D2E5E,1
2784,32,2015-10-24 00:00:00.000,0,776CF77F-B8CC-0B47-FB3D-142FA5980E64,1
2785,34,2015-10-24 00:00:00.000,0,1661E760-D006-021C-F610-3C4AB6C27ABC,1
2786,34,2015-10-25 00:00:00.000,0,53E11091-DD26-C2E9-3542-B63976767B39,1
2787,6,2015-10-25 00:00:00.000,67612,01693E4B-961B-A0E1-85D9-15DEC0E2B6FA,0
2788,34,2015-10-26 00:00:00.000,0,C403DD3D-0DD4-406C-8265-A328FA1C830C,1
2789,34,2015-10-26 00:00:00.000,0,C3667397-B4E2-0B5B-2D88-F1E2D4BDF128,1
2790,1,2015-10-26 00:00:00.000,0,556DFBDE-E609-85D1-B296-A9640E3531E5,1
2791,32,2015-10-27 00:00:00.000,0,6EABDB9C-9114-F41D-8921-45C92D1B8FA6,1
2792,1,2015-10-27 00:00:00.000,0,6EABDB9C-9114-F41D-8921-45C92D1B8FA6,1
2793,7,2015-10-28 00:00:00.000,67709,0A8BDF39-E431-2A7D-41C2-BCAE87933EE8,0
2794,34,2015-10-29 00:00:00.000,0,FC9FB25A-BE96-0C7F-0B33-C5A2BB9652AE,1
2795,32,2015-10-29 00:00:00.000,0,8FDE750B-EC18-114F-2848-A46C90F31BFB,1
2796,32,2015-10-30 00:00:00.000,67791,F18A8D09-0A20-D4D0-644E-DA5294F55397,0
2797,32,2015-10-30 00:00:00.000,0,A8BA185B-E879-E972-A6D8-4D74EE685807,1
2798,34,2015-10-31 00:00:00.000,0,7C72FDB4-C793-B996-0FB3-093329B2FC34,1
2799,8,2015-11-01 00:00:00.000,67847,C3BE8A75-0259-7A25-F1D9-971511B5C422,0
2800,8,2015-11-02 00:00:00.000,67867,B498F57E-9891-0046-D248-00CC469D4EE1,0
2801,32,2015-11-02 00:00:00.000,0,A663A711-C39E-8E24-B40C-A1ECD7254EF1,1
2802,1,2015-11-03 00:00:00.000,0,90D8189B-C748-BF57-7443-B67A9061E617,1
2803,26,2015-11-03 00:00:00.000,67908,67A030BE-BC81-258F-FE7A-9CB7DE4007BB,0
2804,26,2015-11-03 00:00:00.000,67910,C403DD3D-0DD4-406C-8265-A328FA1C830C,0
2805,1,2015-11-03 00:00:00.000,0,675C9521-A35E-7ABE-A89B-4F426E7F6CF8,1
2806,26,2015-11-03 00:00:00.000,67914,F0B33E9C-F555-4726-FB53-726296A5AD2C,0
2807,26,2015-11-03 00:00:00.000,67918,BD0C7B06-BC75-8578-2AD5-CB32953FC3BE,0
2808,26,2015-11-03 00:00:00.000,67926,12A70D28-9F91-1689-0056-B4C407106503,0
2809,26,2015-11-03 00:00:00.000,67928,CA7DDFE2-B3D3-32A3-F47F-8BF51DF3A56C,0
2810,26,2015-11-04 00:00:00.000,67950,275C9C34-0D9C-9358-9123-6A05615320E7,0
2811,26,2015-11-04 00:00:00.000,67967,070B20D4-E6E4-A392-D5B0-24758C2248CD,0
2812,8,2015-11-04 00:00:00.000,67974,D58ABBA2-93C1-EACB-D920-5714988F87AF,0
2813,34,2015-11-05 00:00:00.000,0,8B060693-E08E-89B8-3BFE-70FF469B50A4,1
2814,8,2015-11-05 00:00:00.000,67997,87604EF6-9CF1-4B87-075B-79DC2541C490,0
2815,1,2015-11-06 00:00:00.000,0,042F684A-ADD9-C5B7-2F58-5D3EB80E490A,1
2816,46,2015-11-06 00:00:00.000,0,3B43FD8E-A9F3-4B1A-74CC-255ACCD77E11,1
2817,1,2015-11-07 00:00:00.000,0,BB29F05E-E9E8-72D0-5DFA-C0BDE3F7530E,1
2818,32,2015-11-07 00:00:00.000,0,DE1F4326-B2DD-082F-6905-E3DDCAA11C35,1
2819,34,2015-11-08 00:00:00.000,0,DE1F4326-B2DD-082F-6905-E3DDCAA11C35,1
2820,7,2015-11-08 00:00:00.000,68124,78926463-F31D-5FD7-DB6D-CA4150AABA18,0
2821,26,2015-11-08 00:00:00.000,68125,78926463-F31D-5FD7-DB6D-CA4150AABA18,0
2822,32,2015-11-09 00:00:00.000,0,5232214A-910B-5B12-F487-C1B8BE038D68,1
2823,1,2015-11-09 00:00:00.000,0,C6C19EB3-FD4F-76A9-4653-B51FA5FEEAB0,1
2824,34,2015-11-09 00:00:00.000,0,379EC9C2-DB81-90F6-F274-A5EAC03A97B4,1
2825,34,2015-11-11 00:00:00.000,0,1642DD35-BAC4-359F-D93F-432AF3F4DEAF,1
2826,34,2015-11-11 00:00:00.000,0,D94FC28D-0A1E-1B19-E16B-EBE292C3613E,1
2827,34,2015-11-11 00:00:00.000,68191,D5E8036E-BDF6-5FB8-276E-729BF0761B44,0
2828,34,2015-11-11 00:00:00.000,0,5232214A-910B-5B12-F487-C1B8BE038D68,1
2829,34,2015-11-11 00:00:00.000,0,04DC4B5E-AE64-97A9-E57E-AFE88DFBE4E9,1
2830,34,2015-11-11 00:00:00.000,0,376EC58D-E051-4254-3A34-5CE13F3D0B2F,1
2831,7,2015-11-11 00:00:00.000,68193,4C5D4F4A-F7FA-7CE0-AF49-4EC0B0ADFB3C,0
2832,34,2015-11-11 00:00:00.000,0,47A84931-0A9B-5DB0-D960-7CA8700A7277,1
2833,34,2015-11-11 00:00:00.000,0,912F2CF5-DD39-C22F-27A8-62BAC9B73962,1
2834,34,2015-11-11 00:00:00.000,0,0F990B20-F08E-035B-B804-9F95CA8193D2,1
2835,34,2015-11-11 00:00:00.000,0,7BF2DECB-CD98-E4F2-ADC6-803FD0564F0F,1
2836,26,2015-11-11 00:00:00.000,68197,3FEA8E51-BF63-02D6-E628-3484643A6315,0
2837,34,2015-11-11 00:00:00.000,0,710A31A2-CD4B-1E3F-FA7F-1B4EA7EC2409,1
2838,34,2015-11-11 00:00:00.000,0,3DAD5128-E48E-A1D7-9A57-888BD53DCE39,1
2839,34,2015-11-11 00:00:00.000,0,7A350F9C-C715-E8DC-2D38-526796153CC9,1
2840,34,2015-11-11 00:00:00.000,0,C8F72A89-9496-90D4-A766-BEE0845EBA4E,1
2841,34,2015-11-11 00:00:00.000,0,9073FCD7-E3B8-9734-1456-ED8F42E10AC3,1
2842,34,2015-11-11 00:00:00.000,0,EDAE046B-B4DF-362A-D4B3-6629EB450A86,1
2843,34,2015-11-11 00:00:00.000,0,A9F93AE9-0181-014F-4A6C-3D326EFE3152,1
2844,34,2015-11-11 00:00:00.000,0,CD4BC6C2-0A0A-48D1-ECF6-678D173EE06F,1
2845,34,2015-11-11 00:00:00.000,0,67A030BE-BC81-258F-FE7A-9CB7DE4007BB,1
2846,34,2015-11-11 00:00:00.000,0,8CF0D420-9A65-30CE-0532-0A2E3473FFBE,1
2847,34,2015-11-11 00:00:00.000,0,B3C774A6-9248-FAB7-D92A-8B402FF67318,1
2848,34,2015-11-11 00:00:00.000,0,0414ECEC-EAC0-DEF6-CE3E-02EB9D151E04,1
2849,34,2015-11-11 00:00:00.000,0,FF6F08DB-B254-1AFC-C30C-165F569E6010,1
2850,34,2015-11-11 00:00:00.000,0,93119CFF-D254-BD61-E078-C70E3CCD8E47,1
2851,34,2015-11-11 00:00:00.000,0,997C51DD-F742-1853-A41A-03D8AD984AB7,1
2852,34,2015-11-11 00:00:00.000,0,20FA46CC-E507-C2CC-D2EE-96917C6125AB,1
2853,34,2015-11-11 00:00:00.000,0,ABAC2B4E-0198-F94A-587A-8E9A44B9CC9B,1
2854,34,2015-11-11 00:00:00.000,0,A3667148-93AD-FE54-C35F-A247520C7F01,1
2855,34,2015-11-11 00:00:00.000,0,7DED864E-E6C4-8D23-CAFF-A883A3BD7023,1
2856,1,2015-11-11 00:00:00.000,0,710A31A2-CD4B-1E3F-FA7F-1B4EA7EC2409,1
2857,34,2015-11-11 00:00:00.000,0,DD0CBF37-A09B-78FC-7608-E7E7066208CE,1
2858,34,2015-11-11 00:00:00.000,0,C2BDE268-D13C-56B1-ABAD-054D8FC6C266,1
2859,34,2015-11-11 00:00:00.000,0,63771888-CA8C-47D0-CB09-0A10DB8B842D,1
2860,34,2015-11-11 00:00:00.000,0,6F2DC764-A375-33E1-2F6F-28D1023C30E6,1
2861,34,2015-11-12 00:00:00.000,0,BA0CA209-9C30-55AC-C78E-674D850F59C1,1
2862,1,2015-11-12 00:00:00.000,0,9739F861-EE49-13A2-0AE2-7A643470BBE3,1
2863,34,2015-11-12 00:00:00.000,0,7694EA2D-E0B7-4BD5-6193-0C22A5E22418,1
2864,34,2015-11-12 00:00:00.000,0,FC00E9B8-D03E-530A-4BA9-BEECEFBC1231,1
2865,34,2015-11-12 00:00:00.000,0,98ACF5D1-D02B-C351-F777-7D5150FE28E7,1
2866,1,2015-11-12 00:00:00.000,0,C8F72A89-9496-90D4-A766-BEE0845EBA4E,1
2867,34,2015-11-12 00:00:00.000,0,B05CDC43-91C6-0511-35E9-ABFED862D765,1
2868,34,2015-11-12 00:00:00.000,0,7DFC34CC-C7C9-76EE-CA75-3E5EA9F28829,1
2869,34,2015-11-12 00:00:00.000,0,5FEE4516-A28C-E638-E5F0-BA93346A0E81,1
2870,34,2015-11-12 00:00:00.000,0,3B43FD8E-A9F3-4B1A-74CC-255ACCD77E11,1
2871,34,2015-11-12 00:00:00.000,0,9C44F80B-A3F0-C570-822A-8D3C0CA62C3D,1
2872,1,2015-11-12 00:00:00.000,0,F2883E77-E4FC-F112-C7E3-DE17B7163888,1
2873,34,2015-11-12 00:00:00.000,0,8EB529BF-FF32-D0FD-72E8-E7E55FF55F6A,1
2874,34,2015-11-12 00:00:00.000,0,87604EF6-9CF1-4B87-075B-79DC2541C490,1
2875,34,2015-11-12 00:00:00.000,0,AAE9D5A2-F666-23F6-E42B-30811578C466,1
2876,34,2015-11-12 00:00:00.000,0,0EF95069-FC16-8149-EBFC-F0E238E665C9,1
2877,1,2015-11-12 00:00:00.000,0,D3F0CEB0-EA37-B04A-D30E-23A37733B67E,1
2878,34,2015-11-12 00:00:00.000,0,D3F0CEB0-EA37-B04A-D30E-23A37733B67E,1
2879,34,2015-11-12 00:00:00.000,0,9139EAD1-E473-034D-FF38-5DD08851FEB6,1
2880,8,2015-11-12 00:00:00.000,68243,6FC58201-0B60-DF56-8EB5-7AE14E424D9B,0
2881,34,2015-11-12 00:00:00.000,0,8FD8E8E5-96B1-4A2E-13AD-877575241774,1
2882,34,2015-11-12 00:00:00.000,0,E4EF7B37-C8CB-4C5D-776E-746C29540F30,1
2883,34,2015-11-13 00:00:00.000,0,FEC878F6-F0A2-433D-E94A-90214CDD0CF0,1
2884,34,2015-11-13 00:00:00.000,0,A306AE13-0246-F096-77A3-89B4F607C226,1
2885,7,2015-11-13 00:00:00.000,68256,DA9B4FF4-9C8A-8502-095A-75CD79CBF1FA,0
2886,1,2015-11-13 00:00:00.000,0,C403DD3D-0DD4-406C-8265-A328FA1C830C,1
2887,34,2015-11-13 00:00:00.000,0,92E54EED-CBBE-A6EB-6398-85B84F17B795,1
2888,34,2015-11-13 00:00:00.000,0,8F413807-A2C7-C4DA-C583-D45320C4F299,1
2889,34,2015-11-13 00:00:00.000,0,AE2BAF66-B110-26C8-19EB-947A6794839E,1
2890,34,2015-11-13 00:00:00.000,0,EB3273E5-0C6F-0E12-94BC-38DBD1769835,1
2891,34,2015-11-15 00:00:00.000,0,09B99222-092D-C6C1-099C-5F8352C377F5,1
2892,34,2015-11-16 00:00:00.000,68346,2D7B4061-ECB7-D772-1A7D-994B26DEF0B6,0
2893,1,2015-11-16 00:00:00.000,0,B9080BB7-B2E2-121F-667C-5FC7CAF9DD56,1
2894,1,2015-11-16 00:00:00.000,0,2504FB20-99E3-D359-5BDD-5DCD26CECDB4,1
2895,34,2015-11-16 00:00:00.000,0,EB55AF22-D436-1E53-26A2-AF36924DF770,1
2896,34,2015-11-17 00:00:00.000,68429,EE601E31-BF3B-9C4E-71F1-A8146FA44246,0
2897,1,2015-11-18 00:00:00.000,0,46C0A049-FB8C-14D1-1F9F-728AD8C3E999,1
2898,34,2015-11-18 00:00:00.000,0,5EB3DF33-D5C1-2498-8EED-CFCE7680708D,1
2899,1,2015-11-19 00:00:00.000,0,75C0FACA-C2CF-4337-7E2E-293CA6174EB9,1
2900,1,2015-11-19 00:00:00.000,0,4C5D4F4A-F7FA-7CE0-AF49-4EC0B0ADFB3C,1
2901,1,2015-11-19 00:00:00.000,0,148BC0EC-F9B4-7CF0-4DDC-12C69F0E9B87,1
2902,34,2015-11-21 00:00:00.000,0,C6C19EB3-FD4F-76A9-4653-B51FA5FEEAB0,1
2903,1,2015-11-21 00:00:00.000,0,F872E0CA-EB86-AE38-1259-07835A9D45E2,1
2904,7,2015-11-22 00:00:00.000,68581,937B3AE1-FE05-D6C8-E85F-0B98C3220B68,0
2905,26,2015-11-22 00:00:00.000,68585,42D1146E-0D6E-9A00-7E29-120E84F61DDD,0
2906,34,2015-11-22 00:00:00.000,0,0677B5BE-D787-89D1-30CA-4BAC551C1D9E,1
2907,32,2015-11-23 00:00:00.000,0,77FC1FE0-D54C-C479-C933-05D841414F07,1
2908,34,2015-11-23 00:00:00.000,0,47B86699-EDB1-9A68-4191-E72FE3F2FF87,1
2909,7,2015-11-23 00:00:00.000,68636,DEEF1329-D059-FD16-3B6A-D4E784BC0061,0
2910,26,2015-11-24 00:00:00.000,68640,862B92E3-E09B-5A30-5E63-8EA156BD6D75,0
2911,32,2015-11-24 00:00:00.000,0,72A3716E-DF3C-CAA5-8CE5-749C40F163BD,1
2912,1,2015-11-24 00:00:00.000,0,D9892FD6-D572-B53B-C187-E47099BA6251,1
2913,32,2015-11-25 00:00:00.000,0,46E85A5C-D198-3478-8118-099B1F35294A,1
2914,7,2015-11-27 00:00:00.000,68730,396E8238-F8CF-0FAF-ACAE-CDE3ECF01E8C,0
2915,8,2015-11-27 00:00:00.000,68750,26AC4DE7-FA18-CEC6-B3DC-5E2DB194261D,0
2916,32,2015-11-27 00:00:00.000,0,26AC4DE7-FA18-CEC6-B3DC-5E2DB194261D,1
2917,34,2015-11-27 00:00:00.000,0,26AC4DE7-FA18-CEC6-B3DC-5E2DB194261D,1
2918,1,2015-11-27 00:00:00.000,0,26AC4DE7-FA18-CEC6-B3DC-5E2DB194261D,1
2919,32,2015-11-28 00:00:00.000,0,96005EB8-D34B-B0B0-8DFB-EB67144504E3,1
2920,32,2015-11-30 00:00:00.000,0,59AB46D5-A4F9-48ED-7FFB-0B77C3536A52,1
2921,34,2015-11-30 00:00:00.000,0,59AB46D5-A4F9-48ED-7FFB-0B77C3536A52,1
2922,34,2015-12-01 00:00:00.000,0,F86650C0-BC35-A825-9730-CA4C18EA7A1D,1
2923,32,2015-12-01 00:00:00.000,0,9B802ADC-CAA2-FC19-AD9A-8F36CF5DC4C4,1
2924,27,2015-12-01 00:00:00.000,68896,8B060693-E08E-89B8-3BFE-70FF469B50A4,0
2925,7,2015-12-01 00:00:00.000,68897,8B060693-E08E-89B8-3BFE-70FF469B50A4,0
2926,32,2015-12-01 00:00:00.000,68900,363F28F6-FA5B-8DB7-04C3-A8BE450290CF,0
2927,32,2015-12-01 00:00:00.000,0,B16F25E2-C662-EDB3-5B47-05DE44F9F44B,1
2928,32,2015-12-01 00:00:00.000,0,49B26FC2-C299-B5FF-07D3-DEEBF72378B3,1
2929,32,2015-12-01 00:00:00.000,0,FCBDCC01-A064-80DC-AEAE-3FEC48D0E1EF,1
2930,1,2015-12-01 00:00:00.000,0,59AB46D5-A4F9-48ED-7FFB-0B77C3536A52,1
2931,32,2015-12-01 00:00:00.000,0,9CFC248E-FEB2-6009-AD69-0A8AFB646914,1
2932,1,2015-12-02 00:00:00.000,0,E001AEA1-D094-865A-5B75-85BB40D3FAE5,1
2933,32,2015-12-02 00:00:00.000,0,62A4919F-C31A-9F22-0CA0-423B37F110A6,1
2934,1,2015-12-03 00:00:00.000,0,49B26FC2-C299-B5FF-07D3-DEEBF72378B3,1
2935,32,2015-12-04 00:00:00.000,0,D7856C7C-D5AE-B6A1-ADB3-126890ADB787,1
2936,26,2015-12-06 00:00:00.000,69109,62A4919F-C31A-9F22-0CA0-423B37F110A6,0
2937,32,2015-12-08 00:00:00.000,0,3B9D8A16-A263-62BF-C9F1-5BAC7AA58393,1
2938,8,2015-12-08 00:00:00.000,69166,B0D2B01C-9510-CDAA-896B-81BAF46250BB,0
2939,8,2015-12-08 00:00:00.000,69179,34EBAE6C-D6D5-51FD-7CF4-4F1C8A5D520D,0
2940,8,2015-12-08 00:00:00.000,69182,6F21140F-AA28-82AF-AA11-794C07997FB9,0
2941,8,2015-12-08 00:00:00.000,69188,12A70D28-9F91-1689-0056-B4C407106503,0
2942,8,2015-12-10 00:00:00.000,69230,A306AE13-0246-F096-77A3-89B4F607C226,0
2943,32,2015-12-10 00:00:00.000,0,4C5D4F4A-F7FA-7CE0-AF49-4EC0B0ADFB3C,1
2944,32,2015-12-10 00:00:00.000,0,5A24EB8B-04BE-338B-981C-5D980E5CF41D,1
2945,8,2015-12-10 00:00:00.000,69246,FF6F08DB-B254-1AFC-C30C-165F569E6010,0
2946,8,2015-12-11 00:00:00.000,69267,556DFBDE-E609-85D1-B296-A9640E3531E5,0
2947,7,2015-12-12 00:00:00.000,69293,59AB46D5-A4F9-48ED-7FFB-0B77C3536A52,0
2948,32,2015-12-16 00:00:00.000,0,14ED532B-CBA3-2AA8-7C7D-2A03AC68E9A4,1
2949,1,2015-12-17 00:00:00.000,0,0E26783B-A4E1-AADF-10F9-819B0AF339B9,1
2950,1,2015-12-18 00:00:00.000,0,38D36451-A237-2D72-6C77-3EF4F9033765,1
2951,8,2015-12-22 00:00:00.000,69553,9BA8DE2D-0CE1-B9DD-1660-5AD954B85689,0
2952,1,2015-12-23 00:00:00.000,0,8B060693-E08E-89B8-3BFE-70FF469B50A4,1
2953,34,2015-12-23 00:00:00.000,0,F42C7ED9-D336-E6E6-EF9A-2B22A987FF12,1
2954,8,2015-12-25 00:00:00.000,69616,878365C9-A831-4202-0899-066F8F401D07,0
2955,8,2015-12-26 00:00:00.000,69641,DEB33FF4-EB43-7521-E624-C48D916DBD55,0
2956,32,2015-12-26 00:00:00.000,0,F2A96CC0-EDA9-75F2-900B-C992BC859C3D,1
2957,8,2015-12-27 00:00:00.000,69687,50B49A36-E87B-B256-E7FE-E979A9EB1ACA,0
2958,1,2015-12-27 00:00:00.000,0,0FD18959-024A-8684-C046-EC358BBB6C96,1
2959,1,2015-12-28 00:00:00.000,0,BA98CE53-0151-4C93-A4BF-048DA6CB8E4B,1
2960,32,2015-12-28 00:00:00.000,0,E2262DE4-FC4A-DEFE-E18C-55BF72F8D950,1
2961,1,2015-12-28 00:00:00.000,0,6E53BC5D-944E-4D4F-7B76-C946117C0A1D,1
2962,34,2015-12-29 00:00:00.000,0,EDC71D0E-0D45-F0BD-F599-31E1BEE69DBB,1
2963,32,2015-12-29 00:00:00.000,0,DA8F71F9-F725-5383-214B-FB3EDF947032,1
2964,32,2015-12-30 00:00:00.000,0,29DD8A76-FC1E-DDC6-8B48-8436233A8F96,1
2965,1,2015-12-30 00:00:00.000,0,29DD8A76-FC1E-DDC6-8B48-8436233A8F96,1
2966,1,2015-12-30 00:00:00.000,0,33EC7734-0C7C-AF65-6556-6CB6F93F58DB,1
2967,32,2015-12-30 00:00:00.000,0,DC17B6E8-A528-82BA-0AE9-1B6B5D4FB2B7,1
2968,1,2015-12-31 00:00:00.000,0,3643C721-D19F-9F81-4FC6-EC26CFDE8AEB,1
2969,32,2015-12-31 00:00:00.000,0,CB099209-B507-A05B-3FA1-3162F9A79264,1
2970,34,2015-12-31 00:00:00.000,0,8FDE750B-EC18-114F-2848-A46C90F31BFB,1
2971,32,2016-01-01 00:00:00.000,0,D3F0CEB0-EA37-B04A-D30E-23A37733B67E,1
2972,1,2016-01-01 00:00:00.000,0,E6B9213B-D34A-2F4D-FC99-42B200A24E93,1
2973,8,2016-01-02 00:00:00.000,69879,FE10F782-C570-3CF4-C497-19A6323BC738,0
2974,1,2016-01-02 00:00:00.000,0,A4A45751-EF80-FC20-457E-A256FAE1A050,1
2975,26,2016-01-02 00:00:00.000,69907,5B03E2C6-CF4C-6F61-E549-2E78EEE536B3,0
2976,32,2016-01-02 00:00:00.000,0,6FC58201-0B60-DF56-8EB5-7AE14E424D9B,1
2977,34,2016-01-02 00:00:00.000,0,EEB06547-0CDA-BA84-9DFB-A22C75BDDCFF,1
2978,34,2016-01-03 00:00:00.000,0,C628F220-DC1A-1ECB-9E71-74C222B374C6,1
2979,8,2016-01-03 00:00:00.000,69958,085BDE47-C202-F421-5B97-A1EA32A7EA1A,0
2980,34,2016-01-03 00:00:00.000,0,5FB320EE-D626-F56D-EDF0-86B5C32D1429,1
2981,7,2016-01-03 00:00:00.000,69977,3C57D8BE-C18A-9D51-CAEA-10132BD49655,0
2982,7,2016-01-03 00:00:00.000,69978,13FFFC1A-B436-81A2-4457-BEA10ADBE11A,0
2983,1,2016-01-03 00:00:00.000,0,3C57D8BE-C18A-9D51-CAEA-10132BD49655,1
2984,7,2016-01-04 00:00:00.000,69999,776CF77F-B8CC-0B47-FB3D-142FA5980E64,0
2985,32,2016-01-05 00:00:00.000,0,40402C85-923C-456C-8E81-22A1B5DE829B,1
2986,32,2016-01-05 00:00:00.000,0,A153B261-DEBF-4C93-E385-F6F982D20A29,1
2987,32,2016-01-05 00:00:00.000,0,9A034587-045A-6500-6CDD-2D9DA991AE33,1
2988,1,2016-01-06 00:00:00.000,0,40402C85-923C-456C-8E81-22A1B5DE829B,1
2989,49,2016-01-06 00:00:00.000,0,F642BDE1-F17C-0B38-0946-200D16DD21EF,1
2990,1,2016-01-07 00:00:00.000,0,873D0B10-E28E-9F48-B9B0-1D1E0463377D,1
2991,32,2016-01-07 00:00:00.000,0,873D0B10-E28E-9F48-B9B0-1D1E0463377D,1
2992,34,2016-01-07 00:00:00.000,0,75CDB142-F1B2-78B5-FF94-F08556156C35,1
2993,1,2016-01-07 00:00:00.000,0,5232214A-910B-5B12-F487-C1B8BE038D68,1
2994,34,2016-01-07 00:00:00.000,0,5F97FD57-EDF4-7B47-5FCB-1531CDC188F3,1
2995,49,2016-01-07 00:00:00.000,0,47778DB8-B8C8-7FE9-D03D-59636F31D724,1
2996,49,2016-01-07 00:00:00.000,0,3B43FD8E-A9F3-4B1A-74CC-255ACCD77E11,1
2997,34,2016-01-07 00:00:00.000,0,0E26783B-A4E1-AADF-10F9-819B0AF339B9,1
2998,32,2016-01-07 00:00:00.000,0,ABAC2B4E-0198-F94A-587A-8E9A44B9CC9B,1
2999,1,2016-01-07 00:00:00.000,0,C5B19D59-D017-4E90-82C6-3A93C61E7BEF,1
3000,34,2016-01-07 00:00:00.000,0,F8D6A2C6-E3D8-E9B2-AA99-C8B30E490A43,1
3001,1,2016-01-07 00:00:00.000,0,0E3C2142-DA95-7451-4715-ACCEA91959FD,1
3002,1,2016-01-08 00:00:00.000,0,7DFC34CC-C7C9-76EE-CA75-3E5EA9F28829,1
3003,1,2016-01-08 00:00:00.000,0,8C545B85-DA23-1E9D-6650-DA1843AB0996,1
3004,32,2016-01-08 00:00:00.000,0,7CEB631C-FDA9-610C-8D0D-A0340518E973,1
3005,32,2016-01-08 00:00:00.000,0,A4A45751-EF80-FC20-457E-A256FAE1A050,1
3006,32,2016-01-08 00:00:00.000,0,0E3C2142-DA95-7451-4715-ACCEA91959FD,1
3007,34,2016-01-08 00:00:00.000,0,0E3C2142-DA95-7451-4715-ACCEA91959FD,1
3008,34,2016-01-09 00:00:00.000,0,FE10F782-C570-3CF4-C497-19A6323BC738,1
3009,8,2016-01-10 00:00:00.000,71456,2185D748-90FC-A0CE-C754-0969E2A51211,0
3010,7,2016-01-10 00:00:00.000,71474,C403DD3D-0DD4-406C-8265-A328FA1C830C,0
3011,1,2016-01-10 00:00:00.000,0,787EBA1F-C9CB-290C-8243-5C5D4D15708C,1
3012,8,2016-01-11 00:00:00.000,71507,4A23F3F4-D646-A0C1-3F92-BB25CBA970D4,0
3013,34,2016-01-11 00:00:00.000,0,46C0A049-FB8C-14D1-1F9F-728AD8C3E999,1
3014,32,2016-01-12 00:00:00.000,0,01693E4B-961B-A0E1-85D9-15DEC0E2B6FA,1
3015,34,2016-01-12 00:00:00.000,0,01693E4B-961B-A0E1-85D9-15DEC0E2B6FA,1
3016,1,2016-01-12 00:00:00.000,0,275C9C34-0D9C-9358-9123-6A05615320E7,1
3017,7,2016-01-12 00:00:00.000,71588,D570B7D0-F8E4-1C14-4639-35DF097470F4,0
3018,8,2016-01-12 00:00:00.000,71593,386B1E6C-E7FE-CA88-7447-E10C8E7DC7D1,0
3019,49,2016-01-13 00:00:00.000,0,D9892FD6-D572-B53B-C187-E47099BA6251,1
3020,1,2016-01-13 00:00:00.000,0,776CF77F-B8CC-0B47-FB3D-142FA5980E64,1
3021,49,2016-01-13 00:00:00.000,0,8C545B85-DA23-1E9D-6650-DA1843AB0996,1
3022,49,2016-01-13 00:00:00.000,0,2ABF496D-FAD1-7225-B244-E6973DA8630E,1
3023,8,2016-01-13 00:00:00.000,71615,AA620CB0-D611-D833-0988-B90FD65E8746,0
3024,7,2016-01-14 00:00:00.000,71626,0061DC24-F713-0B3B-E611-819A03CFB869,0
3025,7,2016-01-14 00:00:00.000,71634,DBBBB468-D698-F97C-C715-A8D1FB67238A,0
3026,7,2016-01-14 00:00:00.000,71636,67A030BE-BC81-258F-FE7A-9CB7DE4007BB,0
3027,49,2016-01-14 00:00:00.000,0,AE73636D-EA07-F615-2CB8-C9C77A86B25B,1
3028,49,2016-01-14 00:00:00.000,0,9534FF28-D391-9E14-4DF1-70DC4B8948FF,1
3029,7,2016-01-14 00:00:00.000,71645,E0CE5AA2-ED50-A1D0-8993-7A61F5A88914,0
3030,49,2016-01-14 00:00:00.000,0,53181B04-EDA6-14D1-0B32-0068F276F8AB,1
3031,7,2016-01-14 00:00:00.000,71646,C3128D19-CCDB-3929-533E-50BF5E710732,0
3032,49,2016-01-14 00:00:00.000,0,0F7B9EF4-A64B-28B4-2436-84ECB103051B,1
3033,49,2016-01-14 00:00:00.000,0,CB2CDD58-CB8B-1841-EF83-9E3DFDB7813D,1
3034,49,2016-01-14 00:00:00.000,0,93F23DBB-BF13-A937-4EF4-32F15EF418BE,1
3035,7,2016-01-15 00:00:00.000,71664,3499B765-997E-65DC-BE2A-8C222B0C7EA2,0
3036,49,2016-01-15 00:00:00.000,0,87604EF6-9CF1-4B87-075B-79DC2541C490,1
3037,49,2016-01-15 00:00:00.000,0,C2A04ABF-F3CD-4FA0-848D-23F3C4C7BBEF,1
3038,49,2016-01-15 00:00:00.000,0,8F9C6A80-90D3-1B52-7F1B-9D7F553741FB,1
3039,49,2016-01-16 00:00:00.000,0,CF14A5A1-CB21-30F5-5AB9-CD1E4550B086,1
3040,49,2016-01-16 00:00:00.000,0,9B15F2FC-C3B0-A423-48EA-48BFFB0244EA,1
3041,49,2016-01-16 00:00:00.000,0,BBAFA16F-94D8-B7B4-ACCC-7A23FB50F31C,1
3042,49,2016-01-16 00:00:00.000,0,1B706D05-E726-B33E-98E1-410637A5F017,1
3043,49,2016-01-16 00:00:00.000,0,DA8F71F9-F725-5383-214B-FB3EDF947032,1
3044,49,2016-01-16 00:00:00.000,0,8E95C259-FC16-F130-C487-C733551382AD,1
3045,49,2016-01-16 00:00:00.000,0,FC00E9B8-D03E-530A-4BA9-BEECEFBC1231,1
3046,49,2016-01-16 00:00:00.000,0,FE397B61-069E-B752-499C-27EE90D4E2E4,1
3047,49,2016-01-16 00:00:00.000,0,C48B9B93-F885-23F8-9A8C-D770B2A2D057,1
3048,49,2016-01-16 00:00:00.000,0,BCF0D225-CF24-2C37-210A-AAC2938888CB,1
3049,49,2016-01-16 00:00:00.000,0,937B3AE1-FE05-D6C8-E85F-0B98C3220B68,1
3050,49,2016-01-16 00:00:00.000,0,4462AF4E-9759-4EE1-F1A3-9E7E1C876C2C,1
3051,49,2016-01-16 00:00:00.000,0,2F72F4E3-FC93-0DE1-FE07-A41D035F638C,1
3052,49,2016-01-16 00:00:00.000,0,C3AC9AD7-EB55-1BEE-FC8A-5A13207F5D30,1
3053,49,2016-01-16 00:00:00.000,0,D0203E4C-A874-1941-2118-292EAC0BAAD7,1
3054,49,2016-01-16 00:00:00.000,0,9F3BBE73-DD4F-C674-EF39-1F6BE8E9450C,1
3055,49,2016-01-16 00:00:00.000,0,D94FC28D-0A1E-1B19-E16B-EBE292C3613E,1
3056,49,2016-01-16 00:00:00.000,0,376EC58D-E051-4254-3A34-5CE13F3D0B2F,1
3057,49,2016-01-16 00:00:00.000,0,0A8BDF39-E431-2A7D-41C2-BCAE87933EE8,1
3058,49,2016-01-16 00:00:00.000,0,B3D015E4-A29F-DCE6-1972-EEAE78DB748C,1
3059,49,2016-01-16 00:00:00.000,0,5A24EB8B-04BE-338B-981C-5D980E5CF41D,1
3060,32,2016-01-16 00:00:00.000,0,AE541486-E4E0-9182-3227-42EE27F0447F,1
3061,49,2016-01-16 00:00:00.000,0,AE541486-E4E0-9182-3227-42EE27F0447F,1
3062,49,2016-01-16 00:00:00.000,0,99ABC02F-AF3B-C1B7-D965-5B95588FE17F,1
3063,49,2016-01-16 00:00:00.000,0,49B26FC2-C299-B5FF-07D3-DEEBF72378B3,1
3064,49,2016-01-16 00:00:00.000,0,710A31A2-CD4B-1E3F-FA7F-1B4EA7EC2409,1
3065,49,2016-01-16 00:00:00.000,0,191EE100-D41C-CBB3-51C2-BD464F2E9CF8,1
3066,49,2016-01-16 00:00:00.000,0,E9975F32-0E72-1D07-3DCB-EA665B983923,1
3067,49,2016-01-16 00:00:00.000,0,A8BA185B-E879-E972-A6D8-4D74EE685807,1
3068,1,2016-01-16 00:00:00.000,0,05234732-0F04-E0B8-93C3-DBA6299CF398,1
3069,32,2016-01-16 00:00:00.000,0,05234732-0F04-E0B8-93C3-DBA6299CF398,1
3070,49,2016-01-16 00:00:00.000,0,FB98DFE8-9B5D-A548-A7A5-BBEB135D1ECA,1
3071,49,2016-01-16 00:00:00.000,0,5D6EB8BD-DE55-0BBA-9BF4-32F3AAFDD5C5,1
3072,49,2016-01-16 00:00:00.000,0,EDA3D043-F4F5-B8F9-C9C5-6523E0CE1FCF,1
3073,49,2016-01-16 00:00:00.000,0,5FEE4516-A28C-E638-E5F0-BA93346A0E81,1
3074,49,2016-01-16 00:00:00.000,0,5ACEFB04-D89C-DD81-2235-098FAE663487,1
3075,49,2016-01-16 00:00:00.000,0,73B9403F-DA4E-3641-A36C-7EBECDAA5E18,1
3076,49,2016-01-16 00:00:00.000,0,BB457E33-D771-6594-5DE4-5AA53A918968,1
3077,49,2016-01-16 00:00:00.000,0,7DED864E-E6C4-8D23-CAFF-A883A3BD7023,1
3078,49,2016-01-16 00:00:00.000,0,4E80A8B8-A4AE-E2CA-4AB7-98BADD8609CC,1
3079,49,2016-01-16 00:00:00.000,0,01693E4B-961B-A0E1-85D9-15DEC0E2B6FA,1
3080,49,2016-01-16 00:00:00.000,0,D6CFBB32-C795-A508-A3FC-0F87680A070A,1
3081,49,2016-01-16 00:00:00.000,0,3D6CCCA2-F436-7D90-845B-DCD67BE6BB6A,1
3082,49,2016-01-16 00:00:00.000,0,D60C8E31-0CF8-49E3-8A24-75348AC1FE09,1
3083,49,2016-01-16 00:00:00.000,0,DC17B6E8-A528-82BA-0AE9-1B6B5D4FB2B7,1
3084,49,2016-01-16 00:00:00.000,0,D8DE8E5E-97D9-5444-5BC9-6D79579DE784,1
3085,49,2016-01-16 00:00:00.000,0,AE7F0894-B2E0-A06D-9812-D2766731704E,1
3086,49,2016-01-16 00:00:00.000,0,5B5BB8BD-00A1-8DD3-631B-089EA105B615,1
3087,49,2016-01-16 00:00:00.000,0,3404535B-FEB6-DAC3-6436-2C934797324E,1
3088,49,2016-01-16 00:00:00.000,0,E001AEA1-D094-865A-5B75-85BB40D3FAE5,1
3089,49,2016-01-16 00:00:00.000,0,04DC4B5E-AE64-97A9-E57E-AFE88DFBE4E9,1
3090,49,2016-01-16 00:00:00.000,0,8F413807-A2C7-C4DA-C583-D45320C4F299,1
3091,49,2016-01-16 00:00:00.000,0,8411D650-A70C-EF6D-7922-3AB37B6DDC26,1
3092,49,2016-01-16 00:00:00.000,0,72A3716E-DF3C-CAA5-8CE5-749C40F163BD,1
3093,49,2016-01-16 00:00:00.000,0,A631AC21-F97D-FBDC-73CE-E1D281CFFCD7,1
3094,49,2016-01-16 00:00:00.000,0,9D91BE65-C7D8-B7EB-99A6-D78BC7E87B6F,1
3095,49,2016-01-16 00:00:00.000,0,B0D2B01C-9510-CDAA-896B-81BAF46250BB,1
3096,49,2016-01-17 00:00:00.000,0,59AB46D5-A4F9-48ED-7FFB-0B77C3536A52,1
3097,1,2016-01-17 00:00:00.000,0,451B91D7-C202-C10A-F273-F563B8A052B1,1
3098,49,2016-01-17 00:00:00.000,0,D078F1CE-99F4-687E-4275-53483873413F,1
3099,49,2016-01-17 00:00:00.000,0,AEC98CA5-DC34-6B33-437D-9D4A9247220B,1
3100,32,2016-01-17 00:00:00.000,0,23C772EF-CE8C-7CBD-5EC7-2BCC30D655F5,1
3101,49,2016-01-17 00:00:00.000,0,F86650C0-BC35-A825-9730-CA4C18EA7A1D,1
3102,49,2016-01-17 00:00:00.000,0,F9A58D20-92BE-9A26-DFA6-4E88AC9E14E5,1
3103,34,2016-01-18 00:00:00.000,0,4A23F3F4-D646-A0C1-3F92-BB25CBA970D4,1
3104,8,2016-01-18 00:00:00.000,71818,2004CED1-A416-AF0E-551A-482ECB576B7A,0
3105,49,2016-01-18 00:00:00.000,0,C628F220-DC1A-1ECB-9E71-74C222B374C6,1
3106,49,2016-01-18 00:00:00.000,0,9CFC248E-FEB2-6009-AD69-0A8AFB646914,1
3107,26,2016-01-18 00:00:00.000,71838,FE10F782-C570-3CF4-C497-19A6323BC738,0
3108,49,2016-01-18 00:00:00.000,0,90632607-0B57-52B5-EE80-0FDA2A02F35F,1
3109,49,2016-01-18 00:00:00.000,0,66B1F537-F6BD-C5FD-213C-15EF52444F94,1
3110,49,2016-01-18 00:00:00.000,0,8B060693-E08E-89B8-3BFE-70FF469B50A4,1
3111,49,2016-01-18 00:00:00.000,0,093A45F4-B1FA-9B90-2908-6EB334C1ACD1,1
3112,32,2016-01-18 00:00:00.000,0,8B060693-E08E-89B8-3BFE-70FF469B50A4,1
3113,32,2016-01-18 00:00:00.000,0,93F23DBB-BF13-A937-4EF4-32F15EF418BE,1
3114,1,2016-01-18 00:00:00.000,0,7814EA27-F3AA-0DCE-6EB6-6E98AF67F68E,1
3115,49,2016-01-19 00:00:00.000,0,D182B72D-0FF6-C66F-2EA9-AB91E03C4EAA,1
3116,34,2016-01-19 00:00:00.000,0,2AB79594-A1F7-3A4C-B803-0F0AB20C223F,1
3117,49,2016-01-19 00:00:00.000,0,F77496CD-EA3B-8B1D-9117-80BAE4C45E94,1
3118,32,2016-01-19 00:00:00.000,0,F77496CD-EA3B-8B1D-9117-80BAE4C45E94,1
3119,49,2016-01-20 00:00:00.000,0,7F1D73E6-0B2C-2CB3-30F6-BF2A4789B25D,1
3120,49,2016-01-20 00:00:00.000,0,FEB466A1-0631-2EC2-C170-A89537413F0D,1
3121,49,2016-01-21 00:00:00.000,0,AB1BD8DF-D704-7782-6ED4-42756E6950D9,1
3122,1,2016-01-21 00:00:00.000,0,0EAD5585-0DAB-5CCB-9DB1-AD9BC0F2B40E,1
3123,49,2016-01-21 00:00:00.000,0,DEEF1329-D059-FD16-3B6A-D4E784BC0061,1
3124,49,2016-01-21 00:00:00.000,0,AE2BAF66-B110-26C8-19EB-947A6794839E,1
3125,49,2016-01-22 00:00:00.000,0,F7813D7A-A715-DB7B-5E01-782FF5EC0FED,1
3126,32,2016-01-22 00:00:00.000,0,7AD5A58B-F7B6-5FEE-FC91-EEF64055DC2D,1
3127,49,2016-01-23 00:00:00.000,0,26AC4DE7-FA18-CEC6-B3DC-5E2DB194261D,1
3128,1,2016-01-23 00:00:00.000,0,A0C12110-098E-D132-2808-9103772D618E,1
3129,1,2016-01-24 00:00:00.000,0,B7E61FB0-9514-5C57-0D7D-ABA82B1E63B0,1
3130,34,2016-01-24 00:00:00.000,0,B7E61FB0-9514-5C57-0D7D-ABA82B1E63B0,1
3131,32,2016-01-24 00:00:00.000,0,B7E61FB0-9514-5C57-0D7D-ABA82B1E63B0,1
3132,49,2016-01-24 00:00:00.000,0,B7E61FB0-9514-5C57-0D7D-ABA82B1E63B0,1
3133,7,2016-01-24 00:00:00.000,72063,26AC4DE7-FA18-CEC6-B3DC-5E2DB194261D,0
3134,28,2016-01-24 00:00:00.000,72064,26AC4DE7-FA18-CEC6-B3DC-5E2DB194261D,0
3135,1,2016-01-25 00:00:00.000,0,DA9B4FF4-9C8A-8502-095A-75CD79CBF1FA,1
3136,32,2016-01-25 00:00:00.000,0,DA9B4FF4-9C8A-8502-095A-75CD79CBF1FA,1
3137,32,2016-01-25 00:00:00.000,0,8234D4E6-9F47-259D-BF6B-49BB410B022B,1
3138,49,2016-01-26 00:00:00.000,0,81740181-D988-FA8E-34D8-51E58F506A1A,1
3139,34,2016-01-26 00:00:00.000,0,35DDD7DE-FD21-FCD4-6A51-75F3FF3320F8,1
3140,49,2016-01-26 00:00:00.000,0,17D387AF-E70F-9109-E7F6-4C1CBC7E7352,1
3141,49,2016-01-27 00:00:00.000,0,4A23F3F4-D646-A0C1-3F92-BB25CBA970D4,1
3142,1,2016-01-27 00:00:00.000,0,A85E2363-04D4-0B2F-7CF5-D97FA3378089,1
3143,8,2016-01-28 00:00:00.000,72252,23DF5CE6-5056-A02D-DF07-6BD771BF5BC2,0
3144,1,2016-01-28 00:00:00.000,0,CB66612C-083C-52F1-145F-133F3D1725A0,1
3145,49,2016-01-28 00:00:00.000,0,11041567-C874-A51B-D4ED-4C33FD5FDC0F,1
3146,34,2016-01-29 00:00:00.000,0,2A282CA9-B384-BC9F-29EC-4381D322D1A7,1
3147,32,2016-01-29 00:00:00.000,0,2A282CA9-B384-BC9F-29EC-4381D322D1A7,1
3148,34,2016-01-29 00:00:00.000,72467,6AF9EB4A-5056-A02D-DFC3-E1F4B73871AC,0
3149,49,2016-01-29 00:00:00.000,0,DED01CA8-90C9-77CE-18F4-5281B4A83192,1
3150,1,2016-01-30 00:00:00.000,0,ADAE7ED1-F261-55E5-21D3-3046A08706D6,1
3151,49,2016-01-30 00:00:00.000,0,00C4237F-FC16-78EF-F4A5-CF98F2285BC3,1
3152,1,2016-01-30 00:00:00.000,0,7AD5A58B-F7B6-5FEE-FC91-EEF64055DC2D,1
3153,49,2016-01-30 00:00:00.000,0,5C68A4F8-ECED-CF93-8B08-3903942CAA5F,1
3154,49,2016-01-31 00:00:00.000,0,7266B2EA-A5B5-8F78-063F-3424E488CAA3,1
3155,32,2016-01-31 00:00:00.000,0,23DF5CE6-5056-A02D-DF07-6BD771BF5BC2,1
3156,49,2016-02-02 00:00:00.000,0,2778330A-BC33-AD62-3F86-3CCEA9E31BD4,1
3157,32,2016-02-02 00:00:00.000,0,5C68A4F8-ECED-CF93-8B08-3903942CAA5F,1
3158,1,2016-02-03 00:00:00.000,0,68ACA05D-EEE2-19C2-265B-73521B424393,1
3159,49,2016-02-03 00:00:00.000,0,13B156D8-02C8-8149-3329-88552BDBCB94,1
3160,49,2016-02-03 00:00:00.000,0,BA2007F9-957C-7A9A-7698-42BBE14CDA49,1
3161,32,2016-02-04 00:00:00.000,0,33EC7734-0C7C-AF65-6556-6CB6F93F58DB,1
3162,49,2016-02-04 00:00:00.000,0,19923DAA-B71D-4650-5AE5-9987FF71B4F9,1
3163,49,2016-02-05 00:00:00.000,0,BC66593F-FCFD-4A12-117E-CB8B9842D8BB,1
3164,26,2016-02-05 00:00:00.000,72756,2373357B-F184-FF68-BB73-B5561FB182D9,0
3165,49,2016-02-06 00:00:00.000,0,54FEE251-E3C1-ED39-0330-C40999AC7BDF,1
3166,32,2016-02-07 00:00:00.000,0,A3C6ED51-0B56-BFC0-CC6D-DEAEEA263F9E,1
3167,34,2016-02-08 00:00:00.000,0,2185D748-90FC-A0CE-C754-0969E2A51211,1
3168,26,2016-02-08 00:00:00.000,72872,B0E33DA9-D9BE-6FD6-7828-26078CDAE0E6,0
3169,34,2016-02-08 00:00:00.000,0,FDF6B4DE-AB1E-2F22-E2C4-497E39EAB671,1
3170,49,2016-02-08 00:00:00.000,0,FDF6B4DE-AB1E-2F22-E2C4-497E39EAB671,1
3171,34,2016-02-09 00:00:00.000,0,9A895CD4-ABEA-C2B9-55AF-D97FF2500A82,1
3172,34,2016-02-09 00:00:00.000,0,491361B0-EBFE-C6CB-4324-DD3F641A14AA,1
3173,34,2016-02-09 00:00:00.000,0,DE4CE24D-FDBA-995E-7D36-8D2C2F444A00,1
3174,49,2016-02-09 00:00:00.000,0,7C72FDB4-C793-B996-0FB3-093329B2FC34,1
3175,34,2016-02-09 00:00:00.000,0,F3B14A24-0FC6-1571-5976-23FCFC3C2ECD,1
3176,7,2016-02-09 00:00:00.000,72897,13B156D8-02C8-8149-3329-88552BDBCB94,0
3177,34,2016-02-09 00:00:00.000,0,FD8FD494-D176-931C-98B5-4345616D2407,1
3178,34,2016-02-09 00:00:00.000,0,DC237190-DAE8-5484-B88B-01A99AD18AA8,1
3179,32,2016-02-09 00:00:00.000,0,A9003A7F-0916-420E-4471-214279CBD4C6,1
3180,34,2016-02-09 00:00:00.000,0,D10E016E-A073-141B-27BC-21605F8CB432,1
3181,34,2016-02-09 00:00:00.000,0,6ECBA163-EA66-B4B2-7DB5-C11647D9EF51,1
3182,34,2016-02-09 00:00:00.000,0,BDBDE3D5-DEAD-677C-C6A8-B2F67E0034F4,1
3183,34,2016-02-09 00:00:00.000,0,9E5407FB-B7C7-B8D5-7C13-CEE6F4030893,1
3184,34,2016-02-09 00:00:00.000,0,DA8F71F9-F725-5383-214B-FB3EDF947032,1
3185,34,2016-02-09 00:00:00.000,0,9080FB9E-98A2-BA2D-BB37-88A54AC7333A,1
3186,34,2016-02-10 00:00:00.000,0,451B91D7-C202-C10A-F273-F563B8A052B1,1
3187,49,2016-02-10 00:00:00.000,0,7B05D2EA-CB5E-3443-9079-7B97BD73DA74,1
3188,7,2016-02-10 00:00:00.000,72921,7B05D2EA-CB5E-3443-9079-7B97BD73DA74,0
3189,49,2016-02-10 00:00:00.000,0,302F95C0-BE84-78E7-E281-B2D679DDDAFB,1
3190,32,2016-02-10 00:00:00.000,0,BB814997-91AC-2D2A-7185-F13279ED789E,1
3191,34,2016-02-10 00:00:00.000,0,6E53BC5D-944E-4D4F-7B76-C946117C0A1D,1
3192,34,2016-02-10 00:00:00.000,0,3BEC5DC9-A210-0CD8-8723-01B7ECD0E5BF,1
3193,34,2016-02-11 00:00:00.000,0,0E60DFBC-A63D-A49D-8015-08C233858652,1
3194,1,2016-02-11 00:00:00.000,0,28EC4F78-E370-6B5A-97EB-EE0FA1876823,1
3195,34,2016-02-11 00:00:00.000,0,50B49A36-E87B-B256-E7FE-E979A9EB1ACA,1
3196,34,2016-02-11 00:00:00.000,0,9B260F6C-BE2F-9775-7DF6-497B1EC85821,1
3197,49,2016-02-12 00:00:00.000,0,CF47242F-C5BD-5CFE-1AE2-BDD950A45732,1
3198,34,2016-02-12 00:00:00.000,0,28EC4F78-E370-6B5A-97EB-EE0FA1876823,1
3199,34,2016-02-12 00:00:00.000,0,D6CFBB32-C795-A508-A3FC-0F87680A070A,1
3200,7,2016-02-12 00:00:00.000,72991,05234732-0F04-E0B8-93C3-DBA6299CF398,0
3201,8,2016-02-12 00:00:00.000,72994,28EC4F78-E370-6B5A-97EB-EE0FA1876823,0
3202,32,2016-02-13 00:00:00.000,0,54FEE251-E3C1-ED39-0330-C40999AC7BDF,1
3203,49,2016-02-14 00:00:00.000,0,D2C2F125-D9EE-D58A-1924-C3137D78A30F,1
3204,49,2016-02-14 00:00:00.000,0,9A160535-C59A-DE3C-7406-D1C44A08A5A5,1
3205,49,2016-02-15 00:00:00.000,0,B16F25E2-C662-EDB3-5B47-05DE44F9F44B,1
3206,6,2016-02-15 00:00:00.000,73083,F3BF83D2-5056-A02D-DF6B-B87740913279,0
3207,49,2016-02-15 00:00:00.000,0,50B49A36-E87B-B256-E7FE-E979A9EB1ACA,1
3208,32,2016-02-15 00:00:00.000,0,DED01CA8-90C9-77CE-18F4-5281B4A83192,1
3209,8,2016-02-16 00:00:00.000,73126,23AF32C8-5056-A02D-DF30-DFE016C23103,0
3210,8,2016-02-16 00:00:00.000,73202,7ACABBBC-E441-9D76-9B1D-797720BC3713,0
3211,49,2016-02-16 00:00:00.000,0,FD8FD494-D176-931C-98B5-4345616D2407,1
3212,49,2016-02-16 00:00:00.000,0,F19066B8-C229-B451-1113-4CAC436BF7EB,1
3213,49,2016-02-16 00:00:00.000,0,A9003A7F-0916-420E-4471-214279CBD4C6,1
3214,34,2016-02-17 00:00:00.000,0,42D1146E-0D6E-9A00-7E29-120E84F61DDD,1
3215,34,2016-02-17 00:00:00.000,0,A9003A7F-0916-420E-4471-214279CBD4C6,1
3216,1,2016-02-17 00:00:00.000,0,A9003A7F-0916-420E-4471-214279CBD4C6,1
3217,1,2016-02-17 00:00:00.000,73275,56CD95CB-961C-2602-764C-A89EA38B0308,0
3218,49,2016-02-18 00:00:00.000,0,5FB320EE-D626-F56D-EDF0-86B5C32D1429,1
3219,49,2016-02-20 00:00:00.000,0,28EC4F78-E370-6B5A-97EB-EE0FA1876823,1
3220,26,2016-02-21 00:00:00.000,73423,26AC4DE7-FA18-CEC6-B3DC-5E2DB194261D,0
3221,5,2016-02-21 00:00:00.000,73427,26AC4DE7-FA18-CEC6-B3DC-5E2DB194261D,0
3222,2,2016-02-21 00:00:00.000,73429,26AC4DE7-FA18-CEC6-B3DC-5E2DB194261D,0
3223,4,2016-02-21 00:00:00.000,73430,26AC4DE7-FA18-CEC6-B3DC-5E2DB194261D,0
3224,3,2016-02-21 00:00:00.000,73431,26AC4DE7-FA18-CEC6-B3DC-5E2DB194261D,0
3225,27,2016-02-21 00:00:00.000,73433,26AC4DE7-FA18-CEC6-B3DC-5E2DB194261D,0
3226,6,2016-02-21 00:00:00.000,73438,26AC4DE7-FA18-CEC6-B3DC-5E2DB194261D,0
3227,8,2016-02-21 00:00:00.000,73453,44C4BF48-5056-A02D-DFB7-D1859F5E15C3,0
3228,32,2016-02-22 00:00:00.000,0,BF7DE8FF-ACF8-AF4B-2894-32DEB88D304A,1
3229,49,2016-02-23 00:00:00.000,0,3B9D8A16-A263-62BF-C9F1-5BAC7AA58393,1
3230,1,2016-02-23 00:00:00.000,0,3B9D8A16-A263-62BF-C9F1-5BAC7AA58393,1
3231,26,2016-02-23 00:00:00.000,73499,5B58CE85-5056-A02D-DF75-9AE4F0ABDBA3,0
3232,26,2016-02-23 00:00:00.000,73506,CBDD75A8-F1E0-2D1C-0A94-1C970DCED7AA,0
3233,26,2016-02-23 00:00:00.000,73508,17F95B92-E24C-E3EA-4FE7-5665C1C7513C,0
3234,49,2016-02-23 00:00:00.000,0,E2784C45-EA01-8583-AC2B-69DACEF26B16,1
3235,49,2016-02-23 00:00:00.000,0,CB32CA9F-D665-3302-6672-E09D93A3B16C,1
3236,7,2016-02-23 00:00:00.000,73523,CB32CA9F-D665-3302-6672-E09D93A3B16C,0
3237,1,2016-02-23 00:00:00.000,73531,32B0C972-F880-001E-4142-98DB1360E279,0
3238,34,2016-02-24 00:00:00.000,0,C79E5529-E014-5E6B-8F43-0BE658931E34,1
3239,26,2016-02-25 00:00:00.000,74581,D8B0B296-C9D4-7862-A2AF-356253A11055,0
3240,7,2016-02-25 00:00:00.000,74585,21C90510-F8B7-2C5B-12C4-6196A1EA86ED,0
3241,1,2016-02-25 00:00:00.000,0,EC3A5EA6-FE7D-1A58-3E04-4F95552EFC70,1
3242,1,2016-02-27 00:00:00.000,0,74AE86A7-5056-A02D-DFFD-5659EEB43F16,1
3243,32,2016-02-27 00:00:00.000,0,6E1FC51B-5056-A02D-DF76-4F1CC3998152,1
3244,7,2016-02-28 00:00:00.000,74674,3D598959-03F8-3C64-9C27-75AD502155D1,0
3245,1,2016-02-28 00:00:00.000,0,6E1FC51B-5056-A02D-DF76-4F1CC3998152,1
3246,34,2016-02-28 00:00:00.000,0,6D64251F-5056-A02D-DFF7-1AB9220F8ED6,1
3247,1,2016-02-28 00:00:00.000,0,D6CFBB32-C795-A508-A3FC-0F87680A070A,1
3248,49,2016-02-28 00:00:00.000,0,6D64251F-5056-A02D-DFF7-1AB9220F8ED6,1
3249,32,2016-02-28 00:00:00.000,0,6D64251F-5056-A02D-DFF7-1AB9220F8ED6,1
3250,34,2016-02-29 00:00:00.000,0,693DB600-5056-A02D-DFB6-E5ADD80CEA8D,1
3251,49,2016-03-01 00:00:00.000,0,953F1A72-BCBC-E362-4815-9F4D9D05E6E0,1
3252,32,2016-03-02 00:00:00.000,0,BEE5B830-D7A6-FB65-484B-A25CEC94A0DD,1
3253,8,2016-03-02 00:00:00.000,74812,35DDD7DE-FD21-FCD4-6A51-75F3FF3320F8,0
3254,1,2016-03-03 00:00:00.000,0,2AB79594-A1F7-3A4C-B803-0F0AB20C223F,1
3255,32,2016-03-03 00:00:00.000,0,7AF2233D-5056-A02D-DF4A-80B79C437E8A,1
3256,32,2016-03-03 00:00:00.000,0,2AB79594-A1F7-3A4C-B803-0F0AB20C223F,1
3257,49,2016-03-03 00:00:00.000,0,6E1FC51B-5056-A02D-DF76-4F1CC3998152,1
3258,49,2016-03-04 00:00:00.000,0,DD61C1EC-BD64-4A2A-0DDC-57CC0D49DB9A,1
3259,34,2016-03-04 00:00:00.000,0,964396B5-FE2D-6696-48B7-156D1835FDE8,1
3260,1,2016-03-04 00:00:00.000,0,964396B5-FE2D-6696-48B7-156D1835FDE8,1
3261,34,2016-03-05 00:00:00.000,0,7DEC05E9-F4AA-5BB4-DA10-1B000E7AEF79,1
3262,34,2016-03-05 00:00:00.000,0,BEE5B830-D7A6-FB65-484B-A25CEC94A0DD,1
3263,49,2016-03-06 00:00:00.000,0,322CF5E7-5056-A02D-DF6F-A9D3F63C1921,1
3264,1,2016-03-06 00:00:00.000,0,245C1CD5-5056-A02D-DFBB-C54C1674BB72,1
3265,34,2016-03-06 00:00:00.000,0,17F95B92-E24C-E3EA-4FE7-5665C1C7513C,1
3266,49,2016-03-06 00:00:00.000,0,BEE5B830-D7A6-FB65-484B-A25CEC94A0DD,1
3267,34,2016-03-07 00:00:00.000,0,925113F7-0B54-4006-0A8E-390AD1C237F1,1
3268,49,2016-03-07 00:00:00.000,0,9F6BB0A1-EDE7-E619-606C-8790F0A4DDD9,1
3269,34,2016-03-07 00:00:00.000,0,3130A45B-5056-A02D-DF00-8CA4D4A1F0AE,1
3270,1,2016-03-09 00:00:00.000,0,322CF5E7-5056-A02D-DF6F-A9D3F63C1921,1
3271,1,2016-03-10 00:00:00.000,0,D0212A66-9346-FB18-8014-572AD3F68F22,1
3272,1,2016-03-10 00:00:00.000,0,CBDD75A8-F1E0-2D1C-0A94-1C970DCED7AA,1
3273,1,2016-03-10 00:00:00.000,0,1DAA5B7B-90CB-2AA2-8A40-43ECCF5306E9,1
3274,1,2016-03-10 00:00:00.000,0,9CFC248E-FEB2-6009-AD69-0A8AFB646914,1
3275,1,2016-03-10 00:00:00.000,0,13D57352-DCD9-F39C-6C52-AEDEDFCFCFC1,1
3276,1,2016-03-10 00:00:00.000,0,2A06BB89-D571-A671-ADF8-0C1DAF19BDBF,1
3277,1,2016-03-10 00:00:00.000,0,23DF5CE6-5056-A02D-DF07-6BD771BF5BC2,1
3278,1,2016-03-10 00:00:00.000,0,7F2BDA93-E300-F85D-B81C-C45E6D7485F0,1
3279,1,2016-03-10 00:00:00.000,0,7694EA2D-E0B7-4BD5-6193-0C22A5E22418,1
3280,1,2016-03-11 00:00:00.000,0,BDA9B684-F114-D8A3-6480-F7F1B6627EF1,1
3281,49,2016-03-11 00:00:00.000,0,A11416F6-DDCD-A6A9-5E47-DE41A2928E82,1
3282,3,2016-03-11 00:00:00.000,75112,FD26AC9C-5056-A02D-DF1D-B5E7AF41642E,0
3283,7,2016-03-11 00:00:00.000,75114,FD26AC9C-5056-A02D-DF1D-B5E7AF41642E,0
3284,49,2016-03-11 00:00:00.000,0,A88BCE5F-BE68-D589-52A6-DB92C3DFAC33,1
3285,1,2016-03-11 00:00:00.000,0,C434DFB7-928E-F728-0074-F8927405D98E,1
3286,1,2016-03-11 00:00:00.000,0,F642BDE1-F17C-0B38-0946-200D16DD21EF,1
3287,1,2016-03-12 00:00:00.000,0,A1372A7D-5056-A02D-DF6F-9ED05FC04D2B,1
3288,34,2016-03-12 00:00:00.000,0,75FB1C7F-5056-A02D-DF30-5298C12FB262,1
3289,1,2016-03-12 00:00:00.000,0,3130A45B-5056-A02D-DF00-8CA4D4A1F0AE,1
3290,1,2016-03-12 00:00:00.000,0,61E148C6-D3FA-14F5-9359-AA481FC24316,1
3291,8,2016-03-12 00:00:00.000,75165,907A9B8C-5056-A02D-DFFA-A7B3B9D4837E,0
3292,1,2016-03-14 00:00:00.000,75209,DDA1E8A1-5056-A02D-DF4D-B58C86712209,0
3293,34,2016-03-14 00:00:00.000,0,907A9B8C-5056-A02D-DFFA-A7B3B9D4837E,1
3294,1,2016-03-16 00:00:00.000,0,42D1146E-0D6E-9A00-7E29-120E84F61DDD,1
3295,49,2016-03-16 00:00:00.000,0,29DD8A76-FC1E-DDC6-8B48-8436233A8F96,1
3296,7,2016-03-17 00:00:00.000,75296,72389D47-CDA3-24B9-CD5B-B7D0DF02736E,0
3297,32,2016-03-18 00:00:00.000,0,78926463-F31D-5FD7-DB6D-CA4150AABA18,1
3298,6,2016-03-19 00:00:00.000,75364,99941F99-5056-A02D-DFC4-D9E13B054165,0
3299,1,2016-03-19 00:00:00.000,0,3FA62F7B-D808-6F21-684C-875DDA6CD033,1
3300,1,2016-03-20 00:00:00.000,0,6DAB2307-5056-A02D-DF48-575DCDBB2C36,1
3301,32,2016-03-20 00:00:00.000,0,80B8F889-B793-4FCB-CD96-65CC17F7FA43,1
3302,26,2016-03-20 00:00:00.000,75422,87604EF6-9CF1-4B87-075B-79DC2541C490,0
3303,34,2016-03-21 00:00:00.000,0,89DA9733-F586-3E28-0D07-675191FBD416,1
3304,1,2016-03-23 00:00:00.000,0,FD26AC9C-5056-A02D-DF1D-B5E7AF41642E,1
3305,49,2016-03-23 00:00:00.000,0,F5D9EB3E-A5C8-10B4-7EA7-5E04E5F3487B,1
3306,1,2016-03-23 00:00:00.000,0,F5D9EB3E-A5C8-10B4-7EA7-5E04E5F3487B,1
3307,1,2016-03-24 00:00:00.000,0,376EC58D-E051-4254-3A34-5CE13F3D0B2F,1
3308,7,2016-03-25 00:00:00.000,76613,B9080BB7-B2E2-121F-667C-5FC7CAF9DD56,0
3309,2,2016-03-25 00:00:00.000,76614,B9080BB7-B2E2-121F-667C-5FC7CAF9DD56,0
3310,4,2016-03-25 00:00:00.000,76617,B9080BB7-B2E2-121F-667C-5FC7CAF9DD56,0
3311,5,2016-03-25 00:00:00.000,76618,B9080BB7-B2E2-121F-667C-5FC7CAF9DD56,0
3312,49,2016-03-25 00:00:00.000,0,B9080BB7-B2E2-121F-667C-5FC7CAF9DD56,1
3313,34,2016-03-25 00:00:00.000,0,FD26AC9C-5056-A02D-DF1D-B5E7AF41642E,1
3314,34,2016-03-25 00:00:00.000,0,A1372A7D-5056-A02D-DF6F-9ED05FC04D2B,1
3315,49,2016-03-25 00:00:00.000,0,912F2CF5-DD39-C22F-27A8-62BAC9B73962,1
3316,26,2016-03-26 00:00:00.000,76659,D0B815C9-5056-A02D-DF11-40202B43D360,0
3317,34,2016-03-26 00:00:00.000,0,CF13502B-9C7D-AF0D-1A7B-472F264287C7,1
3318,49,2016-03-26 00:00:00.000,0,CF13502B-9C7D-AF0D-1A7B-472F264287C7,1
3319,1,2016-03-27 00:00:00.000,0,CF13502B-9C7D-AF0D-1A7B-472F264287C7,1
3320,49,2016-03-28 00:00:00.000,0,FA4F7097-98DA-859C-B35E-5A62FA686C3D,1
3321,8,2016-03-28 00:00:00.000,76708,D0B815C9-5056-A02D-DF11-40202B43D360,0
3322,1,2016-03-28 00:00:00.000,0,0EA6224A-0FAC-3E19-7A69-7FD01A41BAB7,1
3323,49,2016-03-29 00:00:00.000,0,2B605DDB-5056-A02D-DF0F-BFEAF6A32976,1
3324,34,2016-03-29 00:00:00.000,0,2B605DDB-5056-A02D-DF0F-BFEAF6A32976,1
4324,26,2016-03-29 00:00:00.000,77738,F5B8E68E-D963-FD5B-92A9-9E0419A51942,0
4325,32,2016-03-29 00:00:00.000,0,CF13502B-9C7D-AF0D-1A7B-472F264287C7,1
4326,49,2016-03-29 00:00:00.000,0,ED3F3245-F573-EFBA-653F-95FEE0F2D2E8,1
4327,34,2016-03-29 00:00:00.000,0,6E1FC51B-5056-A02D-DF76-4F1CC3998152,1
4328,34,2016-03-30 00:00:00.000,0,F19066B8-C229-B451-1113-4CAC436BF7EB,1
4329,1,2016-03-30 00:00:00.000,0,2B605DDB-5056-A02D-DF0F-BFEAF6A32976,1
4330,1,2016-03-30 00:00:00.000,0,D01B29FB-DBBF-AF49-3DF7-8C9C94980DF8,1
4331,49,2016-03-31 00:00:00.000,0,6E3EAD87-CCFE-D18B-8566-56C1BB749A95,1
4332,1,2016-03-31 00:00:00.000,0,FC00E9B8-D03E-530A-4BA9-BEECEFBC1231,1
4333,1,2016-03-31 00:00:00.000,0,04DC4B5E-AE64-97A9-E57E-AFE88DFBE4E9,1
4334,1,2016-03-31 00:00:00.000,0,9CB95547-D189-98E1-9E9C-D144695E4BE1,1
4335,1,2016-03-31 00:00:00.000,0,9E5407FB-B7C7-B8D5-7C13-CEE6F4030893,1
4336,1,2016-03-31 00:00:00.000,0,D725C1F6-9BEA-4CE4-B0F5-3A9FF1ECB8F8,1
4337,1,2016-03-31 00:00:00.000,0,2ABF496D-FAD1-7225-B244-E6973DA8630E,1
4338,1,2016-03-31 00:00:00.000,0,9080FB9E-98A2-BA2D-BB37-88A54AC7333A,1
4339,49,2016-03-31 00:00:00.000,0,A1372A7D-5056-A02D-DF6F-9ED05FC04D2B,1
4340,49,2016-03-31 00:00:00.000,0,A1372A7D-5056-A02D-DF6F-9ED05FC04D2B,1
4341,1,2016-03-31 00:00:00.000,0,92E3AC5B-F1C8-B806-881D-251AA0C6D2BA,1
4342,1,2016-03-31 00:00:00.000,0,5B58CE85-5056-A02D-DF75-9AE4F0ABDBA3,1
4343,8,2016-03-31 00:00:00.000,77798,3130A45B-5056-A02D-DF00-8CA4D4A1F0AE,0
4344,1,2016-03-31 00:00:00.000,0,FD8FD494-D176-931C-98B5-4345616D2407,1
4345,1,2016-03-31 00:00:00.000,77802,DF0E8321-5056-A02D-DF15-F51B495360D5,0
4346,1,2016-03-31 00:00:00.000,0,90AD3550-F9FD-8B2E-81C6-70E811CFCB84,1
4347,1,2016-03-31 00:00:00.000,0,BC075889-A28B-0FA5-585D-7A9169139382,1
4348,49,2016-03-31 00:00:00.000,0,4290DA5C-C6B1-6C1D-F917-703BE9351071,1
4349,1,2016-03-31 00:00:00.000,0,F90E0668-C799-B930-1449-B3CBE33A0536,1
4350,1,2016-03-31 00:00:00.000,77810,2DCAFFD7-9534-BA01-BE0B-FC928D0CF762,0
4351,34,2016-03-31 00:00:00.000,0,6FC58201-0B60-DF56-8EB5-7AE14E424D9B,1
4352,1,2016-03-31 00:00:00.000,77817,AA292DD3-0F43-FE62-CEB8-59E0C099BCC2,0
4353,1,2016-03-31 00:00:00.000,0,80B8F889-B793-4FCB-CD96-65CC17F7FA43,1
4354,1,2016-03-31 00:00:00.000,0,A91E8889-9FB7-0BBC-744D-1EEF11B286D4,1
4355,1,2016-03-31 00:00:00.000,77827,1AC7CFA0-5056-A02D-DFF3-EEA56EF277FA,0
4356,1,2016-03-31 00:00:00.000,77829,13B50201-CFC0-3FD2-8EBE-E6088A56EDAD,0
4357,1,2016-03-31 00:00:00.000,0,BA0CA209-9C30-55AC-C78E-674D850F59C1,1
4358,1,2016-04-01 00:00:00.000,0,5B5BB8BD-00A1-8DD3-631B-089EA105B615,1
4359,1,2016-04-01 00:00:00.000,0,5EED8254-E76D-E4DE-3A0B-90DF59F416E2,1
4360,49,2016-04-01 00:00:00.000,0,D391A664-AE1D-800F-1791-D2A7DB375E68,1
4361,1,2016-04-01 00:00:00.000,0,8896306C-FE2D-61B5-FE77-0D2D595F19B9,1
4362,49,2016-04-02 00:00:00.000,0,6DAB2307-5056-A02D-DF48-575DCDBB2C36,1
4363,1,2016-04-02 00:00:00.000,0,559EE4B3-E8D8-A06A-E7CB-1E097FE17D47,1
4364,1,2016-04-02 00:00:00.000,0,E3CAED59-BEFA-3A29-4ABB-DD273F6D5512,1
4365,49,2016-04-02 00:00:00.000,0,FBEC7905-06AD-7A04-098A-DAEC9B9760B0,1
4366,1,2016-04-02 00:00:00.000,0,8A6E699A-FD6A-A976-3284-59BA7620074C,1
4367,34,2016-04-02 00:00:00.000,0,C434DFB7-928E-F728-0074-F8927405D98E,1
4368,1,2016-04-03 00:00:00.000,0,7AF2233D-5056-A02D-DF4A-80B79C437E8A,1
4369,1,2016-04-03 00:00:00.000,0,91416C63-FBA8-8052-A1FA-91F63BB2C633,1
4370,32,2016-04-04 00:00:00.000,0,EA763DCC-E99C-4962-061E-E778F428C5F1,1
4371,1,2016-04-04 00:00:00.000,77960,CCB8155F-5056-A02D-DF61-325AEBC6D0EF,0
4372,34,2016-04-05 00:00:00.000,0,D2A5B817-5056-A02D-DF2A-92A53EF15419,1
4373,1,2016-04-05 00:00:00.000,0,D2A5B817-5056-A02D-DF2A-92A53EF15419,1
4374,1,2016-04-05 00:00:00.000,77992,D75AE37A-5056-A02D-DFF1-9A95239691AE,0
4375,1,2016-04-05 00:00:00.000,0,2F72F4E3-FC93-0DE1-FE07-A41D035F638C,1
4376,1,2016-04-05 00:00:00.000,0,FF599F28-DA5F-F434-5EAB-7E32F72BE875,1
4377,49,2016-04-05 00:00:00.000,0,0EA6224A-0FAC-3E19-7A69-7FD01A41BAB7,1
4378,1,2016-04-05 00:00:00.000,0,4BFA0133-5056-A02D-DFF4-6508F6F56E35,1
4379,1,2016-04-05 00:00:00.000,0,2373357B-F184-FF68-BB73-B5561FB182D9,1
4380,1,2016-04-05 00:00:00.000,0,6D64251F-5056-A02D-DFF7-1AB9220F8ED6,1
4381,1,2016-04-05 00:00:00.000,0,98AD061D-5056-A02D-DFAE-0502DA5125D2,1
4382,8,2016-04-07 00:00:00.000,78063,2B605DDB-5056-A02D-DF0F-BFEAF6A32976,0
4383,1,2016-04-08 00:00:00.000,0,B3D015E4-A29F-DCE6-1972-EEAE78DB748C,1
4384,8,2016-04-09 00:00:00.000,78138,D7E62265-9489-3142-EAC0-22C62C93E4CA,0
4385,1,2016-04-11 00:00:00.000,0,F25D9010-F0CE-ACF3-C9C0-D83A4ED928AA,1
4386,1,2016-04-12 00:00:00.000,0,63F59C7C-B662-4CD6-01EF-3B83D5BD3CB0,1
4387,34,2016-04-13 00:00:00.000,0,63F59C7C-B662-4CD6-01EF-3B83D5BD3CB0,1
4388,1,2016-04-13 00:00:00.000,0,D7856C7C-D5AE-B6A1-ADB3-126890ADB787,1
4389,1,2016-04-14 00:00:00.000,0,A6125D5E-5056-A02D-DF6B-FCA89DBB5B28,1
4390,1,2016-04-14 00:00:00.000,0,D94FC28D-0A1E-1B19-E16B-EBE292C3613E,1
4391,8,2016-04-14 00:00:00.000,78312,B1A6EBF7-9F2E-307C-C559-BEAF4668CA39,0
4392,32,2016-04-14 00:00:00.000,0,63F59C7C-B662-4CD6-01EF-3B83D5BD3CB0,1
4393,49,2016-04-14 00:00:00.000,0,63F59C7C-B662-4CD6-01EF-3B83D5BD3CB0,1
4394,1,2016-04-15 00:00:00.000,0,C08EF1CF-F11C-B784-FE77-8CE8A04761DA,1
4395,32,2016-04-16 00:00:00.000,0,353946B0-5056-A02D-DF7C-990BC6BC3477,1
4396,1,2016-04-16 00:00:00.000,0,2F195C82-5056-A02D-DF1C-995DF112D97E,1
4397,34,2016-04-17 00:00:00.000,0,1AC7CFA0-5056-A02D-DFF3-EEA56EF277FA,1
4398,6,2016-04-19 00:00:00.000,78456,4C4B57C5-9D7B-321A-23FB-B7AF9D70B04C,0
4399,8,2016-04-20 00:00:00.000,78476,C92404BE-F381-F661-761B-A56B0D6E6C93,0
4400,49,2016-04-20 00:00:00.000,0,6E7CC962-D48D-6030-F480-169D8BF35CEF,1
4401,1,2016-04-21 00:00:00.000,0,F358A28F-E76A-7444-804D-376F2D75595F,1
4402,8,2016-04-21 00:00:00.000,78523,A6125D5E-5056-A02D-DF6B-FCA89DBB5B28,0
4403,32,2016-04-22 00:00:00.000,0,EEB06547-0CDA-BA84-9DFB-A22C75BDDCFF,1
4404,3,2016-04-23 00:00:00.000,78568,476FF247-DD45-F967-D4FB-D0BF7BAC78CF,0
4405,3,2016-04-23 00:00:00.000,78577,DAB096F5-B0BC-D8C0-7D1B-8D8D4EEAA62A,0
4406,1,2016-04-23 00:00:00.000,0,A3C6ED51-0B56-BFC0-CC6D-DEAEEA263F9E,1
4407,3,2016-04-23 00:00:00.000,78587,8EF28D12-E135-7CF8-5F5A-B00DFB4E5723,0
4408,49,2016-04-23 00:00:00.000,0,74A6912B-9796-B6D6-B9B8-E00AB62B624B,1
4409,3,2016-04-23 00:00:00.000,78597,5534D9D6-E011-CAA6-5C39-52600A8F5E4E,0
4410,3,2016-04-24 00:00:00.000,78640,D6CFBB32-C795-A508-A3FC-0F87680A070A,0
4411,3,2016-04-24 00:00:00.000,78642,BD0C7B06-BC75-8578-2AD5-CB32953FC3BE,0
4412,49,2016-04-27 00:00:00.000,0,8D798C5F-D332-7309-2D7A-E50E3B629061,1
4413,49,2016-04-27 00:00:00.000,0,3CD5E15A-B406-FF85-D95F-1F273EE9F2A6,1
4414,49,2016-04-27 00:00:00.000,0,6670AE9B-CEED-BF54-ECCF-C0EF3679535E,1
4415,34,2016-04-28 00:00:00.000,0,75C0FACA-C2CF-4337-7E2E-293CA6174EB9,1
4416,1,2016-04-29 00:00:00.000,0,D6B7E2FC-5056-A02D-DFCC-D27DF9719CE5,1
4417,34,2016-04-29 00:00:00.000,0,D6B7E2FC-5056-A02D-DFCC-D27DF9719CE5,1
4418,1,2016-04-29 00:00:00.000,0,9BA8DE2D-0CE1-B9DD-1660-5AD954B85689,1
4419,32,2016-04-29 00:00:00.000,0,9BA8DE2D-0CE1-B9DD-1660-5AD954B85689,1
4420,34,2016-04-29 00:00:00.000,0,9BA8DE2D-0CE1-B9DD-1660-5AD954B85689,1
4421,49,2016-04-30 00:00:00.000,0,D10E016E-A073-141B-27BC-21605F8CB432,1
4422,8,2016-05-02 00:00:00.000,79883,1725C5EA-5056-A02D-DF47-4174112158B6,0
4423,1,2016-05-03 00:00:00.000,0,DBE93849-06D9-C7C0-7E6E-521A440CF87E,1
4424,34,2016-05-03 00:00:00.000,0,DBE93849-06D9-C7C0-7E6E-521A440CF87E,1
4425,49,2016-05-03 00:00:00.000,0,DBE93849-06D9-C7C0-7E6E-521A440CF87E,1
4426,34,2016-05-04 00:00:00.000,0,79D5BC86-0865-5845-1344-8A2CEDAB62A4,1
4427,34,2016-05-04 00:00:00.000,0,2DCAFFD7-9534-BA01-BE0B-FC928D0CF762,1
4428,49,2016-05-05 00:00:00.000,0,476FF247-DD45-F967-D4FB-D0BF7BAC78CF,1
4429,1,2016-05-05 00:00:00.000,0,476FF247-DD45-F967-D4FB-D0BF7BAC78CF,1
4430,49,2016-05-05 00:00:00.000,0,042F684A-ADD9-C5B7-2F58-5D3EB80E490A,1
4431,49,2016-05-05 00:00:00.000,0,EB55AF22-D436-1E53-26A2-AF36924DF770,1
4432,49,2016-05-06 00:00:00.000,0,1AC7CFA0-5056-A02D-DFF3-EEA56EF277FA,1
4433,49,2016-05-06 00:00:00.000,0,0E3C2142-DA95-7451-4715-ACCEA91959FD,1
4434,2,2016-05-07 00:00:00.000,80081,C45F02AC-BBC0-DD9D-3477-2A292360C2AC,0
4435,1,2016-05-07 00:00:00.000,0,C45F02AC-BBC0-DD9D-3477-2A292360C2AC,1
4436,5,2016-05-07 00:00:00.000,80097,FEA606E1-F973-799E-8C16-779BE28ED30D,0
4437,32,2016-05-08 00:00:00.000,0,920D7DBD-E347-88BA-B6D8-99F8F5BBDE6C,1
4438,1,2016-05-08 00:00:00.000,0,F8D6A2C6-E3D8-E9B2-AA99-C8B30E490A43,1
4439,1,2016-05-08 00:00:00.000,80121,7B837752-5056-A02D-DF11-486EA974878A,0
4440,26,2016-05-11 00:00:00.000,80203,3130A45B-5056-A02D-DF00-8CA4D4A1F0AE,0
4441,1,2016-05-12 00:00:00.000,0,5503D7DB-5056-A02D-DF20-D0F6307506FE,1
4442,8,2016-05-12 00:00:00.000,80266,B7BA981A-5056-A02D-DFBF-60373C17A535,0
4443,34,2016-05-13 00:00:00.000,0,885FFE58-5056-A02D-DF04-016718F87F30,1
4444,49,2016-05-13 00:00:00.000,0,24813B5B-BD50-99B6-1D54-EC968E3B081F,1
4445,1,2016-05-14 00:00:00.000,0,C4501983-B655-669F-2CFF-8EA20FFFE929,1
4446,7,2016-05-14 00:00:00.000,80334,559EE4B3-E8D8-A06A-E7CB-1E097FE17D47,0
4447,34,2016-05-14 00:00:00.000,0,5503D7DB-5056-A02D-DF20-D0F6307506FE,1
4448,1,2016-05-15 00:00:00.000,80355,D4E513DC-5056-A02D-DFA7-135F29FAF503,0
4449,49,2016-05-17 00:00:00.000,0,C3BE8A75-0259-7A25-F1D9-971511B5C422,1
4450,32,2016-05-17 00:00:00.000,0,13FFFC1A-B436-81A2-4457-BEA10ADBE11A,1
4451,7,2016-05-17 00:00:00.000,80444,559EE4B3-E8D8-A06A-E7CB-1E097FE17D47,0
4452,1,2016-05-18 00:00:00.000,0,7603F342-CCC2-6472-7C41-5D108D1A24EA,1
4453,34,2016-05-20 00:00:00.000,0,7603F342-CCC2-6472-7C41-5D108D1A24EA,1
4454,34,2016-05-21 00:00:00.000,0,F29E9523-BA00-F1DD-C74F-2EE6B8B6621D,1
4455,1,2016-05-21 00:00:00.000,0,DB6F085B-5056-A02D-DF1C-91623B97D1CF,1
4456,34,2016-05-22 00:00:00.000,0,B1588948-F410-0A14-2B0F-2443F57E066A,1
4457,34,2016-05-22 00:00:00.000,0,353946B0-5056-A02D-DF7C-990BC6BC3477,1
4458,49,2016-05-26 00:00:00.000,0,395FFADD-EF06-EF0E-BA5B-85BDA419514D,1
4459,49,2016-05-26 00:00:00.000,0,6C472701-DC15-5678-2019-762DA884F363,1
4460,49,2016-05-26 00:00:00.000,0,471E5450-C14A-7C6C-16E8-628CF11A1048,1
4461,1,2016-05-27 00:00:00.000,0,673E8B3A-5056-A02D-DFAB-F50D73472527,1
4462,34,2016-05-27 00:00:00.000,0,1E1874EC-A7B7-4D61-EDC1-E399B37E75D2,1
4463,1,2016-05-28 00:00:00.000,0,3B1805D8-C64C-F012-8B74-2E0A796E3214,1
4464,1,2016-05-29 00:00:00.000,0,F165D460-5056-A02D-DF05-B6ABFF2572B5,1
4465,1,2016-05-30 00:00:00.000,0,F2612F1D-5056-A02D-DFB9-3330547B4C33,1
4466,34,2016-05-30 00:00:00.000,0,F2612F1D-5056-A02D-DFB9-3330547B4C33,1
4467,49,2016-05-30 00:00:00.000,0,A886D14F-A0D2-18AC-40E4-819E6AF3C5E7,1
4468,1,2016-05-30 00:00:00.000,0,A886D14F-A0D2-18AC-40E4-819E6AF3C5E7,1
4469,32,2016-05-30 00:00:00.000,0,A886D14F-A0D2-18AC-40E4-819E6AF3C5E7,1
4470,34,2016-06-02 00:00:00.000,0,A886D14F-A0D2-18AC-40E4-819E6AF3C5E7,1
4471,32,2016-06-03 00:00:00.000,0,471E5450-C14A-7C6C-16E8-628CF11A1048,1
4472,8,2016-06-03 00:00:00.000,81066,AE1CE3C4-5056-A02D-DF73-EFE7D3078E47,0
4473,32,2016-06-04 00:00:00.000,0,7BDD915A-5056-A02D-DF8D-FB6C59851A6D,1
4474,49,2016-06-05 00:00:00.000,0,72E42894-0288-7E53-ACEC-BE755138A945,1
4475,32,2016-06-05 00:00:00.000,0,72E42894-0288-7E53-ACEC-BE755138A945,1
4476,1,2016-06-05 00:00:00.000,0,6238CD78-F231-9E3B-C1C1-E325EC058A9C,1
4477,32,2016-06-05 00:00:00.000,0,6238CD78-F231-9E3B-C1C1-E325EC058A9C,1
4478,1,2016-06-06 00:00:00.000,0,471E5450-C14A-7C6C-16E8-628CF11A1048,1
4479,1,2016-06-06 00:00:00.000,0,62A4919F-C31A-9F22-0CA0-423B37F110A6,1
4480,8,2016-06-07 00:00:00.000,81250,09115A91-5056-A02D-DF36-D0271C7A88F6,0
4481,34,2016-06-07 00:00:00.000,0,4A61095C-5056-A02D-DFB8-B0ACFC25323E,1
4482,1,2016-06-07 00:00:00.000,0,7BDD915A-5056-A02D-DF8D-FB6C59851A6D,1
4483,32,2016-06-08 00:00:00.000,0,F5D9EB3E-A5C8-10B4-7EA7-5E04E5F3487B,1
4484,7,2016-06-09 00:00:00.000,81325,471E5450-C14A-7C6C-16E8-628CF11A1048,0
4485,49,2016-06-09 00:00:00.000,0,2A06BB89-D571-A671-ADF8-0C1DAF19BDBF,1
4486,26,2016-06-10 00:00:00.000,81369,7934D17A-9C2E-C8F4-1605-2391AF7687A9,0
4487,34,2016-06-11 00:00:00.000,0,AF095FFC-BE4E-2A17-5739-82033BF3F965,1
4488,7,2016-06-11 00:00:00.000,81393,DB6F085B-5056-A02D-DF1C-91623B97D1CF,0
4489,1,2016-06-11 00:00:00.000,0,36931EF5-9E0D-7235-A666-15B24B0F0A9B,1
4490,3,2016-06-11 00:00:00.000,81400,AB159A9D-5056-A02D-DF43-6E587ACB64D9,0
4491,34,2016-06-11 00:00:00.000,0,8938682A-9369-F3E7-3D6F-08BBF3CF015C,1
4492,49,2016-06-11 00:00:00.000,0,F3B14A24-0FC6-1571-5976-23FCFC3C2ECD,1
4493,34,2016-06-13 00:00:00.000,0,4CAF5E8C-5056-A02D-DF14-98757B435F35,1
4494,1,2016-06-13 00:00:00.000,0,4CAF5E8C-5056-A02D-DF14-98757B435F35,1
4495,49,2016-06-17 00:00:00.000,0,B122BAC6-95C6-D613-4447-F8EB2DA8FC7F,1
4496,1,2016-06-17 00:00:00.000,0,B1A6EBF7-9F2E-307C-C559-BEAF4668CA39,1
4497,32,2016-06-18 00:00:00.000,0,622CE22B-B4CC-ED1B-5292-43C1CCF6BC5D,1
4498,8,2016-06-18 00:00:00.000,81673,C507DEC1-5056-A02D-DF3B-27C3934F5CFD,0
4499,34,2016-06-18 00:00:00.000,0,C507DEC1-5056-A02D-DF3B-27C3934F5CFD,1
4500,1,2016-06-19 00:00:00.000,0,B7BA981A-5056-A02D-DFBF-60373C17A535,1
4501,34,2016-06-21 00:00:00.000,0,B99B5FC8-B8FB-706D-4DFE-7469EF3EB465,1
4502,34,2016-06-22 00:00:00.000,0,A6125D5E-5056-A02D-DF6B-FCA89DBB5B28,1
4503,1,2016-06-23 00:00:00.000,0,7C80813D-BC2E-8C4E-742C-5B6B8598E3E5,1
4504,8,2016-06-23 00:00:00.000,81799,F2612F1D-5056-A02D-DFB9-3330547B4C33,0
4505,8,2016-06-24 00:00:00.000,81830,31A999EC-A987-9BEC-FB78-88045FC094D1,0
4506,8,2016-06-24 00:00:00.000,81837,076BFD1A-5056-A02D-DF9C-8DCE907B1DD0,0
4507,34,2016-06-25 00:00:00.000,0,7C80813D-BC2E-8C4E-742C-5B6B8598E3E5,1
4508,49,2016-06-25 00:00:00.000,0,7C80813D-BC2E-8C4E-742C-5B6B8598E3E5,1
4509,8,2016-06-26 00:00:00.000,81896,9A6D62C3-5056-A02D-DF07-05AC43A36058,0
4510,49,2016-06-26 00:00:00.000,0,802750BE-C85E-792E-B151-56B9EF2F697C,1
4511,8,2016-06-27 00:00:00.000,81912,3D63174D-A42A-1FE4-D3B9-99CDB7592225,0
4512,1,2016-06-27 00:00:00.000,0,99941F99-5056-A02D-DFC4-D9E13B054165,1
4513,34,2016-06-28 00:00:00.000,0,88095A4B-5056-A02D-DFC6-8617B541349B,1
4514,1,2016-06-30 00:00:00.000,0,6E7CC962-D48D-6030-F480-169D8BF35CEF,1
4515,34,2016-06-30 00:00:00.000,0,A44AE2F2-AD0E-7D09-4778-3396FC8F3D9D,1
4516,34,2016-07-02 00:00:00.000,0,215B3FC1-A494-EE84-0445-C046CDD46F12,1
4517,1,2016-07-02 00:00:00.000,0,5CCDDCAA-5056-A02D-DFBA-12989327B726,1
4518,1,2016-07-03 00:00:00.000,82126,23D93462-0668-8BAC-E0D0-9154D36EB96F,0
4519,1,2016-07-03 00:00:00.000,82132,CE611D9E-AE0C-CB35-7178-1C9EC1C91CD5,0
4520,8,2016-07-04 00:00:00.000,82134,28AE8AFF-5056-A02D-DFCB-7919C28BB585,0
4522,49,2016-07-05 00:00:00.000,0,83F7020E-E8AA-978A-0152-F56CCE1E0D36,1
4523,27,2016-07-05 00:00:00.000,83248,B1A6EBF7-9F2E-307C-C559-BEAF4668CA39,0
4524,34,2016-07-06 00:00:00.000,0,81F7F555-CE39-A3A3-1C05-F2131F0B6CD6,1
4525,1,2016-07-07 00:00:00.000,0,6897E91E-5056-A02D-DF8A-811B6B64782C,1
4526,1,2016-07-07 00:00:00.000,0,B4DA4493-BD02-959C-EB0F-C8001EA5C7D9,1
4528,49,2016-07-08 00:00:00.000,0,076BFD1A-5056-A02D-DF9C-8DCE907B1DD0,1
4529,6,2016-07-08 00:00:00.000,83346,79D5BC86-0865-5845-1344-8A2CEDAB62A4,0
4530,1,2016-07-08 00:00:00.000,0,35DDD7DE-FD21-FCD4-6A51-75F3FF3320F8,1
4531,1,2016-07-08 00:00:00.000,0,A44AE2F2-AD0E-7D09-4778-3396FC8F3D9D,1
4532,1,2016-07-08 00:00:00.000,0,88095A4B-5056-A02D-DFC6-8617B541349B,1
4533,49,2016-07-10 00:00:00.000,0,A44AE2F2-AD0E-7D09-4778-3396FC8F3D9D,1
4534,1,2016-07-11 00:00:00.000,0,D5AB4E64-5056-A02D-DF8B-CACA0B3D1439,1
4535,8,2016-07-11 00:00:00.000,83443,03420B2E-DF00-2DDB-E56C-F7A014FF8A6D,0
4536,1,2016-07-13 00:00:00.000,0,F9EB132F-5056-A02D-DF26-227AABD5D0F8,1
4537,8,2016-07-13 00:00:00.000,83645,F9EB132F-5056-A02D-DF26-227AABD5D0F8,0
4538,1,2016-07-13 00:00:00.000,83656,DD82D099-5056-A02D-DFB2-80253AC6CA73,0
4539,8,2016-07-13 00:00:00.000,83657,DD82D099-5056-A02D-DFB2-80253AC6CA73,0
4540,8,2016-07-14 00:00:00.000,83705,081E098D-A205-67CF-6136-52DAE180FC92,0
4541,1,2016-07-16 00:00:00.000,0,3B9A5DAA-5056-A02D-DF28-193924197C33,1
4542,1,2016-07-18 00:00:00.000,83786,29329C55-ABB5-DAB4-CB7F-129FB64A7B2F,0
4543,34,2016-07-19 00:00:00.000,0,49F9FF5E-B5F6-34E0-4B6C-31471E989EE0,1
4544,1,2016-07-20 00:00:00.000,0,466F793D-5056-A02D-DFAE-D4F8F498ED27,1
4545,32,2016-07-20 00:00:00.000,0,466F793D-5056-A02D-DFAE-D4F8F498ED27,1
4546,8,2016-07-20 00:00:00.000,83848,466F793D-5056-A02D-DFAE-D4F8F498ED27,0
4547,49,2016-07-20 00:00:00.000,0,D6B7E2FC-5056-A02D-DFCC-D27DF9719CE5,1
4548,49,2016-07-20 00:00:00.000,0,A306AE13-0246-F096-77A3-89B4F607C226,1
5544,28,2016-07-21 00:00:00.000,84857,DB6F085B-5056-A02D-DF1C-91623B97D1CF,0
5545,28,2016-07-21 00:00:00.000,84866,C2A739CD-FE64-FA73-01AC-34B16A362FFE,0
5546,28,2016-07-21 00:00:00.000,84869,04882864-FB75-FBD9-7090-1C64384BF347,0
5547,28,2016-07-21 00:00:00.000,84871,3DAD5128-E48E-A1D7-9A57-888BD53DCE39,0
5548,1,2016-07-21 00:00:00.000,0,E390C879-CECF-79EB-1E85-9C7D2A1E3635,1
5549,28,2016-07-21 00:00:00.000,84882,F3B14A24-0FC6-1571-5976-23FCFC3C2ECD,0
5550,49,2016-07-21 00:00:00.000,0,6B9DD5F9-F67D-7C28-599F-809083A9E804,1
5551,28,2016-07-22 00:00:00.000,84918,DC237190-DAE8-5484-B88B-01A99AD18AA8,0
5552,1,2016-07-23 00:00:00.000,0,4A61095C-5056-A02D-DFB8-B0ACFC25323E,1
5553,28,2016-07-23 00:00:00.000,84936,34EBAE6C-D6D5-51FD-7CF4-4F1C8A5D520D,0
5554,26,2016-07-23 00:00:00.000,84939,34EBAE6C-D6D5-51FD-7CF4-4F1C8A5D520D,0
5555,49,2016-07-26 00:00:00.000,0,466F793D-5056-A02D-DFAE-D4F8F498ED27,1
5556,49,2016-07-26 00:00:00.000,0,B1588948-F410-0A14-2B0F-2443F57E066A,1
5557,28,2016-07-28 00:00:00.000,85105,E2DB86A1-F42A-ED9B-E887-E34A8CCE232D,0
5558,32,2016-07-29 00:00:00.000,0,F0051666-5056-A02D-DF36-A96705AAC92B,1
5559,34,2016-07-29 00:00:00.000,0,BC703E59-9FF1-6CB2-3B47-76CBA79FF809,1
5560,1,2016-07-30 00:00:00.000,0,EC9F6D29-5056-A02D-DF1F-D19C493571B0,1
5561,28,2016-07-31 00:00:00.000,85192,931112F8-9FA0-B52F-39E9-0E7010A049D9,0
5562,1,2016-08-01 00:00:00.000,0,8BD339B2-5056-A02D-DF45-58481F3840E6,1
5563,49,2016-08-02 00:00:00.000,0,97876D37-F0E6-EA0D-90FC-BF761CE8882A,1
5564,26,2016-08-02 00:00:00.000,85272,9CFC248E-FEB2-6009-AD69-0A8AFB646914,0
5565,26,2016-08-02 00:00:00.000,85274,8C545B85-DA23-1E9D-6650-DA1843AB0996,0
5566,26,2016-08-02 00:00:00.000,85281,936C02C8-DDC7-0C13-3FD1-0425A656048B,0
5567,26,2016-08-02 00:00:00.000,85290,FB98DFE8-9B5D-A548-A7A5-BBEB135D1ECA,0
5568,26,2016-08-03 00:00:00.000,85335,DA7107F5-0BF0-02F5-6EAE-EB19A0018672,0
5569,1,2016-08-05 00:00:00.000,0,708A4334-5056-A02D-DF8D-29B358E74CC8,1
5570,32,2016-08-06 00:00:00.000,0,295F747D-D07D-2776-93CE-4275B8DF640F,1
5571,8,2016-08-06 00:00:00.000,85445,9FF21FD6-5056-A02D-DF33-A53BB783F98B,0
5572,49,2016-08-07 00:00:00.000,0,20D07A3B-CD7D-103B-2FF3-A61C9A04F146,1
5573,8,2016-08-07 00:00:00.000,85466,F371B6F4-5056-A02D-DFCF-364C4EC73D20,0
5574,34,2016-08-07 00:00:00.000,0,093A45F4-B1FA-9B90-2908-6EB334C1ACD1,1
5575,7,2016-08-08 00:00:00.000,85508,1D27C30D-5056-A02D-DF89-443286768D00,0
5576,1,2016-08-08 00:00:00.000,0,BD701B28-A5E7-A3A2-6CCA-949ED62B539F,1
5577,8,2016-08-08 00:00:00.000,85539,6E5D5505-D1B5-617D-CCCE-22101B6AC11B,0
5578,8,2016-08-08 00:00:00.000,85556,3C556B26-5056-A02D-DFAE-ABF6BE8410BB,0
5579,49,2016-08-09 00:00:00.000,0,5438D385-B481-11E9-C74C-54B1677C8A1B,1
5580,8,2016-08-10 00:00:00.000,85612,532F010E-C614-890E-ABAB-DEA13E6C6429,0
5581,49,2016-08-10 00:00:00.000,0,11931F45-F3D0-E928-CA0E-598D1EC8D79B,1
5582,1,2016-08-10 00:00:00.000,0,532F010E-C614-890E-ABAB-DEA13E6C6429,1
5583,17,2016-08-10 00:00:00.000,85617,3B43FD8E-A9F3-4B1A-74CC-255ACCD77E11,0
5584,8,2016-08-12 00:00:00.000,85678,F9255E3F-5056-A02D-DFD7-200958B5AFC2,0
5585,49,2016-08-12 00:00:00.000,0,EE003584-5056-A02D-DF3F-B64520A3090C,1
5586,1,2016-08-13 00:00:00.000,0,E2784C45-EA01-8583-AC2B-69DACEF26B16,1
5587,1,2016-08-13 00:00:00.000,0,CADEF2A5-D9C6-55EB-A3ED-69340D5CBDF5,1
5588,32,2016-08-14 00:00:00.000,0,E2784C45-EA01-8583-AC2B-69DACEF26B16,1
5589,49,2016-08-15 00:00:00.000,0,79B4571D-F5A9-38A1-EE1F-C0932AC88E94,1
5590,1,2016-08-16 00:00:00.000,0,2679E67F-DF25-13BE-2CBD-D82BD8E62F00,1
5591,1,2016-08-16 00:00:00.000,0,68AF5114-5056-A02D-DF90-D3CAD46B861D,1
5592,17,2016-08-18 00:00:00.000,85898,47778DB8-B8C8-7FE9-D03D-59636F31D724,0
5593,1,2016-08-19 00:00:00.000,0,4EBCB57D-5056-A02D-DFBD-8DD2C1E5FAC6,1
5594,32,2016-08-19 00:00:00.000,0,69DA744F-A765-2080-C057-250666F32C24,1
5595,1,2016-08-19 00:00:00.000,85922,CCB8155F-5056-A02D-DF61-325AEBC6D0EF,0
5596,49,2016-08-20 00:00:00.000,0,09B99222-092D-C6C1-099C-5F8352C377F5,1
5597,1,2016-08-20 00:00:00.000,85948,A23E3BE3-5056-A02D-DFDE-FCC839BC6781,0
5598,8,2016-08-21 00:00:00.000,85957,B0B8EACB-5056-A02D-DF8F-F31A6913B8D5,0
5599,7,2016-08-22 00:00:00.000,86016,0980549C-EE41-E84C-F613-864AAD46EE80,0
5600,1,2016-08-23 00:00:00.000,0,C80D1F5F-CC35-47CF-341C-4CA76337F678,1
5601,17,2016-08-23 00:00:00.000,86070,32A73A09-BED8-88F5-5385-170E10B57459,0
5602,3,2016-08-24 00:00:00.000,86079,ACB75BE3-F03F-5AD7-5B03-D9DF92749A42,0
5603,32,2016-08-24 00:00:00.000,0,A3FD086B-B69F-3BDE-E7C4-C2AA6524E621,1
5604,1,2016-08-24 00:00:00.000,0,A3FD086B-B69F-3BDE-E7C4-C2AA6524E621,1
5605,1,2016-08-25 00:00:00.000,0,31BEFDB5-B585-E97D-E968-427085FDDF50,1
5607,26,2016-08-29 00:00:00.000,86267,F4478A4D-E65F-4822-6DA3-012ED043AF65,0
5608,8,2016-08-30 00:00:00.000,86286,D2A5B817-5056-A02D-DF2A-92A53EF15419,0
5609,23,2016-08-31 00:00:00.000,86319,AE31ABD8-C5F0-4EE5-9372-4A6A4A2F1068,0
5610,5,2016-08-31 00:00:00.000,86320,AE31ABD8-C5F0-4EE5-9372-4A6A4A2F1068,0
5611,8,2016-08-31 00:00:00.000,86322,AE31ABD8-C5F0-4EE5-9372-4A6A4A2F1068,0
5612,27,2016-08-31 00:00:00.000,86324,AE31ABD8-C5F0-4EE5-9372-4A6A4A2F1068,0
5613,49,2016-08-31 00:00:00.000,86325,AE31ABD8-C5F0-4EE5-9372-4A6A4A2F1068,0
5614,22,2016-08-31 00:00:00.000,86327,AE31ABD8-C5F0-4EE5-9372-4A6A4A2F1068,0
5615,40,2016-08-31 00:00:00.000,86328,AE31ABD8-C5F0-4EE5-9372-4A6A4A2F1068,0
5616,15,2016-08-31 00:00:00.000,86330,AE31ABD8-C5F0-4EE5-9372-4A6A4A2F1068,0
5617,41,2016-08-31 00:00:00.000,86332,AE31ABD8-C5F0-4EE5-9372-4A6A4A2F1068,0
5618,52,2016-08-31 00:00:00.000,86334,AE31ABD8-C5F0-4EE5-9372-4A6A4A2F1068,0
5619,26,2016-08-31 00:00:00.000,86336,AE31ABD8-C5F0-4EE5-9372-4A6A4A2F1068,0
5620,1,2016-08-31 00:00:00.000,86338,AE31ABD8-C5F0-4EE5-9372-4A6A4A2F1068,0
5621,32,2016-08-31 00:00:00.000,86339,AE31ABD8-C5F0-4EE5-9372-4A6A4A2F1068,0
5622,17,2016-08-31 00:00:00.000,86378,EB55AF22-D436-1E53-26A2-AF36924DF770,0
5623,17,2016-09-01 00:00:00.000,86391,D13A771C-EE07-B409-4CC5-691BAA016D90,0
5624,17,2016-09-01 00:00:00.000,86392,DC237190-DAE8-5484-B88B-01A99AD18AA8,0
5625,17,2016-09-01 00:00:00.000,86393,4C5D4F4A-F7FA-7CE0-AF49-4EC0B0ADFB3C,0
5626,17,2016-09-01 00:00:00.000,86399,8FD8E8E5-96B1-4A2E-13AD-877575241774,0
5627,17,2016-09-01 00:00:00.000,86401,90632607-0B57-52B5-EE80-0FDA2A02F35F,0
5628,17,2016-09-01 00:00:00.000,86407,2DF0BA91-CD8F-285B-24A1-975AB8F83FE2,0
5629,17,2016-09-01 00:00:00.000,86408,2373357B-F184-FF68-BB73-B5561FB182D9,0
5630,17,2016-09-01 00:00:00.000,86415,8F413807-A2C7-C4DA-C583-D45320C4F299,0
5631,17,2016-09-01 00:00:00.000,86416,B6793162-B537-F6B6-A9EA-B9DAC35DE0E9,0
5632,17,2016-09-01 00:00:00.000,86420,FFF1EF29-EFC7-4A9D-8024-DF6AFB2A04AB,0
5633,17,2016-09-01 00:00:00.000,86423,BAE85773-C8B4-DFBA-65FD-70D94049E526,0
5634,8,2016-09-01 00:00:00.000,86426,0C811AB7-5056-A02D-DF5F-97427EB83E23,0
5635,17,2016-09-01 00:00:00.000,86428,0C811AB7-5056-A02D-DF5F-97427EB83E23,0
5636,17,2016-09-02 00:00:00.000,86431,3404535B-FEB6-DAC3-6436-2C934797324E,0
5637,17,2016-09-02 00:00:00.000,86452,67A030BE-BC81-258F-FE7A-9CB7DE4007BB,0
5638,17,2016-09-02 00:00:00.000,86453,395FFADD-EF06-EF0E-BA5B-85BDA419514D,0
5639,8,2016-09-02 00:00:00.000,86462,CFE856E2-5056-A02D-DF61-38CCABE9FDD5,0
5640,5,2016-09-04 00:00:00.000,86499,B6793162-B537-F6B6-A9EA-B9DAC35DE0E9,0
5641,6,2016-09-04 00:00:00.000,86502,B6793162-B537-F6B6-A9EA-B9DAC35DE0E9,0
5642,17,2016-09-04 00:00:00.000,86514,D116F741-CBA2-5C25-969C-DAB2FA1194C8,0
5643,8,2016-09-04 00:00:00.000,86515,D116F741-CBA2-5C25-969C-DAB2FA1194C8,0
5644,7,2016-09-04 00:00:00.000,86517,D116F741-CBA2-5C25-969C-DAB2FA1194C8,0
5645,2,2016-09-04 00:00:00.000,86518,D116F741-CBA2-5C25-969C-DAB2FA1194C8,0
5646,4,2016-09-04 00:00:00.000,86519,D116F741-CBA2-5C25-969C-DAB2FA1194C8,0
5647,17,2016-09-06 00:00:00.000,86566,5498E1E7-B917-4D64-5452-21FE13610402,0
5648,17,2016-09-06 00:00:00.000,86592,8F284E49-A876-0EE7-A4A1-2A6868505B85,0
5649,17,2016-09-06 00:00:00.000,86595,AA5EF8FA-D380-DA92-01DF-621A8BB8E717,0
5650,49,2016-09-06 00:00:00.000,86597,E390C879-CECF-79EB-1E85-9C7D2A1E3635,0
5652,34,2016-09-06 00:00:00.000,0,1725C5EA-5056-A02D-DF47-4174112158B6,1
5653,1,2016-09-07 00:00:00.000,86637,2462E5AD-5056-A02D-DF5E-1646198753D4,0
5654,26,2016-09-07 00:00:00.000,86657,9FF21FD6-5056-A02D-DF33-A53BB783F98B,0
5655,1,2016-09-08 00:00:00.000,0,A0B76B0B-5056-A02D-DF30-B6CF6D4A71F2,1
5656,1,2016-09-08 00:00:00.000,0,60F088B8-E242-1166-F018-4D5EDDA79337,1
5657,32,2016-09-08 00:00:00.000,0,4809C140-FB5C-33E0-B71D-168FA9AC1DF6,1
5658,1,2016-09-08 00:00:00.000,0,FBBFC691-D93C-5BA3-B6B3-51335CA59CE3,1
5659,17,2016-09-09 00:00:00.000,86824,9A6D62C3-5056-A02D-DF07-05AC43A36058,0
5660,32,2016-09-10 00:00:00.000,0,28C5413F-5056-A02D-DF69-AC96A60E8EF9,1
5661,7,2016-09-10 00:00:00.000,86851,8BA09F08-DD7C-4E8D-C69C-D302DB7F1A87,0
5662,32,2016-09-10 00:00:00.000,0,99ABC02F-AF3B-C1B7-D965-5B95588FE17F,1
5663,7,2016-09-10 00:00:00.000,86869,0AE799C9-A51F-05A7-BB96-C20D21FFB0C9,0
5664,32,2016-09-10 00:00:00.000,0,28AE8AFF-5056-A02D-DFCB-7919C28BB585,1
5665,1,2016-09-11 00:00:00.000,0,EB186B5A-5056-A02D-DF02-0339F7C866D0,1
5666,8,2016-09-11 00:00:00.000,86904,E1E12312-5056-A02D-DF64-4F1B87419E05,0
5667,49,2016-09-12 00:00:00.000,0,A1BD2112-CF88-7079-1844-BFC293CDB71C,1
5668,1,2016-09-12 00:00:00.000,0,2DA8D2A0-5056-A02D-DF51-5F47FEB32AAD,1
5669,1,2016-09-13 00:00:00.000,0,781E0A5A-FB87-8E0D-B51F-DBA053DF7270,1
5670,26,2016-09-14 00:00:00.000,87049,8EB8057A-DE34-9B50-C21F-CA18409409DC,0
5671,49,2016-09-14 00:00:00.000,0,3AE6F83C-5056-A02D-DF5C-565F05CF688D,1
5672,34,2016-09-14 00:00:00.000,0,3AE6F83C-5056-A02D-DF5C-565F05CF688D,1
5673,49,2016-09-15 00:00:00.000,0,8A6E699A-FD6A-A976-3284-59BA7620074C,1
5674,32,2016-09-15 00:00:00.000,0,C350BF50-0FD8-37BF-FF99-B21473A6A2F7,1
5675,34,2016-09-15 00:00:00.000,0,1F990F52-5056-A02D-DFCB-0C4BB2FD534A,1
5676,8,2016-09-15 00:00:00.000,87086,11C5F8ED-5056-A02D-DF0C-5B683DF3C827,0
5677,34,2016-09-16 00:00:00.000,0,EB186B5A-5056-A02D-DF02-0339F7C866D0,1
5678,26,2016-09-17 00:00:00.000,87168,0EAD5585-0DAB-5CCB-9DB1-AD9BC0F2B40E,0
5679,32,2016-09-17 00:00:00.000,0,4F8F8F31-DF15-5260-8042-B9FF8B148436,1
5680,26,2016-09-17 00:00:00.000,87176,AD16C1E0-5056-A02D-DF0B-951FE617D5A8,0
5681,17,2016-09-19 00:00:00.000,87246,737A66E9-DF00-6069-567B-7C92A7863666,0
5682,49,2016-09-21 00:00:00.000,0,940552E3-9B49-4924-BEF6-59FBF658C3F6,1
5683,49,2016-09-22 00:00:00.000,0,79D5BC86-0865-5845-1344-8A2CEDAB62A4,1
5684,1,2016-09-22 00:00:00.000,0,8D9C9FC3-5056-A02D-DFFA-BFC8192BF0E3,1
5685,49,2016-09-22 00:00:00.000,0,FD8813E4-D0DC-786A-AA51-351099506E18,1
5686,1,2016-09-23 00:00:00.000,0,966471FE-5056-A02D-DFDC-D2BD5372AE58,1
5687,54,2016-09-25 00:00:00.000,88481,3B43FD8E-A9F3-4B1A-74CC-255ACCD77E11,0
5688,1,2016-09-26 00:00:00.000,0,C2129DA7-5056-A02D-DFA6-FC93A9CE2125,1
5689,34,2016-09-27 00:00:00.000,0,AE73636D-EA07-F615-2CB8-C9C77A86B25B,1
5690,54,2016-09-27 00:00:00.000,0,47778DB8-B8C8-7FE9-D03D-59636F31D724,1
5691,17,2016-09-27 00:00:00.000,88566,11041567-C874-A51B-D4ED-4C33FD5FDC0F,0
5692,32,2016-09-27 00:00:00.000,0,6670AE9B-CEED-BF54-ECCF-C0EF3679535E,1
5693,54,2016-09-28 00:00:00.000,0,191EE100-D41C-CBB3-51C2-BD464F2E9CF8,1
5694,54,2016-09-28 00:00:00.000,0,9C44F80B-A3F0-C570-822A-8D3C0CA62C3D,1
5695,54,2016-09-28 00:00:00.000,0,BB4CBFEE-FC1B-97C6-29C1-AB4D323F5BF1,1
5696,54,2016-09-28 00:00:00.000,0,1E8A8BA4-EE56-09E6-981B-F5688537FF09,1
5697,54,2016-09-29 00:00:00.000,0,9D91BE65-C7D8-B7EB-99A6-D78BC7E87B6F,1
5698,54,2016-09-29 00:00:00.000,0,9B15F2FC-C3B0-A423-48EA-48BFFB0244EA,1
5699,54,2016-09-29 00:00:00.000,0,8D798C5F-D332-7309-2D7A-E50E3B629061,1
5700,54,2016-09-29 00:00:00.000,0,26C26461-5056-A02D-DFF9-B8571DA580E6,1
5701,54,2016-09-29 00:00:00.000,0,3A5A9A2E-9739-36CF-8DED-21DA0E657AE5,1
5702,54,2016-09-29 00:00:00.000,0,532F010E-C614-890E-ABAB-DEA13E6C6429,1
5703,54,2016-09-29 00:00:00.000,0,2B0A0EC4-F7A9-C924-B47A-CC1594DCB891,1
5704,54,2016-09-29 00:00:00.000,0,E1CED2B2-D074-27A7-65BA-DC99E38496ED,1
5705,54,2016-09-29 00:00:00.000,0,742D266B-E57E-A773-BF4E-D4D913C09150,1
5706,49,2016-09-29 00:00:00.000,0,07AAF7A7-B3F2-42EE-3AD6-D0975BEB4727,1
5707,49,2016-09-29 00:00:00.000,0,DE6ADC13-9C24-F9C6-9C4B-C4232E418A1C,1
5708,54,2016-09-29 00:00:00.000,0,BBD8CD8F-DE1B-886F-AF5D-EB121D3D307D,1
5709,54,2016-09-29 00:00:00.000,0,A9F93AE9-0181-014F-4A6C-3D326EFE3152,1
5710,54,2016-09-29 00:00:00.000,0,DE6ADC13-9C24-F9C6-9C4B-C4232E418A1C,1
5711,54,2016-09-29 00:00:00.000,0,53181B04-EDA6-14D1-0B32-0068F276F8AB,1
5712,54,2016-09-29 00:00:00.000,0,1B0CA030-0773-A51B-E428-EE9080C89220,1
5713,54,2016-09-29 00:00:00.000,0,F51F65A1-C5EB-8263-6F73-91D3FDD5DA69,1
5714,54,2016-09-29 00:00:00.000,0,F5D9EB3E-A5C8-10B4-7EA7-5E04E5F3487B,1
5715,54,2016-09-29 00:00:00.000,0,2D62D7F9-9B8B-F1FB-B961-E82C19A02570,1
5716,54,2016-09-29 00:00:00.000,0,D13A771C-EE07-B409-4CC5-691BAA016D90,1
5717,54,2016-09-29 00:00:00.000,0,937B3AE1-FE05-D6C8-E85F-0B98C3220B68,1
5718,54,2016-09-29 00:00:00.000,0,1D5B1D8A-5056-A02D-DFDF-C27661B6B14A,1
5719,54,2016-09-29 00:00:00.000,0,6DAB2307-5056-A02D-DF48-575DCDBB2C36,1
5720,54,2016-09-29 00:00:00.000,0,966471FE-5056-A02D-DFDC-D2BD5372AE58,1
5721,54,2016-09-29 00:00:00.000,0,737A66E9-DF00-6069-567B-7C92A7863666,1
5722,54,2016-09-29 00:00:00.000,0,5EED8254-E76D-E4DE-3A0B-90DF59F416E2,1
5723,54,2016-09-29 00:00:00.000,0,9080FB9E-98A2-BA2D-BB37-88A54AC7333A,1
5724,54,2016-09-29 00:00:00.000,0,24084518-F66B-F62F-F2B0-87D008E0A30C,1
5725,54,2016-09-29 00:00:00.000,0,FC00E9B8-D03E-530A-4BA9-BEECEFBC1231,1
5726,54,2016-09-29 00:00:00.000,0,8F413807-A2C7-C4DA-C583-D45320C4F299,1
5727,54,2016-09-29 00:00:00.000,0,DA9B4FF4-9C8A-8502-095A-75CD79CBF1FA,1
5728,54,2016-09-29 00:00:00.000,89729,03420B2E-DF00-2DDB-E56C-F7A014FF8A6D,0
5729,54,2016-09-29 00:00:00.000,0,556DFBDE-E609-85D1-B296-A9640E3531E5,1
5730,54,2016-09-29 00:00:00.000,0,52E67BB2-5056-A02D-DFAE-5F5F6AEA49D0,1
5731,32,2016-09-29 00:00:00.000,0,1AA99C28-A8A4-B188-946C-F33BA905AD4A,1
5732,54,2016-09-29 00:00:00.000,0,1AA99C28-A8A4-B188-946C-F33BA905AD4A,1
5733,54,2016-09-29 00:00:00.000,0,22D6D3FA-9869-9B4C-4E6C-521C185B8372,1
5734,54,2016-09-29 00:00:00.000,0,7C80813D-BC2E-8C4E-742C-5B6B8598E3E5,1
5735,54,2016-09-29 00:00:00.000,0,3DECAEB4-5056-A02D-DFEA-D37650E34138,1
5736,54,2016-09-29 00:00:00.000,0,9DD47BEC-9C04-B5EB-B4EB-6083FABAB0A8,1
5737,54,2016-09-29 00:00:00.000,0,E5F5CA3D-BD27-F45F-068F-41E4A741760B,1
5738,54,2016-09-29 00:00:00.000,0,8F284E49-A876-0EE7-A4A1-2A6868505B85,1
5739,54,2016-09-29 00:00:00.000,0,2778330A-BC33-AD62-3F86-3CCEA9E31BD4,1
5740,54,2016-09-29 00:00:00.000,0,6EB03474-DA1F-DE09-9462-A7AD4A954C05,1
5741,54,2016-09-29 00:00:00.000,0,C115945D-0C43-1C6B-A99F-29CAC6B42685,1
5742,54,2016-09-29 00:00:00.000,0,6D64251F-5056-A02D-DFF7-1AB9220F8ED6,1
5743,54,2016-09-29 00:00:00.000,0,AFB64B4E-9B9C-92C4-F978-B77BD46ACD2E,1
5744,54,2016-09-29 00:00:00.000,0,6CDE3A6B-C894-D5F3-1221-79971BD3BA4A,1
5745,54,2016-09-29 00:00:00.000,0,1F22BE49-FC2B-2EA4-A7C2-8687847A326B,1
5746,54,2016-09-29 00:00:00.000,0,FBEC7905-06AD-7A04-098A-DAEC9B9760B0,1
5747,54,2016-09-29 00:00:00.000,0,EB94B20D-E5BC-736C-2C2D-7974B21EBBA7,1
5748,54,2016-09-29 00:00:00.000,0,83921FCF-91B3-ECDE-4271-61726AA3CB46,1
5749,54,2016-09-29 00:00:00.000,0,159DEF23-B709-64BA-E2B3-407C74DC5B76,1
5750,54,2016-09-29 00:00:00.000,0,A1BD2112-CF88-7079-1844-BFC293CDB71C,1
5751,54,2016-09-29 00:00:00.000,0,A631AC21-F97D-FBDC-73CE-E1D281CFFCD7,1
5752,54,2016-09-29 00:00:00.000,0,423CEB58-C995-1543-D8DA-4931FBC4EA64,1
5753,54,2016-09-29 00:00:00.000,0,EEBDAEA8-CE90-5CBC-438E-2D06F20424AF,1
5754,54,2016-09-29 00:00:00.000,0,AE7F0894-B2E0-A06D-9812-D2766731704E,1
5755,54,2016-09-29 00:00:00.000,0,BECAA31A-5056-A02D-DF35-10EDD5A249E7,1
5756,54,2016-09-29 00:00:00.000,0,6E53BC5D-944E-4D4F-7B76-C946117C0A1D,1
5757,34,2016-09-29 00:00:00.000,0,DA9B4FF4-9C8A-8502-095A-75CD79CBF1FA,1
5758,54,2016-09-29 00:00:00.000,0,D10E016E-A073-141B-27BC-21605F8CB432,1
5759,54,2016-09-29 00:00:00.000,0,4290DA5C-C6B1-6C1D-F917-703BE9351071,1
5760,54,2016-09-29 00:00:00.000,0,24B31428-A9DD-898A-FD69-9D77A1983752,1
5761,54,2016-09-29 00:00:00.000,0,B05CDC43-91C6-0511-35E9-ABFED862D765,1
5762,54,2016-09-29 00:00:00.000,0,28C5413F-5056-A02D-DF69-AC96A60E8EF9,1
5763,54,2016-09-29 00:00:00.000,0,72E42894-0288-7E53-ACEC-BE755138A945,1
5764,54,2016-09-29 00:00:00.000,0,585B4800-F347-08E7-6B02-BDCD3FFEC321,1
5765,54,2016-09-29 00:00:00.000,0,2ABF496D-FAD1-7225-B244-E6973DA8630E,1
5766,54,2016-09-29 00:00:00.000,0,04DC4B5E-AE64-97A9-E57E-AFE88DFBE4E9,1
5767,54,2016-09-29 00:00:00.000,0,1DAA5B7B-90CB-2AA2-8A40-43ECCF5306E9,1
5768,54,2016-09-29 00:00:00.000,0,F7813D7A-A715-DB7B-5E01-782FF5EC0FED,1
5769,54,2016-09-29 00:00:00.000,0,CF13502B-9C7D-AF0D-1A7B-472F264287C7,1
5770,54,2016-09-29 00:00:00.000,0,935824EE-BE09-B656-3CF8-BCE3C1E1D495,1
5771,54,2016-09-29 00:00:00.000,0,DBC76118-F20F-B7DC-8CF6-3B0F843921F2,1
5772,54,2016-09-29 00:00:00.000,0,13D57352-DCD9-F39C-6C52-AEDEDFCFCFC1,1
5773,49,2016-09-29 00:00:00.000,0,935824EE-BE09-B656-3CF8-BCE3C1E1D495,1
5774,34,2016-09-29 00:00:00.000,0,935824EE-BE09-B656-3CF8-BCE3C1E1D495,1
5775,54,2016-09-29 00:00:00.000,0,2F72F4E3-FC93-0DE1-FE07-A41D035F638C,1
5776,54,2016-09-29 00:00:00.000,0,D2A5B817-5056-A02D-DF2A-92A53EF15419,1
5777,54,2016-09-29 00:00:00.000,0,868CD038-CA1C-4251-5E62-4E7AAAE547CD,1
5778,54,2016-09-29 00:00:00.000,0,F1E4B8BE-97DD-FE11-11C6-1602E38B656F,1
5779,54,2016-09-29 00:00:00.000,0,8EDA84F6-BB18-575B-4116-2D41CB0FB4F0,1
5780,54,2016-09-29 00:00:00.000,0,491361B0-EBFE-C6CB-4324-DD3F641A14AA,1
5781,54,2016-09-29 00:00:00.000,0,496000C9-91BB-4B3F-BF30-7A18AFD8000B,1
5782,54,2016-09-29 00:00:00.000,0,26AC4DE7-FA18-CEC6-B3DC-5E2DB194261D,1
5783,54,2016-09-29 00:00:00.000,0,C2A04ABF-F3CD-4FA0-848D-23F3C4C7BBEF,1
5784,54,2016-09-29 00:00:00.000,0,43C0F300-0FAF-DF0E-ADDD-39BD7E6EE2EA,1
5785,54,2016-09-29 00:00:00.000,0,9004763D-9F82-C23D-ED84-B380EB89E220,1
5786,54,2016-09-29 00:00:00.000,0,445B0841-EBFA-78F6-7AB9-7E3E8F434E19,1
5787,54,2016-09-29 00:00:00.000,0,905F3812-0390-9CB8-CA68-A731102A1C12,1
5788,54,2016-09-29 00:00:00.000,0,810E218D-EA4C-49E1-6380-C770BF6BA33F,1
5789,54,2016-09-29 00:00:00.000,0,CE68FDC0-F0D0-0801-E117-63D149258526,1
5790,54,2016-09-29 00:00:00.000,0,4E40EDB4-DCC0-9593-7328-A569229A71C8,1
5791,54,2016-09-29 00:00:00.000,0,8EB529BF-FF32-D0FD-72E8-E7E55FF55F6A,1
5792,54,2016-09-29 00:00:00.000,0,4BFA0133-5056-A02D-DFF4-6508F6F56E35,1
5793,54,2016-09-29 00:00:00.000,0,56A63829-AB56-2DB5-6D32-DEE93786B318,1
5794,54,2016-09-29 00:00:00.000,0,5B03E2C6-CF4C-6F61-E549-2E78EEE536B3,1
5795,54,2016-09-29 00:00:00.000,0,C4501983-B655-669F-2CFF-8EA20FFFE929,1
5796,54,2016-09-29 00:00:00.000,0,6E1FC51B-5056-A02D-DF76-4F1CC3998152,1
5797,54,2016-09-29 00:00:00.000,0,96005EB8-D34B-B0B0-8DFB-EB67144504E3,1
5798,54,2016-09-29 00:00:00.000,89779,72389D47-CDA3-24B9-CD5B-B7D0DF02736E,0
5799,54,2016-09-29 00:00:00.000,0,D0A11815-D668-8596-1D7A-421874D23EB3,1
5800,54,2016-09-29 00:00:00.000,0,90632607-0B57-52B5-EE80-0FDA2A02F35F,1
5801,54,2016-09-29 00:00:00.000,0,4CAF5E8C-5056-A02D-DF14-98757B435F35,1
5802,54,2016-09-29 00:00:00.000,0,93CE390B-00B5-8E4D-512D-571E83D2AB48,1
5803,54,2016-09-29 00:00:00.000,0,638A4956-5056-A02D-DFFE-AB504B250510,1
5804,54,2016-09-29 00:00:00.000,0,E390C879-CECF-79EB-1E85-9C7D2A1E3635,1
5805,54,2016-09-29 00:00:00.000,0,9E8B8E18-5056-A02D-DF79-7D5CD5B63061,1
5806,32,2016-09-29 00:00:00.000,0,93CE390B-00B5-8E4D-512D-571E83D2AB48,1
5807,54,2016-09-29 00:00:00.000,0,13D55470-DDFA-5D47-F397-4B434E932C9C,1
5808,54,2016-09-29 00:00:00.000,0,8FB90453-D833-2B6E-9D7B-043621E25956,1
5809,54,2016-09-29 00:00:00.000,0,3E9EE9C8-9D3A-ABFC-6ED2-B91E34CD7FE0,1
5810,54,2016-09-29 00:00:00.000,0,CFE856E2-5056-A02D-DF61-38CCABE9FDD5,1
5811,54,2016-09-29 00:00:00.000,0,936C02C8-DDC7-0C13-3FD1-0425A656048B,1
5812,54,2016-09-29 00:00:00.000,0,9133C45D-C173-5B3E-C570-B874CAF6E1A4,1
5813,54,2016-09-29 00:00:00.000,0,FA4F7097-98DA-859C-B35E-5A62FA686C3D,1
5814,54,2016-09-29 00:00:00.000,0,3D5F069D-AED5-F160-38B1-C999A9D8B3F1,1
5815,54,2016-09-29 00:00:00.000,0,F9EB132F-5056-A02D-DF26-227AABD5D0F8,1
5816,54,2016-09-29 00:00:00.000,0,E9B9C38E-B651-E4B9-E8D8-0B8AF4E4B4CA,1
5817,54,2016-09-29 00:00:00.000,0,2552DA7C-F34F-B364-A7F5-F9B847AC4498,1
5818,54,2016-09-29 00:00:00.000,0,6ECD81B4-B172-04D6-2FDF-9D46FFB6B909,1
5819,54,2016-09-29 00:00:00.000,0,DEEF1329-D059-FD16-3B6A-D4E784BC0061,1
5820,54,2016-09-29 00:00:00.000,0,B3D015E4-A29F-DCE6-1972-EEAE78DB748C,1
5821,54,2016-09-29 00:00:00.000,0,9534FF28-D391-9E14-4DF1-70DC4B8948FF,1
5822,54,2016-09-29 00:00:00.000,89792,B3C774A6-9248-FAB7-D92A-8B402FF67318,0
5823,54,2016-09-29 00:00:00.000,0,F2612F1D-5056-A02D-DFB9-3330547B4C33,1
5824,54,2016-09-29 00:00:00.000,0,BAE85773-C8B4-DFBA-65FD-70D94049E526,1
5825,54,2016-09-29 00:00:00.000,0,BC87A2DA-F2E3-6401-E860-90205B52D554,1
5826,54,2016-09-29 00:00:00.000,0,D182B72D-0FF6-C66F-2EA9-AB91E03C4EAA,1
5827,54,2016-09-29 00:00:00.000,0,40525278-B389-BEF0-F233-0C6622B2FD05,1
5828,54,2016-09-29 00:00:00.000,0,AA5EF8FA-D380-DA92-01DF-621A8BB8E717,1
5829,54,2016-09-29 00:00:00.000,0,A23E3BE3-5056-A02D-DFDE-FCC839BC6781,1
5830,54,2016-09-29 00:00:00.000,0,AA8D3691-06B5-1DBE-532F-DFF62E437363,1
5831,54,2016-09-29 00:00:00.000,0,6EEAECF6-0F7E-E9C0-ABEA-1D94FAF485E9,1
5832,54,2016-09-29 00:00:00.000,0,7631EBE9-FF79-84B6-BD3C-9932CE7484AC,1
5833,54,2016-09-29 00:00:00.000,0,80B8F889-B793-4FCB-CD96-65CC17F7FA43,1
5834,54,2016-09-29 00:00:00.000,0,8411D650-A70C-EF6D-7922-3AB37B6DDC26,1
5835,54,2016-09-29 00:00:00.000,0,3DAD5128-E48E-A1D7-9A57-888BD53DCE39,1
5836,54,2016-09-29 00:00:00.000,0,19923DAA-B71D-4650-5AE5-9987FF71B4F9,1
5837,54,2016-09-29 00:00:00.000,0,20D59407-DEC7-E8C3-EE0D-D50B542F3FD0,1
5838,54,2016-09-29 00:00:00.000,0,B13EC734-C4E0-A3EA-2F8B-49F7EB13ECF5,1
5839,54,2016-09-29 00:00:00.000,0,A1372A7D-5056-A02D-DF6F-9ED05FC04D2B,1
5840,54,2016-09-29 00:00:00.000,0,CB2CDD58-CB8B-1841-EF83-9E3DFDB7813D,1
5841,26,2016-09-29 00:00:00.000,89819,A81D14BD-5056-A02D-DF2E-B6253031279C,0
5842,54,2016-09-29 00:00:00.000,0,99ABC02F-AF3B-C1B7-D965-5B95588FE17F,1
5843,54,2016-09-29 00:00:00.000,0,F0E205B7-0757-5E1D-A506-11DBFDB53FC8,1
5844,54,2016-09-29 00:00:00.000,0,DC17B6E8-A528-82BA-0AE9-1B6B5D4FB2B7,1
5845,54,2016-09-29 00:00:00.000,0,D60C8E31-0CF8-49E3-8A24-75348AC1FE09,1
5846,54,2016-09-29 00:00:00.000,0,17D387AF-E70F-9109-E7F6-4C1CBC7E7352,1
5847,54,2016-09-29 00:00:00.000,0,757D2F4B-F8DA-2460-187E-270CD958121A,1
5848,54,2016-09-29 00:00:00.000,0,D5A05F5D-0976-593C-319B-B7CDA072D38C,1
5849,54,2016-09-29 00:00:00.000,0,FF415DFB-0DFB-9E14-1D4B-BF986E1BA3CE,1
5850,54,2016-09-29 00:00:00.000,0,02500218-DAC2-453C-8D91-74E9ABFCA915,1
5851,54,2016-09-29 00:00:00.000,0,BC66593F-FCFD-4A12-117E-CB8B9842D8BB,1
5852,54,2016-09-29 00:00:00.000,0,67A030BE-BC81-258F-FE7A-9CB7DE4007BB,1
5853,54,2016-09-29 00:00:00.000,0,7694EA2D-E0B7-4BD5-6193-0C22A5E22418,1
5854,54,2016-09-29 00:00:00.000,0,8E2DD684-0050-9852-D229-3FE1A1E0CCF6,1
5855,1,2016-09-29 00:00:00.000,0,E0090451-C560-B58A-9087-0F70033E1100,1
5856,54,2016-09-29 00:00:00.000,0,DC237190-DAE8-5484-B88B-01A99AD18AA8,1
5857,54,2016-09-29 00:00:00.000,0,42EA3467-02D1-E6CA-4CE8-348E6B2B7D4E,1
5858,54,2016-09-29 00:00:00.000,0,A93EB01D-A5F5-53B3-1B6D-5A70D905AF01,1
5859,54,2016-09-29 00:00:00.000,0,1E1874EC-A7B7-4D61-EDC1-E399B37E75D2,1
5860,54,2016-09-29 00:00:00.000,0,0414ECEC-EAC0-DEF6-CE3E-02EB9D151E04,1
5861,54,2016-09-29 00:00:00.000,0,D0203E4C-A874-1941-2118-292EAC0BAAD7,1
5862,54,2016-09-29 00:00:00.000,0,20FA46CC-E507-C2CC-D2EE-96917C6125AB,1
5863,54,2016-09-29 00:00:00.000,0,781E0A5A-FB87-8E0D-B51F-DBA053DF7270,1
5864,54,2016-09-29 00:00:00.000,0,F3B14A24-0FC6-1571-5976-23FCFC3C2ECD,1
5865,54,2016-09-29 00:00:00.000,0,FF599F28-DA5F-F434-5EAB-7E32F72BE875,1
5866,54,2016-09-29 00:00:00.000,0,BA0CA209-9C30-55AC-C78E-674D850F59C1,1
5867,54,2016-09-29 00:00:00.000,0,86EF9A31-0BD3-2958-81F5-C4C62960D8FC,1
5868,54,2016-09-29 00:00:00.000,0,FFF1EF29-EFC7-4A9D-8024-DF6AFB2A04AB,1
5869,54,2016-09-29 00:00:00.000,0,5503D7DB-5056-A02D-DF20-D0F6307506FE,1
5870,54,2016-09-29 00:00:00.000,0,6BF5BA26-0096-7785-FBF5-537D6E2461A7,1
5871,54,2016-09-29 00:00:00.000,0,A886D14F-A0D2-18AC-40E4-819E6AF3C5E7,1
5872,49,2016-09-29 00:00:00.000,0,E15DD301-B516-41DC-7534-C6F78A38E725,1
5873,54,2016-09-29 00:00:00.000,0,88095A4B-5056-A02D-DFC6-8617B541349B,1
5874,54,2016-09-29 00:00:00.000,0,090CE16D-0E55-3988-8CBB-01B7F56E5791,1
5875,54,2016-09-29 00:00:00.000,0,ABAC2B4E-0198-F94A-587A-8E9A44B9CC9B,1
5876,54,2016-09-29 00:00:00.000,0,AA8881E8-06B4-FCB2-92AC-54667DD3128E,1
5877,49,2016-09-29 00:00:00.000,0,267212C0-E91F-D8DC-EAD3-02493D457EAF,1
5878,54,2016-09-29 00:00:00.000,0,F11DE38B-9952-16AF-5541-AFCBFF58C6E4,1
5879,54,2016-09-29 00:00:00.000,0,B4DA4493-BD02-959C-EB0F-C8001EA5C7D9,1
5880,54,2016-09-29 00:00:00.000,0,267212C0-E91F-D8DC-EAD3-02493D457EAF,1
5881,54,2016-09-29 00:00:00.000,0,61E148C6-D3FA-14F5-9359-AA481FC24316,1
5882,54,2016-09-29 00:00:00.000,0,F52F0B90-C9B4-B548-C295-6B0A96CB7F17,1
5883,54,2016-09-29 00:00:00.000,0,DBCB4865-A707-9A2D-0D90-498F9387D195,1
5884,54,2016-09-29 00:00:00.000,0,5B16BDB4-5056-A02D-DF88-BF63526377F7,1
5885,34,2016-09-29 00:00:00.000,0,267212C0-E91F-D8DC-EAD3-02493D457EAF,1
5886,54,2016-09-29 00:00:00.000,0,C434DFB7-928E-F728-0074-F8927405D98E,1
5887,54,2016-09-30 00:00:00.000,0,D6B7E2FC-5056-A02D-DFCC-D27DF9719CE5,1
5888,54,2016-09-30 00:00:00.000,0,A0B76B0B-5056-A02D-DF30-B6CF6D4A71F2,1
5889,34,2016-09-30 00:00:00.000,0,A0B76B0B-5056-A02D-DF30-B6CF6D4A71F2,1
5890,54,2016-09-30 00:00:00.000,0,D5B6B8E0-D71E-8BF7-9013-DFFE704D64AA,1
5891,54,2016-09-30 00:00:00.000,0,6FC58201-0B60-DF56-8EB5-7AE14E424D9B,1
5892,54,2016-09-30 00:00:00.000,0,112A817E-BA65-0C42-FC6B-08412B816526,1
5893,54,2016-09-30 00:00:00.000,0,DD0CFAC2-A58D-7324-603E-DB7191ED412B,1
5894,54,2016-09-30 00:00:00.000,0,5D6EB8BD-DE55-0BBA-9BF4-32F3AAFDD5C5,1
5895,54,2016-09-30 00:00:00.000,0,9F7DAB6C-B895-BC9D-51E1-76FFAB59BE4B,1
5896,1,2016-09-30 00:00:00.000,0,E15DD301-B516-41DC-7534-C6F78A38E725,1
5897,54,2016-09-30 00:00:00.000,0,DE1F4326-B2DD-082F-6905-E3DDCAA11C35,1
5898,54,2016-09-30 00:00:00.000,0,AE31ABD8-C5F0-4EE5-9372-4A6A4A2F1068,1
5899,54,2016-09-30 00:00:00.000,0,5FEE4516-A28C-E638-E5F0-BA93346A0E81,1
5900,54,2016-09-30 00:00:00.000,0,ACA5D396-CC13-A848-487F-B21D2CD3EF43,1
5901,54,2016-09-30 00:00:00.000,0,AF095FFC-BE4E-2A17-5739-82033BF3F965,1
5902,54,2016-09-30 00:00:00.000,0,5B5BB8BD-00A1-8DD3-631B-089EA105B615,1
5903,54,2016-09-30 00:00:00.000,0,69DA744F-A765-2080-C057-250666F32C24,1
5904,54,2016-09-30 00:00:00.000,0,BFC324EF-B1D6-EE05-1CB9-FB95AB898FDD,1
5905,54,2016-09-30 00:00:00.000,0,F87AD4B6-063D-0C71-20F4-13534A70CF6B,1
5906,54,2016-09-30 00:00:00.000,0,287EEFD1-F967-3948-4E76-4ABD810D102E,1
5907,54,2016-09-30 00:00:00.000,0,8FD8E8E5-96B1-4A2E-13AD-877575241774,1
5908,54,2016-09-30 00:00:00.000,0,92E3AC5B-F1C8-B806-881D-251AA0C6D2BA,1
5909,54,2016-09-30 00:00:00.000,0,94E4186F-E01A-DC4D-6E21-5969EC6B6A57,1
5910,54,2016-09-30 00:00:00.000,0,7BDD915A-5056-A02D-DF8D-FB6C59851A6D,1
5911,54,2016-09-30 00:00:00.000,0,D6CFBB32-C795-A508-A3FC-0F87680A070A,1
5912,54,2016-09-30 00:00:00.000,0,3FA62F7B-D808-6F21-684C-875DDA6CD033,1
5913,54,2016-09-30 00:00:00.000,0,DB6F085B-5056-A02D-DF1C-91623B97D1CF,1
5914,54,2016-09-30 00:00:00.000,0,89520C06-08C9-8E4E-FA65-10F27C4CA137,1
5915,54,2016-09-30 00:00:00.000,0,EA763DCC-E99C-4962-061E-E778F428C5F1,1
5916,8,2016-09-30 00:00:00.000,89918,A0B76B0B-5056-A02D-DF30-B6CF6D4A71F2,0
5917,54,2016-09-30 00:00:00.000,0,8DE208FA-C7B7-7455-391A-C0661A978595,1
5918,54,2016-09-30 00:00:00.000,0,7C72FDB4-C793-B996-0FB3-093329B2FC34,1
5919,54,2016-09-30 00:00:00.000,0,E7A2BE41-0F4D-24B2-AC1F-C6B021D9A261,1
5920,54,2016-09-30 00:00:00.000,0,7BC46A17-A3D8-4E4B-FE0B-12416BECBD41,1
5921,54,2016-09-30 00:00:00.000,0,FB4A5521-E726-4128-A230-299197113993,1
5922,54,2016-10-01 00:00:00.000,0,BD0C7B06-BC75-8578-2AD5-CB32953FC3BE,1
5923,54,2016-10-01 00:00:00.000,0,CDD74472-C987-D3B1-5268-F60F21088D0F,1
5924,54,2016-10-01 00:00:00.000,0,3D918775-CEE8-DCED-A98B-B9B9C6761C83,1
5925,54,2016-10-01 00:00:00.000,0,8E95C259-FC16-F130-C487-C733551382AD,1
5926,54,2016-10-01 00:00:00.000,0,F642BDE1-F17C-0B38-0946-200D16DD21EF,1
5927,54,2016-10-01 00:00:00.000,0,E0CE5AA2-ED50-A1D0-8993-7A61F5A88914,1
5928,54,2016-10-01 00:00:00.000,0,0F7B9EF4-A64B-28B4-2436-84ECB103051B,1
5929,54,2016-10-01 00:00:00.000,0,81161062-EC73-9C85-3B54-8DD52E641047,1
5930,54,2016-10-01 00:00:00.000,0,6B223C09-AB27-EC59-F96D-86F57A6B4552,1
5931,54,2016-10-01 00:00:00.000,0,3AE6F83C-5056-A02D-DF5C-565F05CF688D,1
5932,54,2016-10-01 00:00:00.000,0,776CF77F-B8CC-0B47-FB3D-142FA5980E64,1
5933,54,2016-10-01 00:00:00.000,0,B72A218B-BFDF-3B78-34B6-DBCFF4813D48,1
5934,54,2016-10-01 00:00:00.000,0,AD16C1E0-5056-A02D-DF0B-951FE617D5A8,1
5935,54,2016-10-01 00:00:00.000,0,93784527-5056-A02D-DF82-9C9CB22B9A9E,1
5936,54,2016-10-01 00:00:00.000,0,11931F45-F3D0-E928-CA0E-598D1EC8D79B,1
5937,54,2016-10-01 00:00:00.000,0,885FFE58-5056-A02D-DF04-016718F87F30,1
5938,54,2016-10-01 00:00:00.000,0,E9724451-FED3-42B1-3966-B64599722C3D,1
5939,54,2016-10-01 00:00:00.000,0,FD8813E4-D0DC-786A-AA51-351099506E18,1
5940,49,2016-10-01 00:00:00.000,0,93784527-5056-A02D-DF82-9C9CB22B9A9E,1
5941,54,2016-10-01 00:00:00.000,0,F4478A4D-E65F-4822-6DA3-012ED043AF65,1
5942,54,2016-10-01 00:00:00.000,0,7B0B5857-F7C5-9539-72A9-C4DD85CE3F92,1
5943,54,2016-10-01 00:00:00.000,0,171B746D-0D7B-48A0-9FC2-EE680646C46F,1
5944,6,2016-10-01 00:00:00.000,90003,AE7F0894-B2E0-A06D-9812-D2766731704E,0
5945,54,2016-10-01 00:00:00.000,0,3404535B-FEB6-DAC3-6436-2C934797324E,1
5946,54,2016-10-01 00:00:00.000,0,01693E4B-961B-A0E1-85D9-15DEC0E2B6FA,1
5947,54,2016-10-01 00:00:00.000,0,406686D7-5056-A02D-DFF4-6A61BB42C02E,1
5948,54,2016-10-01 00:00:00.000,0,2373357B-F184-FF68-BB73-B5561FB182D9,1
5949,54,2016-10-01 00:00:00.000,0,7C681ABA-5056-A02D-DFCD-F81C11BBED97,1
5950,54,2016-10-01 00:00:00.000,0,2DA8D2A0-5056-A02D-DF51-5F47FEB32AAD,1
5951,54,2016-10-01 00:00:00.000,0,0FB71CC2-9CF3-0340-D352-A8CAF385B348,1
5952,54,2016-10-01 00:00:00.000,0,DE6E1514-A462-3BED-1DCB-13296D04A669,1
5953,54,2016-10-01 00:00:00.000,0,CCB8155F-5056-A02D-DF61-325AEBC6D0EF,1
5954,54,2016-10-01 00:00:00.000,0,52BAC2EE-DFB2-4DBF-A945-D3443573B660,1
5955,54,2016-10-01 00:00:00.000,0,215B3FC1-A494-EE84-0445-C046CDD46F12,1
5956,54,2016-10-01 00:00:00.000,0,1B0E90E1-A9A7-F69A-4D6A-82ACD5DDEF60,1
5957,54,2016-10-01 00:00:00.000,0,98ACF5D1-D02B-C351-F777-7D5150FE28E7,1
5958,54,2016-10-01 00:00:00.000,0,EB186B5A-5056-A02D-DF02-0339F7C866D0,1
5959,54,2016-10-01 00:00:00.000,0,D391A664-AE1D-800F-1791-D2A7DB375E68,1
5960,54,2016-10-01 00:00:00.000,0,EA11FA99-EDD3-72B8-46B3-13E7CD31EB23,1
5961,54,2016-10-01 00:00:00.000,0,66B1F537-F6BD-C5FD-213C-15EF52444F94,1
5962,54,2016-10-01 00:00:00.000,0,DD42AA55-D317-72E1-F210-8B3E2659F537,1
5963,54,2016-10-01 00:00:00.000,0,30F3019C-BCF9-4777-82F0-CC091994FD45,1
5964,54,2016-10-01 00:00:00.000,0,DB787F7B-5056-A02D-DF27-30FE573ADD16,1
5965,54,2016-10-01 00:00:00.000,0,FB05B4D8-EF7D-D47E-AABE-959C0D78A410,1
5966,54,2016-10-01 00:00:00.000,0,08B003A1-B746-0723-6BF5-DA788979C6A9,1
5967,54,2016-10-01 00:00:00.000,0,F88B23FF-C966-BE69-B31C-39DD92E2C18D,1
5968,54,2016-10-01 00:00:00.000,0,370F2386-B955-A14C-1C50-9CA37F161055,1
5969,54,2016-10-02 00:00:00.000,0,24813B5B-BD50-99B6-1D54-EC968E3B081F,1
5970,54,2016-10-02 00:00:00.000,0,1E453A73-5056-A02D-DF7A-44A87CF60DC8,1
5971,54,2016-10-02 00:00:00.000,0,60C50CF8-B6ED-5BFF-C764-D0A776C4C3D4,1
5972,54,2016-10-02 00:00:00.000,0,BD701B28-A5E7-A3A2-6CCA-949ED62B539F,1
5973,54,2016-10-02 00:00:00.000,0,FEA606E1-F973-799E-8C16-779BE28ED30D,1
5974,54,2016-10-02 00:00:00.000,0,3499B765-997E-65DC-BE2A-8C222B0C7EA2,1
5975,54,2016-10-02 00:00:00.000,0,0A8BDF39-E431-2A7D-41C2-BCAE87933EE8,1
5976,54,2016-10-02 00:00:00.000,0,9DB9D4FE-DAED-E084-3E20-5F930E2C639A,1
5977,54,2016-10-02 00:00:00.000,0,6E3EAD87-CCFE-D18B-8566-56C1BB749A95,1
5978,54,2016-10-02 00:00:00.000,0,92E54EED-CBBE-A6EB-6398-85B84F17B795,1
5979,54,2016-10-02 00:00:00.000,0,2DCAFFD7-9534-BA01-BE0B-FC928D0CF762,1
5980,54,2016-10-02 00:00:00.000,0,04882864-FB75-FBD9-7090-1C64384BF347,1
5981,54,2016-10-02 00:00:00.000,0,5FB320EE-D626-F56D-EDF0-86B5C32D1429,1
5982,54,2016-10-02 00:00:00.000,0,7AD5A58B-F7B6-5FEE-FC91-EEF64055DC2D,1
5983,49,2016-10-02 00:00:00.000,0,7AD5A58B-F7B6-5FEE-FC91-EEF64055DC2D,1
5984,7,2016-10-02 00:00:00.000,90134,DC17B6E8-A528-82BA-0AE9-1B6B5D4FB2B7,0
5985,1,2016-10-02 00:00:00.000,0,302F95C0-BE84-78E7-E281-B2D679DDDAFB,1
5986,54,2016-10-02 00:00:00.000,0,FE57811C-EFEE-B93E-3A52-6B68138A9906,1
5987,54,2016-10-02 00:00:00.000,0,0CBEBC43-04F3-806F-4EC2-B41A486B60A3,1
5988,54,2016-10-02 00:00:00.000,0,5498E1E7-B917-4D64-5452-21FE13610402,1
5989,54,2016-10-02 00:00:00.000,0,DD0CBF37-A09B-78FC-7608-E7E7066208CE,1
5990,54,2016-10-02 00:00:00.000,0,6B9DD5F9-F67D-7C28-599F-809083A9E804,1
5991,54,2016-10-02 00:00:00.000,0,B4A0949C-F4B1-7F91-21D5-727706DDBF09,1
5992,49,2016-10-03 00:00:00.000,0,FB4A5521-E726-4128-A230-299197113993,1
5993,1,2016-10-03 00:00:00.000,0,7A458C4F-0A7B-79F0-6A45-B4133D607849,1
5994,54,2016-10-03 00:00:00.000,0,6B79D121-0CBC-BF2B-00AB-F9C0B0F0B56F,1
5995,54,2016-10-03 00:00:00.000,0,CF14A5A1-CB21-30F5-5AB9-CD1E4550B086,1
5996,54,2016-10-03 00:00:00.000,0,DA8F71F9-F725-5383-214B-FB3EDF947032,1
5997,54,2016-10-03 00:00:00.000,0,F9A58D20-92BE-9A26-DFA6-4E88AC9E14E5,1
5998,5,2016-10-03 00:00:00.000,90192,B0D2B01C-9510-CDAA-896B-81BAF46250BB,0
5999,54,2016-10-03 00:00:00.000,0,EB55AF22-D436-1E53-26A2-AF36924DF770,1
6000,54,2016-10-03 00:00:00.000,0,FC441024-0A48-DD2A-7241-3E204773C6F8,1
6001,54,2016-10-03 00:00:00.000,0,270CC343-05C2-015A-AFC1-9F763E3BA0DE,1
6002,54,2016-10-03 00:00:00.000,0,DED01CA8-90C9-77CE-18F4-5281B4A83192,1
6003,54,2016-10-03 00:00:00.000,0,81F7F555-CE39-A3A3-1C05-F2131F0B6CD6,1
6004,49,2016-10-04 00:00:00.000,0,2D62D7F9-9B8B-F1FB-B961-E82C19A02570,1
6005,34,2016-10-04 00:00:00.000,0,2D62D7F9-9B8B-F1FB-B961-E82C19A02570,1
6006,1,2016-10-04 00:00:00.000,0,2D62D7F9-9B8B-F1FB-B961-E82C19A02570,1
6007,54,2016-10-04 00:00:00.000,0,5E9DDEB3-5056-A02D-DFEF-52174F20275D,1
6008,54,2016-10-04 00:00:00.000,0,38749111-AEBE-C4FD-0EFD-21C805F6F3CE,1
6009,54,2016-10-04 00:00:00.000,0,73B9403F-DA4E-3641-A36C-7EBECDAA5E18,1
6010,54,2016-10-04 00:00:00.000,0,7F2BDA93-E300-F85D-B81C-C45E6D7485F0,1
6011,54,2016-10-04 00:00:00.000,0,F77F750C-FC9C-9087-E7A0-52A011363095,1
6012,1,2016-10-04 00:00:00.000,0,F77F750C-FC9C-9087-E7A0-52A011363095,1
6013,32,2016-10-04 00:00:00.000,0,F77F750C-FC9C-9087-E7A0-52A011363095,1
6014,49,2016-10-04 00:00:00.000,0,F77F750C-FC9C-9087-E7A0-52A011363095,1
6015,54,2016-10-04 00:00:00.000,0,9A895CD4-ABEA-C2B9-55AF-D97FF2500A82,1
6016,34,2016-10-04 00:00:00.000,0,F77F750C-FC9C-9087-E7A0-52A011363095,1
6017,54,2016-10-04 00:00:00.000,0,AE73636D-EA07-F615-2CB8-C9C77A86B25B,1
6018,54,2016-10-04 00:00:00.000,0,652E12DD-F3C2-2DB3-56C6-616529BBE64E,1
6019,54,2016-10-04 00:00:00.000,0,F90E0668-C799-B930-1449-B3CBE33A0536,1
6020,54,2016-10-04 00:00:00.000,0,8A6E699A-FD6A-A976-3284-59BA7620074C,1
6021,54,2016-10-04 00:00:00.000,0,559EE4B3-E8D8-A06A-E7CB-1E097FE17D47,1
6022,54,2016-10-04 00:00:00.000,0,53E11091-DD26-C2E9-3542-B63976767B39,1
6023,54,2016-10-04 00:00:00.000,0,DBBBB468-D698-F97C-C715-A8D1FB67238A,1
6024,54,2016-10-04 00:00:00.000,0,78926463-F31D-5FD7-DB6D-CA4150AABA18,1
6025,54,2016-10-04 00:00:00.000,0,931112F8-9FA0-B52F-39E9-0E7010A049D9,1
6026,54,2016-10-04 00:00:00.000,0,C89E2DF9-DF4E-2108-B2DA-5C4FD8404503,1
6027,54,2016-10-04 00:00:00.000,0,0E26783B-A4E1-AADF-10F9-819B0AF339B9,1
6028,54,2016-10-04 00:00:00.000,0,5200BD42-CC81-8F45-C023-AD0A5D9D2ED3,1
6029,54,2016-10-04 00:00:00.000,0,9511CBBC-D84E-96E7-A571-4B554FF215FA,1
6030,54,2016-10-04 00:00:00.000,0,096442AA-5056-A02D-DFAC-B60E5FFB0B46,1
6031,54,2016-10-04 00:00:00.000,0,9AEF03E6-B91B-0C84-DE27-5AE957C7BF3A,1
6032,54,2016-10-04 00:00:00.000,0,94BDD0F7-F5DF-8893-9109-93FDF6B1B60D,1
6033,54,2016-10-04 00:00:00.000,0,A4A9DEA8-0E15-1079-C0A5-E213AD67E167,1
6034,54,2016-10-04 00:00:00.000,0,FB98DFE8-9B5D-A548-A7A5-BBEB135D1ECA,1
6035,54,2016-10-04 00:00:00.000,0,912F2CF5-DD39-C22F-27A8-62BAC9B73962,1
6036,54,2016-10-04 00:00:00.000,0,A0266306-BBA4-9814-C637-997254F824D6,1
6037,54,2016-10-04 00:00:00.000,0,B3E3036D-AB0A-CD20-48BA-C43DD5ACB0FD,1
6038,34,2016-10-04 00:00:00.000,0,6C40D8B9-5056-A02D-DF77-437B97E16C14,1
6039,54,2016-10-04 00:00:00.000,0,2F4E89A1-F311-427F-E113-34A1A6A73D08,1
6040,54,2016-10-04 00:00:00.000,0,90D8189B-C748-BF57-7443-B67A9061E617,1
6041,54,2016-10-04 00:00:00.000,0,3FEA8E51-BF63-02D6-E628-3484643A6315,1
6042,54,2016-10-04 00:00:00.000,0,306B9F95-AA2A-E6EF-8E48-F49B1F9F95A7,1
6043,49,2016-10-04 00:00:00.000,0,B6785FC9-A741-5E54-1917-B9978620B166,1
6044,54,2016-10-05 00:00:00.000,0,7A458C4F-0A7B-79F0-6A45-B4133D607849,1
6045,54,2016-10-05 00:00:00.000,0,6C40D8B9-5056-A02D-DF77-437B97E16C14,1
6046,54,2016-10-05 00:00:00.000,0,925113F7-0B54-4006-0A8E-390AD1C237F1,1
6047,49,2016-10-05 00:00:00.000,0,7603F342-CCC2-6472-7C41-5D108D1A24EA,1
6048,54,2016-10-05 00:00:00.000,0,D9892FD6-D572-B53B-C187-E47099BA6251,1
6049,54,2016-10-05 00:00:00.000,90421,5FB320EE-D626-F56D-EDF0-86B5C32D1429,0
6050,49,2016-10-05 00:00:00.000,0,1F990F52-5056-A02D-DFCB-0C4BB2FD534A,1
6051,54,2016-10-05 00:00:00.000,0,8896306C-FE2D-61B5-FE77-0D2D595F19B9,1
6052,34,2016-10-05 00:00:00.000,0,DD42AA55-D317-72E1-F210-8B3E2659F537,1
6053,54,2016-10-06 00:00:00.000,0,F165D460-5056-A02D-DF05-B6ABFF2572B5,1
6054,54,2016-10-06 00:00:00.000,0,8F8681AB-F0BC-27B2-704D-DE2D57B7378B,1
6055,54,2016-10-06 00:00:00.000,0,0EAD5585-0DAB-5CCB-9DB1-AD9BC0F2B40E,1
6056,54,2016-10-06 00:00:00.000,0,8EB8057A-DE34-9B50-C21F-CA18409409DC,1
6057,32,2016-10-06 00:00:00.000,0,2D62D7F9-9B8B-F1FB-B961-E82C19A02570,1
6058,54,2016-10-06 00:00:00.000,0,92D7179E-BAE4-94E4-0C3D-C5EF02A3EF8E,1
6059,3,2016-10-06 00:00:00.000,90474,9E55ADF3-E79E-04F1-2D64-D9C790D15443,0
6060,54,2016-10-06 00:00:00.000,0,D766BC87-5056-A02D-DFC5-5961B0CE29B0,1
6061,49,2016-10-06 00:00:00.000,0,3D918775-CEE8-DCED-A98B-B9B9C6761C83,1
6062,54,2016-10-06 00:00:00.000,0,6BE7DDCD-05AD-9834-C79A-E058699EEA55,1
6063,54,2016-10-06 00:00:00.000,0,656F4D74-F185-CDD1-42E8-03AE73057D96,1
6064,54,2016-10-06 00:00:00.000,0,94A6712B-CFA9-DDCB-5CCC-A0AA7A4E0E9C,1
6065,54,2016-10-06 00:00:00.000,0,86DA4D09-E712-6568-B090-C226F4C49B1F,1
6066,49,2016-10-06 00:00:00.000,0,FF599F28-DA5F-F434-5EAB-7E32F72BE875,1
6067,34,2016-10-06 00:00:00.000,0,FF599F28-DA5F-F434-5EAB-7E32F72BE875,1
6068,32,2016-10-06 00:00:00.000,0,FF599F28-DA5F-F434-5EAB-7E32F72BE875,1
6069,1,2016-10-06 00:00:00.000,0,AFB64B4E-9B9C-92C4-F978-B77BD46ACD2E,1
6070,54,2016-10-06 00:00:00.000,0,9A52B0D1-D4AA-509E-4C54-EEC578763C3A,1
6071,54,2016-10-06 00:00:00.000,0,D5E7095A-5056-A02D-DFDF-875EB389436C,1
6072,54,2016-10-06 00:00:00.000,0,6A329473-09FC-9B8E-0420-68CCB85C1379,1
6073,54,2016-10-06 00:00:00.000,0,6AC6C5E4-B292-FB7E-A77C-4FDDEA7B0661,1
6074,54,2016-10-06 00:00:00.000,0,E1AFF4DE-A598-A1EA-3952-6B54B6CAFC5B,1
6075,54,2016-10-06 00:00:00.000,0,A86D8705-C324-113F-94BF-3213975C906C,1
6076,54,2016-10-06 00:00:00.000,0,940552E3-9B49-4924-BEF6-59FBF658C3F6,1
6077,54,2016-10-06 00:00:00.000,0,93119CFF-D254-BD61-E078-C70E3CCD8E47,1
6078,54,2016-10-06 00:00:00.000,0,75C0FACA-C2CF-4337-7E2E-293CA6174EB9,1
6079,54,2016-10-06 00:00:00.000,0,A3943322-B31C-38B3-FAF1-5A638EB164BE,1
6080,49,2016-10-06 00:00:00.000,0,5F97FD57-EDF4-7B47-5FCB-1531CDC188F3,1
6081,54,2016-10-06 00:00:00.000,90549,870338B9-DD52-0469-A7F4-0F9E81C8E0F0,0
6082,54,2016-10-06 00:00:00.000,0,9FE75239-ED8C-6B30-175D-0CB0425B929E,1
6083,54,2016-10-06 00:00:00.000,0,302F95C0-BE84-78E7-E281-B2D679DDDAFB,1
6084,1,2016-10-06 00:00:00.000,0,267212C0-E91F-D8DC-EAD3-02493D457EAF,1
6085,54,2016-10-06 00:00:00.000,0,BDBDE3D5-DEAD-677C-C6A8-B2F67E0034F4,1
6086,54,2016-10-06 00:00:00.000,0,E3805324-5056-A02D-DF34-D72F270B054B,1
6087,54,2016-10-06 00:00:00.000,0,D6B2DB86-9FC8-8ED3-3AEB-4ABEE0EE3B7E,1
6088,54,2016-10-06 00:00:00.000,0,EDA3D043-F4F5-B8F9-C9C5-6523E0CE1FCF,1
6089,1,2016-10-06 00:00:00.000,0,5E9DDEB3-5056-A02D-DFEF-52174F20275D,1
6090,54,2016-10-06 00:00:00.000,0,1388286E-BA43-2CE4-D0D5-DFC233A2F32B,1
6091,54,2016-10-06 00:00:00.000,0,08EE0604-5056-A02D-DF6C-43E3AA1784FC,1
6092,49,2016-10-06 00:00:00.000,0,6C40D8B9-5056-A02D-DF77-437B97E16C14,1
6093,32,2016-10-06 00:00:00.000,0,6AC6C5E4-B292-FB7E-A77C-4FDDEA7B0661,1
6094,54,2016-10-06 00:00:00.000,0,CA1CCDE8-E971-A56E-C90D-3E7A527221C1,1
6095,54,2016-10-06 00:00:00.000,0,8BA09F08-DD7C-4E8D-C69C-D302DB7F1A87,1
6096,54,2016-10-06 00:00:00.000,0,BC075889-A28B-0FA5-585D-7A9169139382,1
6097,54,2016-10-06 00:00:00.000,0,3B1805D8-C64C-F012-8B74-2E0A796E3214,1
6098,54,2016-10-06 00:00:00.000,0,77D86C65-B50F-CD7B-7FFA-E7B1E0B1D455,1
6099,17,2016-10-06 00:00:00.000,90599,77D86C65-B50F-CD7B-7FFA-E7B1E0B1D455,0
6100,54,2016-10-06 00:00:00.000,0,BFF1F8AE-0B4B-3DA2-DD79-A3D904BC3557,1
6101,54,2016-10-06 00:00:00.000,0,09115A91-5056-A02D-DF36-D0271C7A88F6,1
6102,1,2016-10-06 00:00:00.000,0,EA763DCC-E99C-4962-061E-E778F428C5F1,1
6103,54,2016-10-06 00:00:00.000,0,B6785FC9-A741-5E54-1917-B9978620B166,1
6104,54,2016-10-06 00:00:00.000,0,4A61095C-5056-A02D-DFB8-B0ACFC25323E,1
6105,8,2016-10-06 00:00:00.000,90629,60ACE2B8-9B17-BBB8-E8A6-4B13EFACA013,0
6106,54,2016-10-06 00:00:00.000,0,17153E20-F8BA-276A-AAFE-CD6D92BF6849,1
6107,54,2016-10-06 00:00:00.000,0,65844084-F11C-B698-47AA-BF2BB0A6E138,1
6108,54,2016-10-06 00:00:00.000,0,5753D463-E811-723C-2271-4D9BF6EF0D83,1
6109,54,2016-10-06 00:00:00.000,0,612D7BB7-F0B7-48E6-5B1D-B748D815A6D5,1
6110,54,2016-10-06 00:00:00.000,0,EDC71D0E-0D45-F0BD-F599-31E1BEE69DBB,1
6111,54,2016-10-07 00:00:00.000,90683,DA7107F5-0BF0-02F5-6EAE-EB19A0018672,0
6112,54,2016-10-07 00:00:00.000,90708,9E12CD1A-BEAA-85D5-A566-E2D4830C3D12,0
6113,54,2016-10-08 00:00:00.000,90741,CE8C5254-D047-8E82-DB2D-63E391045A1C,0
6114,1,2016-10-08 00:00:00.000,0,DB787F7B-5056-A02D-DF27-30FE573ADD16,1
6115,49,2016-10-08 00:00:00.000,0,DB787F7B-5056-A02D-DF27-30FE573ADD16,1
6116,1,2016-10-09 00:00:00.000,0,8A492387-5056-A02D-DFC7-6DD208D695D3,1
6117,54,2016-10-09 00:00:00.000,90827,7603F342-CCC2-6472-7C41-5D108D1A24EA,0
6118,54,2016-10-10 00:00:00.000,90872,AA5EF8FA-D380-DA92-01DF-621A8BB8E717,0
6119,1,2016-10-11 00:00:00.000,0,D2AF598C-5056-A02D-DFF9-057593B560E5,1
6120,49,2016-10-11 00:00:00.000,0,9A6D62C3-5056-A02D-DF07-05AC43A36058,1
6121,26,2016-10-11 00:00:00.000,90938,7603F342-CCC2-6472-7C41-5D108D1A24EA,0
6122,49,2016-10-11 00:00:00.000,0,FF9259AB-DF41-3086-1E85-49A912B919E6,1
6123,7,2016-10-13 00:00:00.000,90988,3056EF6B-E3BA-6F69-4B8B-7D3D451F2DDF,0
6124,8,2016-10-13 00:00:00.000,91024,DB787F7B-5056-A02D-DF27-30FE573ADD16,0
6125,54,2016-10-14 00:00:00.000,91048,9A6D62C3-5056-A02D-DF07-05AC43A36058,0
6126,32,2016-10-14 00:00:00.000,0,08EE0604-5056-A02D-DF6C-43E3AA1784FC,1
6127,49,2016-10-14 00:00:00.000,0,93C16EF1-C0D4-57F1-0678-FD15677E523D,1
6128,34,2016-10-17 00:00:00.000,0,29DD8A76-FC1E-DDC6-8B48-8436233A8F96,1
6129,54,2016-10-17 00:00:00.000,91218,114927D8-91F3-F373-092B-6CE931774F83,0
6130,49,2016-10-18 00:00:00.000,0,0B7A0523-C502-3C66-942A-0B906C57D41B,1
6131,34,2016-10-18 00:00:00.000,0,0B7A0523-C502-3C66-942A-0B906C57D41B,1
6132,7,2016-10-18 00:00:00.000,91255,0B7A0523-C502-3C66-942A-0B906C57D41B,0
6133,6,2016-10-19 00:00:00.000,91325,F24E54A3-CD53-80C9-C060-1249D46C8D47,0
6134,49,2016-10-19 00:00:00.000,0,1085EA94-0C4C-F0C6-FBBE-01AC2F4C1232,1
6135,1,2016-10-21 00:00:00.000,0,4769C0B0-0F07-26AB-78BF-9ADB78437266,1
6136,7,2016-10-22 00:00:00.000,92431,D7856C7C-D5AE-B6A1-ADB3-126890ADB787,0
6137,6,2016-10-22 00:00:00.000,92435,DA9B4FF4-9C8A-8502-095A-75CD79CBF1FA,0
6138,34,2016-10-22 00:00:00.000,0,3C797FBA-030F-BD9F-DC40-3D5627C8B8AA,1
6139,32,2016-10-22 00:00:00.000,0,3C797FBA-030F-BD9F-DC40-3D5627C8B8AA,1
6140,49,2016-10-22 00:00:00.000,0,3C797FBA-030F-BD9F-DC40-3D5627C8B8AA,1
6141,6,2016-10-22 00:00:00.000,92436,1B0E90E1-A9A7-F69A-4D6A-82ACD5DDEF60,0
6142,6,2016-10-22 00:00:00.000,92437,DAB096F5-B0BC-D8C0-7D1B-8D8D4EEAA62A,0
6143,1,2016-10-22 00:00:00.000,0,1FD550E9-0E3D-25C2-44C1-DCE6BA9EFB4A,1
6144,6,2016-10-22 00:00:00.000,92439,D116F741-CBA2-5C25-969C-DAB2FA1194C8,0
6145,6,2016-10-22 00:00:00.000,92440,20D59407-DEC7-E8C3-EE0D-D50B542F3FD0,0
6146,6,2016-10-22 00:00:00.000,92443,AA8881E8-06B4-FCB2-92AC-54667DD3128E,0
6147,6,2016-10-22 00:00:00.000,92456,4A61095C-5056-A02D-DFB8-B0ACFC25323E,0
6148,49,2016-10-22 00:00:00.000,0,32D5EF4B-CF4C-BCF2-77F8-9DBE1FE8BB71,1
6149,6,2016-10-22 00:00:00.000,92468,6EEAECF6-0F7E-E9C0-ABEA-1D94FAF485E9,0
6150,1,2016-10-23 00:00:00.000,0,F4FA886A-5056-A02D-DF9A-E35E3B124865,1
6151,6,2016-10-23 00:00:00.000,92489,931112F8-9FA0-B52F-39E9-0E7010A049D9,0
6152,1,2016-10-24 00:00:00.000,0,F5FE7C7C-E934-4F0E-3E29-A5C4606DAD2C,1
6153,49,2016-10-25 00:00:00.000,0,75C0FACA-C2CF-4337-7E2E-293CA6174EB9,1
6154,32,2016-10-25 00:00:00.000,0,E3CAED59-BEFA-3A29-4ABB-DD273F6D5512,1
6155,32,2016-10-25 00:00:00.000,0,9B3349B9-5056-A02D-DFFF-67E7AA4CDF0A,1
6156,32,2016-10-25 00:00:00.000,0,BFF1F8AE-0B4B-3DA2-DD79-A3D904BC3557,1
6157,32,2016-10-25 00:00:00.000,0,6B223C09-AB27-EC59-F96D-86F57A6B4552,1
6158,32,2016-10-25 00:00:00.000,0,21C4995C-9393-E375-D1AF-A8DEDB681278,1
6159,32,2016-10-25 00:00:00.000,0,8AF0AE05-B54D-992E-DC4E-9D6FD1BD224C,1
6160,32,2016-10-25 00:00:00.000,0,912F2CF5-DD39-C22F-27A8-62BAC9B73962,1
6161,32,2016-10-25 00:00:00.000,0,659F7A05-DC5F-1FAF-A7CD-A74BD57D23B8,1
6162,32,2016-10-25 00:00:00.000,0,B1F7FD98-DACC-2621-CDCE-DCAD88BF8967,1
6163,32,2016-10-25 00:00:00.000,0,DE6E1514-A462-3BED-1DCB-13296D04A669,1
6164,8,2016-10-25 00:00:00.000,92566,E3B97CAD-5056-A02D-DF43-86BD26B6E35F,0
6165,32,2016-10-25 00:00:00.000,0,B3E3036D-AB0A-CD20-48BA-C43DD5ACB0FD,1
6166,34,2016-10-25 00:00:00.000,0,DBC76118-F20F-B7DC-8CF6-3B0F843921F2,1
6167,32,2016-10-25 00:00:00.000,0,A1372A7D-5056-A02D-DF6F-9ED05FC04D2B,1
6168,32,2016-10-25 00:00:00.000,0,FE57811C-EFEE-B93E-3A52-6B68138A9906,1
6169,32,2016-10-25 00:00:00.000,0,E15DD301-B516-41DC-7534-C6F78A38E725,1
6170,32,2016-10-25 00:00:00.000,0,7F2BDA93-E300-F85D-B81C-C45E6D7485F0,1
6171,1,2016-10-25 00:00:00.000,0,46E85A5C-D198-3478-8118-099B1F35294A,1
6172,49,2016-10-25 00:00:00.000,0,DD82D099-5056-A02D-DFB2-80253AC6CA73,1
6173,32,2016-10-25 00:00:00.000,0,BECAA31A-5056-A02D-DF35-10EDD5A249E7,1
6174,32,2016-10-25 00:00:00.000,0,DD0CBF37-A09B-78FC-7608-E7E7066208CE,1
6175,32,2016-10-26 00:00:00.000,0,A0B76B0B-5056-A02D-DF30-B6CF6D4A71F2,1
6176,6,2016-10-26 00:00:00.000,92607,722D0E18-D9D8-57B3-CEC1-867B3F7A649A,0
6177,6,2016-10-26 00:00:00.000,92613,F9EB132F-5056-A02D-DF26-227AABD5D0F8,0
6178,6,2016-10-27 00:00:00.000,92626,9D91BE65-C7D8-B7EB-99A6-D78BC7E87B6F,0
6179,32,2016-10-27 00:00:00.000,0,7DFC34CC-C7C9-76EE-CA75-3E5EA9F28829,1
6180,49,2016-10-27 00:00:00.000,0,93119CFF-D254-BD61-E078-C70E3CCD8E47,1
6181,32,2016-10-27 00:00:00.000,0,7DED864E-E6C4-8D23-CAFF-A883A3BD7023,1
6182,32,2016-10-27 00:00:00.000,0,BC87A2DA-F2E3-6401-E860-90205B52D554,1
6183,1,2016-10-29 00:00:00.000,0,77DA087A-5056-A02D-DF37-CD784CCFFB2D,1
6184,1,2016-10-29 00:00:00.000,0,9B3349B9-5056-A02D-DFFF-67E7AA4CDF0A,1
6185,1,2016-10-29 00:00:00.000,0,D5E7095A-5056-A02D-DFDF-875EB389436C,1
6186,34,2016-10-30 00:00:00.000,0,66557AE2-F5E2-20D6-2FAF-95D4AF2D3E69,1
6187,49,2016-10-30 00:00:00.000,0,86ADEF6B-0872-3927-9F42-D21C84371F8C,1
6188,6,2016-10-31 00:00:00.000,92968,D2A5B817-5056-A02D-DF2A-92A53EF15419,0
6189,1,2016-10-31 00:00:00.000,0,AE555579-AEF1-86DE-B836-583A11C08828,1
6190,2,2016-11-01 00:00:00.000,93015,F2612F1D-5056-A02D-DFB9-3330547B4C33,0
6191,1,2016-11-01 00:00:00.000,0,E695097D-5056-A02D-DF27-0BB2CB09FF3D,1
6192,8,2016-11-01 00:00:00.000,93053,A23E3BE3-5056-A02D-DFDE-FCC839BC6781,0
6193,8,2016-11-01 00:00:00.000,93062,C41736E3-5056-A02D-DF04-DE68268B2B98,0
6194,34,2016-11-03 00:00:00.000,0,8967FFF8-B6A5-3BD5-DDDD-8D4F0249B2E5,1
6195,6,2016-11-03 00:00:00.000,93189,7BDD915A-5056-A02D-DF8D-FB6C59851A6D,0
6196,34,2016-11-04 00:00:00.000,0,4769C0B0-0F07-26AB-78BF-9ADB78437266,1
6197,1,2016-11-05 00:00:00.000,0,7AA5662F-5056-A02D-DF12-AC2668EE2139,1
6198,32,2016-11-06 00:00:00.000,0,9F3BBE73-DD4F-C674-EF39-1F6BE8E9450C,1
6199,1,2016-11-06 00:00:00.000,0,AA9DB5B2-5056-A02D-DF0A-E91DD1D3F70F,1
6200,32,2016-11-07 00:00:00.000,0,8E143E58-9197-033B-1DA2-5177A7C865AE,1
6201,49,2016-11-07 00:00:00.000,0,A12B0C31-B3B7-C62C-1E50-53AE3EE09BE9,1
6202,54,2016-11-08 00:00:00.000,93404,EE30CA58-5056-A02D-DFFE-5E6425175DEE,0
6203,32,2016-11-08 00:00:00.000,0,DD82D099-5056-A02D-DFB2-80253AC6CA73,1
6204,32,2016-11-08 00:00:00.000,0,7814EA27-F3AA-0DCE-6EB6-6E98AF67F68E,1
6205,8,2016-11-10 00:00:00.000,93490,04A8E506-5056-A02D-DF87-AB82C17E0666,0
6206,49,2016-11-10 00:00:00.000,0,DD0CFAC2-A58D-7324-603E-DB7191ED412B,1
6207,32,2016-11-10 00:00:00.000,0,93784527-5056-A02D-DF82-9C9CB22B9A9E,1
6208,8,2016-11-11 00:00:00.000,93557,83F7020E-E8AA-978A-0152-F56CCE1E0D36,0
6209,7,2016-11-12 00:00:00.000,93587,FB2F01C6-B93A-3B62-FEE2-8AD133BFF731,0
6210,32,2016-11-12 00:00:00.000,0,8967FFF8-B6A5-3BD5-DDDD-8D4F0249B2E5,1
6211,1,2016-11-12 00:00:00.000,0,8967FFF8-B6A5-3BD5-DDDD-8D4F0249B2E5,1
6212,8,2016-11-12 00:00:00.000,93603,B1CB6CC7-5056-A02D-DF20-DD8593E1A577,0
6213,8,2016-11-12 00:00:00.000,93614,297EA347-5056-A02D-DF0C-1B0D9AD26DFA,0
6214,2,2016-11-14 00:00:00.000,93725,E695097D-5056-A02D-DF27-0BB2CB09FF3D,0
6215,34,2016-11-15 00:00:00.000,0,6C63843E-C550-22F9-D754-EC849741D5B0,1
6216,32,2016-11-15 00:00:00.000,0,86070238-0FB3-9B83-9D37-6A051F048A11,1
6217,32,2016-11-17 00:00:00.000,0,1AC7CFA0-5056-A02D-DFF3-EEA56EF277FA,1
6218,49,2016-11-17 00:00:00.000,0,A9F93AE9-0181-014F-4A6C-3D326EFE3152,1
6219,49,2016-11-17 00:00:00.000,0,A3943322-B31C-38B3-FAF1-5A638EB164BE,1
6220,49,2016-11-17 00:00:00.000,0,D13A771C-EE07-B409-4CC5-691BAA016D90,1
6221,49,2016-11-17 00:00:00.000,0,9362E8CF-5056-A02D-DF9A-4015E8B2A097,1
6222,49,2016-11-17 00:00:00.000,0,F3843633-5056-A02D-DF8E-C4BAD5F42ADF,1
6223,49,2016-11-17 00:00:00.000,0,F4478A4D-E65F-4822-6DA3-012ED043AF65,1
6224,49,2016-11-17 00:00:00.000,0,D2AF598C-5056-A02D-DFF9-057593B560E5,1
6225,49,2016-11-17 00:00:00.000,0,A4A9DEA8-0E15-1079-C0A5-E213AD67E167,1
6226,49,2016-11-17 00:00:00.000,0,9004763D-9F82-C23D-ED84-B380EB89E220,1
6227,49,2016-11-17 00:00:00.000,0,7631EBE9-FF79-84B6-BD3C-9932CE7484AC,1
6228,49,2016-11-17 00:00:00.000,0,A0B76B0B-5056-A02D-DF30-B6CF6D4A71F2,1
6229,49,2016-11-17 00:00:00.000,0,B1F7FD98-DACC-2621-CDCE-DCAD88BF8967,1
6230,49,2016-11-17 00:00:00.000,0,7BC46A17-A3D8-4E4B-FE0B-12416BECBD41,1
6231,1,2016-11-17 00:00:00.000,93948,D1BCA695-5056-A02D-DF87-A43BCED9B5A1,0
6232,49,2016-11-17 00:00:00.000,0,C6BC5810-C0A0-75DC-E3B2-493B7FFC5864,1
6233,49,2016-11-17 00:00:00.000,0,1388286E-BA43-2CE4-D0D5-DFC233A2F32B,1
6234,49,2016-11-17 00:00:00.000,0,E3B97CAD-5056-A02D-DF43-86BD26B6E35F,1
6235,49,2016-11-17 00:00:00.000,0,9AEF03E6-B91B-0C84-DE27-5AE957C7BF3A,1
6236,49,2016-11-17 00:00:00.000,0,9139EAD1-E473-034D-FF38-5DD08851FEB6,1
6237,49,2016-11-18 00:00:00.000,0,4839705E-5056-A02D-DFF9-CFFF8B2F48F1,1
6238,32,2016-11-18 00:00:00.000,0,95A45A62-5056-A02D-DFA3-C854DB8A2190,1
6239,49,2016-11-18 00:00:00.000,0,245C1CD5-5056-A02D-DFBB-C54C1674BB72,1
6240,32,2016-11-18 00:00:00.000,0,F2612F1D-5056-A02D-DFB9-3330547B4C33,1
6241,49,2016-11-18 00:00:00.000,0,737A66E9-DF00-6069-567B-7C92A7863666,1
6242,49,2016-11-18 00:00:00.000,0,2373357B-F184-FF68-BB73-B5561FB182D9,1
6243,49,2016-11-19 00:00:00.000,0,0414ECEC-EAC0-DEF6-CE3E-02EB9D151E04,1
6244,1,2016-11-19 00:00:00.000,0,B1CB6CC7-5056-A02D-DF20-DD8593E1A577,1
6245,1,2016-11-19 00:00:00.000,94075,4D95AFFF-5056-A02D-DF9F-1EAE06E4EBE8,0
6246,49,2016-11-19 00:00:00.000,0,C2F64803-5056-A02D-DF37-8EB76D6D9A0E,1
6247,1,2016-11-19 00:00:00.000,0,AE1CE3C4-5056-A02D-DF73-EFE7D3078E47,1
6248,54,2016-11-19 00:00:00.000,94089,C2F64803-5056-A02D-DF37-8EB76D6D9A0E,0
6249,7,2016-11-19 00:00:00.000,94091,C2F64803-5056-A02D-DF37-8EB76D6D9A0E,0
6250,49,2016-11-20 00:00:00.000,0,C4E995BF-5056-A02D-DFD9-F6BBB2AE9D23,1
6251,34,2016-11-20 00:00:00.000,0,C4E995BF-5056-A02D-DFD9-F6BBB2AE9D23,1
6252,34,2016-11-20 00:00:00.000,0,72389D47-CDA3-24B9-CD5B-B7D0DF02736E,1
6253,49,2016-11-20 00:00:00.000,0,FA632CFF-9DD4-F31D-F345-C3FC79DA08CC,1
6254,49,2016-11-21 00:00:00.000,0,6AC6C5E4-B292-FB7E-A77C-4FDDEA7B0661,1
6255,6,2016-11-21 00:00:00.000,94172,9C44F80B-A3F0-C570-822A-8D3C0CA62C3D,0
6256,17,2016-11-23 00:00:00.000,94254,9A6D62C3-5056-A02D-DF07-05AC43A36058,0
6257,49,2016-11-23 00:00:00.000,0,49A34977-5056-A02D-DF07-5C7E1FFF5D0E,1
6258,49,2016-11-24 00:00:00.000,0,0061DC24-F713-0B3B-E611-819A03CFB869,1
6259,1,2016-11-24 00:00:00.000,0,C2F64803-5056-A02D-DF37-8EB76D6D9A0E,1
6260,1,2016-11-24 00:00:00.000,0,BCF0D225-CF24-2C37-210A-AAC2938888CB,1
6261,1,2016-11-24 00:00:00.000,0,907A9B8C-5056-A02D-DFFA-A7B3B9D4837E,1
6262,26,2016-11-25 00:00:00.000,94368,576AE965-BEF3-F080-641E-CF952F7D4AF2,0
6263,4,2016-11-25 00:00:00.000,94380,3404535B-FEB6-DAC3-6436-2C934797324E,0
6264,1,2016-11-25 00:00:00.000,0,7008AD22-5056-A02D-DF53-4F95D51E1213,1
6265,34,2016-11-25 00:00:00.000,0,FA632CFF-9DD4-F31D-F345-C3FC79DA08CC,1
6266,1,2016-11-26 00:00:00.000,0,56E9374A-5056-A02D-DFAA-672A04EC5FAC,1
6267,32,2016-11-26 00:00:00.000,0,56E9374A-5056-A02D-DFAA-672A04EC5FAC,1
6268,26,2016-11-26 00:00:00.000,94473,B6793162-B537-F6B6-A9EA-B9DAC35DE0E9,0
6269,34,2016-11-26 00:00:00.000,0,56E9374A-5056-A02D-DFAA-672A04EC5FAC,1
6270,49,2016-11-26 00:00:00.000,0,B6793162-B537-F6B6-A9EA-B9DAC35DE0E9,1
6271,34,2016-11-27 00:00:00.000,0,FC7A56E5-DF32-30B4-640B-19E5D03AF968,1
6272,32,2016-11-28 00:00:00.000,0,8966BAEC-0703-D448-DD49-10B0A9684C76,1
6273,49,2016-11-28 00:00:00.000,0,F2612F1D-5056-A02D-DFB9-3330547B4C33,1
6274,8,2016-11-29 00:00:00.000,94631,CD8CA332-5056-A02D-DF62-B5C6C1F37492,0
6275,8,2016-11-29 00:00:00.000,94647,51DD7BAF-017A-7275-5394-5F481D751769,0
6276,49,2016-11-30 00:00:00.000,0,A52CB1B6-5056-A02D-DF6A-1AC7D9221BB4,1
6277,34,2016-11-30 00:00:00.000,0,E3CAED59-BEFA-3A29-4ABB-DD273F6D5512,1
6278,49,2016-12-01 00:00:00.000,0,D93C2945-015B-E866-88D5-8621B01E6EBC,1
6279,49,2016-12-02 00:00:00.000,0,556DFBDE-E609-85D1-B296-A9640E3531E5,1
6280,32,2016-12-03 00:00:00.000,0,EB186B5A-5056-A02D-DF02-0339F7C866D0,1
6281,8,2016-12-03 00:00:00.000,94849,FB932331-5056-A02D-DF60-06933B73C10B,0
6282,1,2016-12-03 00:00:00.000,0,9B0A3B23-5056-A02D-DFA0-FDBCD5C9AD69,1
6283,49,2016-12-03 00:00:00.000,0,9B0A3B23-5056-A02D-DFA0-FDBCD5C9AD69,1
6284,8,2016-12-03 00:00:00.000,94857,40689F28-5056-A02D-DF1C-83F4AD14DFFC,0
6285,7,2016-12-04 00:00:00.000,94909,94A5F40C-09A7-8782-843B-212A6E2C0D23,0
6286,34,2016-12-04 00:00:00.000,0,F33C0A15-5056-A02D-DFD8-76DD69919930,1
6287,34,2016-12-05 00:00:00.000,0,802750BE-C85E-792E-B151-56B9EF2F697C,1
6288,49,2016-12-05 00:00:00.000,0,FE10F782-C570-3CF4-C497-19A6323BC738,1
6289,7,2016-12-05 00:00:00.000,94921,FE10F782-C570-3CF4-C497-19A6323BC738,0
6290,32,2016-12-05 00:00:00.000,0,0026730F-5056-A02D-DF53-9C8F148A5B6B,1
6291,8,2016-12-05 00:00:00.000,94936,F33C0A15-5056-A02D-DFD8-76DD69919930,0
6292,54,2016-12-06 00:00:00.000,94986,476FF247-DD45-F967-D4FB-D0BF7BAC78CF,0
6293,54,2016-12-06 00:00:00.000,95001,CBDD75A8-F1E0-2D1C-0A94-1C970DCED7AA,0
6294,32,2016-12-06 00:00:00.000,0,D66E3D78-F4F7-1C61-9C48-AD2B78DBE9C1,1
6295,34,2016-12-06 00:00:00.000,0,B74DB69F-5056-A02D-DF5B-E99E3DCF1198,1
6296,1,2016-12-06 00:00:00.000,0,94A5F40C-09A7-8782-843B-212A6E2C0D23,1
6297,1,2016-12-06 00:00:00.000,0,03294C98-A24F-A1A3-F285-E99AFB5D6233,1
6298,8,2016-12-08 00:00:00.000,95139,03294C98-A24F-A1A3-F285-E99AFB5D6233,0
6299,1,2016-12-08 00:00:00.000,0,FA632CFF-9DD4-F31D-F345-C3FC79DA08CC,1
6300,34,2016-12-10 00:00:00.000,0,BA508A41-CCAD-1786-27AB-C8C7C2310E9F,1
6301,54,2016-12-10 00:00:00.000,95215,13B50201-CFC0-3FD2-8EBE-E6088A56EDAD,0
6302,4,2016-12-11 00:00:00.000,95243,E695097D-5056-A02D-DF27-0BB2CB09FF3D,0
6303,49,2016-12-11 00:00:00.000,0,F794C83D-CDA5-843C-567C-23A2375C3529,1
6304,34,2016-12-11 00:00:00.000,0,3FEA8E51-BF63-02D6-E628-3484643A6315,1
6305,1,2016-12-12 00:00:00.000,0,41488A5B-5056-A02D-DF3A-14D8E5AA4E1D,1
6306,1,2016-12-13 00:00:00.000,0,571D1E84-D9D0-1C83-4E27-AE8671089150,1
6307,54,2016-12-13 00:00:00.000,95321,571D1E84-D9D0-1C83-4E27-AE8671089150,0
6308,2,2016-12-13 00:00:00.000,95347,F9A58D20-92BE-9A26-DFA6-4E88AC9E14E5,0
6309,4,2016-12-13 00:00:00.000,95348,F9A58D20-92BE-9A26-DFA6-4E88AC9E14E5,0
6310,3,2016-12-13 00:00:00.000,95349,F9A58D20-92BE-9A26-DFA6-4E88AC9E14E5,0
6311,34,2016-12-14 00:00:00.000,0,9FA566D4-5056-A02D-DFA9-B2EA0F907D85,1
6312,32,2016-12-14 00:00:00.000,0,73C55C23-E855-4AF1-6A31-5D783D22EEF6,1
6313,34,2016-12-15 00:00:00.000,0,E1AFF4DE-A598-A1EA-3952-6B54B6CAFC5B,1
6314,34,2016-12-15 00:00:00.000,0,DE6E1514-A462-3BED-1DCB-13296D04A669,1
6315,34,2016-12-15 00:00:00.000,0,B716B4B0-5056-A02D-DF00-896281B66465,1
6316,1,2016-12-15 00:00:00.000,0,44C4BF48-5056-A02D-DFB7-D1859F5E15C3,1
6317,34,2016-12-15 00:00:00.000,0,11931F45-F3D0-E928-CA0E-598D1EC8D79B,1
6318,8,2016-12-15 00:00:00.000,95410,287EEFD1-F967-3948-4E76-4ABD810D102E,0
6319,34,2016-12-15 00:00:00.000,0,121B2AEB-A1EC-B63A-A6DC-8C30349B4F04,1
6320,34,2016-12-15 00:00:00.000,0,6DAB2307-5056-A02D-DF48-575DCDBB2C36,1
6321,34,2016-12-15 00:00:00.000,0,1D5B1D8A-5056-A02D-DFDF-C27661B6B14A,1
6322,8,2016-12-15 00:00:00.000,95426,AA26C821-E1EF-41EB-4498-29C865E5A8DC,0
6323,49,2016-12-15 00:00:00.000,0,9024E1B2-C52C-88DE-DE30-86C3D57870E2,1
6324,1,2016-12-15 00:00:00.000,0,9A5C9F4F-5056-A02D-DF38-DC3E8AC429A1,1
6325,34,2016-12-15 00:00:00.000,0,44C4BF48-5056-A02D-DFB7-D1859F5E15C3,1
6326,49,2016-12-15 00:00:00.000,0,44C4BF48-5056-A02D-DFB7-D1859F5E15C3,1
6327,34,2016-12-15 00:00:00.000,0,00555EA7-B129-F47C-96BF-0B29C9755A57,1
6328,34,2016-12-15 00:00:00.000,0,6670AE9B-CEED-BF54-ECCF-C0EF3679535E,1
6329,32,2016-12-16 00:00:00.000,0,F17C2CDD-9785-F796-416B-5BD18E0C9FA6,1
6330,8,2016-12-16 00:00:00.000,95461,39012CE7-5056-A02D-DF60-1A35FC1774D8,0
6331,32,2016-12-17 00:00:00.000,0,D28B5C23-5056-A02D-DF54-F582E770EAF0,1
6332,34,2016-12-17 00:00:00.000,95518,27F80DCC-FC19-1AFD-326E-01436FB7A7A0,0
6333,49,2016-12-18 00:00:00.000,0,423CEB58-C995-1543-D8DA-4931FBC4EA64,1
6334,8,2016-12-18 00:00:00.000,95584,3452ED53-5056-A02D-DFA0-E45E5647E0B6,0
6335,54,2016-12-19 00:00:00.000,95616,8C545B85-DA23-1E9D-6650-DA1843AB0996,0
6336,1,2016-12-21 00:00:00.000,0,A52CB1B6-5056-A02D-DF6A-1AC7D9221BB4,1
6337,1,2016-12-21 00:00:00.000,0,50B49A36-E87B-B256-E7FE-E979A9EB1ACA,1
6338,32,2016-12-21 00:00:00.000,0,50B49A36-E87B-B256-E7FE-E979A9EB1ACA,1
6339,49,2016-12-21 00:00:00.000,0,9CC62892-0107-F51D-C4A1-ED06CC515156,1
6340,1,2016-12-21 00:00:00.000,0,4839705E-5056-A02D-DFF9-CFFF8B2F48F1,1
6341,49,2016-12-22 00:00:00.000,0,708A4334-5056-A02D-DF8D-29B358E74CC8,1
6342,49,2016-12-22 00:00:00.000,0,353946B0-5056-A02D-DF7C-990BC6BC3477,1
6343,1,2016-12-24 00:00:00.000,0,093A45F4-B1FA-9B90-2908-6EB334C1ACD1,1
6344,32,2016-12-24 00:00:00.000,0,093A45F4-B1FA-9B90-2908-6EB334C1ACD1,1
6345,1,2016-12-25 00:00:00.000,0,FBF75093-5056-A02D-DF92-D37EDEBE0655,1
6346,32,2016-12-25 00:00:00.000,0,FBF75093-5056-A02D-DF92-D37EDEBE0655,1
6347,1,2016-12-27 00:00:00.000,0,B4DF8210-5056-A02D-DF03-E80A7AC3481B,1
6348,32,2016-12-27 00:00:00.000,0,B4DF8210-5056-A02D-DF03-E80A7AC3481B,1
6349,34,2016-12-27 00:00:00.000,0,B4DF8210-5056-A02D-DF03-E80A7AC3481B,1
6350,8,2016-12-27 00:00:00.000,95903,B716B4B0-5056-A02D-DF00-896281B66465,0
6351,1,2016-12-27 00:00:00.000,0,406686D7-5056-A02D-DFF4-6A61BB42C02E,1
6352,7,2016-12-27 00:00:00.000,95919,9A6D62C3-5056-A02D-DF07-05AC43A36058,0
6353,8,2016-12-28 00:00:00.000,95984,BF982846-5056-A02D-DF38-39EB7A3CDE5F,0
6354,6,2016-12-28 00:00:00.000,95992,FA632CFF-9DD4-F31D-F345-C3FC79DA08CC,0
6355,34,2016-12-28 00:00:00.000,0,B92FA423-5056-A02D-DF13-BF3518038B83,1
6356,1,2016-12-29 00:00:00.000,0,8FB16AB6-5056-A02D-DF78-81589E8409CB,1
6357,8,2016-12-29 00:00:00.000,96053,8FB16AB6-5056-A02D-DF78-81589E8409CB,0
6358,26,2016-12-29 00:00:00.000,96055,8FB16AB6-5056-A02D-DF78-81589E8409CB,0
6359,1,2016-12-29 00:00:00.000,0,1E283255-E367-AC85-6564-CB679C79B6A6,1
6360,8,2016-12-29 00:00:00.000,96062,E79F0534-5056-A02D-DFE1-FE6AE64DA22D,0
6361,34,2016-12-29 00:00:00.000,0,2E70C483-D2A3-7A86-DFF2-8C19386C8B4C,1
6362,49,2016-12-30 00:00:00.000,0,3130A45B-5056-A02D-DF00-8CA4D4A1F0AE,1
6363,7,2016-12-30 00:00:00.000,96097,D0058D8A-C259-137F-1333-3AD2E22A49AC,0
6364,32,2016-12-30 00:00:00.000,0,01245715-A1EE-37A5-4DDD-DD5B5C899FCC,1
6365,26,2016-12-30 00:00:00.000,96106,9A6D62C3-5056-A02D-DF07-05AC43A36058,0
6366,34,2016-12-31 00:00:00.000,0,E98B1746-5056-A02D-DFD3-962EA3691998,1
6367,26,2016-12-31 00:00:00.000,96151,75AB2A88-5056-A02D-DFC1-FF862EB95B1D,0
6368,1,2016-12-31 00:00:00.000,0,81F37844-5056-A02D-DFD5-C6FAD097FBE4,1
6369,54,2017-01-01 00:00:00.000,96184,F86650C0-BC35-A825-9730-CA4C18EA7A1D,0
6370,8,2017-01-01 00:00:00.000,96211,53970126-E0A7-BBDE-4FE7-4525C2561C83,0
6371,1,2017-01-01 00:00:00.000,96215,94795BCB-5056-A02D-DFCB-EF4D48C6D910,0
6372,34,2017-01-01 00:00:00.000,0,98E5472C-5056-A02D-DF15-BEB211E26337,1
6373,49,2017-01-02 00:00:00.000,0,F4FA886A-5056-A02D-DF9A-E35E3B124865,1
6374,32,2017-01-02 00:00:00.000,0,CCC47F75-5056-A02D-DFB0-DE233D0F1E4E,1
6375,34,2017-01-02 00:00:00.000,0,AF11C160-5056-A02D-DFFD-B87BF4A29984,1
6376,1,2017-01-02 00:00:00.000,0,B7D68916-5056-A02D-DF8C-B6FB9791FA2D,1
6377,34,2017-01-03 00:00:00.000,0,DDA1E8A1-5056-A02D-DF4D-B58C86712209,1
6378,49,2017-01-03 00:00:00.000,0,3A5A9A2E-9739-36CF-8DED-21DA0E657AE5,1
6379,1,2017-01-03 00:00:00.000,0,17E257F9-5056-A02D-DF87-676E4DDD100A,1
6380,49,2017-01-03 00:00:00.000,0,0E26783B-A4E1-AADF-10F9-819B0AF339B9,1
6381,8,2017-01-03 00:00:00.000,96323,EB55AF22-D436-1E53-26A2-AF36924DF770,0
6382,49,2017-01-03 00:00:00.000,0,8FB36620-095D-9827-7AF1-5D88C173B141,1
6383,1,2017-01-03 00:00:00.000,0,EA66062E-5056-A02D-DFE5-F1E0D75B068E,1
6384,49,2017-01-03 00:00:00.000,0,112A817E-BA65-0C42-FC6B-08412B816526,1
6385,1,2017-01-04 00:00:00.000,0,D5D2ADBB-5056-A02D-DFF9-3A28B04B8E0A,1
6386,49,2017-01-04 00:00:00.000,0,E1036DDC-5056-A02D-DFBE-6A996BA1B993,1
6387,1,2017-01-04 00:00:00.000,0,C04318B9-0991-5C1C-9D7A-BC1CFE615F27,1
6388,49,2017-01-05 00:00:00.000,0,A2C16105-5056-A02D-DFEA-A14E92401171,1
6389,8,2017-01-05 00:00:00.000,96462,69C90322-5056-A02D-DF22-A5502AB0A4B0,0
6390,34,2017-01-05 00:00:00.000,0,C04318B9-0991-5C1C-9D7A-BC1CFE615F27,1
6391,8,2017-01-06 00:00:00.000,96495,0B7A0523-C502-3C66-942A-0B906C57D41B,0
6392,54,2017-01-06 00:00:00.000,96511,11041567-C874-A51B-D4ED-4C33FD5FDC0F,0
6393,8,2017-01-06 00:00:00.000,96527,DC72222B-5056-A02D-DF4D-4359D9E40C30,0
6394,8,2017-01-06 00:00:00.000,96533,C04318B9-0991-5C1C-9D7A-BC1CFE615F27,0
6395,1,2017-01-06 00:00:00.000,0,09E4788C-F650-A6FA-B3AA-091EB09241BC,1
6396,49,2017-01-06 00:00:00.000,0,09E4788C-F650-A6FA-B3AA-091EB09241BC,1
6397,32,2017-01-06 00:00:00.000,0,09E4788C-F650-A6FA-B3AA-091EB09241BC,1
6398,34,2017-01-10 00:00:00.000,0,532F010E-C614-890E-ABAB-DEA13E6C6429,1
6399,32,2017-01-10 00:00:00.000,0,D6AEFA65-C6DD-2641-5EB7-7ED345E903D7,1
6400,8,2017-01-10 00:00:00.000,96793,3944694B-5056-A02D-DF41-26D5001EBF69,0
6401,34,2017-01-11 00:00:00.000,0,B0EA67F0-FB1F-F376-D7F8-089CAD0E418E,1
6402,1,2017-01-11 00:00:00.000,0,8F0209E6-5056-A02D-DFFD-DDD8E89B5BC0,1
6403,49,2017-01-12 00:00:00.000,0,5B58CE85-5056-A02D-DF75-9AE4F0ABDBA3,1
6404,49,2017-01-12 00:00:00.000,0,49F9FF5E-B5F6-34E0-4B6C-31471E989EE0,1
6405,49,2017-01-12 00:00:00.000,0,8F8CA1E2-ECD7-67E6-47E6-0A271D8DD77E,1
6406,26,2017-01-12 00:00:00.000,97005,B3C774A6-9248-FAB7-D92A-8B402FF67318,0
6407,1,2017-01-12 00:00:00.000,0,CCC47F75-5056-A02D-DFB0-DE233D0F1E4E,1
6408,26,2017-01-13 00:00:00.000,97029,8BA09F08-DD7C-4E8D-C69C-D302DB7F1A87,0
6409,5,2017-01-13 00:00:00.000,97033,75AB2A88-5056-A02D-DFC1-FF862EB95B1D,0
6410,49,2017-01-13 00:00:00.000,0,040713EA-D37A-B3B5-A5A0-8A4D5D55B9C4,1
6411,34,2017-01-14 00:00:00.000,0,73236B81-5056-A02D-DFF8-5B49C2807551,1
6412,34,2017-01-14 00:00:00.000,0,3775D3AF-5056-A02D-DF10-46237FBDD1ED,1
6413,8,2017-01-14 00:00:00.000,97120,3775D3AF-5056-A02D-DF10-46237FBDD1ED,0
6414,34,2017-01-14 00:00:00.000,0,D8EFDB19-FC2A-3309-8F15-6C8E74CC4634,1
6415,8,2017-01-15 00:00:00.000,97159,EFA16B92-5056-A02D-DFA8-D939B2F09C3A,0
6416,1,2017-01-15 00:00:00.000,0,128289A1-5056-A02D-DF04-89DAB9C0B3D1,1
6417,1,2017-01-15 00:00:00.000,0,B4264A87-5056-A02D-DF4A-FAC4E704DEE1,1
6418,49,2017-01-15 00:00:00.000,0,853E00F7-E2BC-352D-6EC1-353D78E10F97,1
6419,49,2017-01-16 00:00:00.000,0,AABD0A8B-D3A9-EDA0-0838-FAC71598BF3D,1
6420,34,2017-01-16 00:00:00.000,0,E15DD301-B516-41DC-7534-C6F78A38E725,1
6421,34,2017-01-16 00:00:00.000,0,DD82D099-5056-A02D-DFB2-80253AC6CA73,1
6422,1,2017-01-17 00:00:00.000,0,A2C16105-5056-A02D-DFEA-A14E92401171,1
6423,49,2017-01-17 00:00:00.000,0,FB5BF011-CBEE-AECC-FC61-0749DB355E0B,1
6424,32,2017-01-17 00:00:00.000,0,FB5BF011-CBEE-AECC-FC61-0749DB355E0B,1
6425,34,2017-01-17 00:00:00.000,0,9A5C9F4F-5056-A02D-DF38-DC3E8AC429A1,1
6426,49,2017-01-18 00:00:00.000,0,793D0322-5056-A02D-DFD4-C30314524F7E,1
6427,1,2017-01-18 00:00:00.000,0,2D064A1D-9A9A-626E-3920-548BD4DDA9B0,1
6428,8,2017-01-18 00:00:00.000,97530,CBE2FE50-5056-A02D-DFB3-29D30D9BE239,0
6429,49,2017-01-18 00:00:00.000,0,4A77C5E9-95E2-11E6-F38B-FE3B33AA6290,1
6430,1,2017-01-19 00:00:00.000,0,B1F7FD98-DACC-2621-CDCE-DCAD88BF8967,1
6431,32,2017-01-19 00:00:00.000,0,A2C16105-5056-A02D-DFEA-A14E92401171,1
6432,34,2017-01-19 00:00:00.000,0,C45F02AC-BBC0-DD9D-3477-2A292360C2AC,1
6433,49,2017-01-19 00:00:00.000,0,2415E532-5056-A02D-DF1D-C4B6C3FA835B,1
6434,32,2017-01-20 00:00:00.000,0,6A1E1063-B617-639F-F1A6-8A311D131244,1
6435,8,2017-01-20 00:00:00.000,97660,90E529A4-5056-A02D-DF8B-7E9884090D6D,0
6436,34,2017-01-20 00:00:00.000,0,5B8556D7-B743-EAE9-7856-71CFD3215B01,1
6437,1,2017-01-21 00:00:00.000,0,BC703E59-9FF1-6CB2-3B47-76CBA79FF809,1
6438,8,2017-01-22 00:00:00.000,97783,683ECA75-5056-A02D-DFAA-12B85A3BCDC8,0
6439,54,2017-01-22 00:00:00.000,97803,A2C16105-5056-A02D-DFEA-A14E92401171,0
6440,32,2017-01-22 00:00:00.000,0,558D649A-CC94-EF9E-3828-BD5F3FDF2AF7,1
6441,34,2017-01-22 00:00:00.000,0,6D7393FA-9E33-88CF-5E04-DC2E29DB6EFE,1
6442,1,2017-01-23 00:00:00.000,0,640BEC06-B246-46DA-FC69-A836655910DE,1
6443,1,2017-01-24 00:00:00.000,0,6A79151E-5056-A02D-DFB6-CA442500BD13,1
6444,6,2017-01-24 00:00:00.000,97903,FB5BF011-CBEE-AECC-FC61-0749DB355E0B,0
6445,32,2017-01-24 00:00:00.000,97915,C3BE8A75-0259-7A25-F1D9-971511B5C422,0
6446,8,2017-01-24 00:00:00.000,97939,12F5EB47-5056-A02D-DF77-0BCBD00A57DD,0
6447,34,2017-01-24 00:00:00.000,0,A2C16105-5056-A02D-DFEA-A14E92401171,1
6448,8,2017-01-25 00:00:00.000,97958,13FD3EFB-5056-A02D-DFAA-1C4ED6E1001A,0
6449,49,2017-01-25 00:00:00.000,0,F2AA2773-5056-A02D-DF09-B597083582AF,1
6450,34,2017-01-25 00:00:00.000,0,F2AA2773-5056-A02D-DF09-B597083582AF,1
6451,32,2017-01-25 00:00:00.000,0,640BEC06-B246-46DA-FC69-A836655910DE,1
6452,49,2017-01-26 00:00:00.000,0,4A61095C-5056-A02D-DFB8-B0ACFC25323E,1
6453,26,2017-01-26 00:00:00.000,98028,32B0C972-F880-001E-4142-98DB1360E279,0
6454,1,2017-01-26 00:00:00.000,0,49A34977-5056-A02D-DF07-5C7E1FFF5D0E,1
6455,32,2017-01-26 00:00:00.000,0,C4F7F7C2-0572-2E01-199E-181D80EC2343,1
6456,1,2017-01-27 00:00:00.000,0,93605BED-5056-A02D-DFB7-8B6C2DAC43CA,1
6457,8,2017-01-27 00:00:00.000,98072,93605BED-5056-A02D-DFB7-8B6C2DAC43CA,0
6458,1,2017-01-27 00:00:00.000,0,2415E532-5056-A02D-DF1D-C4B6C3FA835B,1
6459,49,2017-01-28 00:00:00.000,0,7A3AC376-BA90-45B9-779C-B18CA198D922,1
6460,32,2017-01-28 00:00:00.000,0,7A3AC376-BA90-45B9-779C-B18CA198D922,1
6461,32,2017-01-28 00:00:00.000,0,9E5407FB-B7C7-B8D5-7C13-CEE6F4030893,1
6462,8,2017-01-29 00:00:00.000,98178,6A79151E-5056-A02D-DFB6-CA442500BD13,0
6463,34,2017-01-30 00:00:00.000,0,D1A5ECDA-5056-A02D-DFB6-B08B649E72CC,1
6464,49,2017-01-30 00:00:00.000,0,F645CCEA-C2E6-E483-3DC9-021E685D6682,1
6465,32,2017-02-01 00:00:00.000,0,1BC424D7-99C9-600F-0BD5-FDA727B2724F,1
6466,34,2017-02-02 00:00:00.000,0,41289139-5056-A02D-DF20-BB9E0BDDA72B,1
6467,8,2017-02-03 00:00:00.000,98452,D1A5ECDA-5056-A02D-DFB6-B08B649E72CC,0
6468,34,2017-02-04 00:00:00.000,0,C4F7F7C2-0572-2E01-199E-181D80EC2343,1
6469,32,2017-02-04 00:00:00.000,0,94A5F40C-09A7-8782-843B-212A6E2C0D23,1
6470,8,2017-02-05 00:00:00.000,98538,990AC48A-5056-A02D-DFC3-42545D5BD0D4,0
6471,8,2017-02-05 00:00:00.000,98547,9A3C29F9-5056-A02D-DFCD-19F461C10D4F,0
6472,32,2017-02-06 00:00:00.000,0,1CBE3A1F-5056-A02D-DF95-64F46706C6FA,1
6473,49,2017-02-06 00:00:00.000,0,1CBE3A1F-5056-A02D-DF95-64F46706C6FA,1
6474,49,2017-02-07 00:00:00.000,0,90D8189B-C748-BF57-7443-B67A9061E617,1
6475,49,2017-02-08 00:00:00.000,0,93605BED-5056-A02D-DFB7-8B6C2DAC43CA,1
6476,49,2017-02-09 00:00:00.000,0,F29E9523-BA00-F1DD-C74F-2EE6B8B6621D,1
6477,1,2017-02-09 00:00:00.000,98919,93566E4C-5056-A02D-DFF4-2C09B934A4B5,0
6478,26,2017-02-09 00:00:00.000,98947,7814EA27-F3AA-0DCE-6EB6-6E98AF67F68E,0
6479,34,2017-02-11 00:00:00.000,0,FEA606E1-F973-799E-8C16-779BE28ED30D,1
6480,1,2017-02-11 00:00:00.000,0,CCDBF55B-EEB7-E537-FDCC-EFC1407CAFAD,1
6481,32,2017-02-11 00:00:00.000,0,8A492387-5056-A02D-DFC7-6DD208D695D3,1
6482,49,2017-02-12 00:00:00.000,0,A5B3889E-5056-A02D-DFEE-D4D4E83C8159,1
6483,49,2017-02-13 00:00:00.000,0,C6D44915-98BA-FC7F-5827-07D4EF5ADA08,1
6484,54,2017-02-14 00:00:00.000,99254,13B156D8-02C8-8149-3329-88552BDBCB94,0
6485,34,2017-02-15 00:00:00.000,0,D808DB8F-5056-A02D-DF12-4BD873D4D8FB,1
6486,34,2017-02-16 00:00:00.000,0,3E09DB75-5056-A02D-DF89-5E8621BE9977,1
6487,28,2017-02-16 00:00:00.000,99370,6DAB2307-5056-A02D-DF48-575DCDBB2C36,0
6488,34,2017-02-16 00:00:00.000,0,7846347A-5056-A02D-DFCB-68802F7AA2FA,1
6489,28,2017-02-16 00:00:00.000,99397,6E1FC51B-5056-A02D-DF76-4F1CC3998152,0
6490,54,2017-02-16 00:00:00.000,99413,CF90AD10-E9F3-7A42-E6F7-EDA09FAAEADE,0
6491,1,2017-02-16 00:00:00.000,0,C4F7F7C2-0572-2E01-199E-181D80EC2343,1
6492,49,2017-02-17 00:00:00.000,0,50C4D1DC-C7CA-DAEF-ABC2-FFEED3373DD8,1
6493,49,2017-02-17 00:00:00.000,0,3CD7D0C1-91C1-5628-487E-2303DC7C27DD,1
6494,26,2017-02-18 00:00:00.000,99487,CBE2FE50-5056-A02D-DFB3-29D30D9BE239,0
6495,1,2017-02-18 00:00:00.000,0,D808DB8F-5056-A02D-DF12-4BD873D4D8FB,1
6496,32,2017-02-18 00:00:00.000,0,D808DB8F-5056-A02D-DF12-4BD873D4D8FB,1
6497,1,2017-02-18 00:00:00.000,0,749F53D6-BC1F-219D-06A1-B6B251D990DD,1
6498,32,2017-02-18 00:00:00.000,0,749F53D6-BC1F-219D-06A1-B6B251D990DD,1
6499,32,2017-02-18 00:00:00.000,0,0924B677-E2A2-6D9A-491A-57B5F8A6C0EF,1
6500,54,2017-02-19 00:00:00.000,99560,94F2D106-B22C-B16D-7AE8-E565E778CD6C,0
6501,1,2017-02-19 00:00:00.000,0,7233988B-5056-A02D-DF25-6572CC37037C,1
6502,54,2017-02-19 00:00:00.000,99576,1642DD35-BAC4-359F-D93F-432AF3F4DEAF,0
6503,8,2017-02-20 00:00:00.000,99613,7233988B-5056-A02D-DF25-6572CC37037C,0
6504,34,2017-02-20 00:00:00.000,0,F39CECEC-5056-A02D-DF90-CF4AFC464DEC,1
6505,1,2017-02-22 00:00:00.000,0,BC19E8CF-5056-A02D-DFFA-A86056CCFEA9,1
6506,34,2017-02-23 00:00:00.000,0,F7FAFAD5-5056-A02D-DF75-A826D82367B9,1
6507,8,2017-02-23 00:00:00.000,99771,49A34977-5056-A02D-DF07-5C7E1FFF5D0E,0
6508,34,2017-02-23 00:00:00.000,0,A91E8889-9FB7-0BBC-744D-1EEF11B286D4,1
6509,7,2017-02-24 00:00:00.000,99856,D9F968F8-94A1-B8C3-EE85-94DED0F37CE8,0
6510,54,2017-02-24 00:00:00.000,99864,471E5450-C14A-7C6C-16E8-628CF11A1048,0
6511,54,2017-02-24 00:00:00.000,99869,BA2007F9-957C-7A9A-7698-42BBE14CDA49,0
6512,34,2017-02-25 00:00:00.000,0,B1CB6CC7-5056-A02D-DF20-DD8593E1A577,1
6513,34,2017-02-25 00:00:00.000,0,8EFE23B3-033E-B0D7-DDE2-59D67A9E58D5,1
6514,1,2017-02-26 00:00:00.000,0,F5B8E68E-D963-FD5B-92A9-9E0419A51942,1
6515,54,2017-02-27 00:00:00.000,100048,070B20D4-E6E4-A392-D5B0-24758C2248CD,0
6516,49,2017-02-28 00:00:00.000,0,F7FAFAD5-5056-A02D-DF75-A826D82367B9,1
6517,34,2017-03-01 00:00:00.000,0,BDEB2BFF-5056-A02D-DF7B-91A8628E7693,1
6518,49,2017-03-01 00:00:00.000,0,BDEB2BFF-5056-A02D-DF7B-91A8628E7693,1
6519,1,2017-03-01 00:00:00.000,0,1BC424D7-99C9-600F-0BD5-FDA727B2724F,1
6520,49,2017-03-01 00:00:00.000,0,1BC424D7-99C9-600F-0BD5-FDA727B2724F,1
6521,32,2017-03-02 00:00:00.000,0,006557F2-5056-A02D-DFC8-78CC78CCE905,1
6522,34,2017-03-02 00:00:00.000,0,006557F2-5056-A02D-DFC8-78CC78CCE905,1
6523,1,2017-03-02 00:00:00.000,0,006557F2-5056-A02D-DFC8-78CC78CCE905,1
6524,1,2017-03-02 00:00:00.000,0,7846347A-5056-A02D-DFCB-68802F7AA2FA,1
6525,34,2017-03-02 00:00:00.000,0,5D16795D-C71B-617B-E96C-99112116DFF6,1
6526,34,2017-03-03 00:00:00.000,0,26BFCFB7-5056-A02D-DF90-1FE64DDEA19D,1
6527,1,2017-03-03 00:00:00.000,0,14EEFD06-C05D-873C-AFAB-FCB18F899D6E,1
6528,32,2017-03-03 00:00:00.000,0,14EEFD06-C05D-873C-AFAB-FCB18F899D6E,1
6529,1,2017-03-04 00:00:00.000,0,0B1B012E-CF5D-C0E3-51E2-2BDF45D4D922,1
6530,34,2017-03-05 00:00:00.000,0,0B1B012E-CF5D-C0E3-51E2-2BDF45D4D922,1
6531,8,2017-03-05 00:00:00.000,100395,45BFA965-5056-A02D-DFDF-50217425CB91,0
6532,8,2017-03-05 00:00:00.000,100398,81F37844-5056-A02D-DFD5-C6FAD097FBE4,0
6533,34,2017-03-05 00:00:00.000,0,12F5EB47-5056-A02D-DF77-0BCBD00A57DD,1
6534,34,2017-03-06 00:00:00.000,0,36E1DF29-5056-A02D-DFC5-1CD1C485222D,1
6535,32,2017-03-07 00:00:00.000,0,75FB1C7F-5056-A02D-DF30-5298C12FB262,1
6536,1,2017-03-07 00:00:00.000,0,75FB1C7F-5056-A02D-DF30-5298C12FB262,1
6537,32,2017-03-08 00:00:00.000,0,D1A5ECDA-5056-A02D-DFB6-B08B649E72CC,1
6538,34,2017-03-08 00:00:00.000,0,45BFA965-5056-A02D-DFDF-50217425CB91,1
6539,32,2017-03-08 00:00:00.000,0,C2A739CD-FE64-FA73-01AC-34B16A362FFE,1
6540,34,2017-03-09 00:00:00.000,0,E2DB86A1-F42A-ED9B-E887-E34A8CCE232D,1
6541,34,2017-03-09 00:00:00.000,0,89A4A9F9-A7DE-E797-E8BF-E137D4715405,1
6542,1,2017-03-09 00:00:00.000,0,6670AE9B-CEED-BF54-ECCF-C0EF3679535E,1
6543,34,2017-03-09 00:00:00.000,0,9D7A14F0-C0E9-78F8-5DA3-0839F5464254,1
6544,1,2017-03-10 00:00:00.000,100648,09F8A464-5056-A02D-DF69-507A70555070,0
6545,34,2017-03-11 00:00:00.000,0,4839705E-5056-A02D-DFF9-CFFF8B2F48F1,1
6546,1,2017-03-12 00:00:00.000,0,B9C50E84-0700-F657-FE50-4634C9327A16,1
6547,54,2017-03-12 00:00:00.000,100750,538057A9-5056-A02D-DF0C-3560C1A9D5D2,0
6548,1,2017-03-12 00:00:00.000,0,4A77C5E9-95E2-11E6-F38B-FE3B33AA6290,1
6549,49,2017-03-13 00:00:00.000,0,964396B5-FE2D-6696-48B7-156D1835FDE8,1
6550,34,2017-03-13 00:00:00.000,0,A3B1C38C-5056-A02D-DF2F-663E5C7FA1E6,1
6551,32,2017-03-14 00:00:00.000,0,93605BED-5056-A02D-DFB7-8B6C2DAC43CA,1
6552,32,2017-03-14 00:00:00.000,0,C4E995BF-5056-A02D-DFD9-F6BBB2AE9D23,1
6553,32,2017-03-14 00:00:00.000,0,BCF0D225-CF24-2C37-210A-AAC2938888CB,1
6554,1,2017-03-14 00:00:00.000,0,D1A5ECDA-5056-A02D-DFB6-B08B649E72CC,1
6555,49,2017-03-15 00:00:00.000,0,AFFDC86F-B63F-AF5A-3AFA-0C24D54F94DA,1
6556,1,2017-03-15 00:00:00.000,0,9A3C29F9-5056-A02D-DFCD-19F461C10D4F,1
6557,34,2017-03-15 00:00:00.000,0,FA4F7097-98DA-859C-B35E-5A62FA686C3D,1
6558,49,2017-03-16 00:00:00.000,0,8611B3C3-D80D-7CBE-4B62-4D8507CA0DF8,1
6559,7,2017-03-16 00:00:00.000,100976,79B4571D-F5A9-38A1-EE1F-C0932AC88E94,0
6560,1,2017-03-17 00:00:00.000,0,D3FDADA9-ECBC-07FE-591F-454B9A23607F,1
6561,34,2017-03-17 00:00:00.000,0,3BF2FE12-5056-A02D-DF67-38D249E2C9B1,1
6562,8,2017-03-17 00:00:00.000,101005,9779FED5-5056-A02D-DF9D-EDA8CCC29504,0
6563,1,2017-03-17 00:00:00.000,101017,A10FC74D-5056-A02D-DFE4-67A7F4201DD9,0
6564,7,2017-03-17 00:00:00.000,101035,6B9DD5F9-F67D-7C28-599F-809083A9E804,0
6565,1,2017-03-18 00:00:00.000,0,E3354AE4-5056-A02D-DFB9-A907F430F50D,1
6566,7,2017-03-18 00:00:00.000,101089,7435CEBE-AD04-8ADE-0202-CE457F80C772,0
6567,7,2017-03-18 00:00:00.000,101090,CC6FC2F9-C6C8-0317-7A37-E5B1211AD8C9,0
6568,7,2017-03-18 00:00:00.000,101092,89520C06-08C9-8E4E-FA65-10F27C4CA137,0
6569,7,2017-03-18 00:00:00.000,101099,BAE85773-C8B4-DFBA-65FD-70D94049E526,0
6570,1,2017-03-18 00:00:00.000,0,2084513E-F214-FA24-E545-5E45B5F2E413,1
6571,34,2017-03-19 00:00:00.000,0,9779FED5-5056-A02D-DF9D-EDA8CCC29504,1
6572,32,2017-03-19 00:00:00.000,0,964396B5-FE2D-6696-48B7-156D1835FDE8,1
6573,1,2017-03-19 00:00:00.000,0,53C45BF3-5056-A02D-DFC3-AAA7F86754BB,1
6574,34,2017-03-19 00:00:00.000,0,53C45BF3-5056-A02D-DFC3-AAA7F86754BB,1
6575,7,2017-03-19 00:00:00.000,101223,7F1D73E6-0B2C-2CB3-30F6-BF2A4789B25D,0
6576,7,2017-03-20 00:00:00.000,101226,7DED864E-E6C4-8D23-CAFF-A883A3BD7023,0
6577,49,2017-03-20 00:00:00.000,0,14E72CE0-B6CC-815A-30ED-0A65E7A55007,1
6578,1,2017-03-20 00:00:00.000,101275,4BE01DE3-5056-A02D-DFFB-D7B909C6DCF9,0
6579,7,2017-03-21 00:00:00.000,101331,FEA606E1-F973-799E-8C16-779BE28ED30D,0
6580,34,2017-03-22 00:00:00.000,0,E955B207-5056-A02D-DF44-4B1B6EDDEE59,1
6581,49,2017-03-22 00:00:00.000,0,73FF4BFF-5056-A02D-DF50-39060A1701F2,1
6582,34,2017-03-22 00:00:00.000,0,6B74F982-5056-A02D-DFDC-919544A477BA,1
6583,49,2017-03-22 00:00:00.000,0,A3B1C38C-5056-A02D-DF2F-663E5C7FA1E6,1
6584,34,2017-03-23 00:00:00.000,0,2DB8DC43-5056-A02D-DF49-45FD4713C1DC,1
6585,34,2017-03-23 00:00:00.000,0,42EA3467-02D1-E6CA-4CE8-348E6B2B7D4E,1
6586,49,2017-03-23 00:00:00.000,0,42EA3467-02D1-E6CA-4CE8-348E6B2B7D4E,1
6587,49,2017-03-24 00:00:00.000,0,72389D47-CDA3-24B9-CD5B-B7D0DF02736E,1
6588,2,2017-03-24 00:00:00.000,101438,72389D47-CDA3-24B9-CD5B-B7D0DF02736E,0
6589,49,2017-03-25 00:00:00.000,0,931112F8-9FA0-B52F-39E9-0E7010A049D9,1
6590,49,2017-03-25 00:00:00.000,0,E6F82BA6-003F-EC66-1FE6-E657D9CDF88D,1
6591,34,2017-03-25 00:00:00.000,0,0924B677-E2A2-6D9A-491A-57B5F8A6C0EF,1
6592,49,2017-03-26 00:00:00.000,0,5DAE5C1C-5056-A02D-DFBF-080B2FCC79D4,1
6593,34,2017-03-26 00:00:00.000,0,5CC1D3F2-5056-A02D-DF45-E766EB3D2729,1
6594,8,2017-03-26 00:00:00.000,101542,3BF2FE12-5056-A02D-DF67-38D249E2C9B1,0
6595,32,2017-03-27 00:00:00.000,0,5CC1D3F2-5056-A02D-DF45-E766EB3D2729,1
6596,49,2017-03-27 00:00:00.000,0,3BF2FE12-5056-A02D-DF67-38D249E2C9B1,1
6597,32,2017-03-28 00:00:00.000,0,C80D1F5F-CC35-47CF-341C-4CA76337F678,1
6598,6,2017-03-28 00:00:00.000,101600,63D31B1C-5056-A02D-DFD3-BBF4BAA64375,0
6599,34,2017-03-28 00:00:00.000,0,609F547C-5056-A02D-DF90-5C453BBB4A9D,1
6600,1,2017-03-28 00:00:00.000,0,609F547C-5056-A02D-DF90-5C453BBB4A9D,1
6601,8,2017-03-28 00:00:00.000,101612,609F547C-5056-A02D-DF90-5C453BBB4A9D,0
6602,32,2017-03-28 00:00:00.000,0,609F547C-5056-A02D-DF90-5C453BBB4A9D,1
6603,1,2017-03-29 00:00:00.000,0,5CC1D3F2-5056-A02D-DF45-E766EB3D2729,1
6604,49,2017-03-29 00:00:00.000,0,5CC1D3F2-5056-A02D-DF45-E766EB3D2729,1
6605,32,2017-03-29 00:00:00.000,0,A6125D5E-5056-A02D-DF6B-FCA89DBB5B28,1
6606,49,2017-03-29 00:00:00.000,0,8F50CBE3-5056-A02D-DF7B-EA78E645A55C,1
6607,8,2017-03-29 00:00:00.000,101745,8F50CBE3-5056-A02D-DF7B-EA78E645A55C,0
6608,49,2017-03-29 00:00:00.000,0,23E239E4-5056-A02D-DFE4-D64AE45804B3,1
6609,26,2017-03-30 00:00:00.000,101783,609F547C-5056-A02D-DF90-5C453BBB4A9D,0
6610,49,2017-03-30 00:00:00.000,0,609F547C-5056-A02D-DF90-5C453BBB4A9D,1
6611,34,2017-03-30 00:00:00.000,0,3CBABA7A-5056-A02D-DFAF-88D44DCEEFFC,1
6612,17,2017-03-31 00:00:00.000,101836,DB6F085B-5056-A02D-DF1C-91623B97D1CF,0
6613,34,2017-03-31 00:00:00.000,0,25F1760A-5056-A02D-DF24-AB54B147C5C4,1
6614,49,2017-03-31 00:00:00.000,0,113818A6-DE0E-4E19-F285-528E3B74833F,1
6615,49,2017-04-01 00:00:00.000,0,FC40D986-FC01-E628-408C-F0ABB96BF624,1
6616,26,2017-04-01 00:00:00.000,101922,DE6E1514-A462-3BED-1DCB-13296D04A669,0
6617,49,2017-04-01 00:00:00.000,0,32287AE7-D962-C460-C287-49CCF1119C23,1
6618,26,2017-04-01 00:00:00.000,101927,D1A5ECDA-5056-A02D-DFB6-B08B649E72CC,0
6619,26,2017-04-01 00:00:00.000,101940,DBBBB468-D698-F97C-C715-A8D1FB67238A,0
6620,7,2017-04-01 00:00:00.000,101943,73FF4BFF-5056-A02D-DF50-39060A1701F2,0
6621,7,2017-04-01 00:00:00.000,101944,CE8C5254-D047-8E82-DB2D-63E391045A1C,0
6622,49,2017-04-01 00:00:00.000,0,3F7E4462-0A09-600F-0E91-59EF32744A17,1
6623,32,2017-04-01 00:00:00.000,0,C04318B9-0991-5C1C-9D7A-BC1CFE615F27,1
6624,2,2017-04-01 00:00:00.000,101953,912F2CF5-DD39-C22F-27A8-62BAC9B73962,0
6625,4,2017-04-01 00:00:00.000,101954,912F2CF5-DD39-C22F-27A8-62BAC9B73962,0
6626,28,2017-04-01 00:00:00.000,101960,1D5B1D8A-5056-A02D-DFDF-C27661B6B14A,0
6627,6,2017-04-01 00:00:00.000,101964,C04318B9-0991-5C1C-9D7A-BC1CFE615F27,0
6628,34,2017-04-01 00:00:00.000,0,09115A91-5056-A02D-DF36-D0271C7A88F6,1
6629,49,2017-04-01 00:00:00.000,0,BECAA31A-5056-A02D-DF35-10EDD5A249E7,1
6630,26,2017-04-01 00:00:00.000,101968,BECAA31A-5056-A02D-DF35-10EDD5A249E7,0
6631,5,2017-04-01 00:00:00.000,101970,BECAA31A-5056-A02D-DF35-10EDD5A249E7,0
6632,34,2017-04-01 00:00:00.000,0,CCC47F75-5056-A02D-DFB0-DE233D0F1E4E,1
6633,7,2017-04-01 00:00:00.000,101982,93784527-5056-A02D-DF82-9C9CB22B9A9E,0
6634,3,2017-04-02 00:00:00.000,101987,9133C45D-C173-5B3E-C570-B874CAF6E1A4,0
6635,32,2017-04-02 00:00:00.000,0,75568F67-5056-A02D-DFA5-D7BE8802C4FB,1
6636,7,2017-04-02 00:00:00.000,102007,006557F2-5056-A02D-DFC8-78CC78CCE905,0
6637,17,2017-04-02 00:00:00.000,102016,F86650C0-BC35-A825-9730-CA4C18EA7A1D,0
6638,34,2017-04-02 00:00:00.000,0,9C2F46A1-5056-A02D-DF71-456F4B5A0962,1
6639,32,2017-04-02 00:00:00.000,0,9C2F46A1-5056-A02D-DF71-456F4B5A0962,1
6640,1,2017-04-02 00:00:00.000,0,9C2F46A1-5056-A02D-DF71-456F4B5A0962,1
6641,2,2017-04-02 00:00:00.000,102027,7BDD915A-5056-A02D-DF8D-FB6C59851A6D,0
6642,8,2017-04-02 00:00:00.000,102028,9A5C9F4F-5056-A02D-DF38-DC3E8AC429A1,0
6643,34,2017-04-02 00:00:00.000,0,B4DAAD7B-CA71-529E-1FD2-DDB49CC03C14,1
6644,49,2017-04-03 00:00:00.000,0,56A63829-AB56-2DB5-6D32-DEE93786B318,1
6645,32,2017-04-03 00:00:00.000,0,F7FAFAD5-5056-A02D-DF75-A826D82367B9,1
6646,1,2017-04-03 00:00:00.000,0,C4E995BF-5056-A02D-DFD9-F6BBB2AE9D23,1
6647,54,2017-04-03 00:00:00.000,102084,9A5C9F4F-5056-A02D-DF38-DC3E8AC429A1,0
6648,2,2017-04-03 00:00:00.000,102086,9A5C9F4F-5056-A02D-DF38-DC3E8AC429A1,0
6649,4,2017-04-03 00:00:00.000,102087,9A5C9F4F-5056-A02D-DF38-DC3E8AC429A1,0
6650,3,2017-04-03 00:00:00.000,102088,9A5C9F4F-5056-A02D-DF38-DC3E8AC429A1,0
6651,49,2017-04-03 00:00:00.000,0,CCC47F75-5056-A02D-DFB0-DE233D0F1E4E,1
6652,49,2017-04-03 00:00:00.000,0,F9255E3F-5056-A02D-DFD7-200958B5AFC2,1
6653,8,2017-04-03 00:00:00.000,102101,9192CDA0-FAB0-16AD-72C7-16B0B4BD90E2,0
6654,26,2017-04-03 00:00:00.000,102104,9192CDA0-FAB0-16AD-72C7-16B0B4BD90E2,0
6655,8,2017-04-03 00:00:00.000,102116,1C11A453-5056-A02D-DF66-4CE2E67DE792,0
6656,17,2017-04-03 00:00:00.000,102118,26AC4DE7-FA18-CEC6-B3DC-5E2DB194261D,0
6657,49,2017-04-03 00:00:00.000,0,AEBCEF05-D401-9916-A8F1-817E5EDB6B18,1
6658,54,2017-04-03 00:00:00.000,102127,8F9C6A80-90D3-1B52-7F1B-9D7F553741FB,0
6659,5,2017-04-04 00:00:00.000,102164,6DAB2307-5056-A02D-DF48-575DCDBB2C36,0
6660,17,2017-04-04 00:00:00.000,102167,DA9B4FF4-9C8A-8502-095A-75CD79CBF1FA,0
6661,26,2017-04-04 00:00:00.000,102168,6A329473-09FC-9B8E-0420-68CCB85C1379,0
6662,17,2017-04-04 00:00:00.000,102170,B0D2B01C-9510-CDAA-896B-81BAF46250BB,0
6663,17,2017-04-04 00:00:00.000,102173,FBD149D0-CF24-3887-D64C-1B200433800B,0
6664,17,2017-04-04 00:00:00.000,102174,D66E3D78-F4F7-1C61-9C48-AD2B78DBE9C1,0
6665,8,2017-04-04 00:00:00.000,102178,E15DD301-B516-41DC-7534-C6F78A38E725,0
6666,26,2017-04-04 00:00:00.000,102180,89520C06-08C9-8E4E-FA65-10F27C4CA137,0
6667,2,2017-04-04 00:00:00.000,102182,89520C06-08C9-8E4E-FA65-10F27C4CA137,0
6668,4,2017-04-04 00:00:00.000,102183,89520C06-08C9-8E4E-FA65-10F27C4CA137,0
6669,17,2017-04-04 00:00:00.000,102202,CB32CA9F-D665-3302-6672-E09D93A3B16C,0
6670,17,2017-04-05 00:00:00.000,102213,C66958F0-EB98-85EF-8FCD-E42634DFE340,0
6671,17,2017-04-05 00:00:00.000,102229,9A3C29F9-5056-A02D-DFCD-19F461C10D4F,0
6672,49,2017-04-05 00:00:00.000,0,675FDB7F-5056-A02D-DF91-4A73C606044B,1
6673,2,2017-04-05 00:00:00.000,102243,13FFFC1A-B436-81A2-4457-BEA10ADBE11A,0
6674,8,2017-04-05 00:00:00.000,102246,D09C3F3B-5056-A02D-DF43-AB081D161894,0
6675,49,2017-04-06 00:00:00.000,0,6C1DF7E4-5056-A02D-DF91-506830C4F027,1
6676,26,2017-04-06 00:00:00.000,102300,6C1DF7E4-5056-A02D-DF91-506830C4F027,0
6677,1,2017-04-06 00:00:00.000,0,6C1DF7E4-5056-A02D-DF91-506830C4F027,1
6678,17,2017-04-07 00:00:00.000,102336,6BF5BA26-0096-7785-FBF5-537D6E2461A7,0
6679,26,2017-04-07 00:00:00.000,102356,5DAE5C1C-5056-A02D-DFBF-080B2FCC79D4,0
6680,7,2017-04-07 00:00:00.000,102365,418676D6-E971-3F8A-BB65-C6F830480AA5,0
6681,17,2017-04-07 00:00:00.000,102369,9A5C9F4F-5056-A02D-DF38-DC3E8AC429A1,0
6682,5,2017-04-07 00:00:00.000,102370,9A5C9F4F-5056-A02D-DF38-DC3E8AC429A1,0
6683,7,2017-04-07 00:00:00.000,102372,9A5C9F4F-5056-A02D-DF38-DC3E8AC429A1,0
6684,49,2017-04-07 00:00:00.000,0,9D011EF6-5056-A02D-DFC7-4A667DA8AF95,1
6685,7,2017-04-08 00:00:00.000,102392,C1C967E4-5056-A02D-DF46-3862D7FA6EAE,0
6686,7,2017-04-08 00:00:00.000,102406,C2A739CD-FE64-FA73-01AC-34B16A362FFE,0
6687,8,2017-04-08 00:00:00.000,102409,9D011EF6-5056-A02D-DFC7-4A667DA8AF95,0
6688,26,2017-04-08 00:00:00.000,102411,9D011EF6-5056-A02D-DFC7-4A667DA8AF95,0
6689,17,2017-04-08 00:00:00.000,102414,A8BA185B-E879-E972-A6D8-4D74EE685807,0
6690,1,2017-04-08 00:00:00.000,0,75568F67-5056-A02D-DFA5-D7BE8802C4FB,1
6691,5,2017-04-08 00:00:00.000,102418,81F37844-5056-A02D-DFD5-C6FAD097FBE4,0
6692,34,2017-04-08 00:00:00.000,0,00AAF072-DEA7-0F71-B989-0706BABB3F0E,1
6693,49,2017-04-08 00:00:00.000,0,B3E3036D-AB0A-CD20-48BA-C43DD5ACB0FD,1
6694,8,2017-04-08 00:00:00.000,102448,C2F64803-5056-A02D-DF37-8EB76D6D9A0E,0
6695,34,2017-04-09 00:00:00.000,0,F9255E3F-5056-A02D-DFD7-200958B5AFC2,1
6696,8,2017-04-09 00:00:00.000,102459,34604BDD-5056-A02D-DFD2-41588148B71C,0
6697,49,2017-04-09 00:00:00.000,0,34604BDD-5056-A02D-DFD2-41588148B71C,1
6698,34,2017-04-09 00:00:00.000,0,34604BDD-5056-A02D-DFD2-41588148B71C,1
6699,7,2017-04-09 00:00:00.000,102472,A10FC74D-5056-A02D-DFE4-67A7F4201DD9,0
6700,26,2017-04-09 00:00:00.000,102484,FA632CFF-9DD4-F31D-F345-C3FC79DA08CC,0
6701,7,2017-04-09 00:00:00.000,102492,C6D44915-98BA-FC7F-5827-07D4EF5ADA08,0
6702,34,2017-04-09 00:00:00.000,0,E8A0F556-5056-A02D-DF1D-5019DFA46EBD,1
6703,34,2017-04-10 00:00:00.000,0,0D4743F3-9254-05FB-20C2-24D6F6805A03,1
6704,8,2017-04-10 00:00:00.000,102548,8042707F-5056-A02D-DF4E-DF0958948C40,0
6705,54,2017-04-11 00:00:00.000,102575,3130A45B-5056-A02D-DF00-8CA4D4A1F0AE,0
6706,7,2017-04-11 00:00:00.000,102577,3130A45B-5056-A02D-DF00-8CA4D4A1F0AE,0
6707,2,2017-04-11 00:00:00.000,102578,3130A45B-5056-A02D-DF00-8CA4D4A1F0AE,0
6708,4,2017-04-11 00:00:00.000,102579,3130A45B-5056-A02D-DF00-8CA4D4A1F0AE,0
6709,32,2017-04-11 00:00:00.000,0,3130A45B-5056-A02D-DF00-8CA4D4A1F0AE,1
6710,26,2017-04-11 00:00:00.000,102591,3944694B-5056-A02D-DF41-26D5001EBF69,0
6711,32,2017-04-11 00:00:00.000,0,F9255E3F-5056-A02D-DFD7-200958B5AFC2,1
6712,49,2017-04-11 00:00:00.000,0,EF3CA391-5056-A02D-DF6A-44CD8396CA91,1
6713,49,2017-04-11 00:00:00.000,0,BD0C7B06-BC75-8578-2AD5-CB32953FC3BE,1
6714,34,2017-04-11 00:00:00.000,0,BD0C7B06-BC75-8578-2AD5-CB32953FC3BE,1
6715,1,2017-04-12 00:00:00.000,0,9D011EF6-5056-A02D-DFC7-4A667DA8AF95,1
6716,34,2017-04-12 00:00:00.000,0,8F8CA1E2-ECD7-67E6-47E6-0A271D8DD77E,1
6717,7,2017-04-12 00:00:00.000,102664,F39CECEC-5056-A02D-DF90-CF4AFC464DEC,0
6718,34,2017-04-12 00:00:00.000,0,8042707F-5056-A02D-DF4E-DF0958948C40,1
6719,34,2017-04-13 00:00:00.000,0,A2395D60-A983-35DE-E87F-A1CAEB924937,1
6720,8,2017-04-13 00:00:00.000,102701,1ACA68BE-5056-A02D-DF1C-1558DCF42BB0,0
6721,17,2017-04-13 00:00:00.000,102703,6E3EAD87-CCFE-D18B-8566-56C1BB749A95,0
6722,8,2017-04-13 00:00:00.000,102707,4BE01DE3-5056-A02D-DFFB-D7B909C6DCF9,0
6723,17,2017-04-14 00:00:00.000,102749,8F9C6A80-90D3-1B52-7F1B-9D7F553741FB,0
6724,7,2017-04-14 00:00:00.000,102750,69DA744F-A765-2080-C057-250666F32C24,0
6725,34,2017-04-14 00:00:00.000,0,50C36097-5056-A02D-DFC7-F915E4E73316,1
6726,7,2017-04-14 00:00:00.000,102759,8EFC1FAD-BA4D-85FD-E502-C2152E8FF001,0
6727,8,2017-04-14 00:00:00.000,102760,B3C774A6-9248-FAB7-D92A-8B402FF67318,0
6728,1,2017-04-15 00:00:00.000,0,5F0A7411-5056-A02D-DF92-76AAF3922012,1
6729,8,2017-04-15 00:00:00.000,102776,D03FD6D0-5056-A02D-DF64-2CFCAA152296,0
6730,34,2017-04-15 00:00:00.000,0,9D011EF6-5056-A02D-DFC7-4A667DA8AF95,1
6731,1,2017-04-16 00:00:00.000,0,8FEF5B17-B7FB-3706-4FAA-CAA1D741CD06,1
6732,34,2017-04-17 00:00:00.000,0,C9CD1948-5056-A02D-DFA7-44A50A2F8A80,1
6733,49,2017-04-17 00:00:00.000,0,92E3AC5B-F1C8-B806-881D-251AA0C6D2BA,1
6734,26,2017-04-18 00:00:00.000,102923,F51F65A1-C5EB-8263-6F73-91D3FDD5DA69,0
6735,2,2017-04-18 00:00:00.000,102932,F86650C0-BC35-A825-9730-CA4C18EA7A1D,0
6736,4,2017-04-18 00:00:00.000,102933,F86650C0-BC35-A825-9730-CA4C18EA7A1D,0
6737,17,2017-04-18 00:00:00.000,102949,9B15F2FC-C3B0-A423-48EA-48BFFB0244EA,0
6738,1,2017-04-18 00:00:00.000,0,C9CD1948-5056-A02D-DFA7-44A50A2F8A80,1
6739,49,2017-04-18 00:00:00.000,0,C9CD1948-5056-A02D-DFA7-44A50A2F8A80,1
6740,8,2017-04-18 00:00:00.000,102961,1806215C-5056-A02D-DF0C-3616080CFCCE,0
6741,1,2017-04-18 00:00:00.000,0,2EE35E37-5056-A02D-DF1E-4DFA513C4AC7,1
6742,34,2017-04-18 00:00:00.000,0,D1B41CBD-5056-A02D-DFC3-418BA4FAD93A,1
6743,32,2017-04-19 00:00:00.000,0,EF3CA391-5056-A02D-DF6A-44CD8396CA91,1
6744,49,2017-04-20 00:00:00.000,0,004995B4-DF93-FCE9-2289-0E05EA4F59A5,1
6745,1,2017-04-20 00:00:00.000,0,3E33FE91-5056-A02D-DFE0-D1DD19E14C38,1
6746,1,2017-04-21 00:00:00.000,0,6949156A-5056-A02D-DF7E-E733172A256F,1
6747,1,2017-04-21 00:00:00.000,0,69DA744F-A765-2080-C057-250666F32C24,1
6748,1,2017-04-22 00:00:00.000,0,E8A0F556-5056-A02D-DF1D-5019DFA46EBD,1
6749,26,2017-04-22 00:00:00.000,104151,49A34977-5056-A02D-DF07-5C7E1FFF5D0E,0
6750,32,2017-04-22 00:00:00.000,0,25CD45E1-BE42-9BED-8743-2633BFCECD0E,1
6751,34,2017-04-22 00:00:00.000,0,25CD45E1-BE42-9BED-8743-2633BFCECD0E,1
6752,49,2017-04-23 00:00:00.000,0,7F2BDA93-E300-F85D-B81C-C45E6D7485F0,1
6753,34,2017-04-24 00:00:00.000,0,C80D1F5F-CC35-47CF-341C-4CA76337F678,1
6754,1,2017-04-24 00:00:00.000,0,E955B207-5056-A02D-DF44-4B1B6EDDEE59,1
6755,34,2017-04-25 00:00:00.000,0,49F5D405-0912-A0F1-1192-D249D5C8BDE9,1
6756,32,2017-04-26 00:00:00.000,0,807DEFD8-B86A-23B1-5003-9E2B38D76926,1
6757,1,2017-04-26 00:00:00.000,0,807DEFD8-B86A-23B1-5003-9E2B38D76926,1
6758,49,2017-04-26 00:00:00.000,0,56E9374A-5056-A02D-DFAA-672A04EC5FAC,1
6759,34,2017-04-27 00:00:00.000,0,1183A5E7-9365-8A53-A004-82C32ACC7077,1
6760,49,2017-04-27 00:00:00.000,0,E8E9D0A6-B649-A3A4-4ADE-2DD29698CDA8,1
6761,34,2017-04-27 00:00:00.000,0,F006F40D-5056-A02D-DFF9-44DC3BB1159F,1
6762,8,2017-04-28 00:00:00.000,104576,6949156A-5056-A02D-DF7E-E733172A256F,0
6763,32,2017-04-28 00:00:00.000,0,E8E9D0A6-B649-A3A4-4ADE-2DD29698CDA8,1
6764,28,2017-04-28 00:00:00.000,104615,4BFA0133-5056-A02D-DFF4-6508F6F56E35,0
6765,34,2017-04-29 00:00:00.000,0,56F089AF-5056-A02D-DFA9-E469B81DDEA2,1
6766,1,2017-04-29 00:00:00.000,0,00D80773-07E6-9889-B5A4-6EF2A729DBEF,1
6767,34,2017-04-29 00:00:00.000,0,D770C8ED-5056-A02D-DF7C-E48A6B550131,1
6768,8,2017-04-30 00:00:00.000,104728,9C2F46A1-5056-A02D-DF71-456F4B5A0962,0
6769,1,2017-05-01 00:00:00.000,0,D1B41CBD-5056-A02D-DFC3-418BA4FAD93A,1
6770,1,2017-05-02 00:00:00.000,0,9ACAF16D-5056-A02D-DF4F-2BCD2ADC843F,1
6771,34,2017-05-03 00:00:00.000,0,FAD7D7AC-5056-A02D-DF01-B583CCE8A02B,1
6772,1,2017-05-03 00:00:00.000,0,8AF0AE05-B54D-992E-DC4E-9D6FD1BD224C,1
6773,54,2017-05-03 00:00:00.000,104886,14E72CE0-B6CC-815A-30ED-0A65E7A55007,0
6774,7,2017-05-03 00:00:00.000,104888,14E72CE0-B6CC-815A-30ED-0A65E7A55007,0
6775,8,2017-05-05 00:00:00.000,104960,D0FFF4FF-5056-A02D-DF7E-D4F8F719F57A,0
6776,3,2017-05-05 00:00:00.000,104993,916F8F9B-5056-A02D-DF36-522F465445AD,0
6777,49,2017-05-06 00:00:00.000,0,F17C2CDD-9785-F796-416B-5BD18E0C9FA6,1
6778,49,2017-05-06 00:00:00.000,0,7481FEC1-5056-A02D-DF0E-9C0F68AB82DD,1
6779,1,2017-05-06 00:00:00.000,105072,C957B690-5056-A02D-DF69-54B00190969E,0
6780,32,2017-05-07 00:00:00.000,0,2B605DDB-5056-A02D-DF0F-BFEAF6A32976,1
6781,49,2017-05-07 00:00:00.000,0,9C2F46A1-5056-A02D-DF71-456F4B5A0962,1
6782,34,2017-05-07 00:00:00.000,0,E54B1BDD-5056-A02D-DF33-DBC9C6B78AB6,1
6783,8,2017-05-07 00:00:00.000,105105,E54B1BDD-5056-A02D-DF33-DBC9C6B78AB6,0
6784,34,2017-05-07 00:00:00.000,0,EA0E70A2-5056-A02D-DFD1-B95408B6D4E5,1
6785,49,2017-05-08 00:00:00.000,0,FBE9F3A8-ED23-D646-10EB-4E174C4F2CFF,1
6786,49,2017-05-08 00:00:00.000,0,87FB6A47-D4D6-4893-9945-CAB4A1708D80,1
6787,32,2017-05-09 00:00:00.000,0,1523F04A-5056-A02D-DFA1-981DCE11CA92,1
6788,1,2017-05-09 00:00:00.000,0,90C4AE3D-C2AE-E428-706D-5D50BB802F23,1
6789,1,2017-05-10 00:00:00.000,0,9EE79EF1-5056-A02D-DF80-89B38A0DD388,1
6790,49,2017-05-11 00:00:00.000,0,D1B41CBD-5056-A02D-DFC3-418BA4FAD93A,1
6791,49,2017-05-12 00:00:00.000,0,3619AD07-5056-A02D-DF87-DC5E1FAC8D97,1
6792,1,2017-05-12 00:00:00.000,0,3619AD07-5056-A02D-DF87-DC5E1FAC8D97,1
6793,34,2017-05-13 00:00:00.000,0,8B41F1B3-5056-A02D-DFA5-05BA36F1BC28,1
6794,34,2017-05-14 00:00:00.000,0,29145F8E-5056-A02D-DF7B-29119AF187AE,1
6795,1,2017-05-14 00:00:00.000,0,E1EE9055-9D5F-8AF3-EA1F-46F67CAF0FD9,1
6796,49,2017-05-15 00:00:00.000,0,34E1E77A-5056-A02D-DF20-60DD53C2F8BB,1
6797,34,2017-05-16 00:00:00.000,0,01CBF021-5056-A02D-DF18-95FC223F6A3C,1
6798,32,2017-05-16 00:00:00.000,0,25F1760A-5056-A02D-DF24-AB54B147C5C4,1
6799,5,2017-05-17 00:00:00.000,106718,F5B8E68E-D963-FD5B-92A9-9E0419A51942,0
6800,49,2017-05-17 00:00:00.000,0,E54B1BDD-5056-A02D-DF33-DBC9C6B78AB6,1
6801,1,2017-05-18 00:00:00.000,0,EA0E70A2-5056-A02D-DFD1-B95408B6D4E5,1
6802,32,2017-05-18 00:00:00.000,0,9A5BA2BE-5056-A02D-DFFB-A79911E9E6E0,1
6803,49,2017-05-18 00:00:00.000,0,9A5BA2BE-5056-A02D-DFFB-A79911E9E6E0,1
6804,34,2017-05-19 00:00:00.000,0,A7CDFFFC-ECC5-0D97-B7D6-7A30F4572FFD,1
6805,1,2017-05-19 00:00:00.000,0,9A5BA2BE-5056-A02D-DFFB-A79911E9E6E0,1
6806,32,2017-05-20 00:00:00.000,0,1A38E73D-9185-E439-2A17-3ABD65D80E55,1
6807,32,2017-05-21 00:00:00.000,0,53C45BF3-5056-A02D-DFC3-AAA7F86754BB,1
6808,1,2017-05-22 00:00:00.000,0,A3EC7259-5056-A02D-DFD3-DDA301AAACF3,1
6809,1,2017-05-22 00:00:00.000,0,AFBB6F95-5056-A02D-DF47-9AEBD5A37458,1
6810,17,2017-05-23 00:00:00.000,107008,2415E532-5056-A02D-DF1D-C4B6C3FA835B,0
6811,34,2017-05-23 00:00:00.000,0,79098149-B579-13F7-2D21-9E9CC29B5B21,1
6812,1,2017-05-25 00:00:00.000,0,78A8A810-5056-A02D-DF25-EC5BA371DD17,1
6813,49,2017-05-25 00:00:00.000,0,5ABB62C0-5056-A02D-DF04-BEF871204E9A,1
6814,28,2017-05-26 00:00:00.000,107149,47778DB8-B8C8-7FE9-D03D-59636F31D724,0
6815,28,2017-05-27 00:00:00.000,107193,9D011EF6-5056-A02D-DFC7-4A667DA8AF95,0
6816,34,2017-05-27 00:00:00.000,0,45238E42-DC7A-B604-8D13-04FBDEFA5DE0,1
6817,28,2017-05-28 00:00:00.000,107301,98426D7C-A1FF-C6D9-87B7-337A20EAC758,0
6818,8,2017-05-28 00:00:00.000,107307,C57FA2F0-5056-A02D-DF95-4FEC02D9B689,0
6819,54,2017-05-28 00:00:00.000,107316,F006F40D-5056-A02D-DFF9-44DC3BB1159F,0
6820,34,2017-05-28 00:00:00.000,0,34E1E77A-5056-A02D-DF20-60DD53C2F8BB,1
6821,32,2017-05-28 00:00:00.000,0,1F4764BB-5056-A02D-DF01-77CFDB3876BD,1
6822,32,2017-05-29 00:00:00.000,0,FA632CFF-9DD4-F31D-F345-C3FC79DA08CC,1
6823,34,2017-05-30 00:00:00.000,0,EE621BFA-9AF8-D5A6-5532-BEC0271AD850,1
6824,26,2017-05-31 00:00:00.000,107468,BACE408C-5056-A02D-DFFB-CE7FD362E96A,0
6825,8,2017-05-31 00:00:00.000,107470,BACE408C-5056-A02D-DFFB-CE7FD362E96A,0
6826,8,2017-05-31 00:00:00.000,107472,EE621BFA-9AF8-D5A6-5532-BEC0271AD850,0
6827,54,2017-06-02 00:00:00.000,107557,4DBC4E46-5056-A02D-DFEF-0AE7EEC9046B,0
6828,49,2017-06-02 00:00:00.000,0,CA1CCDE8-E971-A56E-C90D-3E7A527221C1,1
6829,1,2017-06-02 00:00:00.000,107574,30488F9A-5056-A02D-DF62-4AE8E05DE5F9,0
6830,28,2017-06-03 00:00:00.000,107609,D60C8E31-0CF8-49E3-8A24-75348AC1FE09,0
6831,49,2017-06-04 00:00:00.000,0,D770C8ED-5056-A02D-DF7C-E48A6B550131,1
6832,8,2017-06-04 00:00:00.000,107664,84217168-5056-A02D-DF7C-956F01041033,0
6833,1,2017-06-04 00:00:00.000,0,5BA31CDA-B65A-918B-A967-DD434E9CDC63,1
6834,34,2017-06-04 00:00:00.000,0,C1F1288C-5056-A02D-DF2D-654CE5731231,1
6835,1,2017-06-05 00:00:00.000,0,3C2D2E89-5056-A02D-DF78-77C53FE3147B,1
6836,8,2017-06-06 00:00:00.000,107718,A90F0BB5-5056-A02D-DF15-008C51987BE0,0
6837,34,2017-06-07 00:00:00.000,0,4D7B3ACC-5056-A02D-DF7C-E02FB02BA220,1
6838,32,2017-06-08 00:00:00.000,0,2A6C748E-E88F-442F-9E62-0D42AC1F7A85,1
6839,1,2017-06-08 00:00:00.000,0,2A6C748E-E88F-442F-9E62-0D42AC1F7A85,1
6840,34,2017-06-08 00:00:00.000,0,A3EC7259-5056-A02D-DFD3-DDA301AAACF3,1
6841,8,2017-06-08 00:00:00.000,107839,75E9EB57-5056-A02D-DF0E-A78FD3FDC7BC,0
6842,7,2017-06-08 00:00:00.000,107841,78D12DDB-5056-A02D-DF39-5A1E69A04F03,0
6843,8,2017-06-08 00:00:00.000,107849,48E8AE28-5056-A02D-DFF5-83C387BD2381,0
6844,1,2017-06-08 00:00:00.000,0,D0FFF4FF-5056-A02D-DF7E-D4F8F719F57A,1
6845,49,2017-06-09 00:00:00.000,0,4D7B3ACC-5056-A02D-DF7C-E02FB02BA220,1
6846,32,2017-06-11 00:00:00.000,0,C1F1288C-5056-A02D-DF2D-654CE5731231,1
6847,34,2017-06-11 00:00:00.000,0,D0FFF4FF-5056-A02D-DF7E-D4F8F719F57A,1
6848,49,2017-06-13 00:00:00.000,0,94A3AAF0-A961-3640-0B10-0E68155F3565,1
6849,49,2017-06-14 00:00:00.000,0,7320B89A-D2CC-642B-F567-F6E0372C7B01,1
6850,34,2017-06-14 00:00:00.000,0,9A5BA2BE-5056-A02D-DFFB-A79911E9E6E0,1
6851,34,2017-06-16 00:00:00.000,0,6758CE80-5056-A02D-DFA8-03885BBBECDE,1
6852,1,2017-06-16 00:00:00.000,0,6758CE80-5056-A02D-DFA8-03885BBBECDE,1
6853,1,2017-06-16 00:00:00.000,0,4DBC4E46-5056-A02D-DFEF-0AE7EEC9046B,1
6854,49,2017-06-16 00:00:00.000,0,0BA28975-B096-AEF6-0701-B99E15E513DE,1
6855,1,2017-06-16 00:00:00.000,0,28AE8AFF-5056-A02D-DFCB-7919C28BB585,1
6856,7,2017-06-17 00:00:00.000,108204,26733206-5056-A02D-DF19-3963A7E90F73,0
6857,1,2017-06-20 00:00:00.000,0,80E5F34D-5056-A02D-DF3F-DB2C716D41B5,1
6858,49,2017-06-22 00:00:00.000,0,97F0CF2F-A50B-03F3-3179-F7B4D2AFC5F2,1
6859,1,2017-06-23 00:00:00.000,0,DD0CFAC2-A58D-7324-603E-DB7191ED412B,1
6860,34,2017-06-23 00:00:00.000,0,0BA28975-B096-AEF6-0701-B99E15E513DE,1
6861,1,2017-06-24 00:00:00.000,0,7994CE63-5056-A02D-DF67-89B8CFF3DA9D,1
6862,8,2017-06-26 00:00:00.000,108474,AC4280D4-5056-A02D-DF81-52BF116F712E,0
6863,54,2017-06-26 00:00:00.000,108490,D0FFF4FF-5056-A02D-DF7E-D4F8F719F57A,0
6864,34,2017-06-27 00:00:00.000,0,BECAA31A-5056-A02D-DF35-10EDD5A249E7,1
6865,1,2017-06-27 00:00:00.000,0,73FF4BFF-5056-A02D-DF50-39060A1701F2,1
6866,34,2017-06-29 00:00:00.000,0,AA9DB5B2-5056-A02D-DF0A-E91DD1D3F70F,1
6867,7,2017-06-29 00:00:00.000,108820,F86650C0-BC35-A825-9730-CA4C18EA7A1D,0
6868,1,2017-06-30 00:00:00.000,0,41289139-5056-A02D-DF20-BB9E0BDDA72B,1
6869,49,2017-06-30 00:00:00.000,0,2EA489D9-C54F-1491-B145-EB06078A9C3C,1
6870,32,2017-07-01 00:00:00.000,0,6EA17985-5056-A02D-DFE1-4064951D9EC3,1
6871,8,2017-07-01 00:00:00.000,109096,4ACF945D-5056-A02D-DF77-8C4033CD52C3,0
6872,34,2017-07-02 00:00:00.000,0,2FE0BA95-5056-A02D-DFA0-F20BB8CD4F67,1
6873,1,2017-07-02 00:00:00.000,0,1AA99C28-A8A4-B188-946C-F33BA905AD4A,1
6874,49,2017-07-02 00:00:00.000,0,70C8A31E-B089-0738-4BD6-7297F818DFA6,1
6875,34,2017-07-04 00:00:00.000,0,48B8AED1-AD27-B4A9-C24A-2EA46F62FD3E,1
6876,54,2017-07-04 00:00:00.000,109334,3CD7D0C1-91C1-5628-487E-2303DC7C27DD,0
6877,32,2017-07-05 00:00:00.000,0,68C99BB2-5056-A02D-DF57-292C051EE105,1
6878,49,2017-07-05 00:00:00.000,0,E7A2BE41-0F4D-24B2-AC1F-C6B021D9A261,1
6879,32,2017-07-06 00:00:00.000,0,1B16F602-A94D-2309-4355-5CD7BE314A59,1
6880,1,2017-07-06 00:00:00.000,0,4D7B3ACC-5056-A02D-DF7C-E02FB02BA220,1
6881,8,2017-07-08 00:00:00.000,109664,0728BF99-5056-A02D-DFC0-C19D16D8EDDD,0
6882,8,2017-07-08 00:00:00.000,109675,9CA29466-5056-A02D-DF23-D01C938DE57D,0
6883,28,2017-07-08 00:00:00.000,109677,9CA29466-5056-A02D-DF23-D01C938DE57D,0
6884,32,2017-07-09 00:00:00.000,0,3C5C840E-F878-355F-C24B-5A425E79F6D2,1
6885,1,2017-07-09 00:00:00.000,0,3C5C840E-F878-355F-C24B-5A425E79F6D2,1
6886,26,2017-07-10 00:00:00.000,109787,0728BF99-5056-A02D-DFC0-C19D16D8EDDD,0
6887,54,2017-07-11 00:00:00.000,109824,A33A19DC-5056-A02D-DFFF-43F8002043B9,0
6888,1,2017-07-13 00:00:00.000,109890,4B452375-5056-A02D-DF04-07B9F371B802,0
6889,49,2017-07-13 00:00:00.000,0,8EBDCFB2-AFC6-0A4D-764F-3405D5D9F871,1
6890,34,2017-07-13 00:00:00.000,0,A5B3889E-5056-A02D-DFEE-D4D4E83C8159,1
6891,7,2017-07-14 00:00:00.000,109976,3FCE4DD6-5056-A02D-DF3E-191743D71BBB,0
6892,34,2017-07-15 00:00:00.000,0,6CDF0B06-E5C8-2F43-CF41-555A45289EAF,1
6893,34,2017-07-15 00:00:00.000,0,73FF4BFF-5056-A02D-DF50-39060A1701F2,1
6894,7,2017-07-17 00:00:00.000,110081,C957B690-5056-A02D-DF69-54B00190969E,0
6895,2,2017-07-17 00:00:00.000,110082,C957B690-5056-A02D-DF69-54B00190969E,0
6896,49,2017-07-20 00:00:00.000,0,B72CB1B0-5056-A02D-DF7E-D33243A0DB58,1
6897,1,2017-07-21 00:00:00.000,0,B72CB1B0-5056-A02D-DF7E-D33243A0DB58,1
6898,32,2017-07-22 00:00:00.000,0,CBD24FB0-93C6-102D-D858-F286DEC836A7,1
6899,32,2017-07-23 00:00:00.000,0,8D36E339-5056-A02D-DF53-5D9D5595A1CB,1
6900,1,2017-07-23 00:00:00.000,0,56A63829-AB56-2DB5-6D32-DEE93786B318,1
6901,4,2017-07-24 00:00:00.000,110366,C06587BA-FC56-8B31-D04D-F6EE3DB09217,0
6902,1,2017-07-25 00:00:00.000,0,14AEEF66-5056-A02D-DF5A-864052C1CE94,1
6903,7,2017-07-25 00:00:00.000,110465,08B6B895-0D34-738D-0932-2B37540BC36C,0
6904,1,2017-07-26 00:00:00.000,0,BBC24F7A-5056-A02D-DF74-B3F2D2EE0F2C,1
6905,49,2017-07-28 00:00:00.000,0,2AB79594-A1F7-3A4C-B803-0F0AB20C223F,1
6906,49,2017-07-28 00:00:00.000,0,A23E3BE3-5056-A02D-DFDE-FCC839BC6781,1
6907,32,2017-07-29 00:00:00.000,0,AC7E26AF-5056-A02D-DF84-260D8FBCACF6,1
6908,49,2017-07-29 00:00:00.000,0,AC7E26AF-5056-A02D-DF84-260D8FBCACF6,1
6909,34,2017-07-31 00:00:00.000,0,6AA6B3FF-FABF-F9E5-8491-97CF3391D10E,1
6910,34,2017-08-01 00:00:00.000,0,1DAA5B7B-90CB-2AA2-8A40-43ECCF5306E9,1
6911,1,2017-08-02 00:00:00.000,110752,CAB92C0F-F1FD-3B13-CE05-16B6D8767D15,0
6912,1,2017-08-03 00:00:00.000,0,802D4762-5056-A02D-DF01-D90DB2233309,1
6913,32,2017-08-03 00:00:00.000,0,5D401037-5056-A02D-DF37-0B2CD2D3F4A4,1
6914,1,2017-08-03 00:00:00.000,0,1DC71E46-5056-A02D-DF7D-CA3031687012,1
6915,8,2017-08-03 00:00:00.000,110823,B0CC9187-5056-A02D-DFC6-B38B9C63924A,0
6916,49,2017-08-04 00:00:00.000,0,BB0ED343-5056-A02D-DF7B-6E5B2DD03FDF,1
6917,1,2017-08-05 00:00:00.000,0,EFA16B92-5056-A02D-DFA8-D939B2F09C3A,1
6918,49,2017-08-05 00:00:00.000,0,2D064A1D-9A9A-626E-3920-548BD4DDA9B0,1
6919,32,2017-08-06 00:00:00.000,0,CB77A5A9-5056-A02D-DF30-170BF947AD42,1
6920,1,2017-08-08 00:00:00.000,0,59CD2E56-5056-A02D-DF61-D7CB259342C2,1
6921,49,2017-08-08 00:00:00.000,0,DBBBB468-D698-F97C-C715-A8D1FB67238A,1
6922,26,2017-08-10 00:00:00.000,111168,11A23453-5056-A02D-DF3D-302F82E3E1FD,0
6923,1,2017-08-11 00:00:00.000,0,CB77A5A9-5056-A02D-DF30-170BF947AD42,1
6924,1,2017-08-11 00:00:00.000,0,07E3832B-D3E8-7E40-2E21-E081B7FE2A4F,1
6925,32,2017-08-12 00:00:00.000,0,3FEFDB54-5056-A02D-DF8A-85A022E3E371,1
6926,49,2017-08-13 00:00:00.000,0,73DDC46E-5056-A02D-DFCB-59FB5F6BB25E,1
6927,1,2017-08-13 00:00:00.000,0,73DDC46E-5056-A02D-DFCB-59FB5F6BB25E,1
6928,32,2017-08-13 00:00:00.000,0,73DDC46E-5056-A02D-DFCB-59FB5F6BB25E,1
6929,7,2017-08-14 00:00:00.000,111371,6E7CC962-D48D-6030-F480-169D8BF35CEF,0
6930,32,2017-08-15 00:00:00.000,0,59CD2E56-5056-A02D-DF61-D7CB259342C2,1
6931,32,2017-08-16 00:00:00.000,0,C40FF6D4-9C02-595B-40F1-A583A6F3F909,1
6932,49,2017-08-17 00:00:00.000,0,3E9EE9C8-9D3A-ABFC-6ED2-B91E34CD7FE0,1
6933,28,2017-08-18 00:00:00.000,111684,AD16C1E0-5056-A02D-DF0B-951FE617D5A8,0
6934,1,2017-08-19 00:00:00.000,0,48DBA021-5056-A02D-DF4B-056CF8B02FB2,1
6935,1,2017-08-20 00:00:00.000,111815,B23E07B5-D2CD-380D-B36B-28F97F904BCE,0
6936,26,2017-08-20 00:00:00.000,111838,A90F0BB5-5056-A02D-DF15-008C51987BE0,0
6937,8,2017-08-21 00:00:00.000,111847,3E09DB75-5056-A02D-DF89-5E8621BE9977,0
6938,1,2017-08-23 00:00:00.000,0,65B3CF63-5056-A02D-DF4F-343F40000585,1
6939,49,2017-08-24 00:00:00.000,0,65B3CF63-5056-A02D-DF4F-343F40000585,1
6940,32,2017-08-24 00:00:00.000,0,F0E8BC8A-9A3F-230B-9036-EB66CD8B30FD,1
6941,49,2017-08-24 00:00:00.000,0,BB905858-5056-A02D-DFED-BA6AB4FACA33,1
6942,1,2017-08-24 00:00:00.000,112100,E34717EC-5056-A02D-DF0D-240CA8FC5965,0
6943,49,2017-08-26 00:00:00.000,0,3CA56F47-A5FE-DA5E-7A0F-BC874E3DDB28,1
6944,49,2017-08-28 00:00:00.000,0,BAE85773-C8B4-DFBA-65FD-70D94049E526,1
6945,1,2017-08-28 00:00:00.000,0,1099081D-9CC4-2776-101B-9C091A34139A,1
6946,49,2017-08-31 00:00:00.000,0,1FCCE867-F74F-71B1-C14D-54C14B4A90B7,1
6947,32,2017-09-04 00:00:00.000,0,C4E6224C-5056-A02D-DFB0-D8CFA67797C5,1
6948,1,2017-09-04 00:00:00.000,0,C4E6224C-5056-A02D-DFB0-D8CFA67797C5,1
6949,1,2017-09-05 00:00:00.000,112621,6897E91E-5056-A02D-DF8A-811B6B64782C,0
6950,32,2017-09-07 00:00:00.000,0,C751B151-5056-A02D-DF11-B7C4635AEEB3,1
6951,49,2017-09-08 00:00:00.000,0,781E0A5A-FB87-8E0D-B51F-DBA053DF7270,1
6952,1,2017-09-09 00:00:00.000,0,F416E0E6-0FEF-9A54-0867-BC5D9BE734F4,1
6953,1,2017-09-12 00:00:00.000,0,1996D704-9F10-3787-4444-CF4753FC25B1,1
6954,1,2017-09-13 00:00:00.000,0,C751B151-5056-A02D-DF11-B7C4635AEEB3,1
6955,49,2017-09-13 00:00:00.000,0,C751B151-5056-A02D-DF11-B7C4635AEEB3,1
6956,8,2017-09-14 00:00:00.000,113120,6897E91E-5056-A02D-DF8A-811B6B64782C,0
6957,8,2017-09-14 00:00:00.000,113155,0F3BFB4A-5056-A02D-DFCD-AAD6BFC97FB6,0
6958,1,2017-09-15 00:00:00.000,113189,022413F0-5056-A02D-DF5A-2C2533526264,0
6959,32,2017-09-16 00:00:00.000,0,532F010E-C614-890E-ABAB-DEA13E6C6429,1
6960,32,2017-09-16 00:00:00.000,0,72389D47-CDA3-24B9-CD5B-B7D0DF02736E,1
6961,32,2017-09-16 00:00:00.000,0,B99B5FC8-B8FB-706D-4DFE-7469EF3EB465,1
6962,32,2017-09-16 00:00:00.000,0,A5B3889E-5056-A02D-DFEE-D4D4E83C8159,1
6963,7,2017-09-16 00:00:00.000,113231,9C2F46A1-5056-A02D-DF71-456F4B5A0962,0
6964,32,2017-09-16 00:00:00.000,0,6DAB2307-5056-A02D-DF48-575DCDBB2C36,1
6965,32,2017-09-16 00:00:00.000,0,3944694B-5056-A02D-DF41-26D5001EBF69,1
6966,32,2017-09-16 00:00:00.000,0,1D15FF58-5056-A02D-DF3F-FDB77BBD507E,1
6967,32,2017-09-16 00:00:00.000,0,9D011EF6-5056-A02D-DFC7-4A667DA8AF95,1
6968,32,2017-09-16 00:00:00.000,0,7BC46A17-A3D8-4E4B-FE0B-12416BECBD41,1
6969,32,2017-09-16 00:00:00.000,0,638A4956-5056-A02D-DFFE-AB504B250510,1
6970,32,2017-09-16 00:00:00.000,0,44E6E800-E9D2-572F-AEB6-981429D6775B,1
6971,32,2017-09-16 00:00:00.000,0,73FF4BFF-5056-A02D-DF50-39060A1701F2,1
6972,32,2017-09-16 00:00:00.000,0,8F9C6A80-90D3-1B52-7F1B-9D7F553741FB,1
6973,32,2017-09-16 00:00:00.000,0,9D4D49C2-D53D-052D-96CE-A4DB2609D185,1
6974,32,2017-09-16 00:00:00.000,113241,C4242997-5056-A02D-DF25-917106835F2D,0
6975,32,2017-09-16 00:00:00.000,0,D770C8ED-5056-A02D-DF7C-E48A6B550131,1
6976,7,2017-09-16 00:00:00.000,113243,48DF2BE8-5056-A02D-DF7A-35E154F9ABB8,0
6977,32,2017-09-16 00:00:00.000,0,DBBBB468-D698-F97C-C715-A8D1FB67238A,1
6978,32,2017-09-16 00:00:00.000,0,2D064A1D-9A9A-626E-3920-548BD4DDA9B0,1
6979,32,2017-09-16 00:00:00.000,0,E1AFF4DE-A598-A1EA-3952-6B54B6CAFC5B,1
6980,32,2017-09-17 00:00:00.000,0,6CD84A72-9E7A-8D80-076D-B21C62BA73BE,1
6981,8,2017-09-17 00:00:00.000,113291,7B6D9E6B-5056-A02D-DFBE-46E88F5AEE47,0
6982,7,2017-09-17 00:00:00.000,113296,4D7B3ACC-5056-A02D-DF7C-E02FB02BA220,0
6983,32,2017-09-19 00:00:00.000,0,4F8DD668-93D9-01A2-E2DA-506FE70B5E31,1
6984,32,2017-09-20 00:00:00.000,0,710A31A2-CD4B-1E3F-FA7F-1B4EA7EC2409,1
6985,32,2017-09-20 00:00:00.000,0,096442AA-5056-A02D-DFAC-B60E5FFB0B46,1
6986,49,2017-09-20 00:00:00.000,0,10290F9A-E987-3433-3F25-03A869EB0F03,1
6987,32,2017-09-20 00:00:00.000,0,457C8546-5056-A02D-DFF1-C0819CEA4C51,1
6988,6,2017-09-22 00:00:00.000,113525,F29E9523-BA00-F1DD-C74F-2EE6B8B6621D,0
6989,8,2017-09-22 00:00:00.000,113542,B63C500B-BCE5-E935-D21E-F920892A7559,0
6990,1,2017-09-22 00:00:00.000,0,F006F40D-5056-A02D-DFF9-44DC3BB1159F,1
6991,1,2017-09-22 00:00:00.000,0,48DF2BE8-5056-A02D-DF7A-35E154F9ABB8,1
6992,58,2017-09-23 00:00:00.000,0,3B43FD8E-A9F3-4B1A-74CC-255ACCD77E11,1
6993,7,2017-09-23 00:00:00.000,113631,A3FD086B-B69F-3BDE-E7C4-C2AA6524E621,0
6994,1,2017-09-24 00:00:00.000,0,C40FF6D4-9C02-595B-40F1-A583A6F3F909,1
6995,8,2017-09-26 00:00:00.000,113911,813DB562-5056-A02D-DF23-3AA7F6418E0C,0
6996,32,2017-09-27 00:00:00.000,0,E0090451-C560-B58A-9087-0F70033E1100,1
6997,32,2017-09-28 00:00:00.000,0,CA30985D-5056-A02D-DF31-25CED8A01EDD,1
6998,1,2017-09-28 00:00:00.000,0,87FB6A47-D4D6-4893-9945-CAB4A1708D80,1
6999,1,2017-09-28 00:00:00.000,114055,7B7304EA-5056-A02D-DF6D-76A387DB09A7,0
7000,32,2017-09-29 00:00:00.000,0,0414ECEC-EAC0-DEF6-CE3E-02EB9D151E04,1
7001,32,2017-09-29 00:00:00.000,114109,7435CEBE-AD04-8ADE-0202-CE457F80C772,0
7002,1,2017-10-01 00:00:00.000,0,3AE6271E-0DEE-A404-CE77-664ABAC6A49D,1
7003,7,2017-10-03 00:00:00.000,114297,907A9B8C-5056-A02D-DFFA-A7B3B9D4837E,0
7004,1,2017-10-03 00:00:00.000,114317,DE93A46C-5056-A02D-DF12-7CCE4E897D31,0
7005,32,2017-10-04 00:00:00.000,0,78D12DDB-5056-A02D-DF39-5A1E69A04F03,1
7006,2,2017-10-04 00:00:00.000,114382,022413F0-5056-A02D-DF5A-2C2533526264,0
7007,49,2017-10-04 00:00:00.000,0,BBC24F7A-5056-A02D-DF74-B3F2D2EE0F2C,1
7008,49,2017-10-05 00:00:00.000,0,F2883E77-E4FC-F112-C7E3-DE17B7163888,1
7009,8,2017-10-05 00:00:00.000,114439,CF579E68-D76F-EA5A-46D8-9B58683C6A90,0
7010,1,2017-10-06 00:00:00.000,0,894AD1F9-5056-A02D-DF9A-18636F0928B2,1
7011,49,2017-10-06 00:00:00.000,0,894AD1F9-5056-A02D-DF9A-18636F0928B2,1
7012,32,2017-10-08 00:00:00.000,0,B5ED65FF-5056-A02D-DF9B-F6153D20F102,1
7013,49,2017-10-10 00:00:00.000,0,2F4E89A1-F311-427F-E113-34A1A6A73D08,1
7014,34,2017-10-10 00:00:00.000,0,8EDF10ED-057D-6395-49A9-72C14463F8B6,1
7015,49,2017-10-12 00:00:00.000,0,5B2100A8-E66A-FE61-E4DA-66C8E5236DD5,1
7016,34,2017-10-13 00:00:00.000,0,8EBDCFB2-AFC6-0A4D-764F-3405D5D9F871,1
7017,49,2017-10-13 00:00:00.000,0,A3FD086B-B69F-3BDE-E7C4-C2AA6524E621,1
7018,1,2017-10-15 00:00:00.000,0,914D9DC2-5056-A02D-DF1F-5539799F371E,1
7019,32,2017-10-16 00:00:00.000,0,376BBD34-5056-A02D-DF2C-140C33BF9265,1
7020,8,2017-10-16 00:00:00.000,115125,376BBD34-5056-A02D-DF2C-140C33BF9265,0
7021,49,2017-10-17 00:00:00.000,0,A530F262-5056-A02D-DFEB-AE48F543E1E7,1
7022,7,2017-10-18 00:00:00.000,115226,B4D9FAC4-F7B2-D39E-7BBE-3B24D7E16A09,0
7023,1,2017-10-18 00:00:00.000,0,418676D6-E971-3F8A-BB65-C6F830480AA5,1
7024,1,2017-10-19 00:00:00.000,0,E0D159CD-5056-A02D-DF0E-D5138B0093BC,1
7025,49,2017-10-19 00:00:00.000,0,38749111-AEBE-C4FD-0EFD-21C805F6F3CE,1
7026,1,2017-10-19 00:00:00.000,0,0728BF99-5056-A02D-DFC0-C19D16D8EDDD,1
7027,1,2017-10-20 00:00:00.000,0,376BBD34-5056-A02D-DF2C-140C33BF9265,1
7028,8,2017-10-20 00:00:00.000,115515,20D91010-5056-A02D-DF6F-D77871A48F87,0
7029,34,2017-10-20 00:00:00.000,0,8A3658B8-FA0A-91E3-72A1-083655253AF2,1
7030,1,2017-10-21 00:00:00.000,0,19313F53-0DFD-FEFA-186D-17EEEB7B7A22,1
7031,8,2017-10-23 00:00:00.000,115695,62C00848-5056-A02D-DFB6-6C835D2E1EBE,0
7032,26,2017-10-24 00:00:00.000,115728,75E9EB57-5056-A02D-DF0E-A78FD3FDC7BC,0
7033,49,2017-10-27 00:00:00.000,0,640BB5E9-5056-A02D-DF4B-AFE66A9C2994,1
7034,1,2017-10-28 00:00:00.000,0,55DDBF7D-5056-A02D-DF8F-4C5B7987803D,1
7035,7,2017-10-28 00:00:00.000,116009,94504E1B-5056-A02D-DFA6-681B689F9BE6,0
7036,7,2017-10-29 00:00:00.000,116057,65B3CF63-5056-A02D-DF4F-343F40000585,0
7037,32,2017-10-29 00:00:00.000,0,83ED0F30-5056-A02D-DFF6-086002BA22F0,1
7038,8,2017-10-29 00:00:00.000,116110,D41CB34F-5056-A02D-DF31-C725463CC698,0
7039,1,2017-10-30 00:00:00.000,0,1B87964B-5056-A02D-DF1E-051BA90570F0,1
7040,1,2017-10-30 00:00:00.000,0,1AF8A258-5056-A02D-DF7D-9A4B1C3B5DDC,1
7041,17,2017-11-01 00:00:00.000,116236,C957B690-5056-A02D-DF69-54B00190969E,0
7042,7,2017-11-01 00:00:00.000,116256,DC33B891-5056-A02D-DFD6-FD0B6B782CA4,0
7043,1,2017-11-01 00:00:00.000,0,C7D1127E-5056-A02D-DF48-BA0320C85EA5,1
7044,26,2017-11-01 00:00:00.000,116272,0F3BFB4A-5056-A02D-DFCD-AAD6BFC97FB6,0
7045,49,2017-11-02 00:00:00.000,0,EA141A38-5056-A02D-DF0E-7F09A0AB748A,1
7046,49,2017-11-02 00:00:00.000,0,81F7F555-CE39-A3A3-1C05-F2131F0B6CD6,1
7047,7,2017-11-03 00:00:00.000,116380,14DB6492-5056-A02D-DF1F-8F1DA50DC09F,0
7048,8,2017-11-04 00:00:00.000,116459,321750EF-5056-A02D-DF4D-BE4CF1C7DBA5,0
7049,32,2017-11-05 00:00:00.000,0,5DAE5C1C-5056-A02D-DFBF-080B2FCC79D4,1
7050,1,2017-11-05 00:00:00.000,0,CA30985D-5056-A02D-DF31-25CED8A01EDD,1
7051,49,2017-11-05 00:00:00.000,0,4553FD82-AEEC-AB41-AE19-C9BAD25C77E1,1
7052,7,2017-11-05 00:00:00.000,116535,4553FD82-AEEC-AB41-AE19-C9BAD25C77E1,0
7053,1,2017-11-06 00:00:00.000,0,A530F262-5056-A02D-DFEB-AE48F543E1E7,1
7054,7,2017-11-06 00:00:00.000,116607,D0FFF4FF-5056-A02D-DF7E-D4F8F719F57A,0
7055,1,2017-11-07 00:00:00.000,0,49D134E9-5056-A02D-DFD5-48C0DAE195E6,1
7056,1,2017-11-08 00:00:00.000,0,EA352448-5056-A02D-DF87-DCB9229EABB3,1
7057,32,2017-11-12 00:00:00.000,0,3A23F360-5056-A02D-DFB7-47DAE7A063A7,1
7058,1,2017-11-12 00:00:00.000,0,A565498A-5056-A02D-DF6B-B261E40CBDB2,1
7059,32,2017-11-13 00:00:00.000,0,754ABADA-AFA5-B8BB-58AE-87B34F56BC70,1
7060,1,2017-11-14 00:00:00.000,0,64BF5F23-5056-A02D-DF68-46D85C819F60,1
7061,1,2017-11-14 00:00:00.000,0,BD7A1F3B-5056-A02D-DF4F-1064B10EBC2C,1
7062,32,2017-11-14 00:00:00.000,0,0EA6224A-0FAC-3E19-7A69-7FD01A41BAB7,1
7063,49,2017-11-15 00:00:00.000,0,4ACF945D-5056-A02D-DF77-8C4033CD52C3,1
7064,32,2017-11-15 00:00:00.000,0,907A9B8C-5056-A02D-DFFA-A7B3B9D4837E,1
7065,49,2017-11-16 00:00:00.000,0,3F7B84B2-FCBC-4102-FBE0-0D0136DFDAF3,1
7066,49,2017-11-17 00:00:00.000,0,CC5649B7-CDC5-B0A4-30A3-EEE7BED35900,1
7067,8,2017-11-17 00:00:00.000,117173,4ACAE174-0003-C19D-4CA9-5EAFDF1CE1AA,0
7068,32,2017-11-17 00:00:00.000,0,B7F4A96A-5056-A02D-DF9D-6D801EACF8C9,1
7069,1,2017-11-17 00:00:00.000,0,B7F4A96A-5056-A02D-DF9D-6D801EACF8C9,1
7070,49,2017-11-18 00:00:00.000,0,49D134E9-5056-A02D-DFD5-48C0DAE195E6,1
7071,1,2017-11-18 00:00:00.000,0,7B6D9E6B-5056-A02D-DFBE-46E88F5AEE47,1
7072,49,2017-11-18 00:00:00.000,0,3A5510A2-A697-FEF0-C2E1-3BE0C1523824,1
7073,1,2017-11-18 00:00:00.000,0,3A5510A2-A697-FEF0-C2E1-3BE0C1523824,1
7074,32,2017-11-18 00:00:00.000,0,C1A9FFDC-5056-A02D-DF59-84B54EC73377,1
7075,7,2017-11-18 00:00:00.000,117246,B7F4A96A-5056-A02D-DF9D-6D801EACF8C9,0
7076,7,2017-11-19 00:00:00.000,117250,4364FC08-5056-A02D-DF94-F9651A122E4F,0
7077,8,2017-11-19 00:00:00.000,117263,8AA4FFA3-0E41-C86D-67F6-A9F4F0B1BBA9,0
7078,49,2017-11-20 00:00:00.000,0,D0FFF4FF-5056-A02D-DF7E-D4F8F719F57A,1
7079,1,2017-11-20 00:00:00.000,0,8D39DA65-5056-A02D-DF03-9DA08B92F6C0,1
7080,5,2017-11-20 00:00:00.000,117334,A3C7FE6B-5056-A02D-DF47-31973F463385,0
7081,49,2017-11-20 00:00:00.000,0,73A66239-EE5E-2B9C-6FDD-C04EF5427CB6,1
7082,32,2017-11-21 00:00:00.000,0,E0D159CD-5056-A02D-DF0E-D5138B0093BC,1
7083,49,2017-11-21 00:00:00.000,0,F5FE7C7C-E934-4F0E-3E29-A5C4606DAD2C,1
7084,32,2017-11-21 00:00:00.000,0,5EA136A4-9A89-2FF7-DD90-927E218E257F,1
7085,32,2017-11-21 00:00:00.000,0,8FB9E69D-5056-A02D-DF28-2DE99AFBB54D,1
7086,1,2017-11-22 00:00:00.000,0,9CA9E8FA-5056-A02D-DF95-534DC10CAC55,1
7087,8,2017-11-24 00:00:00.000,117505,4314D1A0-5056-A02D-DFDF-D6F69DE8FEF2,0
7088,1,2017-11-25 00:00:00.000,0,DD71F2CA-5056-A02D-DF05-E06E66D7233C,1
7089,32,2017-11-26 00:00:00.000,0,5EED8254-E76D-E4DE-3A0B-90DF59F416E2,1
7090,2,2017-11-29 00:00:00.000,117742,09F8A464-5056-A02D-DF69-507A70555070,0
7091,4,2017-11-29 00:00:00.000,117743,09F8A464-5056-A02D-DF69-507A70555070,0
7092,49,2017-11-30 00:00:00.000,0,776CF77F-B8CC-0B47-FB3D-142FA5980E64,1
7093,1,2017-11-30 00:00:00.000,0,6BF5BA26-0096-7785-FBF5-537D6E2461A7,1
7094,19,2017-12-01 00:00:00.000,0,E5829CA5-5056-A02D-DFC0-D39E536380C1,1
7095,26,2017-12-01 00:00:00.000,117861,191EE100-D41C-CBB3-51C2-BD464F2E9CF8,0
7096,43,2017-12-02 00:00:00.000,0,5EA136A4-9A89-2FF7-DD90-927E218E257F,1
7097,32,2017-12-03 00:00:00.000,0,630B98FC-F07C-C458-66EA-3DD6C5DEA04E,1
7098,7,2017-12-04 00:00:00.000,118052,8CD349C4-5056-A02D-DF1F-F87486244523,0
7099,8,2017-12-06 00:00:00.000,118145,F68750AA-5056-A02D-DF22-B2BEB78F44CF,0
7100,49,2017-12-07 00:00:00.000,0,DA9B4FF4-9C8A-8502-095A-75CD79CBF1FA,1
7101,13,2017-12-07 00:00:00.000,0,C957B690-5056-A02D-DF69-54B00190969E,1
7102,55,2017-12-07 00:00:00.000,0,C957B690-5056-A02D-DF69-54B00190969E,1
7103,7,2017-12-08 00:00:00.000,118274,9E8B8E18-5056-A02D-DF79-7D5CD5B63061,0
7104,49,2017-12-08 00:00:00.000,0,48E8AE28-5056-A02D-DFF5-83C387BD2381,1
7105,32,2017-12-09 00:00:00.000,0,8BA09F08-DD7C-4E8D-C69C-D302DB7F1A87,1
7106,1,2017-12-09 00:00:00.000,0,5AE09564-5056-A02D-DFFB-33271CF70BBD,1
7107,26,2017-12-11 00:00:00.000,118417,65B3CF63-5056-A02D-DF4F-343F40000585,0
7108,32,2017-12-11 00:00:00.000,0,65B3CF63-5056-A02D-DF4F-343F40000585,1
7109,32,2017-12-13 00:00:00.000,0,2A2625C4-AB41-8625-C5C8-2774513E3178,1
7110,1,2017-12-17 00:00:00.000,0,48E8AE28-5056-A02D-DFF5-83C387BD2381,1
7111,8,2017-12-17 00:00:00.000,118779,CFE856E2-5056-A02D-DF61-38CCABE9FDD5,0
7112,32,2017-12-18 00:00:00.000,0,2E309B10-5056-A02D-DFC6-AA1F6B1EFAC7,1
7113,21,2017-12-19 00:00:00.000,0,3CA2AE6C-ADD0-EC09-160C-5F7503F27954,1
7114,8,2017-12-19 00:00:00.000,120190,3CC2A962-5056-A02D-DF4A-E86D101659D1,0
7115,34,2017-12-19 00:00:00.000,0,DFD83376-B194-26FB-2A89-41E5D7ECA8A0,1
7116,1,2017-12-21 00:00:00.000,0,DEB33FF4-EB43-7521-E624-C48D916DBD55,1
7117,34,2017-12-23 00:00:00.000,0,3CA2AE6C-ADD0-EC09-160C-5F7503F27954,1
7118,49,2017-12-23 00:00:00.000,0,F11DE38B-9952-16AF-5541-AFCBFF58C6E4,1
7119,9,2017-12-24 00:00:00.000,0,14ED532B-CBA3-2AA8-7C7D-2A03AC68E9A4,1
7120,49,2017-12-24 00:00:00.000,0,14ED532B-CBA3-2AA8-7C7D-2A03AC68E9A4,1
7121,11,2017-12-27 00:00:00.000,0,CA30985D-5056-A02D-DF31-25CED8A01EDD,1
7122,44,2017-12-27 00:00:00.000,0,4553FD82-AEEC-AB41-AE19-C9BAD25C77E1,1
7123,8,2017-12-27 00:00:00.000,120537,AF5A2EBB-A02C-53D5-E64D-6B65B99D6C51,0
7124,1,2017-12-28 00:00:00.000,0,48E8532F-F4FB-5D10-1EAC-F67F3C386DE7,1
7125,1,2017-12-28 00:00:00.000,0,806307C0-C00E-89E3-3867-D21DE2536EBC,1
7126,49,2017-12-29 00:00:00.000,0,441FC6B3-EABF-2802-1C65-7202284520D0,1
7127,8,2017-12-29 00:00:00.000,120671,6B571312-5056-A02D-DFF4-01F5580A0B01,0
7128,32,2017-12-29 00:00:00.000,0,9AC09793-5056-A02D-DF4A-8422117878ED,1
7129,34,2017-12-30 00:00:00.000,0,9F1CD456-5056-A02D-DF57-BE9216743434,1
7130,49,2017-12-30 00:00:00.000,0,8EB8057A-DE34-9B50-C21F-CA18409409DC,1
7131,1,2017-12-31 00:00:00.000,0,8CD349C4-5056-A02D-DF1F-F87486244523,1
7132,58,2018-01-01 00:00:00.000,0,6670AE9B-CEED-BF54-ECCF-C0EF3679535E,1
7133,8,2018-01-01 00:00:00.000,120891,73E8B03D-5056-A02D-DF7E-FF206317B2F1,0
7134,18,2018-01-01 00:00:00.000,0,AE074305-5056-A02D-DFF8-E5CFE5A88A81,1
7135,1,2018-01-02 00:00:00.000,0,390AC72E-5056-A02D-DFCA-7D44EC26B52D,1
7136,49,2018-01-02 00:00:00.000,0,DDCDA73B-5056-A02D-DFBE-D707FC7B6480,1
7137,1,2018-01-02 00:00:00.000,0,DDCDA73B-5056-A02D-DFBE-D707FC7B6480,1
7138,3,2018-01-02 00:00:00.000,120969,390AC72E-5056-A02D-DFCA-7D44EC26B52D,0
7139,2,2018-01-02 00:00:00.000,120971,390AC72E-5056-A02D-DFCA-7D44EC26B52D,0
7140,49,2018-01-02 00:00:00.000,0,0B1B012E-CF5D-C0E3-51E2-2BDF45D4D922,1
7141,32,2018-01-03 00:00:00.000,0,B9080BB7-B2E2-121F-667C-5FC7CAF9DD56,1
7142,1,2018-01-03 00:00:00.000,0,AE074305-5056-A02D-DFF8-E5CFE5A88A81,1
7143,1,2018-01-03 00:00:00.000,0,D88DD075-5056-A02D-DF48-445CB6791486,1
7144,1,2018-01-04 00:00:00.000,0,49F72516-5056-A02D-DFA9-9CB360D00502,1
7145,7,2018-01-05 00:00:00.000,121248,849A662A-D051-84E2-BA1E-8B06F2F6AAE0,0
7146,8,2018-01-05 00:00:00.000,121249,849A662A-D051-84E2-BA1E-8B06F2F6AAE0,0
7147,5,2018-01-05 00:00:00.000,121269,E3B6341E-F805-F0E4-5DC6-41F7922252B1,0
7148,32,2018-01-05 00:00:00.000,0,75C0FACA-C2CF-4337-7E2E-293CA6174EB9,1
7149,49,2018-01-05 00:00:00.000,0,3CA2AE6C-ADD0-EC09-160C-5F7503F27954,1
7150,7,2018-01-06 00:00:00.000,121325,802750BE-C85E-792E-B151-56B9EF2F697C,0
7151,32,2018-01-06 00:00:00.000,0,C2F64803-5056-A02D-DF37-8EB76D6D9A0E,1
7152,1,2018-01-06 00:00:00.000,0,57985C77-5056-A02D-DF69-94117F136384,1
7153,8,2018-01-06 00:00:00.000,121341,9AADDA77-5056-A02D-DFCC-B3953B46459A,0
7154,34,2018-01-06 00:00:00.000,0,675FDB7F-5056-A02D-DF91-4A73C606044B,1
7155,30,2018-01-06 00:00:00.000,0,AE074305-5056-A02D-DFF8-E5CFE5A88A81,1
7156,9,2018-01-07 00:00:00.000,0,5DAE5C1C-5056-A02D-DFBF-080B2FCC79D4,1
7157,10,2018-01-08 00:00:00.000,0,DF963195-E442-D0B7-D991-03D3EE5484C4,1
7158,49,2018-01-08 00:00:00.000,0,EBDD72D0-9D1E-0175-8589-58A61D3F0C0C,1
7159,1,2018-01-08 00:00:00.000,0,A3F98D12-5056-A02D-DF29-8622912B2A2C,1
7160,34,2018-01-09 00:00:00.000,0,31418FF9-F97E-7A83-A90C-011791BA23B8,1
7161,8,2018-01-09 00:00:00.000,121628,06B36E80-5056-A02D-DFEF-53CEE25DB6F2,0
7162,1,2018-01-09 00:00:00.000,0,87DAD45D-BC7C-8C00-8CA6-BC628925BA3F,1
7163,32,2018-01-11 00:00:00.000,0,95C05C0B-D99A-5756-C209-FB739D2944DE,1
7164,15,2018-01-12 00:00:00.000,0,9A6D62C3-5056-A02D-DF07-05AC43A36058,1
7165,23,2018-01-15 00:00:00.000,0,B6785FC9-A741-5E54-1917-B9978620B166,1
7166,34,2018-01-16 00:00:00.000,0,0D48EDAC-5056-A02D-DF6B-575943FC3080,1
7167,1,2018-01-16 00:00:00.000,0,E1BF5070-5056-A02D-DF76-4D319AF95A25,1
7168,8,2018-01-16 00:00:00.000,122037,E1BF5070-5056-A02D-DF76-4D319AF95A25,0
7169,8,2018-01-16 00:00:00.000,122048,0D48EDAC-5056-A02D-DF6B-575943FC3080,0
7170,5,2018-01-17 00:00:00.000,122075,4ACF945D-5056-A02D-DF77-8C4033CD52C3,0
7171,32,2018-01-17 00:00:00.000,0,F14F26BC-5056-A02D-DF0D-ADBB4B3D4A94,1
7172,2,2018-01-17 00:00:00.000,122093,F14F26BC-5056-A02D-DF0D-ADBB4B3D4A94,0
7173,7,2018-01-17 00:00:00.000,122094,F14F26BC-5056-A02D-DF0D-ADBB4B3D4A94,0
7174,32,2018-01-17 00:00:00.000,0,FD26AC9C-5056-A02D-DF1D-B5E7AF41642E,1
7175,55,2018-01-17 00:00:00.000,0,92E54EED-CBBE-A6EB-6398-85B84F17B795,1
7176,1,2018-01-18 00:00:00.000,0,4A6ABCED-BB7A-9362-9301-7C906C0A5C4F,1
7177,1,2018-01-18 00:00:00.000,0,F892C12F-5056-A02D-DF7C-987012378E6D,1
7178,1,2018-01-18 00:00:00.000,0,675FDB7F-5056-A02D-DF91-4A73C606044B,1
7179,13,2018-01-19 00:00:00.000,0,47778DB8-B8C8-7FE9-D03D-59636F31D724,1
7180,32,2018-01-20 00:00:00.000,0,282E847D-5056-A02D-DFC2-4C86B19DF32F,1
7181,32,2018-01-20 00:00:00.000,0,EA141A38-5056-A02D-DF0E-7F09A0AB748A,1
7182,32,2018-01-20 00:00:00.000,0,49D134E9-5056-A02D-DFD5-48C0DAE195E6,1
7183,32,2018-01-20 00:00:00.000,0,756EBD65-5056-A02D-DFF7-38119F9870A3,1
7184,32,2018-01-20 00:00:00.000,0,D9710D7D-92E2-2191-CEF3-2B53029DB75D,1
7185,32,2018-01-20 00:00:00.000,0,60C50CF8-B6ED-5BFF-C764-D0A776C4C3D4,1
7186,32,2018-01-20 00:00:00.000,0,9133C45D-C173-5B3E-C570-B874CAF6E1A4,1
7187,32,2018-01-20 00:00:00.000,0,6F2DC764-A375-33E1-2F6F-28D1023C30E6,1
7188,16,2018-01-21 00:00:00.000,0,2E309B10-5056-A02D-DFC6-AA1F6B1EFAC7,1
7189,1,2018-01-21 00:00:00.000,0,56D434DE-5056-A02D-DFC4-3D9CEDBF521C,1
7190,3,2018-01-22 00:00:00.000,122369,DEE5F997-5056-A02D-DF0E-8D714A1A25E3,0
7191,4,2018-01-22 00:00:00.000,122371,DEE5F997-5056-A02D-DF0E-8D714A1A25E3,0
7192,2,2018-01-22 00:00:00.000,122372,DEE5F997-5056-A02D-DF0E-8D714A1A25E3,0
7193,8,2018-01-22 00:00:00.000,122373,DEE5F997-5056-A02D-DF0E-8D714A1A25E3,0
7194,26,2018-01-22 00:00:00.000,122375,DEE5F997-5056-A02D-DF0E-8D714A1A25E3,0
7195,32,2018-01-22 00:00:00.000,0,DEE5F997-5056-A02D-DF0E-8D714A1A25E3,1
7196,1,2018-01-23 00:00:00.000,0,6D7393FA-9E33-88CF-5E04-DC2E29DB6EFE,1
7197,32,2018-01-23 00:00:00.000,122412,E576ABDA-5056-A02D-DF42-6EC5F7346045,0
7198,32,2018-01-23 00:00:00.000,0,A2FB9A70-5056-A02D-DFB1-3EA99BBE43FA,1
7199,32,2018-01-24 00:00:00.000,0,3CA2AE6C-ADD0-EC09-160C-5F7503F27954,1
7200,32,2018-01-24 00:00:00.000,0,7846347A-5056-A02D-DFCB-68802F7AA2FA,1
7201,49,2018-01-25 00:00:00.000,0,7846347A-5056-A02D-DFCB-68802F7AA2FA,1
7202,34,2018-01-25 00:00:00.000,0,5113BF1E-5056-A02D-DF02-74AFE16E1433,1
7203,1,2018-01-26 00:00:00.000,0,9AC09793-5056-A02D-DF4A-8422117878ED,1
7204,6,2018-01-26 00:00:00.000,122611,7814EA27-F3AA-0DCE-6EB6-6E98AF67F68E,0
7205,8,2018-01-27 00:00:00.000,122628,D7C9F123-EE2E-37AF-5183-39B34456BBBF,0
7206,49,2018-01-27 00:00:00.000,0,FD26AC9C-5056-A02D-DF1D-B5E7AF41642E,1
7207,49,2018-01-27 00:00:00.000,0,6F2DC764-A375-33E1-2F6F-28D1023C30E6,1
7208,8,2018-01-27 00:00:00.000,122692,CF9CA468-5056-A02D-DFA9-EDB5536393C1,0
7209,13,2018-01-29 00:00:00.000,0,CA30985D-5056-A02D-DF31-25CED8A01EDD,1
7210,32,2018-01-29 00:00:00.000,0,E2DB86A1-F42A-ED9B-E887-E34A8CCE232D,1
7211,32,2018-01-29 00:00:00.000,0,AAA2E603-5056-A02D-DF3B-0115F28967DE,1
7212,49,2018-01-30 00:00:00.000,0,E1AFF4DE-A598-A1EA-3952-6B54B6CAFC5B,1
7213,49,2018-01-31 00:00:00.000,0,55DDBF7D-5056-A02D-DF8F-4C5B7987803D,1
7214,32,2018-01-31 00:00:00.000,0,9CA29466-5056-A02D-DF23-D01C938DE57D,1
7215,1,2018-02-02 00:00:00.000,0,623FF52F-A792-C79D-4BCB-F6D8B20AC784,1
7216,34,2018-02-02 00:00:00.000,0,0C6D9F70-5056-A02D-DF64-09A6ACF57A5B,1
7217,49,2018-02-02 00:00:00.000,0,B4A0949C-F4B1-7F91-21D5-727706DDBF09,1
7218,32,2018-02-03 00:00:00.000,0,623FF52F-A792-C79D-4BCB-F6D8B20AC784,1
7219,32,2018-02-03 00:00:00.000,0,DDCDA73B-5056-A02D-DFBE-D707FC7B6480,1
7220,32,2018-02-04 00:00:00.000,0,0C6D9F70-5056-A02D-DF64-09A6ACF57A5B,1
7221,49,2018-02-04 00:00:00.000,0,F52F0B90-C9B4-B548-C295-6B0A96CB7F17,1
7222,1,2018-02-04 00:00:00.000,0,81DAE7B6-5056-A02D-DF20-8123663CDABD,1
7223,5,2018-02-05 00:00:00.000,123190,FE8C33A1-5056-A02D-DF55-22320CA49070,0
7224,34,2018-02-08 00:00:00.000,0,D8E66242-971B-1108-7777-9E793A8AABCF,1
7225,49,2018-02-08 00:00:00.000,0,9D4D49C2-D53D-052D-96CE-A4DB2609D185,1
7226,1,2018-02-08 00:00:00.000,0,9ACD83E4-5056-A02D-DF1C-F93B1BCB8245,1
7227,34,2018-02-08 00:00:00.000,0,A2FB9A70-5056-A02D-DFB1-3EA99BBE43FA,1
7228,32,2018-02-10 00:00:00.000,0,7AC7FE57-08FB-97A0-F23F-C7E377D6FC84,1
7229,1,2018-02-10 00:00:00.000,0,7EF02B73-5056-A02D-DF7E-8A62FCBD71DB,1
7230,49,2018-02-10 00:00:00.000,0,7EF02B73-5056-A02D-DF7E-8A62FCBD71DB,1
7231,8,2018-02-12 00:00:00.000,123584,06AF0ED2-5056-A02D-DFB8-CA5601199960,0
7232,1,2018-02-12 00:00:00.000,0,DC16C12D-5056-A02D-DF57-07467442258B,1
7233,26,2018-02-12 00:00:00.000,123598,DC16C12D-5056-A02D-DF57-07467442258B,0
7234,1,2018-02-13 00:00:00.000,0,55EDDA00-5056-A02D-DF35-CA8A9C3E3DF7,1
7235,9,2018-02-13 00:00:00.000,0,3CA2AE6C-ADD0-EC09-160C-5F7503F27954,1
7236,1,2018-02-15 00:00:00.000,0,00613913-5056-A02D-DFCF-0DA516A86257,1
7237,26,2018-02-17 00:00:00.000,123962,E0CE5AA2-ED50-A1D0-8993-7A61F5A88914,0
7238,49,2018-02-17 00:00:00.000,0,67553268-5056-A02D-DF04-DF7D23D7BB92,1
7239,34,2018-02-18 00:00:00.000,0,9DB9D4FE-DAED-E084-3E20-5F930E2C639A,1
7240,49,2018-02-19 00:00:00.000,0,4314D1A0-5056-A02D-DFDF-D6F69DE8FEF2,1
7241,1,2018-02-21 00:00:00.000,0,D078F1CE-99F4-687E-4275-53483873413F,1
7242,1,2018-02-22 00:00:00.000,0,F3E9F3DA-5056-A02D-DFEF-6A7EAF2E93CF,1
7243,1,2018-02-22 00:00:00.000,0,C81C29EE-5056-A02D-DFCE-64592054FE89,1
7244,1,2018-02-22 00:00:00.000,0,402EACCE-5056-A02D-DF9C-33A89E9A5BE4,1
7245,7,2018-02-22 00:00:00.000,124269,402EACCE-5056-A02D-DF9C-33A89E9A5BE4,0
7246,49,2018-02-24 00:00:00.000,0,B02945E2-5056-A02D-DFBF-564BA5438872,1
7247,34,2018-02-24 00:00:00.000,0,CBD24FB0-93C6-102D-D858-F286DEC836A7,1
7248,7,2018-02-25 00:00:00.000,124394,B48F9E94-A48D-4095-60BD-2A542A2173AD,0
7249,17,2018-02-25 00:00:00.000,124395,B48F9E94-A48D-4095-60BD-2A542A2173AD,0
7250,49,2018-02-26 00:00:00.000,0,AFBCE20C-5056-A02D-DF2B-0E4E2D84BA7B,1
7251,1,2018-02-26 00:00:00.000,0,328AF6C2-5056-A02D-DF7D-960D91949F96,1
7252,49,2018-02-27 00:00:00.000,0,922288DE-C30E-D915-945A-57D6F3E441CC,1
7253,1,2018-02-28 00:00:00.000,0,DA16F2D3-5056-A02D-DF70-B9D7B1C6655B,1
7254,1,2018-02-28 00:00:00.000,0,E06B7BEE-5056-A02D-DFE7-30A627C54BB8,1
7255,7,2018-03-01 00:00:00.000,124644,2415E532-5056-A02D-DF1D-C4B6C3FA835B,0
7256,7,2018-03-02 00:00:00.000,124670,922288DE-C30E-D915-945A-57D6F3E441CC,0
7257,8,2018-03-02 00:00:00.000,124671,D2F97270-5056-A02D-DFF4-18EAED0A7276,0
7258,32,2018-03-02 00:00:00.000,0,31418FF9-F97E-7A83-A90C-011791BA23B8,1
7259,34,2018-03-02 00:00:00.000,0,17E257F9-5056-A02D-DF87-676E4DDD100A,1
7260,7,2018-03-03 00:00:00.000,124729,281A0BB4-5056-A02D-DF5C-6DCC8BBFF704,0
7261,1,2018-03-03 00:00:00.000,124744,413D8317-5056-A02D-DF64-096E865BDDF7,0
7262,16,2018-03-05 00:00:00.000,0,7EF02B73-5056-A02D-DF7E-8A62FCBD71DB,1
7263,7,2018-03-07 00:00:00.000,124920,6D74600C-A999-ADD3-82FF-E0F0960F9A0B,0
7264,43,2018-03-07 00:00:00.000,0,006557F2-5056-A02D-DFC8-78CC78CCE905,1
7265,8,2018-03-07 00:00:00.000,124962,87F9C130-5056-A02D-DF30-DC138125600F,0
7266,9,2018-03-07 00:00:00.000,0,47778DB8-B8C8-7FE9-D03D-59636F31D724,1
7267,49,2018-03-08 00:00:00.000,0,DB169D4F-B5B5-CD0C-C8B3-25587FA0D62D,1
7268,1,2018-03-09 00:00:00.000,0,3CA2AE6C-ADD0-EC09-160C-5F7503F27954,1
7269,5,2018-03-10 00:00:00.000,125138,5B075039-5056-A02D-DF72-D094783814F3,0
7270,32,2018-03-11 00:00:00.000,0,AA0BEE76-5056-A02D-DFDA-FBAB9878CA01,1
7271,1,2018-03-11 00:00:00.000,0,D8E775C0-5056-A02D-DF87-0DBDA1B0EB6C,1
7272,8,2018-03-12 00:00:00.000,125249,A77C346B-5056-A02D-DF93-9B2E23A91619,0
7273,1,2018-03-12 00:00:00.000,0,D2F97270-5056-A02D-DFF4-18EAED0A7276,1
7274,32,2018-03-13 00:00:00.000,0,49F72516-5056-A02D-DFA9-9CB360D00502,1
7275,26,2018-03-14 00:00:00.000,125405,38CADF36-5056-A02D-DF6D-E973CFC7A7B6,0
7276,49,2018-03-14 00:00:00.000,0,C3D5ED73-C438-79A8-B293-B04AF503B422,1
7277,1,2018-03-14 00:00:00.000,0,C3D5ED73-C438-79A8-B293-B04AF503B422,1
7278,32,2018-03-14 00:00:00.000,0,C3D5ED73-C438-79A8-B293-B04AF503B422,1
7279,49,2018-03-17 00:00:00.000,0,A1C3382A-5056-A02D-DF6F-1EE5E523CA14,1
7280,8,2018-03-17 00:00:00.000,125724,BF08CC66-5056-A02D-DF26-23D24C6DE010,0
7281,10,2018-03-18 00:00:00.000,0,DC9E7F8B-5056-A02D-DF29-DADEE79A1C97,1
7282,32,2018-03-18 00:00:00.000,0,0DCCD600-5056-A02D-DF5A-9D720E419D18,1
7283,8,2018-03-20 00:00:00.000,126903,E96C1F95-5056-A02D-DFB5-EA63847E2943,0
7284,8,2018-03-21 00:00:00.000,126940,8156155A-5056-A02D-DF85-77008F365321,0
7285,11,2018-03-22 00:00:00.000,0,48DF2BE8-5056-A02D-DF7A-35E154F9ABB8,1
7286,49,2018-03-22 00:00:00.000,0,B42E4EEE-5056-A02D-DFF5-69CAF2C241EF,1
7287,1,2018-03-22 00:00:00.000,0,C7F67409-5056-A02D-DF1C-21C535E8070A,1
7288,1,2018-03-23 00:00:00.000,0,282E847D-5056-A02D-DFC2-4C86B19DF32F,1
7289,57,2018-03-23 00:00:00.000,0,B6386689-CD43-7850-B712-162CE21737CF,1
7290,26,2018-03-24 00:00:00.000,127136,DC9E7F8B-5056-A02D-DF29-DADEE79A1C97,0
7291,1,2018-03-25 00:00:00.000,0,B4A0949C-F4B1-7F91-21D5-727706DDBF09,1
7292,7,2018-03-26 00:00:00.000,127329,6FC58201-0B60-DF56-8EB5-7AE14E424D9B,0
7293,8,2018-03-26 00:00:00.000,127367,F62BA9ED-5056-A02D-DFF8-CC76641CBC1A,0
7294,49,2018-03-27 00:00:00.000,0,CBD24FB0-93C6-102D-D858-F286DEC836A7,1
7295,23,2018-03-29 00:00:00.000,0,B05CDC43-91C6-0511-35E9-ABFED862D765,1
7296,8,2018-03-29 00:00:00.000,127533,87DE311C-5056-A02D-DF07-FD1960AAD7F7,0
7297,49,2018-03-30 00:00:00.000,0,FB9477EE-DDF9-21F4-CA40-0F21987BCA7D,1
7298,32,2018-03-31 00:00:00.000,0,305BBFE6-5056-A02D-DFDD-6E8DC03EACF0,1
7299,55,2018-03-31 00:00:00.000,0,55DDBF7D-5056-A02D-DF8F-4C5B7987803D,1
7300,49,2018-03-31 00:00:00.000,0,CF05A014-5056-A02D-DF13-D19431C0898C,1
7301,32,2018-04-01 00:00:00.000,127670,148BB040-5056-A02D-DFB0-C185CB079AEF,0
7302,1,2018-04-01 00:00:00.000,0,2B6349CC-5056-A02D-DF76-0D3F688C71AE,1
7303,8,2018-04-02 00:00:00.000,127713,E8D99A5C-5056-A02D-DFD7-E748A877ECB9,0
7304,32,2018-04-02 00:00:00.000,0,2B17383A-5056-A02D-DF52-BADCD9CC0539,1
7305,1,2018-04-03 00:00:00.000,0,BE40D1E7-A0FD-2B70-2E75-0DF86F7DA207,1
7306,8,2018-04-04 00:00:00.000,127795,2DA8D2A0-5056-A02D-DF51-5F47FEB32AAD,0
7307,23,2018-04-04 00:00:00.000,0,E3CAED59-BEFA-3A29-4ABB-DD273F6D5512,1
7308,1,2018-04-06 00:00:00.000,0,22EA2519-5056-A02D-DF1D-6A80036E95BC,1
7309,32,2018-04-06 00:00:00.000,0,4431D997-5056-A02D-DF1C-8234EA859348,1
7310,7,2018-04-08 00:00:00.000,128052,CF876FED-B9F0-BE10-B243-80F8C6D55D42,0
7311,32,2018-04-08 00:00:00.000,0,A7CDFFFC-ECC5-0D97-B7D6-7A30F4572FFD,1
7312,49,2018-04-09 00:00:00.000,0,EA0BD706-5056-A02D-DFFF-DBC1E0578661,1
7313,32,2018-04-09 00:00:00.000,0,22EA2519-5056-A02D-DF1D-6A80036E95BC,1
7314,49,2018-04-11 00:00:00.000,0,8100EDA1-5056-A02D-DF3D-A0B1CEE40061,1
7315,1,2018-04-12 00:00:00.000,0,A5B3889E-5056-A02D-DFEE-D4D4E83C8159,1
7316,1,2018-04-13 00:00:00.000,128378,D8A2E4AA-0B71-BB63-180B-9034161FCFA2,0
7317,9,2018-04-15 00:00:00.000,0,4B7E1C83-EBF0-F452-330C-8C24DBB6C1D2,1
7318,49,2018-04-16 00:00:00.000,0,2B17383A-5056-A02D-DF52-BADCD9CC0539,1
7319,1,2018-04-17 00:00:00.000,0,D57C4BE0-5056-A02D-DF2E-464BC6393264,1
7320,1,2018-04-19 00:00:00.000,0,C17E8583-5056-A02D-DFE5-8987730D8652,1
7321,7,2018-04-23 00:00:00.000,128844,6DFAEF78-5056-A02D-DFBA-CC4AD2A85A0E,0
7322,1,2018-04-24 00:00:00.000,0,95B0521C-5056-A02D-DFFA-B14477DFE189,1
7323,32,2018-04-24 00:00:00.000,0,3310A573-5056-A02D-DF8F-34AD76234237,1
7324,49,2018-04-24 00:00:00.000,0,08576BD3-B397-444E-5D3F-E2F6A47310DB,1
7325,41,2018-04-24 00:00:00.000,0,9A5C9F4F-5056-A02D-DF38-DC3E8AC429A1,1
7326,1,2018-04-24 00:00:00.000,0,67D3A5BC-5056-A02D-DF95-B4F2914F97A7,1
7327,13,2018-04-25 00:00:00.000,0,08576BD3-B397-444E-5D3F-E2F6A47310DB,1
7328,7,2018-04-27 00:00:00.000,129158,328AF6C2-5056-A02D-DF7D-960D91949F96,0
7329,32,2018-04-28 00:00:00.000,0,402EACCE-5056-A02D-DF9C-33A89E9A5BE4,1
7330,34,2018-05-01 00:00:00.000,0,8100EDA1-5056-A02D-DF3D-A0B1CEE40061,1
7331,49,2018-05-01 00:00:00.000,0,5D53BEE2-5056-A02D-DF5B-F98EA7B1AA20,1
7332,5,2018-05-02 00:00:00.000,129429,4BFA0133-5056-A02D-DFF4-6508F6F56E35,0
7333,7,2018-05-02 00:00:00.000,129431,233A0E0F-5056-A02D-DF6D-426989978DCA,0
7334,1,2018-05-04 00:00:00.000,0,A1C3382A-5056-A02D-DF6F-1EE5E523CA14,1
7335,26,2018-05-05 00:00:00.000,129552,3405DE83-A97D-A47B-97C5-87A367324B40,0
7336,8,2018-05-09 00:00:00.000,129712,3F2BDD16-5056-A02D-DF65-CFEC5962F948,0
7337,7,2018-05-11 00:00:00.000,129835,F9255E3F-5056-A02D-DFD7-200958B5AFC2,0
7338,1,2018-05-12 00:00:00.000,0,F9255E3F-5056-A02D-DFD7-200958B5AFC2,1
7339,49,2018-05-12 00:00:00.000,0,4A6ABCED-BB7A-9362-9301-7C906C0A5C4F,1
7340,7,2018-05-12 00:00:00.000,129851,A1C3382A-5056-A02D-DF6F-1EE5E523CA14,0
7341,17,2018-05-12 00:00:00.000,129852,A1C3382A-5056-A02D-DF6F-1EE5E523CA14,0
7342,32,2018-05-12 00:00:00.000,0,3FCC1595-5056-A02D-DF87-D9EB2DC76506,1
7343,8,2018-05-15 00:00:00.000,129954,6400A79E-5056-A02D-DFAA-32BD9DA5E9FC,0
7344,49,2018-05-15 00:00:00.000,0,328AF6C2-5056-A02D-DF7D-960D91949F96,1
7345,5,2018-05-17 00:00:00.000,130042,DBBBB468-D698-F97C-C715-A8D1FB67238A,0
7346,1,2018-05-18 00:00:00.000,0,D0D14A20-5056-A02D-DFE0-7E5880D715BD,1
7347,48,2018-05-18 00:00:00.000,0,73B9403F-DA4E-3641-A36C-7EBECDAA5E18,1
7348,1,2018-05-20 00:00:00.000,0,D88E384C-5056-A02D-DFD1-18D83157299A,1
7349,49,2018-05-20 00:00:00.000,0,D88E384C-5056-A02D-DFD1-18D83157299A,1
7350,30,2018-05-22 00:00:00.000,0,7156C77B-5056-A02D-DF12-8DA6B6197EA7,1
7351,1,2018-05-22 00:00:00.000,0,A90F0BB5-5056-A02D-DF15-008C51987BE0,1
7352,34,2018-05-23 00:00:00.000,0,178180C2-C6B6-4501-7C5A-3EE62E15BAE9,1
7353,7,2018-05-23 00:00:00.000,130337,B42E4EEE-5056-A02D-DFF5-69CAF2C241EF,0
7354,8,2018-05-24 00:00:00.000,130378,2F5E5E55-5056-A02D-DF7A-8169D46181AB,0
7355,8,2018-05-26 00:00:00.000,130485,EB570BA1-A1D8-06C2-F7FC-1759F6574242,0
7356,32,2018-05-27 00:00:00.000,0,9DFFB168-AF2D-F1E3-6D76-CAF53994DCBB,1
7357,49,2018-05-28 00:00:00.000,0,9DFFB168-AF2D-F1E3-6D76-CAF53994DCBB,1
7358,26,2018-05-28 00:00:00.000,130590,EB570BA1-A1D8-06C2-F7FC-1759F6574242,0
7359,34,2018-05-30 00:00:00.000,0,2D064A1D-9A9A-626E-3920-548BD4DDA9B0,1
7360,49,2018-06-01 00:00:00.000,0,73C55C23-E855-4AF1-6A31-5D783D22EEF6,1
7361,1,2018-06-02 00:00:00.000,0,C620D131-5056-A02D-DF8A-F585E8BCCEEB,1
7362,1,2018-06-03 00:00:00.000,0,DE9A1AA3-5056-A02D-DF5F-E9191E0110BD,1
7363,1,2018-06-03 00:00:00.000,0,8E2FC3BC-F5E2-12D5-5873-6FFABDED6179,1
7364,34,2018-06-03 00:00:00.000,0,ED96801E-5056-A02D-DFA5-3069F2812B16,1
7365,8,2018-06-07 00:00:00.000,131076,989205E1-5056-A02D-DFF2-A6AF2A4DF964,0
7366,1,2018-06-08 00:00:00.000,0,D1E81D73-0BFA-1CA0-13BA-AAD07483D995,1
7367,49,2018-06-09 00:00:00.000,0,8DAFDC1E-DFCA-95AA-2584-87B678AA0987,1
7368,49,2018-06-10 00:00:00.000,0,3D63174D-A42A-1FE4-D3B9-99CDB7592225,1
7369,1,2018-06-10 00:00:00.000,0,72474970-5056-A02D-DFF2-DEE8802EBA87,1
7370,4,2018-06-11 00:00:00.000,131240,1661E760-D006-021C-F610-3C4AB6C27ABC,0
7371,30,2018-06-13 00:00:00.000,0,CF876FED-B9F0-BE10-B243-80F8C6D55D42,1
7372,49,2018-06-14 00:00:00.000,0,36438DB7-EBA0-B9F1-9E41-6AA49E44316D,1
7373,32,2018-06-15 00:00:00.000,0,08576BD3-B397-444E-5D3F-E2F6A47310DB,1
7374,49,2018-06-15 00:00:00.000,0,65D64CE4-5056-A02D-DF97-EE8D0CC51DCF,1
7375,55,2018-06-17 00:00:00.000,0,A90F0BB5-5056-A02D-DF15-008C51987BE0,1
7376,32,2018-06-18 00:00:00.000,0,C620D131-5056-A02D-DF8A-F585E8BCCEEB,1
7377,29,2018-06-26 00:00:00.000,0,8C545B85-DA23-1E9D-6650-DA1843AB0996,1
7378,1,2018-06-26 00:00:00.000,0,810C9ED6-5056-A02D-DFB0-1BFD5DD58343,1
7379,49,2018-06-27 00:00:00.000,0,810C9ED6-5056-A02D-DFB0-1BFD5DD58343,1
7380,32,2018-07-02 00:00:00.000,0,DA16F2D3-5056-A02D-DF70-B9D7B1C6655B,1
7381,1,2018-07-02 00:00:00.000,0,E3B97CAD-5056-A02D-DF43-86BD26B6E35F,1
7382,32,2018-07-03 00:00:00.000,0,B841FBB0-5056-A02D-DFA4-25DE3E8ED312,1
7383,10,2018-07-06 00:00:00.000,0,3A23F360-5056-A02D-DFB7-47DAE7A063A7,1
7384,8,2018-07-07 00:00:00.000,132380,DEC679F5-5056-A02D-DFD6-EEBAF89EDD1C,0
7385,32,2018-07-07 00:00:00.000,0,8C208287-5056-A02D-DFBB-FB883C2B65B4,1
7386,1,2018-07-08 00:00:00.000,0,AAEF99C6-5056-A02D-DF0F-036F9AF79373,1
7387,32,2018-07-08 00:00:00.000,0,FD57F8FA-5056-A02D-DFA7-AA1E828978C0,1
7388,1,2018-07-08 00:00:00.000,0,865F8CE7-5056-A02D-DF87-FFD9CB1B23E7,1
7389,7,2018-07-09 00:00:00.000,132460,3A23F360-5056-A02D-DFB7-47DAE7A063A7,0
7390,1,2018-07-09 00:00:00.000,0,ED80CE6A-5056-A02D-DF50-570DD2D4F15A,1
7391,34,2018-07-09 00:00:00.000,0,4C5D4F4A-F7FA-7CE0-AF49-4EC0B0ADFB3C,1
7392,1,2018-07-10 00:00:00.000,0,7F211579-5056-A02D-DFE4-ADB17B98A290,1
7393,22,2018-07-10 00:00:00.000,0,7F211579-5056-A02D-DFE4-ADB17B98A290,1
7394,5,2018-07-11 00:00:00.000,132534,7EF02B73-5056-A02D-DF7E-8A62FCBD71DB,0
7395,32,2018-07-11 00:00:00.000,0,810C9ED6-5056-A02D-DFB0-1BFD5DD58343,1
7396,28,2018-07-13 00:00:00.000,132616,6E7CC962-D48D-6030-F480-169D8BF35CEF,0
7397,7,2018-07-14 00:00:00.000,132652,A393033E-5056-A02D-DFB9-75EC1979B4B1,0
7398,1,2018-07-15 00:00:00.000,0,EF5561B5-5056-A02D-DF7C-B4E88BF37EAC,1
7399,8,2018-07-15 00:00:00.000,132699,45D15E34-5056-A02D-DF3C-8796F4F54CA4,0
7400,7,2018-07-16 00:00:00.000,132715,A42D026B-020A-65D0-9AED-9165FACFD8AE,0
7401,8,2018-07-16 00:00:00.000,132721,0A07357A-5056-A02D-DF84-CE5019C28032,0
7402,10,2018-07-22 00:00:00.000,0,08D924E7-5056-A02D-DF62-C2822AD834EF,1
7403,55,2018-07-22 00:00:00.000,0,08D924E7-5056-A02D-DF62-C2822AD834EF,1
7404,32,2018-07-27 00:00:00.000,0,08D924E7-5056-A02D-DF62-C2822AD834EF,1
7405,32,2018-07-27 00:00:00.000,0,245C3896-5056-A02D-DF1F-CBC350B0ACA1,1
7406,32,2018-07-31 00:00:00.000,0,7EF02B73-5056-A02D-DF7E-8A62FCBD71DB,1
7407,49,2018-08-01 00:00:00.000,0,A0DBF42D-C43E-4562-E7FE-71B928D0F24B,1
7408,49,2018-08-01 00:00:00.000,0,3376AF7D-9D39-EA7C-FEBC-E2A5CA2093CB,1
7409,32,2018-08-01 00:00:00.000,0,3376AF7D-9D39-EA7C-FEBC-E2A5CA2093CB,1
7410,1,2018-08-01 00:00:00.000,0,3376AF7D-9D39-EA7C-FEBC-E2A5CA2093CB,1
7411,1,2018-08-02 00:00:00.000,0,6FC4F487-5056-A02D-DF09-AEF9D036D6DD,1
7412,32,2018-08-02 00:00:00.000,0,6FC4F487-5056-A02D-DF09-AEF9D036D6DD,1
7413,49,2018-08-02 00:00:00.000,0,77D86C65-B50F-CD7B-7FFA-E7B1E0B1D455,1
7414,55,2018-08-04 00:00:00.000,0,810C9ED6-5056-A02D-DFB0-1BFD5DD58343,1
7415,1,2018-08-05 00:00:00.000,0,3453D891-5056-A02D-DF63-088B0E3DA502,1
7416,55,2018-08-05 00:00:00.000,0,8E2FC3BC-F5E2-12D5-5873-6FFABDED6179,1
7417,49,2018-08-05 00:00:00.000,0,3E33FE91-5056-A02D-DFE0-D1DD19E14C38,1
7418,1,2018-08-06 00:00:00.000,0,AF22D46C-D306-EE4F-9D86-DC3F07A27416,1
7419,1,2018-08-06 00:00:00.000,0,AFB6EF49-5056-A02D-DF42-425E808C6020,1
7420,9,2018-08-07 00:00:00.000,0,3C2D2E89-5056-A02D-DF78-77C53FE3147B,1
7421,32,2018-08-07 00:00:00.000,0,2AA86372-5056-A02D-DFF0-7ED144E0FD8E,1
7422,32,2018-08-07 00:00:00.000,0,EAE207C5-A54C-21C5-C0A9-464411E737D6,1
7423,8,2018-08-07 00:00:00.000,134013,AA511273-5056-A02D-DFA7-EADAAC4C77F0,0
7424,34,2018-08-08 00:00:00.000,0,FE633C62-D5A4-002E-2345-FF255110A1D4,1
7425,1,2018-08-08 00:00:00.000,0,C47427A0-5056-A02D-DFBF-837EF8808DE7,1
7426,1,2018-08-09 00:00:00.000,0,063C5679-5056-A02D-DF14-BCC1CF947A30,1
7427,49,2018-08-10 00:00:00.000,0,CDF676B3-C0E8-5343-72C9-FF2EFD819CA7,1
7428,1,2018-08-10 00:00:00.000,0,0039D8B5-5056-A02D-DFA4-96EEB787DEDB,1
7429,8,2018-08-11 00:00:00.000,134266,A4FA4067-5056-A02D-DFD4-1B2B49A2F123,0
7430,1,2018-08-11 00:00:00.000,0,75BD62AA-5056-A02D-DF7F-F4226E42A981,1
7431,32,2018-08-12 00:00:00.000,0,745B35EE-C3DC-FAA7-F9B4-BA8D875688D8,1
7432,8,2018-08-13 00:00:00.000,134445,75BD62AA-5056-A02D-DF7F-F4226E42A981,0
7433,32,2018-08-14 00:00:00.000,0,EB55AF22-D436-1E53-26A2-AF36924DF770,1
7434,1,2018-08-15 00:00:00.000,0,7452F2BE-5056-A02D-DF16-427631740816,1
7435,32,2018-08-18 00:00:00.000,0,ADC06EC8-DB96-A14A-34BA-DC613A27802D,1
7436,32,2018-08-18 00:00:00.000,0,9E8B8E18-5056-A02D-DF79-7D5CD5B63061,1
7437,55,2018-08-19 00:00:00.000,0,5DAE5C1C-5056-A02D-DFBF-080B2FCC79D4,1
7438,49,2018-08-20 00:00:00.000,0,EDA36123-5056-A02D-DF11-038685608BE3,1
7439,11,2018-08-20 00:00:00.000,0,B9080BB7-B2E2-121F-667C-5FC7CAF9DD56,1
7440,26,2018-08-20 00:00:00.000,134990,AA511273-5056-A02D-DFA7-EADAAC4C77F0,0
7441,1,2018-08-21 00:00:00.000,0,E1036DDC-5056-A02D-DFBE-6A996BA1B993,1
7442,8,2018-08-23 00:00:00.000,135107,D915A795-5056-A02D-DF81-1208375159CF,0
7443,1,2018-08-23 00:00:00.000,0,9E374898-5056-A02D-DFB8-D7F574DC0D13,1
7444,7,2018-08-24 00:00:00.000,135153,F794C83D-CDA5-843C-567C-23A2375C3529,0
7445,49,2018-08-24 00:00:00.000,0,0F02155E-B47E-2C74-E024-8172059A89C0,1
7446,32,2018-08-25 00:00:00.000,0,213F61A2-5056-A02D-DF75-3AE489FE6C28,1
7447,32,2018-08-25 00:00:00.000,0,4D7B3ACC-5056-A02D-DF7C-E02FB02BA220,1
7448,8,2018-08-26 00:00:00.000,135220,D6F6ED83-5056-A02D-DF25-992FE6EB6F6E,0
7449,32,2018-08-29 00:00:00.000,0,3355DF83-5056-A02D-DF1E-F38DE735732F,1
7450,1,2018-08-31 00:00:00.000,0,51DE2F47-5056-A02D-DFE2-2FBB10F3BAB5,1
7451,7,2018-08-31 00:00:00.000,135484,A2EB5810-5056-A02D-DF4B-9930B3E52FDE,0
7452,49,2018-09-01 00:00:00.000,0,22EA2519-5056-A02D-DF1D-6A80036E95BC,1
7453,1,2018-09-02 00:00:00.000,0,02ABADE1-5056-A02D-DFBE-0C5CEA514E5E,1
7455,1,2018-09-04 00:00:00.000,0,5C0F42AA-DD4C-93B4-5F28-27AF7362D562,1
7456,49,2018-09-04 00:00:00.000,0,D2ACBAE2-5056-A02D-DF16-221F923D9571,1
7457,1,2018-09-04 00:00:00.000,0,FAAEB6A8-FF75-CFAB-E97F-C1CD5816EB16,1
7458,49,2018-09-04 00:00:00.000,0,8F8681AB-F0BC-27B2-704D-DE2D57B7378B,1
7459,9,2018-09-05 00:00:00.000,0,8EB8057A-DE34-9B50-C21F-CA18409409DC,1
7460,49,2018-09-06 00:00:00.000,0,6FC4F487-5056-A02D-DF09-AEF9D036D6DD,1
7461,1,2018-09-06 00:00:00.000,0,53970126-E0A7-BBDE-4FE7-4525C2561C83,1
7462,49,2018-09-06 00:00:00.000,0,F5C33D34-96F9-BA88-FDE5-FF29CB278AFF,1
7463,1,2018-09-07 00:00:00.000,0,3BF2FE12-5056-A02D-DF67-38D249E2C9B1,1
7464,18,2018-09-07 00:00:00.000,0,FF599F28-DA5F-F434-5EAB-7E32F72BE875,1
7465,55,2018-09-08 00:00:00.000,0,8C6E32B9-5056-A02D-DF8B-4E1AE6D6359C,1
7466,8,2018-09-08 00:00:00.000,136126,BB4A3BB2-5056-A02D-DFAD-8FC7D244E914,0
7467,57,2018-09-09 00:00:00.000,0,73B9403F-DA4E-3641-A36C-7EBECDAA5E18,1
7468,1,2018-09-10 00:00:00.000,0,8EFC1FAD-BA4D-85FD-E502-C2152E8FF001,1
7469,7,2018-09-10 00:00:00.000,136197,B346D88B-5056-A02D-DFDD-E93F7944C89D,0
7470,42,2018-09-10 00:00:00.000,0,07AAF7A7-B3F2-42EE-3AD6-D0975BEB4727,1
7471,1,2018-09-11 00:00:00.000,0,2AA86372-5056-A02D-DFF0-7ED144E0FD8E,1
7472,1,2018-09-11 00:00:00.000,0,C14E41F0-5056-A02D-DFFF-278999C96804,1
7473,49,2018-09-12 00:00:00.000,0,0B76E0E9-5056-A02D-DFBD-F95215BB1FE9,1
7474,8,2018-09-12 00:00:00.000,136294,97863ECA-5056-A02D-DFCA-B92693583E1D,0
7475,49,2018-09-13 00:00:00.000,0,72EA591C-5056-A02D-DFD1-2691E219266E,1
7476,1,2018-09-13 00:00:00.000,0,72EA591C-5056-A02D-DFD1-2691E219266E,1
7477,49,2018-09-13 00:00:00.000,0,25012FC2-A043-36D4-7EBC-A76E6F222CCC,1
7478,49,2018-09-13 00:00:00.000,0,D69734CC-B871-1D48-5593-EC2783C01994,1
7479,32,2018-09-13 00:00:00.000,136359,801C2EFF-5056-A02D-DF88-5C95A74E5735,0
7480,49,2018-09-13 00:00:00.000,0,DD13C4B5-5056-A02D-DF61-23C8DF7ABC64,1
7481,49,2018-09-14 00:00:00.000,0,FA9E6300-F716-4ADE-34DC-E42ADE3609D7,1
7482,1,2018-09-15 00:00:00.000,0,0A017A2A-5056-A02D-DF59-C54722D21BAE,1
7483,9,2018-09-15 00:00:00.000,0,CA30985D-5056-A02D-DF31-25CED8A01EDD,1
7484,7,2018-09-15 00:00:00.000,136447,321750EF-5056-A02D-DF4D-BE4CF1C7DBA5,0
7485,18,2018-09-17 00:00:00.000,0,7C75FD81-5056-A02D-DFE9-9E6DD337A173,1
7486,26,2018-09-19 00:00:00.000,137627,BDDF6AEF-5056-A02D-DFC1-069C0DED2A8E,0
7487,8,2018-09-20 00:00:00.000,137665,73CC8F3F-5056-A02D-DFE2-6D4EBF5DC509,0
7488,1,2018-09-21 00:00:00.000,137703,DE059799-5056-A02D-DF81-FC845C41F3F6,0
7489,49,2018-09-21 00:00:00.000,0,A4FA4067-5056-A02D-DFD4-1B2B49A2F123,1
7490,8,2018-09-23 00:00:00.000,137777,5AF6CBFF-5056-A02D-DF49-12E36937876E,0
7491,1,2018-09-24 00:00:00.000,0,07D1508B-F5FF-B0E8-9DE0-CE661E1908D5,1
7492,19,2018-09-24 00:00:00.000,0,9024DBC1-5056-A02D-DFB3-226036205E0F,1
7493,1,2018-09-24 00:00:00.000,0,4000331F-5056-A02D-DF59-A71B8F551235,1
7494,7,2018-09-25 00:00:00.000,137894,B3DE844C-5056-A02D-DF69-5AFA8C2E8538,0
7495,49,2018-09-25 00:00:00.000,0,8F823BE0-E97B-C6BA-E086-A159226118DF,1
7496,49,2018-09-26 00:00:00.000,0,D6C25837-5056-A02D-DFF0-DCCF2307E49A,1
7497,1,2018-09-26 00:00:00.000,0,D6C25837-5056-A02D-DFF0-DCCF2307E49A,1
7498,1,2018-09-26 00:00:00.000,137973,60C06101-5056-A02D-DF43-A2C74EE1F4AF,0
7499,58,2018-09-28 00:00:00.000,0,47778DB8-B8C8-7FE9-D03D-59636F31D724,1
7500,1,2018-09-29 00:00:00.000,0,068D1039-5056-A02D-DFBC-EC72369533D6,1
7501,49,2018-09-29 00:00:00.000,0,D88DD075-5056-A02D-DF48-445CB6791486,1
8501,49,2018-10-01 00:00:00.000,0,E2D019EC-5056-A02D-DFB9-AB9B352AEF3F,1
8502,1,2018-10-02 00:00:00.000,0,F204B402-B8A2-D992-AE3D-0D1B6375AE73,1
8503,1,2018-10-04 00:00:00.000,0,C515F30F-5056-A02D-DF1C-A1F43D76A4A0,1
8504,13,2018-10-06 00:00:00.000,0,14AEEF66-5056-A02D-DF5A-864052C1CE94,1
8505,30,2018-10-07 00:00:00.000,0,159DEF23-B709-64BA-E2B3-407C74DC5B76,1
8506,8,2018-10-07 00:00:00.000,141478,CE915F68-5056-A02D-DFB4-1C210CC777BC,0
8507,1,2018-10-08 00:00:00.000,0,E4F2653D-5056-A02D-DFE2-DA3ACBB96C1A,1
8508,1,2018-10-09 00:00:00.000,0,62C00848-5056-A02D-DFB6-6C835D2E1EBE,1
8509,26,2018-10-10 00:00:00.000,141612,3733C0D0-0F72-503B-16E7-28153B7CCA7D,0
8510,49,2018-10-10 00:00:00.000,0,B4DF8210-5056-A02D-DF03-E80A7AC3481B,1
8511,7,2018-10-10 00:00:00.000,141653,E4F2653D-5056-A02D-DFE2-DA3ACBB96C1A,0
8512,7,2018-10-10 00:00:00.000,141658,E7A0B54A-0310-E83A-DD1A-6D2B84079876,0
8513,26,2018-10-11 00:00:00.000,141676,4ACF945D-5056-A02D-DF77-8C4033CD52C3,0
8514,26,2018-10-11 00:00:00.000,141683,BD7A1F3B-5056-A02D-DF4F-1064B10EBC2C,0
8515,26,2018-10-11 00:00:00.000,141690,2EA489D9-C54F-1491-B145-EB06078A9C3C,0
8516,26,2018-10-11 00:00:00.000,141694,1661E760-D006-021C-F610-3C4AB6C27ABC,0
8517,26,2018-10-11 00:00:00.000,141719,8FB36620-095D-9827-7AF1-5D88C173B141,0
8518,45,2018-10-12 00:00:00.000,0,7604C8A3-5056-A02D-DF43-75F1F925977B,1
8519,26,2018-10-12 00:00:00.000,141750,DF963195-E442-D0B7-D991-03D3EE5484C4,0
8520,26,2018-10-12 00:00:00.000,141774,1AABF5A8-5056-A02D-DFC5-824F15C796A4,0
8521,26,2018-10-12 00:00:00.000,141777,D1E81D73-0BFA-1CA0-13BA-AAD07483D995,0
8522,8,2018-10-14 00:00:00.000,141867,2D6025C9-5056-A02D-DFA1-BF13B41CBD79,0
8523,26,2018-10-15 00:00:00.000,141932,67553268-5056-A02D-DF04-DF7D23D7BB92,0
8524,8,2018-10-16 00:00:00.000,141981,E071A314-5056-A02D-DF6B-6BC2781D1D8A,0
8525,1,2018-10-17 00:00:00.000,0,721A692C-5056-A02D-DF25-3CC06CA11F28,1
8526,1,2018-10-18 00:00:00.000,142063,94795BCB-5056-A02D-DFCB-EF4D48C6D910,0
8527,8,2018-10-19 00:00:00.000,142118,94795BCB-5056-A02D-DFCB-EF4D48C6D910,0
8528,1,2018-10-19 00:00:00.000,142127,CBF49F7A-5056-A02D-DF73-962AA2D6ED35,0
8529,1,2018-10-19 00:00:00.000,0,EB6A512F-AB60-1FA2-04DD-DC8C444F362F,1
8530,7,2018-10-19 00:00:00.000,142134,8787138D-5056-A02D-DF4B-8B2464DBAEFC,0
8531,1,2018-10-23 00:00:00.000,142280,8787138D-5056-A02D-DF4B-8B2464DBAEFC,0
8532,1,2018-10-23 00:00:00.000,0,DC147C07-5056-A02D-DF1C-ED785ED0676C,1
8533,1,2018-10-26 00:00:00.000,0,330B71C1-5056-A02D-DFF6-F3D1C786B696,1
8534,1,2018-10-26 00:00:00.000,0,4A095A70-5056-A02D-DFE9-015747DFC267,1
8535,7,2018-10-27 00:00:00.000,142472,8A25E9A7-5056-A02D-DF48-6F40B995094B,0
8536,1,2018-10-27 00:00:00.000,0,6C1F59AF-EBBD-881A-9DBD-64183DF93279,1
8537,7,2018-10-29 00:00:00.000,142577,C17E8583-5056-A02D-DFE5-8987730D8652,0
8538,26,2018-10-29 00:00:00.000,142599,3870816A-C72B-4A05-FF4C-8EC6CAD687C8,0
8539,8,2018-10-30 00:00:00.000,142696,071C4815-5056-A02D-DF03-47D9125A2EC9,0
8540,8,2018-11-02 00:00:00.000,142856,CD460765-5056-A02D-DF69-4E8C6262EDF1,0
8541,1,2018-11-02 00:00:00.000,0,8E74A7B8-5056-A02D-DFF1-CD40CF8BDFD6,1
8542,1,2018-11-02 00:00:00.000,0,FEC1902A-5056-A02D-DFF1-0CBC33849806,1
8543,7,2018-11-02 00:00:00.000,142909,B46E33AF-CBFC-A801-C72B-B89B0E654647,0
8544,1,2018-11-02 00:00:00.000,142910,5AE09564-5056-A02D-DFFB-33271CF70BBD,0
8545,49,2018-11-03 00:00:00.000,0,A565498A-5056-A02D-DF6B-B261E40CBDB2,1
8546,26,2018-11-04 00:00:00.000,143000,98ACF5D1-D02B-C351-F777-7D5150FE28E7,0
8547,7,2018-11-05 00:00:00.000,143021,F794C83D-CDA5-843C-567C-23A2375C3529,0
8548,8,2018-11-06 00:00:00.000,143093,38EFA7CB-F2F5-35F2-1ABB-B253CF1A140F,0
8549,1,2018-11-07 00:00:00.000,0,4FC7F67D-5056-A02D-DF32-89D17B503970,1
8550,8,2018-11-07 00:00:00.000,143111,5E28D929-5056-A02D-DFDD-DFF7DB675350,0
8551,49,2018-11-08 00:00:00.000,0,888F3083-5056-A02D-DF29-9192277BA229,1
8552,8,2018-11-08 00:00:00.000,143226,DC147C07-5056-A02D-DF1C-ED785ED0676C,0
8553,1,2018-11-13 00:00:00.000,0,CD669686-5056-A02D-DFCD-99930EAFB460,1
8554,49,2018-11-14 00:00:00.000,0,38D36451-A237-2D72-6C77-3EF4F9033765,1
8555,1,2018-11-15 00:00:00.000,143605,B3056FB5-5056-A02D-DFEC-50CD7B3D4D07,0
8556,1,2018-11-16 00:00:00.000,0,462DA57B-5056-A02D-DF7B-801ED746B31D,1
8557,1,2018-11-18 00:00:00.000,0,2602380C-C124-54AA-5570-B2A9E2993587,1
8558,1,2018-11-19 00:00:00.000,0,97120293-5056-A02D-DFBD-C88DA32C5300,1
8559,1,2018-11-20 00:00:00.000,0,6D00C17B-5056-A02D-DFDE-A17C2BF6E5E9,1
8560,10,2018-11-20 00:00:00.000,143960,EDEAC1AD-04DB-2222-121C-08D874163C9C,0
8561,10,2018-11-20 00:00:00.000,143962,EDEAC1AD-04DB-2222-121C-08D874163C9C,0
8562,7,2018-11-21 00:00:00.000,143987,609F547C-5056-A02D-DF90-5C453BBB4A9D,0
8563,1,2018-11-21 00:00:00.000,144012,2CE045B6-9118-AB54-F209-2CC7BC836A95,0
8564,49,2018-11-22 00:00:00.000,0,8EFC1FAD-BA4D-85FD-E502-C2152E8FF001,1
8565,49,2018-11-24 00:00:00.000,0,EDEAC1AD-04DB-2222-121C-08D874163C9C,1
8566,1,2018-11-25 00:00:00.000,0,B4B859AF-5056-A02D-DFBC-EB2DE2EA1249,1
8567,8,2018-11-25 00:00:00.000,144184,EE3B1917-FC52-4732-8C05-37EABFEF8B2A,0
8568,8,2018-11-26 00:00:00.000,144242,FB644735-E0C2-97C1-7938-A31031BD31B6,0
8569,8,2018-11-26 00:00:00.000,144248,EA11FA99-EDD3-72B8-46B3-13E7CD31EB23,0
8570,1,2018-11-27 00:00:00.000,0,538C926C-5056-A02D-DFD7-7F8C3BF1317D,1
8571,4,2018-11-28 00:00:00.000,144481,BD0C7B06-BC75-8578-2AD5-CB32953FC3BE,0
8572,7,2018-12-01 00:00:00.000,144641,9CA29466-5056-A02D-DF23-D01C938DE57D,0
8573,1,2018-12-01 00:00:00.000,0,C708778F-5056-A02D-DF5A-CFD14C61A516,1
8574,49,2018-12-02 00:00:00.000,0,BDB42A06-5056-A02D-DF6F-564E1836596A,1
8575,8,2018-12-03 00:00:00.000,144750,C9DB63EE-5056-A02D-DFBE-DD3D926D1A8A,0
8576,26,2018-12-04 00:00:00.000,144789,006557F2-5056-A02D-DFC8-78CC78CCE905,0
8577,49,2018-12-04 00:00:00.000,0,551BF90B-E9A8-0D3C-A641-00E727B40998,1
8578,1,2018-12-04 00:00:00.000,0,551BF90B-E9A8-0D3C-A641-00E727B40998,1
8579,26,2018-12-04 00:00:00.000,144879,757D2F4B-F8DA-2460-187E-270CD958121A,0
8580,1,2018-12-04 00:00:00.000,0,FE8FD939-5056-A02D-DF5B-83A3C724931F,1
8581,1,2018-12-04 00:00:00.000,0,6F2DC764-A375-33E1-2F6F-28D1023C30E6,1
8582,49,2018-12-05 00:00:00.000,0,EA0E70A2-5056-A02D-DFD1-B95408B6D4E5,1
8583,26,2018-12-05 00:00:00.000,144980,62C00848-5056-A02D-DFB6-6C835D2E1EBE,0
8584,49,2018-12-06 00:00:00.000,0,462DA57B-5056-A02D-DF7B-801ED746B31D,1
8585,49,2018-12-06 00:00:00.000,0,C80D1F5F-CC35-47CF-341C-4CA76337F678,1
8586,1,2018-12-07 00:00:00.000,0,1E14805F-5056-A02D-DFD7-38CDE92A1320,1
8588,49,2018-12-08 00:00:00.000,0,1E1874EC-A7B7-4D61-EDC1-E399B37E75D2,1
8589,49,2018-12-08 00:00:00.000,0,A7817F50-5056-A02D-DF2E-D6A102E14451,1
8590,1,2018-12-11 00:00:00.000,0,49FDE275-BA42-8F7A-AECE-EF06ECBC4FA7,1
8591,1,2018-12-11 00:00:00.000,145337,46A548D5-5056-A02D-DF8D-8D6E9CCAF894,0
8592,7,2018-12-11 00:00:00.000,145374,CC9BB90B-5056-A02D-DF81-6815C93F8A7D,0
8593,1,2018-12-12 00:00:00.000,0,98B68EE3-C126-BC4B-9ED2-E3522BCA2B96,1
8594,1,2018-12-12 00:00:00.000,0,438C896E-FFDB-9D49-39F4-2A6FEE914989,1
8595,8,2018-12-13 00:00:00.000,145466,EA0E70A2-5056-A02D-DFD1-B95408B6D4E5,0
8596,1,2018-12-14 00:00:00.000,145551,B01EB851-FED3-F0ED-96A0-4866B6CBECAE,0
8597,8,2018-12-16 00:00:00.000,145618,D69129E5-B2A2-8724-F727-648E6141EB8E,0
8598,49,2018-12-16 00:00:00.000,0,BD7A1F3B-5056-A02D-DF4F-1064B10EBC2C,1
8599,49,2018-12-18 00:00:00.000,0,03DB9C33-5056-A02D-DFBB-CC98F00A013D,1
8600,7,2018-12-19 00:00:00.000,145760,5B5BB8BD-00A1-8DD3-631B-089EA105B615,0
8601,8,2018-12-20 00:00:00.000,145839,98B68EE3-C126-BC4B-9ED2-E3522BCA2B96,0
8602,1,2018-12-21 00:00:00.000,0,0ACA2CD6-BACD-1947-354C-97B0B3D200E9,1
8603,1,2018-12-23 00:00:00.000,0,3CAF3D84-F75C-8373-63C7-FFB13E3D04E7,1
8604,1,2018-12-26 00:00:00.000,0,4D808786-0B4A-4F7B-EA0A-3933E509E108,1
8605,49,2018-12-27 00:00:00.000,0,98B68EE3-C126-BC4B-9ED2-E3522BCA2B96,1
8606,8,2018-12-27 00:00:00.000,0,08F8D74A-5056-A02D-DFC9-8E784E23D675,1
8607,26,2018-12-28 00:00:00.000,146120,83720A79-CFA6-5451-F356-29C1C8C7637D,0
8608,8,2018-12-29 00:00:00.000,146195,BF562E1E-DB8F-2BC4-0972-52FBC01CF882,0
8609,1,2018-12-29 00:00:00.000,0,EAB44394-5056-A02D-DF97-8A4713CB00DE,1
8610,4,2018-12-31 00:00:00.000,146297,B6386689-CD43-7850-B712-162CE21737CF,0
8611,1,2019-01-01 00:00:00.000,0,C56ABAA2-5056-A02D-DF87-86DAD1981A19,1
8612,49,2019-01-01 00:00:00.000,0,EFAEF5F7-5056-A02D-DFE3-64F028DFC72D,1
8613,7,2019-01-02 00:00:00.000,146428,6897E91E-5056-A02D-DF8A-811B6B64782C,0
8614,8,2019-01-03 00:00:00.000,146452,E8223EA7-5056-A02D-DFF4-2B7915B12369,0
8615,26,2019-01-03 00:00:00.000,146466,BF562E1E-DB8F-2BC4-0972-52FBC01CF882,0
8616,7,2019-01-04 00:00:00.000,146499,4FEAD752-CD64-58DE-A328-4FFED1A8E48A,0
8617,26,2019-01-05 00:00:00.000,146561,4314D1A0-5056-A02D-DFDF-D6F69DE8FEF2,0
8618,49,2019-01-06 00:00:00.000,0,8FB9E69D-5056-A02D-DF28-2DE99AFBB54D,1
8619,8,2019-01-06 00:00:00.000,146609,C73E7E66-C445-5FF3-BE32-8318B77B7D7D,0
8620,3,2019-01-08 00:00:00.000,0,EAB44394-5056-A02D-DF97-8A4713CB00DE,1
8621,3,2019-01-08 00:00:00.000,0,CD4BC6C2-0A0A-48D1-ECF6-678D173EE06F,1
8622,49,2019-01-08 00:00:00.000,0,A7936CDB-EA2E-A2B7-6240-2E5702197EC9,1
8623,3,2019-01-09 00:00:00.000,0,71C6CDA7-C2E9-A319-007F-270543C43740,1
8624,1,2019-01-09 00:00:00.000,0,EBF5C820-5056-A02D-DFB9-976A6BFA2A0B,1
8625,3,2019-01-09 00:00:00.000,0,75D8BFE4-F683-FF90-398C-6CB4A04F4540,1
8626,8,2019-01-10 00:00:00.000,147074,0353904C-5056-A02D-DF66-247FD68EA62E,0
8627,3,2019-01-11 00:00:00.000,0,802D4762-5056-A02D-DF01-D90DB2233309,1
8628,7,2019-01-12 00:00:00.000,147137,EBF5C820-5056-A02D-DFB9-976A6BFA2A0B,0
8629,49,2019-01-12 00:00:00.000,0,94A5F40C-09A7-8782-843B-212A6E2C0D23,1
8630,3,2019-01-12 00:00:00.000,0,4D808786-0B4A-4F7B-EA0A-3933E509E108,1
8631,49,2019-01-12 00:00:00.000,0,1E14805F-5056-A02D-DFD7-38CDE92A1320,1
8632,3,2019-01-12 00:00:00.000,0,676DED03-953D-C04F-5AE3-45072EF36720,1
8633,49,2019-01-13 00:00:00.000,0,CEC1AABB-B899-1C1E-2EF1-1A68A2424051,1
8634,49,2019-01-16 00:00:00.000,0,20F81EF6-9F0B-D621-44BB-E6801F8B5FBB,1
8635,49,2019-01-17 00:00:00.000,0,EF287A85-F155-FF7B-FA45-2AFB44E4F9EE,1
8636,7,2019-01-17 00:00:00.000,147487,B4B859AF-5056-A02D-DFBC-EB2DE2EA1249,0
8637,8,2019-01-17 00:00:00.000,147488,B4B859AF-5056-A02D-DFBC-EB2DE2EA1249,0
8638,8,2019-01-19 00:00:00.000,147578,62218A83-5056-A02D-DF16-3C651F7A6781,0
8639,1,2019-01-19 00:00:00.000,0,C4892904-9151-BA81-76F6-3AC1C3BC0B88,1
8640,49,2019-01-19 00:00:00.000,0,AE7460DF-97AC-2396-0467-E9CA123988D5,1
8641,49,2019-01-20 00:00:00.000,0,9DDD2E5A-C47C-6EBD-FBF4-E61823B20209,1
8642,3,2019-01-22 00:00:00.000,0,7EF02B73-5056-A02D-DF7E-8A62FCBD71DB,1
8643,49,2019-01-22 00:00:00.000,0,47A84931-0A9B-5DB0-D960-7CA8700A7277,1
8644,49,2019-01-22 00:00:00.000,0,CCB8155F-5056-A02D-DF61-325AEBC6D0EF,1
8645,3,2019-01-23 00:00:00.000,0,9ACAF16D-5056-A02D-DF4F-2BCD2ADC843F,1
8646,3,2019-01-25 00:00:00.000,0,1AA12DF1-5056-A02D-DF85-74FF050D3BCD,1
8647,1,2019-01-25 00:00:00.000,0,3FA0D160-F736-4073-B040-4FC6011E137D,1
8648,49,2019-01-27 00:00:00.000,0,5C11F9BF-CD72-4355-BAC4-13DA6CACDE59,1
8649,7,2019-01-27 00:00:00.000,148049,5C11F9BF-CD72-4355-BAC4-13DA6CACDE59,0
8650,1,2019-01-30 00:00:00.000,0,033A7472-A2B0-324D-7DC8-8842CF9E719C,1
8651,1,2019-01-31 00:00:00.000,0,BD31FE85-5056-A02D-DF27-8D80755B626D,1
8652,49,2019-02-01 00:00:00.000,0,213F61A2-5056-A02D-DF75-3AE489FE6C28,1
8653,7,2019-02-03 00:00:00.000,148544,61312C96-5056-A02D-DF34-5DB8D93AB6A0,0
8654,49,2019-02-04 00:00:00.000,0,68CA0DDF-5056-A02D-DFDD-5D36CE7F9659,1
8655,1,2019-02-04 00:00:00.000,0,0470DC83-DBC8-CFD1-FD8F-AA4150F1E3A7,1
8656,7,2019-02-05 00:00:00.000,148670,964883B4-E98E-943C-BDBF-A578FD213337,0
8657,1,2019-02-05 00:00:00.000,0,DD2A5218-963A-593B-B6AD-68636205CBA6,1
8658,7,2019-02-06 00:00:00.000,148785,033A7472-A2B0-324D-7DC8-8842CF9E719C,0
8659,8,2019-02-06 00:00:00.000,148794,DD2A5218-963A-593B-B6AD-68636205CBA6,0
8660,8,2019-02-07 00:00:00.000,148909,3DA2A6B3-AFCA-0A68-C215-8AE79C04C9DA,0
8661,1,2019-02-09 00:00:00.000,0,E175DFF6-5056-A02D-DFC5-B3949EC66CDF,1
8662,8,2019-02-09 00:00:00.000,149007,0470DC83-DBC8-CFD1-FD8F-AA4150F1E3A7,0
8663,8,2019-02-09 00:00:00.000,149017,37F20644-B579-F3AE-D4EF-789515C83FBE,0
8664,1,2019-02-09 00:00:00.000,0,DF409594-5056-A02D-DF19-863A48FC9EA0,1
8665,8,2019-02-09 00:00:00.000,149050,91416C63-FBA8-8052-A1FA-91F63BB2C633,0
8666,1,2019-02-10 00:00:00.000,0,1AA12DF1-5056-A02D-DF85-74FF050D3BCD,1
8667,1,2019-02-10 00:00:00.000,0,8DF7EE35-EAF1-C219-EE9B-4018E66B3DEF,1
8668,1,2019-02-10 00:00:00.000,149095,7E216C73-0F60-504B-97C4-3EA0CCD6A4B0,0
8669,49,2019-02-11 00:00:00.000,0,63771888-CA8C-47D0-CB09-0A10DB8B842D,1
8670,3,2019-02-12 00:00:00.000,0,9D4D49C2-D53D-052D-96CE-A4DB2609D185,1
8671,3,2019-02-12 00:00:00.000,0,BD7A1F3B-5056-A02D-DF4F-1064B10EBC2C,1
8672,26,2019-02-13 00:00:00.000,149248,0F935DBD-07C4-D116-DBC8-BD3EB40D5874,0
8673,7,2019-02-13 00:00:00.000,149259,57D45233-5056-A02D-DFA7-E6AE0D0F6C8E,0
8674,8,2019-02-14 00:00:00.000,149290,D996C6C4-5056-A02D-DF17-D769EE44FB56,0
8675,3,2019-02-16 00:00:00.000,0,6EB03474-DA1F-DE09-9462-A7AD4A954C05,1
8676,7,2019-02-16 00:00:00.000,149480,DFF1E527-FBA7-196B-5121-2FAC37082F99,0
8677,7,2019-02-17 00:00:00.000,149510,1595D49C-5056-A02D-DF02-C8DEF6867B9C,0
8678,3,2019-02-18 00:00:00.000,0,A7936CDB-EA2E-A2B7-6240-2E5702197EC9,1
8679,49,2019-02-21 00:00:00.000,0,53CCB0EA-AF07-CB20-35F1-D8895DBBB52F,1
8680,2,2019-02-24 00:00:00.000,149935,3404535B-FEB6-DAC3-6436-2C934797324E,0
8681,8,2019-02-24 00:00:00.000,149941,14A96A8C-FCD4-6CEC-6EA1-4DED9408B63E,0
8682,1,2019-02-25 00:00:00.000,0,A7936CDB-EA2E-A2B7-6240-2E5702197EC9,1
8683,7,2019-02-25 00:00:00.000,150015,2A2625C4-AB41-8625-C5C8-2774513E3178,0
8684,3,2019-02-25 00:00:00.000,0,9A5BA2BE-5056-A02D-DFFB-A79911E9E6E0,1
8685,1,2019-02-26 00:00:00.000,0,2A51CB8A-5056-A02D-DF28-4EE3CCAF5DE6,1
8686,49,2019-02-26 00:00:00.000,0,D564AD5F-5056-A02D-DF4E-AC9BE8A813DA,1
8687,49,2019-02-28 00:00:00.000,0,CD669686-5056-A02D-DFCD-99930EAFB460,1
8688,1,2019-02-28 00:00:00.000,0,A481B461-E5DB-B289-8336-BA473A715906,1
8689,49,2019-03-01 00:00:00.000,0,CABDC90C-E5FC-A696-2321-AF86AE954596,1
8690,1,2019-03-01 00:00:00.000,0,74705CA4-ACE7-2D5D-6407-4DDDB1E4686C,1
8691,26,2019-03-02 00:00:00.000,150263,F559EB39-C5BA-1EC9-84EF-892F69870A0A,0
8692,1,2019-03-03 00:00:00.000,0,BB514AB0-E99B-FD6B-645A-77FD6172DECA,1
8693,26,2019-03-04 00:00:00.000,150514,79B4571D-F5A9-38A1-EE1F-C0932AC88E94,0
8694,3,2019-03-05 00:00:00.000,0,282E847D-5056-A02D-DFC2-4C86B19DF32F,1
8695,7,2019-03-05 00:00:00.000,150614,1CC59713-068E-C387-5056-F6E239A771B2,0
8696,8,2019-03-11 00:00:00.000,151099,8AF2096D-92EE-A2B2-D52C-3D8011E25F7D,0
8697,1,2019-03-12 00:00:00.000,0,8F4B66F8-ADA2-5980-8B92-DB41FC2EDD8E,1
8698,1,2019-03-12 00:00:00.000,0,9CBC10EF-5056-A02D-DF67-FFD191D899B9,1
8699,3,2019-03-13 00:00:00.000,0,A0DBF42D-C43E-4562-E7FE-71B928D0F24B,1
8700,5,2019-03-14 00:00:00.000,0,EBF5C820-5056-A02D-DFB9-976A6BFA2A0B,1
8701,3,2019-03-14 00:00:00.000,0,EBF5C820-5056-A02D-DFB9-976A6BFA2A0B,1
8702,1,2019-03-14 00:00:00.000,0,476614BE-F585-2351-39E1-573BE08FC6DE,1
8703,5,2019-03-14 00:00:00.000,0,E2D6CFE1-9758-76CE-097E-60BD33AA2C1C,1
8704,49,2019-03-15 00:00:00.000,0,476614BE-F585-2351-39E1-573BE08FC6DE,1
8705,26,2019-03-17 00:00:00.000,151507,068D1039-5056-A02D-DFBC-EC72369533D6,0
8706,7,2019-03-18 00:00:00.000,151590,3CC2A962-5056-A02D-DF4A-E86D101659D1,0
8707,4,2019-03-20 00:00:00.000,151695,DD82D099-5056-A02D-DFB2-80253AC6CA73,0
8708,49,2019-03-21 00:00:00.000,0,5F131896-A596-62CB-C8CF-E56A1239A321,1
8709,1,2019-03-21 00:00:00.000,0,5F131896-A596-62CB-C8CF-E56A1239A321,1
8710,5,2019-03-21 00:00:00.000,0,6A772347-5056-A02D-DF68-9D998F2BE9C5,1
8711,7,2019-03-23 00:00:00.000,151869,E2D6CFE1-9758-76CE-097E-60BD33AA2C1C,0
8712,1,2019-03-23 00:00:00.000,0,E3F7F467-9B28-864F-281D-B8C69A28EDFD,1
8713,5,2019-03-23 00:00:00.000,0,E3F7F467-9B28-864F-281D-B8C69A28EDFD,1
8714,49,2019-03-23 00:00:00.000,0,1DB806B2-9ABA-05DF-6292-686A6CD17876,1
8715,7,2019-03-23 00:00:00.000,151909,ED96801E-5056-A02D-DFA5-3069F2812B16,0
8716,3,2019-03-27 00:00:00.000,0,F86650C0-BC35-A825-9730-CA4C18EA7A1D,1
8717,1,2019-03-28 00:00:00.000,0,5AF6CBFF-5056-A02D-DF49-12E36937876E,1
8718,5,2019-03-28 00:00:00.000,0,535BB234-CB2B-31F5-BD1F-2817D0449352,1
8719,1,2019-03-29 00:00:00.000,0,EFAEF5F7-5056-A02D-DFE3-64F028DFC72D,1
8720,1,2019-03-30 00:00:00.000,0,0A4C485C-5056-A02D-DFA5-AD992FAD7C06,1
8721,1,2019-04-04 00:00:00.000,0,236B93F6-5056-A02D-DF69-CD6670CAC241,1
8722,26,2019-04-04 00:00:00.000,152450,6758CE80-5056-A02D-DFA8-03885BBBECDE,0
8723,49,2019-04-04 00:00:00.000,0,D0A11815-D668-8596-1D7A-421874D23EB3,1
8724,5,2019-04-06 00:00:00.000,0,61312C96-5056-A02D-DF34-5DB8D93AB6A0,1
8725,5,2019-04-07 00:00:00.000,0,330B71C1-5056-A02D-DFF6-F3D1C786B696,1
8726,1,2019-04-07 00:00:00.000,0,1B66EBE4-5056-A02D-DFB2-2D76D82320ED,1
8727,1,2019-04-08 00:00:00.000,0,3FEFDB54-5056-A02D-DF8A-85A022E3E371,1
8728,1,2019-04-08 00:00:00.000,0,9E8B8E18-5056-A02D-DF79-7D5CD5B63061,1
8729,5,2019-04-09 00:00:00.000,0,97863ECA-5056-A02D-DFCA-B92693583E1D,1
8730,1,2019-04-09 00:00:00.000,0,9EF7F585-9DEB-66FA-5E38-9FF0F1BCE31A,1
8731,1,2019-04-09 00:00:00.000,0,92076C20-E153-67EC-4837-2B0C5A026035,1
8732,1,2019-04-09 00:00:00.000,0,5607E79B-FABE-CE27-9FAF-8ED0B06639E3,1
8733,3,2019-04-11 00:00:00.000,0,E175DFF6-5056-A02D-DFC5-B3949EC66CDF,1
8734,1,2019-04-11 00:00:00.000,0,DF266332-A6B4-BDED-814A-3924944B7B79,1
8735,7,2019-04-12 00:00:00.000,152929,2A51CB8A-5056-A02D-DF28-4EE3CCAF5DE6,0
8736,1,2019-04-12 00:00:00.000,0,2F328E31-9E92-BA04-B3F0-2A1B35029295,1
8737,5,2019-04-13 00:00:00.000,0,89787479-C4C0-0360-E86D-D44BC5375DD3,1
8738,3,2019-04-14 00:00:00.000,0,E3CAED59-BEFA-3A29-4ABB-DD273F6D5512,1
8739,3,2019-04-14 00:00:00.000,0,97120293-5056-A02D-DFBD-C88DA32C5300,1
8740,1,2019-04-14 00:00:00.000,0,A403385B-B959-BBE5-0ECB-E45C200BEC41,1
8741,7,2019-04-21 00:00:00.000,153416,C56ABAA2-5056-A02D-DF87-86DAD1981A19,0
8742,49,2019-04-24 00:00:00.000,0,1264D2AE-B18F-69E7-D11F-8E4D00D9DFFC,1
8743,1,2019-04-24 00:00:00.000,0,D6972309-0C3B-7532-361D-351E59EC815A,1
8744,3,2019-04-25 00:00:00.000,0,6DAB2307-5056-A02D-DF48-575DCDBB2C36,1
8745,49,2019-04-26 00:00:00.000,0,8DBEDE01-ACF5-8A6D-CD5C-A607A21FC1D8,1
8746,26,2019-04-29 00:00:00.000,153919,476614BE-F585-2351-39E1-573BE08FC6DE,0
8747,5,2019-05-02 00:00:00.000,0,4B27688F-5056-A02D-DF76-4AD88D03E600,1
8748,49,2019-05-03 00:00:00.000,0,0BFB2346-BAE3-DD08-E368-E45AD1F2D293,1
8749,3,2019-05-04 00:00:00.000,0,B3D015E4-A29F-DCE6-1972-EEAE78DB748C,1
8750,1,2019-05-04 00:00:00.000,0,65D64CE4-5056-A02D-DF97-EE8D0CC51DCF,1
8751,1,2019-05-07 00:00:00.000,0,F1C2CAD6-9EF0-B75E-47D9-E37E343B8397,1
8752,49,2019-05-08 00:00:00.000,0,3CC2A962-5056-A02D-DF4A-E86D101659D1,1
8753,1,2019-05-09 00:00:00.000,0,C4EF0E11-F157-BB84-66A1-BFD9BC6FF8E8,1
8754,7,2019-05-10 00:00:00.000,154450,44E37346-E8DE-A93A-EF7E-51CBCCA1D9F4,0
8755,49,2019-05-11 00:00:00.000,0,983F1936-9051-8BD3-5344-D7161EE62D39,1
8756,49,2019-05-13 00:00:00.000,0,A35A6059-A72F-61DB-D1F6-B76DDE7D09B0,1
8757,1,2019-05-14 00:00:00.000,0,9E6033D5-EC65-F44B-7F3B-0C20781769FE,1
8758,7,2019-05-15 00:00:00.000,154673,41257C14-5056-A02D-DFB4-1412D31464EA,0
8759,1,2019-05-15 00:00:00.000,0,2619DEB3-E4E7-3E51-EA16-013B85142B7E,1
8760,1,2019-05-22 00:00:00.000,0,0DCCD600-5056-A02D-DF5A-9D720E419D18,1
8761,2,2019-05-22 00:00:00.000,154923,30DE873D-F43B-4CC2-D42D-DB91F514A7FD,0
8762,2,2019-05-22 00:00:00.000,154924,30DE873D-F43B-4CC2-D42D-DB91F514A7FD,0
8763,5,2019-05-23 00:00:00.000,0,0BFB2346-BAE3-DD08-E368-E45AD1F2D293,1
8764,1,2019-05-26 00:00:00.000,0,D711F7D8-D31B-3A10-BB51-59D98CF57664,1
8765,5,2019-05-27 00:00:00.000,0,35EDC196-5056-A02D-DFFD-F24E88D09732,1
8766,1,2019-05-29 00:00:00.000,0,E10E063A-5056-A02D-DFAE-674D7507D5DF,1
8767,1,2019-06-01 00:00:00.000,0,55F8E029-C395-4274-98BC-A12DE0C1EC9E,1
8768,49,2019-06-04 00:00:00.000,0,438C896E-FFDB-9D49-39F4-2A6FEE914989,1
8769,49,2019-06-05 00:00:00.000,0,72B19BFF-FC9E-7390-7C48-A994F2971B88,1
8770,26,2019-06-05 00:00:00.000,155515,30488F9A-5056-A02D-DF62-4AE8E05DE5F9,0
8771,5,2019-06-06 00:00:00.000,0,2A2625C4-AB41-8625-C5C8-2774513E3178,1
8772,1,2019-06-06 00:00:00.000,0,370F2386-B955-A14C-1C50-9CA37F161055,1
8773,1,2019-06-07 00:00:00.000,0,7C74314F-BF31-A796-1D1E-C9DDCCC08A9F,1
8774,26,2019-06-12 00:00:00.000,155788,A3FD086B-B69F-3BDE-E7C4-C2AA6524E621,0
8775,5,2019-06-13 00:00:00.000,0,476614BE-F585-2351-39E1-573BE08FC6DE,1
8776,7,2019-06-14 00:00:00.000,155896,77F2CFE0-B15D-0B22-BCC7-C67D693FACBF,0
8777,3,2019-06-16 00:00:00.000,0,EA0E70A2-5056-A02D-DFD1-B95408B6D4E5,1
8778,3,2019-06-16 00:00:00.000,0,2217CED8-FCB8-63BE-903F-31B89FB1EF16,1
8779,5,2019-06-18 00:00:00.000,0,CABDC90C-E5FC-A696-2321-AF86AE954596,1
8780,5,2019-06-19 00:00:00.000,0,CCC47F75-5056-A02D-DFB0-DE233D0F1E4E,1
8781,7,2019-06-19 00:00:00.000,156057,CCC47F75-5056-A02D-DFB0-DE233D0F1E4E,0
8782,7,2019-06-21 00:00:00.000,156137,476614BE-F585-2351-39E1-573BE08FC6DE,0
8783,1,2019-06-21 00:00:00.000,0,9B4D80D9-F8C5-6D3F-EE91-459FBCFEFC39,1
8784,1,2019-06-25 00:00:00.000,0,45FFD23D-D371-2EF9-4737-10BECA65E18E,1
8785,49,2019-06-25 00:00:00.000,0,19BD7A12-5056-A02D-DF1D-0B331DE72020,1
8786,26,2019-06-25 00:00:00.000,156248,19BD7A12-5056-A02D-DF1D-0B331DE72020,0
8787,49,2019-06-26 00:00:00.000,0,8AE1674F-EF52-EFE2-9C5B-D3D90AA3D659,1
8788,26,2019-06-27 00:00:00.000,156295,CB688E5C-9278-F424-FB4E-7CD99B17B96A,0
8789,5,2019-06-28 00:00:00.000,0,D0185E68-DA55-E3EF-2CF9-2705FE875572,1
8790,3,2019-06-30 00:00:00.000,0,D88DD075-5056-A02D-DF48-445CB6791486,1
8791,1,2019-06-30 00:00:00.000,0,D0185E68-DA55-E3EF-2CF9-2705FE875572,1
8792,49,2019-06-30 00:00:00.000,0,C39CEAE7-CD7D-9889-0F4D-9DB73AB4F379,1
8793,5,2019-07-08 00:00:00.000,0,00420DB2-5056-A02D-DF1A-DEF755081399,1
8794,49,2019-07-08 00:00:00.000,0,00420DB2-5056-A02D-DF1A-DEF755081399,1
8795,1,2019-07-08 00:00:00.000,0,00420DB2-5056-A02D-DF1A-DEF755081399,1
8796,3,2019-07-08 00:00:00.000,0,00420DB2-5056-A02D-DF1A-DEF755081399,1
8797,5,2019-07-11 00:00:00.000,0,C620D131-5056-A02D-DF8A-F585E8BCCEEB,1
8798,49,2019-07-11 00:00:00.000,0,C620D131-5056-A02D-DF8A-F585E8BCCEEB,1
8799,5,2019-07-13 00:00:00.000,0,D88DD075-5056-A02D-DF48-445CB6791486,1
8800,49,2019-07-13 00:00:00.000,0,6A78D910-0303-97BE-1041-A2D44D103517,1
8801,7,2019-07-14 00:00:00.000,156876,955A372B-5056-A02D-DF26-AA9722425E73,0
8802,1,2019-07-15 00:00:00.000,0,F5227FA0-E885-3240-66F7-4F0EFDA4140F,1
8803,1,2019-07-16 00:00:00.000,0,4E34EE18-5056-A02D-DF81-20153220E2EF,1
8804,3,2019-07-24 00:00:00.000,0,0BFB2346-BAE3-DD08-E368-E45AD1F2D293,1
8805,5,2019-07-25 00:00:00.000,0,37CE7E3B-5056-A02D-DFA9-A3AB9FB7C1F8,1
8806,49,2019-07-31 00:00:00.000,0,1595D49C-5056-A02D-DF02-C8DEF6867B9C,1
8807,49,2019-07-31 00:00:00.000,0,37CE7E3B-5056-A02D-DFA9-A3AB9FB7C1F8,1
8808,1,2019-07-31 00:00:00.000,0,514593F1-5056-A02D-DF78-4C903CD1C030,1
8809,49,2019-08-01 00:00:00.000,0,354520E0-FA79-DFE0-21B3-530E49DC215D,1
8810,1,2019-08-01 00:00:00.000,0,656F4D74-F185-CDD1-42E8-03AE73057D96,1
8811,5,2019-08-01 00:00:00.000,0,1E453A73-5056-A02D-DF7A-44A87CF60DC8,1
8812,49,2019-08-01 00:00:00.000,0,1E453A73-5056-A02D-DF7A-44A87CF60DC8,1
8813,1,2019-08-01 00:00:00.000,0,1E453A73-5056-A02D-DF7A-44A87CF60DC8,1
8814,3,2019-08-01 00:00:00.000,0,1E453A73-5056-A02D-DF7A-44A87CF60DC8,1
8815,1,2019-08-03 00:00:00.000,0,593694E5-B929-C4F6-70E2-40A6AA5BE92F,1
8816,1,2019-08-03 00:00:00.000,0,561A0012-5056-A02D-DF4E-82B25826F6C2,1
8817,49,2019-08-05 00:00:00.000,0,AA8881E8-06B4-FCB2-92AC-54667DD3128E,1
8818,5,2019-08-07 00:00:00.000,0,558D649A-CC94-EF9E-3828-BD5F3FDF2AF7,1
8819,49,2019-08-07 00:00:00.000,0,558D649A-CC94-EF9E-3828-BD5F3FDF2AF7,1
8820,1,2019-08-07 00:00:00.000,0,558D649A-CC94-EF9E-3828-BD5F3FDF2AF7,1
8821,3,2019-08-07 00:00:00.000,0,558D649A-CC94-EF9E-3828-BD5F3FDF2AF7,1
8822,7,2019-08-08 00:00:00.000,157942,766F8D13-EA04-5AF4-AB09-AD1F3F54C600,0
8823,5,2019-08-08 00:00:00.000,0,098A3F83-92D3-8F51-5635-5F738DF54C0E,1
8824,1,2019-08-08 00:00:00.000,0,098A3F83-92D3-8F51-5635-5F738DF54C0E,1
8825,26,2019-08-09 00:00:00.000,157989,28AE8AFF-5056-A02D-DFCB-7919C28BB585,0
8826,5,2019-08-10 00:00:00.000,0,514593F1-5056-A02D-DF78-4C903CD1C030,1
8827,49,2019-08-10 00:00:00.000,0,514593F1-5056-A02D-DF78-4C903CD1C030,1
8828,3,2019-08-10 00:00:00.000,0,514593F1-5056-A02D-DF78-4C903CD1C030,1
8829,7,2019-08-11 00:00:00.000,158078,CB688E5C-9278-F424-FB4E-7CD99B17B96A,0
8830,49,2019-08-14 00:00:00.000,0,522718EA-9318-FC2F-669C-F2D11B61B37B,1
8831,3,2019-08-15 00:00:00.000,0,6ECD81B4-B172-04D6-2FDF-9D46FFB6B909,1
8832,7,2019-08-15 00:00:00.000,158356,66E20D53-D91A-F63B-0AFD-71750010EBF7,0
8833,26,2019-08-18 00:00:00.000,158477,170C46AF-BDCB-60F3-C81B-D5D526F2441E,0
8834,1,2019-08-19 00:00:00.000,0,A43E0A19-A3D3-AF86-EA2D-A17867C0A384,1
8835,5,2019-08-19 00:00:00.000,0,522718EA-9318-FC2F-669C-F2D11B61B37B,1
8836,49,2019-08-20 00:00:00.000,0,22037744-5056-A02D-DF34-C032D26D18AE,1
8837,49,2019-08-27 00:00:00.000,0,36931EF5-9E0D-7235-A666-15B24B0F0A9B,1
8838,5,2019-09-04 00:00:00.000,0,0393A701-E2BD-FF9E-D79D-E6F553669966,1
8839,3,2019-09-04 00:00:00.000,0,870338B9-DD52-0469-A7F4-0F9E81C8E0F0,1
8840,49,2019-09-04 00:00:00.000,0,2AA86372-5056-A02D-DFF0-7ED144E0FD8E,1
8841,49,2019-09-07 00:00:00.000,0,77FC84E4-EF1A-E6F6-D9AE-2887CED7A651,1
8842,1,2019-09-16 00:00:00.000,0,A241562B-C173-FB37-0447-FDA4245F71E1,1
8843,1,2019-09-17 00:00:00.000,0,E55A438F-FD8C-D22D-6B71-83F016A64F4C,1
8844,1,2019-09-17 00:00:00.000,159965,AF2E6469-0580-4745-724C-49DD1051288A,0
8845,5,2019-09-19 00:00:00.000,0,BDF31C10-5056-A02D-DF20-DFCA26151E38,1
8846,2,2019-09-22 00:00:00.000,160172,7BAD6843-06E5-074B-8F93-EDCD4D5731C1,0
8847,5,2019-09-22 00:00:00.000,0,BDB42A06-5056-A02D-DF6F-564E1836596A,1
8848,1,2019-09-26 00:00:00.000,0,CBD24FB0-93C6-102D-D858-F286DEC836A7,1
8849,5,2019-09-28 00:00:00.000,0,04882864-FB75-FBD9-7090-1C64384BF347,1
8850,1,2019-09-29 00:00:00.000,0,FB9477EE-DDF9-21F4-CA40-0F21987BCA7D,1
8851,5,2019-09-30 00:00:00.000,0,E56A46B5-B1EE-9B33-01A8-646887EBC362,1
8852,1,2019-10-01 00:00:00.000,0,501A87B4-A8BA-4D87-A734-647BCC009666,1
8853,49,2019-10-02 00:00:00.000,0,02EB652B-F501-ED6A-CDA4-BAE9B0422EB6,1
8854,3,2019-10-02 00:00:00.000,0,476614BE-F585-2351-39E1-573BE08FC6DE,1
8855,7,2019-10-04 00:00:00.000,160770,1A7762FC-5056-A02D-DF74-2AF3A71247D5,0
8856,1,2019-10-06 00:00:00.000,0,CBBB8FA8-E201-896F-2B74-CC4236E8C584,1
8857,1,2019-10-07 00:00:00.000,0,92B79893-5056-A02D-DFD3-4F478A2FD4A3,1
8858,5,2019-10-12 00:00:00.000,0,A79A1F22-F832-95A8-F3C1-169124F846BA,1
8859,49,2019-10-13 00:00:00.000,0,FEA606E1-F973-799E-8C16-779BE28ED30D,1
8860,1,2019-10-13 00:00:00.000,0,7828924D-BA43-49FF-7D37-4F0D50F27D30,1
8861,5,2019-10-13 00:00:00.000,0,B87E6138-5056-A02D-DF62-48A643F6F06D,1
8862,1,2019-10-13 00:00:00.000,0,21B38AD9-5056-A02D-DF8F-A4BE2D30FCF2,1
8863,1,2019-10-16 00:00:00.000,0,AF96E99D-0CDC-2763-A209-1A02EB2F04CB,1
8864,5,2019-10-17 00:00:00.000,0,0EA6224A-0FAC-3E19-7A69-7FD01A41BAB7,1
8865,26,2019-10-17 00:00:00.000,161448,9CA29466-5056-A02D-DF23-D01C938DE57D,0
8866,49,2019-10-17 00:00:00.000,0,CBBB8FA8-E201-896F-2B74-CC4236E8C584,1
8867,5,2019-10-18 00:00:00.000,0,CBBB8FA8-E201-896F-2B74-CC4236E8C584,1
8868,4,2019-10-18 00:00:00.000,161497,0FB8B021-0777-DBA9-C6CC-A82F4C3DB138,0
8869,2,2019-10-18 00:00:00.000,161498,0FB8B021-0777-DBA9-C6CC-A82F4C3DB138,0
8870,5,2019-10-18 00:00:00.000,0,C39CEAE7-CD7D-9889-0F4D-9DB73AB4F379,1
8871,26,2019-10-21 00:00:00.000,161613,9D850491-F3CB-A790-7934-D69FFA86898D,0
8872,5,2019-10-21 00:00:00.000,0,0FD18959-024A-8684-C046-EC358BBB6C96,1
8873,1,2019-10-21 00:00:00.000,0,A79A1F22-F832-95A8-F3C1-169124F846BA,1
8874,17,2019-10-23 00:00:00.000,161706,EBF5C820-5056-A02D-DFB9-976A6BFA2A0B,0
8875,49,2019-10-23 00:00:00.000,0,9ACAF16D-5056-A02D-DF4F-2BCD2ADC843F,1
8876,1,2019-10-23 00:00:00.000,0,64FC6399-BFA8-78EB-0C26-332B2016B69D,1
8877,1,2019-10-23 00:00:00.000,0,CF602B7F-0942-50C3-5CDF-9A3E6CDDC05C,1
8878,1,2019-10-27 00:00:00.000,0,5200BD42-CC81-8F45-C023-AD0A5D9D2ED3,1
8879,5,2019-10-27 00:00:00.000,0,99ABC02F-AF3B-C1B7-D965-5B95588FE17F,1
8880,5,2019-10-28 00:00:00.000,0,CB688E5C-9278-F424-FB4E-7CD99B17B96A,1
8881,26,2019-10-30 00:00:00.000,162110,5E09AC4C-D360-F0A4-DA60-2827E0F40AFE,0
8882,26,2019-10-31 00:00:00.000,162130,1F22BE49-FC2B-2EA4-A7C2-8687847A326B,0
8883,49,2019-10-31 00:00:00.000,0,4A9377D7-5056-A02D-DF1A-002D5814F282,1
8884,1,2019-11-03 00:00:00.000,0,0634DA81-BF00-FF87-54A1-F931A1119128,1
8885,49,2019-11-04 00:00:00.000,0,541C9AA4-5056-A02D-DF36-78C897E37492,1
8886,49,2019-11-05 00:00:00.000,0,7002906D-DD44-C709-0817-5C8ECCF8DD60,1
8887,1,2019-11-05 00:00:00.000,0,37CE7E3B-5056-A02D-DFA9-A3AB9FB7C1F8,1
8888,1,2019-11-06 00:00:00.000,0,E7D07909-5056-A02D-DF27-642F5FB0B5AA,1
8889,1,2019-11-07 00:00:00.000,0,3A1E768F-C395-316D-199B-904A76D957CA,1
8890,26,2019-11-11 00:00:00.000,162701,CEC1AABB-B899-1C1E-2EF1-1A68A2424051,0
8891,49,2019-11-12 00:00:00.000,0,AE751106-EECA-3CF9-71A6-3E8FAD925D57,1
8892,4,2019-11-13 00:00:00.000,162795,B3FA2B49-E9E9-7025-57B1-E44AECF38C31,0
8893,2,2019-11-13 00:00:00.000,162796,B3FA2B49-E9E9-7025-57B1-E44AECF38C31,0
8894,1,2019-11-14 00:00:00.000,0,85FCE817-B774-4D7B-73F6-702EF5001154,1
8895,5,2019-11-15 00:00:00.000,0,23DF5CE6-5056-A02D-DF07-6BD771BF5BC2,1
8896,5,2019-11-16 00:00:00.000,0,2FBB9E8A-B8B1-F5D6-D908-92F10EDFECC7,1
8897,49,2019-11-19 00:00:00.000,0,8EC93DDD-E9B4-D837-4028-DC6D9A1060BB,1
8898,28,2019-11-20 00:00:00.000,163093,6B20CEE6-C825-B70F-E959-A8097467AB84,0
8899,1,2019-11-22 00:00:00.000,0,557935A7-9CF8-0476-4A95-0B1BD781320E,1
8900,4,2019-11-22 00:00:00.000,163219,EBF5C820-5056-A02D-DFB9-976A6BFA2A0B,0
8901,2,2019-11-22 00:00:00.000,163220,EBF5C820-5056-A02D-DFB9-976A6BFA2A0B,0
8902,26,2019-11-24 00:00:00.000,163262,B6386689-CD43-7850-B712-162CE21737CF,0
8903,26,2019-11-24 00:00:00.000,163265,9C2F46A1-5056-A02D-DF71-456F4B5A0962,0
8904,1,2019-11-25 00:00:00.000,0,3692AA73-C49A-E84D-DF82-2218121DC5A3,1
8905,1,2019-11-27 00:00:00.000,0,52140B7B-5056-A02D-DF3D-E99B56DB8460,1
8906,5,2019-11-27 00:00:00.000,0,E86408C7-5056-A02D-DF82-7002C1F4751F,1
8907,26,2019-11-29 00:00:00.000,163466,BE0359D9-0F08-C1EA-747C-EE5305DB26DC,0
8908,49,2019-12-01 00:00:00.000,0,00419EA7-0C04-8405-0F5F-E5CB6E72CCF9,1
8909,49,2019-12-02 00:00:00.000,0,FA5ED03B-AEC5-6944-F3A5-C30D3A256085,1
8910,3,2019-12-04 00:00:00.000,0,47A84931-0A9B-5DB0-D960-7CA8700A7277,1
8911,26,2019-12-08 00:00:00.000,163865,A4AD2400-A685-74FA-C12E-C7D1D131C029,0
8912,26,2019-12-12 00:00:00.000,164009,0FB71CC2-9CF3-0340-D352-A8CAF385B348,0
8913,5,2019-12-13 00:00:00.000,0,FA5ED03B-AEC5-6944-F3A5-C30D3A256085,1
8914,49,2019-12-14 00:00:00.000,0,245C3896-5056-A02D-DF1F-CBC350B0ACA1,1
8915,26,2019-12-16 00:00:00.000,164200,B7DB9B7C-0C4E-7ADE-D335-8F4A98F626D1,0
8916,5,2019-12-17 00:00:00.000,0,462DA57B-5056-A02D-DF7B-801ED746B31D,1
8917,3,2019-12-17 00:00:00.000,0,462DA57B-5056-A02D-DF7B-801ED746B31D,1
8918,49,2019-12-17 00:00:00.000,0,F3E9F3DA-5056-A02D-DFEF-6A7EAF2E93CF,1
8919,1,2019-12-24 00:00:00.000,0,FA5ED03B-AEC5-6944-F3A5-C30D3A256085,1
8920,1,2019-12-25 00:00:00.000,0,72B19BFF-FC9E-7390-7C48-A994F2971B88,1
8921,1,2019-12-27 00:00:00.000,0,167C733B-C14F-73E0-F4AD-196E22C15885,1
8922,5,2019-12-27 00:00:00.000,0,4D7B3ACC-5056-A02D-DF7C-E02FB02BA220,1
8923,49,2019-12-27 00:00:00.000,0,557935A7-9CF8-0476-4A95-0B1BD781320E,1
8924,1,2019-12-27 00:00:00.000,0,8AF2096D-92EE-A2B2-D52C-3D8011E25F7D,1
8925,1,2019-12-29 00:00:00.000,0,A4AD2400-A685-74FA-C12E-C7D1D131C029,1
8926,1,2019-12-29 00:00:00.000,0,F2744408-E26B-9CFB-1136-26892937FB48,1
8927,49,2020-01-02 00:00:00.000,0,9E060B10-5056-A02D-DFB5-86B4298B8292,1
8928,1,2020-01-04 00:00:00.000,0,4301A472-DECD-C729-B607-A1398CC816EA,1
8929,1,2020-01-06 00:00:00.000,0,661FB4F9-9C58-E5C1-56B3-7047CAFFA56C,1
8930,1,2020-01-08 00:00:00.000,0,D462B96E-9422-8AFF-8672-A9369FE1AE5E,1
8931,1,2020-01-09 00:00:00.000,0,00F25221-E12B-E4E2-6698-12EA229EFAE7,1
8932,1,2020-01-09 00:00:00.000,165589,08AE8A48-BEBA-2051-0400-D51C495EBAD1,0
8933,1,2020-01-12 00:00:00.000,0,D9DD0DA8-B75C-1DCD-0029-ACC7FAD3A07D,1
8934,5,2020-01-14 00:00:00.000,0,1E5AB429-5056-A02D-DFF7-402BE4BF583F,1
8935,5,2020-01-15 00:00:00.000,0,AE7F0894-B2E0-A06D-9812-D2766731704E,1
8936,5,2020-01-17 00:00:00.000,0,556DFBDE-E609-85D1-B296-A9640E3531E5,1
8937,5,2020-01-20 00:00:00.000,0,C434DFB7-928E-F728-0074-F8927405D98E,1
8938,1,2020-01-21 00:00:00.000,0,A841FFFC-5056-A02D-DF5C-14E49B562F4E,1
8939,1,2020-01-21 00:00:00.000,0,3C07F1ED-F063-3607-0A1E-A9EA8A0EE3AD,1
8940,5,2020-01-21 00:00:00.000,0,6C1F59AF-EBBD-881A-9DBD-64183DF93279,1
8941,1,2020-01-22 00:00:00.000,0,9E19919B-E392-2DF8-D33F-15A176D605A3,1
8942,49,2020-01-23 00:00:00.000,0,C80F57F6-04E9-7D18-6300-8A2868409FD2,1
8943,1,2020-01-24 00:00:00.000,166706,54FD0EA5-BAE0-46BB-55BC-81EF34116970,0
8944,26,2020-01-24 00:00:00.000,166711,AF96E99D-0CDC-2763-A209-1A02EB2F04CB,0
8945,49,2020-01-25 00:00:00.000,0,2FBB9E8A-B8B1-F5D6-D908-92F10EDFECC7,1
8946,49,2020-01-25 00:00:00.000,0,F2744408-E26B-9CFB-1136-26892937FB48,1
8947,26,2020-01-27 00:00:00.000,166801,034740CF-9023-3506-8D04-D5A6083B412E,0
8948,26,2020-01-29 00:00:00.000,166898,663C9B53-5056-A02D-DF9A-1046170ADB7F,0
8949,3,2020-01-30 00:00:00.000,0,CE6EA6DB-5056-A02D-DFF5-5C681714415E,1
8950,49,2020-01-30 00:00:00.000,0,8F54B4A4-952F-5D2C-9903-B82609142242,1
8951,26,2020-01-30 00:00:00.000,166928,0EA6224A-0FAC-3E19-7A69-7FD01A41BAB7,0
8952,49,2020-01-31 00:00:00.000,0,F9F69239-0E2B-8D6C-015F-696A9892B763,1
8953,3,2020-02-04 00:00:00.000,0,A312126E-5056-A02D-DF2B-D185AFE3EB46,1
8954,5,2020-02-04 00:00:00.000,0,4A96D72A-D0E4-5403-D5AF-F63B11DF5B45,1
8955,1,2020-02-04 00:00:00.000,0,09582698-5056-A02D-DFFC-206DC5F06BB3,1
8956,1,2020-02-04 00:00:00.000,0,4A96D72A-D0E4-5403-D5AF-F63B11DF5B45,1
8957,49,2020-02-05 00:00:00.000,0,AF386691-CAEA-1A26-B8FE-6111741575FA,1
8958,1,2020-02-05 00:00:00.000,0,AE079C6B-5056-A02D-DF3E-79BEEFB9DA3D,1
8959,5,2020-02-06 00:00:00.000,0,73C955D4-A517-6D43-BFC4-B23AD13443CA,1
8960,5,2020-02-07 00:00:00.000,0,F18479E0-F636-5C33-51A6-3CE800706A6A,1
8961,1,2020-02-08 00:00:00.000,0,522718EA-9318-FC2F-669C-F2D11B61B37B,1
8962,1,2020-02-10 00:00:00.000,0,A4FF2893-E7CD-7286-6AE3-28B8D66ACE13,1
8963,5,2020-02-11 00:00:00.000,0,3B3322CA-9A76-26E9-C4CC-1B07C8249414,1
8964,49,2020-02-11 00:00:00.000,0,3B3322CA-9A76-26E9-C4CC-1B07C8249414,1
8965,1,2020-02-11 00:00:00.000,0,3B3322CA-9A76-26E9-C4CC-1B07C8249414,1
8966,3,2020-02-11 00:00:00.000,0,3B3322CA-9A76-26E9-C4CC-1B07C8249414,1
8967,2,2020-02-11 00:00:00.000,167640,3CC2A962-5056-A02D-DF4A-E86D101659D1,0
8968,4,2020-02-11 00:00:00.000,167641,3CC2A962-5056-A02D-DF4A-E86D101659D1,0
8969,1,2020-02-12 00:00:00.000,0,63D31B1C-5056-A02D-DFD3-BBF4BAA64375,1
8970,5,2020-02-13 00:00:00.000,0,A4FF2893-E7CD-7286-6AE3-28B8D66ACE13,1
8971,26,2020-02-14 00:00:00.000,167792,3692AA73-C49A-E84D-DF82-2218121DC5A3,0
8972,5,2020-02-15 00:00:00.000,0,3691FB6E-D278-FAAA-C04D-03DA65A93402,1
8973,49,2020-02-16 00:00:00.000,0,134C0261-9E4F-4675-266B-DEE77A681435,1
8974,49,2020-02-16 00:00:00.000,0,14A96A8C-FCD4-6CEC-6EA1-4DED9408B63E,1
8975,49,2020-02-21 00:00:00.000,0,97863ECA-5056-A02D-DFCA-B92693583E1D,1
8976,5,2020-02-21 00:00:00.000,0,923812FF-5056-A02D-DF51-7A54B3A46943,1
8977,1,2020-02-23 00:00:00.000,0,3BAD138A-A3F9-2809-6A5F-0943AF878BA8,1
8978,49,2020-02-23 00:00:00.000,0,F11F8FD6-BEE6-7485-E87E-27B39F52DC86,1
8979,3,2020-02-24 00:00:00.000,0,9E19919B-E392-2DF8-D33F-15A176D605A3,1
8980,5,2020-02-26 00:00:00.000,0,D2ACBAE2-5056-A02D-DF16-221F923D9571,1
8981,1,2020-02-27 00:00:00.000,0,D2ACBAE2-5056-A02D-DF16-221F923D9571,1
8982,49,2020-02-28 00:00:00.000,0,574BD2D8-B720-F228-5C94-B4B82E68799E,1
8983,1,2020-03-06 00:00:00.000,0,574BD2D8-B720-F228-5C94-B4B82E68799E,1
8984,1,2020-03-07 00:00:00.000,0,75B729F7-9C14-9E5A-B7B2-AB4A3F41771A,1
8985,49,2020-03-08 00:00:00.000,0,54FD0EA5-BAE0-46BB-55BC-81EF34116970,1
8986,49,2020-03-11 00:00:00.000,0,30013C61-5056-A02D-DF69-37C00C8721C0,1
8987,3,2020-03-11 00:00:00.000,0,3BB3AEBD-F17A-77F5-090C-58C1DBED4037,1
8988,26,2020-03-18 00:00:00.000,169452,04C64D87-F154-B872-FAA7-CCFE0EECE47D,0
8989,49,2020-03-21 00:00:00.000,0,30C0BEC6-B54F-3C9B-B806-DE0DD435BEA4,1
8990,49,2020-03-21 00:00:00.000,0,452140BF-E5CF-2269-2C00-8233A0566728,1
8991,1,2020-03-22 00:00:00.000,169626,7F6D3CAC-E45F-07BA-17D6-CF8F2A522848,0
8992,1,2020-03-27 00:00:00.000,0,BDC5AD06-5056-A02D-DF01-37CEBFE3C713,1
8993,1,2020-03-27 00:00:00.000,0,B551DB44-5056-A02D-DF10-74F6AE75D1F0,1
8994,1,2020-03-29 00:00:00.000,0,3E628766-D2F7-4D4B-5D0E-F601B4CA8BC0,1
8995,26,2020-03-29 00:00:00.000,169985,C39CEAE7-CD7D-9889-0F4D-9DB73AB4F379,0
8996,26,2020-03-31 00:00:00.000,170095,8B416ABF-5056-A02D-DF3F-2E94F0E983F8,0
8997,49,2020-04-02 00:00:00.000,0,92FE101A-C443-E148-DE02-57B436EA2AE3,1
8998,49,2020-04-03 00:00:00.000,0,A403385B-B959-BBE5-0ECB-E45C200BEC41,1
8999,3,2020-04-06 00:00:00.000,0,7FFD99E7-0E14-BECB-914F-E7F5EEF3CBFE,1
9000,1,2020-04-08 00:00:00.000,0,CF876FED-B9F0-BE10-B243-80F8C6D55D42,1
9001,49,2020-04-08 00:00:00.000,0,B1CB6CC7-5056-A02D-DF20-DD8593E1A577,1
9002,49,2020-04-08 00:00:00.000,0,03BE3AF0-BA05-170B-73DC-0FE06B98CB87,1
9003,3,2020-04-08 00:00:00.000,0,24084518-F66B-F62F-F2B0-87D008E0A30C,1
9004,1,2020-04-08 00:00:00.000,0,EA0BD706-5056-A02D-DFFF-DBC1E0578661,1
9005,49,2020-04-09 00:00:00.000,0,AB8F198E-AA57-B9E7-CE98-A669519F47A4,1
9006,3,2020-04-12 00:00:00.000,0,F4287300-9EFE-2F0E-D5A2-F46EF1FC553D,1
9007,49,2020-04-12 00:00:00.000,0,F4287300-9EFE-2F0E-D5A2-F46EF1FC553D,1
9008,1,2020-04-12 00:00:00.000,0,F4287300-9EFE-2F0E-D5A2-F46EF1FC553D,1
9009,49,2020-04-12 00:00:00.000,0,6BEC603E-5056-A02D-DF23-780BB6480C0C,1
9010,49,2020-04-13 00:00:00.000,0,C733F014-C435-79C2-7AEF-9D97EBC3730D,1
9011,1,2020-04-16 00:00:00.000,0,216CE71E-98CF-CDA5-1700-5B29424A9258,1
9012,4,2020-04-16 00:00:00.000,170975,216CE71E-98CF-CDA5-1700-5B29424A9258,0
9013,2,2020-04-16 00:00:00.000,170976,216CE71E-98CF-CDA5-1700-5B29424A9258,0
9014,1,2020-04-17 00:00:00.000,0,08576BD3-B397-444E-5D3F-E2F6A47310DB,1
9015,3,2020-04-18 00:00:00.000,0,FD304164-FFD7-9BBC-B69B-C5DF9FF85542,1
9016,1,2020-04-19 00:00:00.000,0,BE356DBE-5056-A02D-DF37-36FDA0B2801D,1
9017,2,2020-04-22 00:00:00.000,171660,66DBF170-93AA-5E4D-EC8B-DA378E9C9C4E,0
9018,1,2020-04-24 00:00:00.000,0,29D783D9-E84E-D807-DF14-1379FD5DD251,1
9019,1,2020-04-28 00:00:00.000,0,78ACB44D-A7DE-D0CA-F2A8-CCE615697036,1
9020,2,2020-05-01 00:00:00.000,173148,535AC8D2-BC89-DD14-3A65-F76DDFFC11EF,0
9021,1,2020-05-02 00:00:00.000,0,026FD3D6-B1C7-C3C8-EB8B-C51C746F40AD,1
9022,1,2020-05-04 00:00:00.000,0,7601DFD5-FA57-A37E-6627-F8F715EDCB14,1
9023,1,2020-05-06 00:00:00.000,0,A0C8C6A3-A565-7D81-6414-7ED5D9C7F06C,1
9024,49,2020-05-09 00:00:00.000,0,7B12CABD-5056-A02D-DFED-E02616143630,1
9025,1,2020-05-12 00:00:00.000,0,CDC7B196-BCE5-FD5F-5F4A-2AA4DF3F0FE1,1
9026,26,2020-05-13 00:00:00.000,173849,3E09DB75-5056-A02D-DF89-5E8621BE9977,0
9027,3,2020-05-13 00:00:00.000,0,911FA8FD-C93E-B438-FF4E-AB824B5065A1,1
9028,26,2020-05-13 00:00:00.000,173852,911FA8FD-C93E-B438-FF4E-AB824B5065A1,0
9029,1,2020-05-13 00:00:00.000,0,4684C2A7-F707-23AD-7252-8B16051E7372,1
9030,49,2020-05-14 00:00:00.000,0,E4354C9E-9CDE-DDD2-3D22-9898023C9070,1
9031,49,2020-05-15 00:00:00.000,0,C2317F0C-A88B-4FE0-099B-019F80060CE2,1
9032,1,2020-05-15 00:00:00.000,0,D07A809B-E30B-B5B2-0FFF-6B6F40B97B17,1
9033,1,2020-05-17 00:00:00.000,0,0ABFACD3-AB58-A054-6AE4-C10F25FED72B,1
9034,1,2020-05-18 00:00:00.000,0,7E287D25-0AC9-A7D9-FCEC-EDD789D98853,1
9035,49,2020-05-18 00:00:00.000,0,7E287D25-0AC9-A7D9-FCEC-EDD789D98853,1
9036,1,2020-05-18 00:00:00.000,0,A8992B84-F066-BA21-3D65-80E0B90A0C24,1
9037,3,2020-05-19 00:00:00.000,0,CB7821F1-044C-33FF-3F6D-306B83C43570,1
9038,49,2020-05-19 00:00:00.000,0,7D0F21B8-998F-9860-9DD9-C6DB60760FA6,1
9039,1,2020-05-20 00:00:00.000,0,4190F5F6-D141-F7B6-6484-8A76FD3B839C,1
9040,49,2020-05-20 00:00:00.000,0,64FEA2F9-A41B-03CC-6982-207403A14FBA,1
9041,3,2020-05-25 00:00:00.000,0,927AF3DD-BAC9-C659-9310-EA51A460DC3D,1
9042,1,2020-05-25 00:00:00.000,0,6A772347-5056-A02D-DF68-9D998F2BE9C5,1
9043,1,2020-05-26 00:00:00.000,0,276F5ABB-EBF9-80FF-B83A-97350AA0700C,1
9044,1,2020-05-29 00:00:00.000,0,EBAC5B55-F214-4DF3-8B8D-41E956CC751F,1
9045,49,2020-05-30 00:00:00.000,0,DD5222E0-C134-20CA-E2FC-70AEEC0F0057,1
9046,3,2020-05-30 00:00:00.000,0,FEBE2562-9D26-5407-34B4-C7C3AB868B5F,1
9047,1,2020-06-01 00:00:00.000,0,D17D33BB-C3E5-28DA-208B-FF4FD8A983E6,1
9048,49,2020-06-02 00:00:00.000,0,6FE63C35-A5EC-1656-3152-FDF3B2A48132,1
9049,1,2020-06-02 00:00:00.000,0,E0F453A0-BBD8-A8C9-D330-C14C8A353884,1
9050,1,2020-06-04 00:00:00.000,0,D5EFB091-E40D-954A-E375-49167EAD0314,1
9051,1,2020-06-05 00:00:00.000,0,8FB9E69D-5056-A02D-DF28-2DE99AFBB54D,1
9052,1,2020-06-06 00:00:00.000,0,BACE408C-5056-A02D-DFFB-CE7FD362E96A,1
9053,49,2020-06-11 00:00:00.000,0,F4342075-BD43-18BD-0871-10F2F86801E5,1
9054,1,2020-06-12 00:00:00.000,0,C239AF8D-C94F-71EB-CC30-2F33126CDCDF,1
9055,1,2020-06-12 00:00:00.000,0,8EBB4E17-BAC8-A7F9-1FAB-4BE406C57110,1
9056,49,2020-06-15 00:00:00.000,0,FEBE2562-9D26-5407-34B4-C7C3AB868B5F,1
9057,49,2020-06-16 00:00:00.000,0,0039D8B5-5056-A02D-DFA4-96EEB787DEDB,1
9058,1,2020-06-16 00:00:00.000,0,2C952E1A-C8BC-2328-3175-FADA26A2490F,1
9059,49,2020-06-20 00:00:00.000,0,4684C2A7-F707-23AD-7252-8B16051E7372,1
9060,1,2020-06-22 00:00:00.000,0,EBE50A82-A011-3DC1-10FD-99F04CBD7FAE,1
9061,1,2020-06-24 00:00:00.000,0,075B36DE-F540-92F2-B0FC-E86B935AD6D6,1
9062,3,2020-06-29 00:00:00.000,0,302F95C0-BE84-78E7-E281-B2D679DDDAFB,1
9063,1,2020-07-03 00:00:00.000,0,D189C687-CA18-C033-AA37-4BFDA1CF069B,1
9064,49,2020-07-04 00:00:00.000,0,8D1CA5DE-0DDD-709C-C7B8-48AA838B044C,1
9065,1,2020-07-05 00:00:00.000,0,E6100066-051D-3693-D588-34CC8A711B87,1
9066,1,2020-07-07 00:00:00.000,0,918FB0B6-FFD0-82B6-B4C5-FAD4E6767523,1
9067,3,2020-07-07 00:00:00.000,0,918FB0B6-FFD0-82B6-B4C5-FAD4E6767523,1
9068,1,2020-07-07 00:00:00.000,0,B33BE8A7-B4B1-377E-3D77-0DD95A5E18A4,1
9069,49,2020-07-08 00:00:00.000,0,B33BE8A7-B4B1-377E-3D77-0DD95A5E18A4,1
9070,1,2020-07-08 00:00:00.000,0,399F27A7-945A-B141-A69A-D6367D75394F,1
9071,49,2020-07-10 00:00:00.000,0,BB3C932A-A792-D35B-1231-5724218B81B0,1
9072,49,2020-07-11 00:00:00.000,0,79098149-B579-13F7-2D21-9E9CC29B5B21,1
9073,1,2020-07-14 00:00:00.000,0,F87AB6B7-A6CE-5542-2D43-6B29E4B917D3,1
9074,1,2020-07-15 00:00:00.000,0,FEBE2562-9D26-5407-34B4-C7C3AB868B5F,1
9075,49,2020-07-20 00:00:00.000,0,B4062C5C-F133-E70F-DFED-D18DEA965A84,1
9076,1,2020-07-23 00:00:00.000,0,9F4F3F06-9A55-0831-A04B-C63DAC8567DB,1
9077,49,2020-07-30 00:00:00.000,0,3E628766-D2F7-4D4B-5D0E-F601B4CA8BC0,1
9078,49,2020-08-01 00:00:00.000,0,BD20CA4B-5056-A02D-DFE5-76FEEEAF8D6E,1
9079,1,2020-08-02 00:00:00.000,0,25F1760A-5056-A02D-DF24-AB54B147C5C4,1
9080,3,2020-08-06 00:00:00.000,0,78362A06-DF33-FE36-3A99-36DF3B3B7176,1
9081,49,2020-08-08 00:00:00.000,0,8A8E944E-FC79-D232-76B0-FBCDE05F88C8,1
9082,1,2020-08-13 00:00:00.000,178520,1202DB1D-B405-8CB7-9CDF-EF5E4E72A34D,0
9083,1,2020-08-16 00:00:00.000,0,1E6E4E08-FD1D-2A84-8EF3-1DEF06370397,1
9084,1,2020-08-18 00:00:00.000,0,C9F80446-E0A3-A4B8-AD95-C7D4DE2C19B5,1
9085,1,2020-08-22 00:00:00.000,179352,2A356370-F1F7-7D6B-5D76-D8B75A49CC70,0
9086,1,2020-08-22 00:00:00.000,179388,DC447107-E697-D9A8-FC31-AB8EB04E8674,0
9087,3,2020-08-25 00:00:00.000,0,CCC47F75-5056-A02D-DFB0-DE233D0F1E4E,1
9088,1,2020-08-26 00:00:00.000,0,C3279781-9D81-B68C-78AE-C66972237D12,1
9089,1,2020-08-28 00:00:00.000,0,B945B6AC-CF9B-52DA-F670-D67EBB1867A3,1
9090,3,2020-08-30 00:00:00.000,0,FB9477EE-DDF9-21F4-CA40-0F21987BCA7D,1
9091,1,2020-08-30 00:00:00.000,0,92FF53CA-A1D2-1685-12CE-ADD4321635AF,1
9092,1,2020-08-31 00:00:00.000,0,3CC2A962-5056-A02D-DF4A-E86D101659D1,1
9093,49,2020-09-01 00:00:00.000,0,C8590F7F-5056-A02D-DF83-9E22FE87F4E9,1
9094,1,2020-09-01 00:00:00.000,0,C8590F7F-5056-A02D-DF83-9E22FE87F4E9,1
9095,49,2020-09-03 00:00:00.000,0,5721A279-9510-3C41-BC95-A7ACEC861274,1
9096,49,2020-09-09 00:00:00.000,0,4B8FA61D-5056-A02D-DFBB-AC2EA9C441C9,1
9097,1,2020-09-09 00:00:00.000,0,4431D997-5056-A02D-DF1C-8234EA859348,1
9098,3,2020-09-09 00:00:00.000,0,932EABE9-D28B-EF60-4EE1-149BAA953927,1
9099,1,2020-09-18 00:00:00.000,0,0C8E77B5-5056-A02D-DF1D-3C24990EB67B,1
9100,1,2020-09-20 00:00:00.000,0,835E1895-AA01-E4BD-F7AA-E23D14E4D44A,1
9101,1,2020-09-20 00:00:00.000,0,16E46016-F70A-7081-E960-7D723EF58573,1
9102,3,2020-09-21 00:00:00.000,0,033A7472-A2B0-324D-7DC8-8842CF9E719C,1
9103,3,2020-09-22 00:00:00.000,0,835E1895-AA01-E4BD-F7AA-E23D14E4D44A,1
9104,1,2020-09-26 00:00:00.000,0,4E622A17-BC49-4DE5-3D56-6C2CF1AF08EA,1
9105,1,2020-09-26 00:00:00.000,182299,FE01EC1A-C3E9-7F98-B228-3A26665F99AB,0
9106,1,2020-09-30 00:00:00.000,0,0A1B56FD-FA53-D359-6EB0-5D7AD90B77D9,1
9107,49,2020-10-01 00:00:00.000,0,923812FF-5056-A02D-DF51-7A54B3A46943,1
9108,49,2020-10-01 00:00:00.000,0,1F304353-0C4A-CB77-AF7B-4AB19C9FFA26,1
9109,1,2020-10-01 00:00:00.000,182606,DEC3505E-5056-A02D-DFC8-2D752C82686F,0
9110,49,2020-10-02 00:00:00.000,0,CC9BB90B-5056-A02D-DF81-6815C93F8A7D,1
9111,3,2020-10-04 00:00:00.000,0,9EF7F585-9DEB-66FA-5E38-9FF0F1BCE31A,1
9112,49,2020-10-06 00:00:00.000,0,525EBEDC-9C10-AF18-1790-54B8BB9E7646,1
9113,49,2020-10-07 00:00:00.000,0,4E622A17-BC49-4DE5-3D56-6C2CF1AF08EA,1
9114,1,2020-10-07 00:00:00.000,0,03A066CD-BF52-37E9-2987-3C968A7B7AD7,1
9115,49,2020-10-08 00:00:00.000,0,48DF2BE8-5056-A02D-DF7A-35E154F9ABB8,1
9116,1,2020-10-10 00:00:00.000,0,525EBEDC-9C10-AF18-1790-54B8BB9E7646,1
9117,49,2020-10-11 00:00:00.000,0,DAA4F8DB-ABD6-0280-FEF4-78A9FABB6B9F,1
9118,49,2020-10-11 00:00:00.000,0,9EF7F585-9DEB-66FA-5E38-9FF0F1BCE31A,1
9119,49,2020-10-19 00:00:00.000,0,7956BAF6-F83A-CDD1-11FB-95A954C133D8,1
9120,49,2020-10-20 00:00:00.000,0,40CB9B82-A530-326D-5547-86D40DCF474A,1
9121,1,2020-10-20 00:00:00.000,0,17CC1F49-F5C9-7675-AEFD-4C6A989380C7,1
9122,1,2020-10-22 00:00:00.000,0,042BA146-C5F8-B15B-BE7E-7090892B61CF,1
9123,1,2020-10-23 00:00:00.000,0,FA3E2092-EFEF-EEB0-64EC-2693C8FAFE74,1
9124,49,2020-10-24 00:00:00.000,0,B4DA4493-BD02-959C-EB0F-C8001EA5C7D9,1
9125,3,2020-10-24 00:00:00.000,0,4684C2A7-F707-23AD-7252-8B16051E7372,1
9126,1,2020-10-25 00:00:00.000,0,17BA24E5-EC23-708A-890B-5BDF0158E64C,1
9127,1,2020-10-25 00:00:00.000,0,6EBFF996-0147-8204-13AD-52C6CFDED151,1
9128,49,2020-10-26 00:00:00.000,0,17BA24E5-EC23-708A-890B-5BDF0158E64C,1
9129,1,2020-10-27 00:00:00.000,0,2A4EE0A7-F40A-0914-C4A2-BDD972D77516,1
9130,49,2020-10-27 00:00:00.000,0,2A4EE0A7-F40A-0914-C4A2-BDD972D77516,1
9131,1,2020-10-31 00:00:00.000,185387,023DFEB8-BDFD-DE66-A464-2C1FAA190670,0
9132,1,2020-11-01 00:00:00.000,0,759C397F-C245-96EF-3588-AA49A675D64E,1
9133,1,2020-11-04 00:00:00.000,185578,07EBF355-962D-AC39-FBBC-96C7DE59E95A,0
9134,3,2020-11-05 00:00:00.000,0,54FD0EA5-BAE0-46BB-55BC-81EF34116970,1
9135,1,2020-11-07 00:00:00.000,0,87D8D3D9-93ED-0268-645B-3B81AFD701F4,1
9136,1,2020-11-11 00:00:00.000,0,490E4CA2-926D-42DB-1863-9A3ACEB894BD,1
9137,49,2020-11-18 00:00:00.000,0,2602380C-C124-54AA-5570-B2A9E2993587,1
9138,49,2020-11-19 00:00:00.000,0,7A8F0BFF-BF2C-2C12-5F3E-2DFA3FAF50D1,1
9139,1,2020-11-19 00:00:00.000,0,7A8F0BFF-BF2C-2C12-5F3E-2DFA3FAF50D1,1
9140,1,2020-11-20 00:00:00.000,0,7525C2F5-ED60-A9E8-F049-861D00152A05,1
9141,3,2020-11-22 00:00:00.000,0,FD8813E4-D0DC-786A-AA51-351099506E18,1
9142,1,2020-11-26 00:00:00.000,0,798E4BC3-DEC1-82AA-474C-D71137511661,1
9143,1,2020-11-28 00:00:00.000,0,C733F014-C435-79C2-7AEF-9D97EBC3730D,1
9144,1,2020-11-29 00:00:00.000,0,325D1717-EFF6-AA9B-412F-C5D04DA9417A,1
9145,1,2020-12-01 00:00:00.000,0,036D69D9-EAFE-630C-B168-5F44F05835D5,1
9146,49,2020-12-03 00:00:00.000,0,289EE709-5056-A02D-DF10-7B332760344C,1
9147,1,2020-12-03 00:00:00.000,0,77BEAF05-9186-E275-41C5-EC717F4A4F94,1
9148,1,2020-12-04 00:00:00.000,0,7BAD6843-06E5-074B-8F93-EDCD4D5731C1,1
9149,1,2020-12-05 00:00:00.000,0,931112F8-9FA0-B52F-39E9-0E7010A049D9,1
9150,1,2020-12-05 00:00:00.000,0,34C2F68A-AD01-D9A2-4491-DB6A03E6BB7F,1
9151,1,2020-12-06 00:00:00.000,0,5BAFF450-9775-3FE5-B64A-62185FB24119,1
9152,3,2020-12-06 00:00:00.000,0,C9F80446-E0A3-A4B8-AD95-C7D4DE2C19B5,1
9153,7,2020-12-07 00:00:00.000,189061,D7AC52F8-5056-A02D-DFFB-EEDDD3579158,0
9154,49,2020-12-07 00:00:00.000,0,798E4BC3-DEC1-82AA-474C-D71137511661,1
9155,1,2020-12-11 00:00:00.000,0,B340D6BE-F96A-0B55-4AF9-8D46C154E195,1
9156,1,2020-12-15 00:00:00.000,0,9C932586-5056-A02D-DF90-1B027447EE3F,1
9157,49,2020-12-16 00:00:00.000,0,9CBBBA9E-92C5-5D85-8EC7-F85CAB758766,1
9158,1,2020-12-16 00:00:00.000,0,A9B38271-D452-9091-4B57-EA89F132357C,1
9159,1,2020-12-17 00:00:00.000,0,3F3FCC36-E7C3-8C01-A2BC-37680035D798,1
9160,1,2020-12-22 00:00:00.000,0,CDA3A6CC-DF9F-2030-6E52-33F6D3689DF0,1
9161,1,2020-12-22 00:00:00.000,0,26719C12-B31D-7687-88F7-277012EA1C43,1
9162,1,2020-12-27 00:00:00.000,0,D38ADFC2-5056-A02D-DFD0-2645D6E7B7F8,1
9163,1,2020-12-28 00:00:00.000,0,878704A7-F7BA-06D2-4144-74690720E077,1
9164,1,2020-12-29 00:00:00.000,0,8877D006-066D-CD92-F028-7C6E9EADD740,1
9165,1,2020-12-31 00:00:00.000,0,5EDEF2D6-B95D-49DF-F340-F6CDD553D7E1,1
9166,49,2020-12-31 00:00:00.000,0,5EDEF2D6-B95D-49DF-F340-F6CDD553D7E1,1
9167,49,2020-12-31 00:00:00.000,0,AB85EEA2-FA4F-36F6-DAEA-6E076FB75238,1
9168,1,2021-01-03 00:00:00.000,0,528B8B84-5056-A02D-DF23-F762DB460FF3,1
9169,1,2021-01-04 00:00:00.000,0,85C736CC-9CC2-F926-E91E-214561458F3B,1
9170,1,2021-01-05 00:00:00.000,0,0ECA12EB-BB34-3C10-E9BA-6515984C5671,1
9171,1,2021-01-05 00:00:00.000,0,76C4E1E0-0DFE-7B32-A352-8C7B79F0266E,1
9172,1,2021-01-07 00:00:00.000,0,760600D1-C9F1-E7E0-A75B-ED8F35448BB9,1
9173,49,2021-01-11 00:00:00.000,0,8B519764-5056-A02D-DF39-A52551F158BF,1
9174,1,2021-01-12 00:00:00.000,0,66FFF274-C234-EA3E-D588-E8FA7A0132D5,1
9175,49,2021-01-12 00:00:00.000,0,66FFF274-C234-EA3E-D588-E8FA7A0132D5,1
9176,1,2021-01-13 00:00:00.000,0,E647420B-A815-F9EC-4794-53B1712BC354,1
9177,49,2021-01-16 00:00:00.000,0,E03B3079-92EA-0289-9302-49B8FD4E013B,1
9178,1,2021-01-17 00:00:00.000,0,E3036CBB-CC7E-A0BA-4E7B-2CCA03CFF9F0,1
9179,49,2021-01-18 00:00:00.000,0,442FC492-F936-8CEA-788E-A1B157CAE42A,1
9180,49,2021-01-19 00:00:00.000,0,4B827589-E50C-E60B-B0C0-8DB2C04DF05D,1
9181,49,2021-01-24 00:00:00.000,0,D38ADFC2-5056-A02D-DFD0-2645D6E7B7F8,1
9182,1,2021-01-25 00:00:00.000,0,C201A541-9439-B79D-5506-2B591140373F,1
9183,1,2021-01-26 00:00:00.000,0,14DB7F02-0D1B-43BB-C0AB-2D51F9D4FC1A,1
9184,1,2021-01-27 00:00:00.000,0,791D4F27-C1D4-F89F-344C-5973C69A542C,1
9185,49,2021-01-28 00:00:00.000,0,CE8C5254-D047-8E82-DB2D-63E391045A1C,1
9186,49,2021-01-29 00:00:00.000,0,C9F80446-E0A3-A4B8-AD95-C7D4DE2C19B5,1
9187,49,2021-01-30 00:00:00.000,0,3F3FCC36-E7C3-8C01-A2BC-37680035D798,1
9188,49,2021-01-30 00:00:00.000,0,06595BCE-9A07-F10D-635E-A9914EAD8A22,1
9189,1,2021-01-30 00:00:00.000,0,63188725-CD49-B0CB-785B-61D90AF07861,1
9190,49,2021-02-06 00:00:00.000,0,12EA3DB6-933A-A35B-5BAE-FDD7A2B9F2DC,1
9191,49,2021-02-07 00:00:00.000,0,B3DE844C-5056-A02D-DF69-5AFA8C2E8538,1
9192,1,2021-02-08 00:00:00.000,0,E425AACB-D51D-9FB5-D39C-92B5A96CA257,1
9193,1,2021-02-11 00:00:00.000,194108,ADEFE151-09F8-59E9-A3A8-F85DED326321,0
9194,49,2021-02-12 00:00:00.000,0,92FF53CA-A1D2-1685-12CE-ADD4321635AF,1
9195,1,2021-02-14 00:00:00.000,0,8A0F8BDB-E412-6C49-C4DC-6C1A0C976D49,1
9196,49,2021-02-18 00:00:00.000,0,FFAC5C37-0F37-AAD6-8190-98F517962822,1
9197,1,2021-02-18 00:00:00.000,0,FFAC5C37-0F37-AAD6-8190-98F517962822,1
9198,1,2021-02-19 00:00:00.000,0,FD23F7D1-03C1-262F-6F1D-C594521EF9CC,1
9199,1,2021-02-22 00:00:00.000,0,83F40131-F48D-E256-E2F7-7D08B9366681,1
9200,1,2021-03-01 00:00:00.000,0,98ACF5D1-D02B-C351-F777-7D5150FE28E7,1
9201,1,2021-03-02 00:00:00.000,0,527F2C6B-5056-A02D-DFC0-F46FEF71CFEF,1
9202,49,2021-03-02 00:00:00.000,0,83F40131-F48D-E256-E2F7-7D08B9366681,1
9203,49,2021-03-02 00:00:00.000,0,175EAB38-F03C-F138-9474-D13DD3D4BAC2,1
9204,1,2021-03-05 00:00:00.000,0,C39CEAE7-CD7D-9889-0F4D-9DB73AB4F379,1
9205,49,2021-03-06 00:00:00.000,0,9C932586-5056-A02D-DF90-1B027447EE3F,1
9206,26,2021-03-06 00:00:00.000,196053,14DB7F02-0D1B-43BB-C0AB-2D51F9D4FC1A,0
9207,1,2021-03-06 00:00:00.000,0,09343597-F73A-358C-C85B-5222A0568FE9,1
9208,49,2021-03-06 00:00:00.000,0,09343597-F73A-358C-C85B-5222A0568FE9,1
9209,1,2021-03-12 00:00:00.000,0,85BC8870-E563-EF76-524E-E5875F660880,1
9210,1,2021-03-16 00:00:00.000,0,E74BCA6D-CDF0-CD90-FC1F-531394B464CE,1
9211,49,2021-03-19 00:00:00.000,0,9FE191D3-D121-A7FB-B586-250E9312CB47,1
9212,49,2021-03-22 00:00:00.000,0,04DC835E-5056-A02D-DFAC-C3AF77FC3DCA,1
9213,1,2021-03-30 00:00:00.000,0,AB85EEA2-FA4F-36F6-DAEA-6E076FB75238,1
9214,1,2021-04-04 00:00:00.000,0,C8C82263-D12D-A52B-6C29-65C4EE14C629,1
9215,49,2021-04-04 00:00:00.000,0,B0388EC3-A985-AB68-09FE-797A11D9FE85,1
9216,49,2021-04-08 00:00:00.000,0,098A3F83-92D3-8F51-5635-5F738DF54C0E,1
9217,49,2021-04-09 00:00:00.000,0,1D1C0151-9B88-CF7D-7978-1C99AEE0CEF4,1
9218,1,2021-04-11 00:00:00.000,0,C673D5B8-C4D1-05A4-38A2-2F60C68F2CD9,1
9219,49,2021-04-11 00:00:00.000,0,EBAE4DF5-AFE7-1360-6E64-12D6E6D45673,1
9220,1,2021-04-13 00:00:00.000,0,9B33F93B-FDB9-603F-8118-ABB6D8FAB59C,1
9221,1,2021-04-25 00:00:00.000,0,3D9F0595-9EF8-20F8-7F2D-4A26ADCF015A,1
9222,1,2021-04-30 00:00:00.000,199772,D135BA35-D3D6-06B4-77B9-AE8D218B609F,0
9223,49,2021-05-03 00:00:00.000,0,DCCCE54F-ECB6-6997-8C28-10E80A7CB934,1
9224,49,2021-05-04 00:00:00.000,0,31A999EC-A987-9BEC-FB78-88045FC094D1,1
9225,49,2021-05-05 00:00:00.000,0,67EEAF72-E622-E400-CE3F-87E377632CF9,1
9226,1,2021-05-06 00:00:00.000,0,1D43E5EC-D6F8-B67A-4193-BF90793EAB3C,1
9227,1,2021-05-06 00:00:00.000,0,69DD61BE-5056-A02D-DFE5-53EC837D62BB,1
9228,49,2021-05-07 00:00:00.000,0,090455E4-D3BA-DE11-720E-DEAD7EF108B1,1
9229,1,2021-05-09 00:00:00.000,0,FC7B9A6A-AFA2-8C62-708F-B2E40387DADB,1
9230,49,2021-05-11 00:00:00.000,0,C1F1288C-5056-A02D-DF2D-654CE5731231,1
9231,1,2021-05-19 00:00:00.000,0,F802202A-C63F-C80A-CC71-2493CAA59E64,1
9232,1,2021-05-21 00:00:00.000,0,08C0AD01-FE14-6DA9-5611-FE5D8D8C28E5,1
9233,49,2021-05-22 00:00:00.000,0,94FD3C81-A7D8-6A3F-4A45-1866B17F1ABF,1
9234,49,2021-05-24 00:00:00.000,0,26ECD3EE-C1CF-A096-327D-BBF3AF6BD863,1
9235,1,2021-05-25 00:00:00.000,0,9121619F-D011-9E7D-4213-07D03D195C20,1
9236,49,2021-05-30 00:00:00.000,0,B7F4A96A-5056-A02D-DF9D-6D801EACF8C9,1
9237,49,2021-05-31 00:00:00.000,0,DEE12779-9FAB-2ABD-5B61-4BE563B203BE,1
9238,1,2021-06-01 00:00:00.000,0,94FD3C81-A7D8-6A3F-4A45-1866B17F1ABF,1
9239,1,2021-06-02 00:00:00.000,0,29C5E7ED-0B90-CFE5-D6BF-AE9EBFCBDFCA,1
9240,1,2021-06-02 00:00:00.000,202179,FB9445C9-9924-DE1D-95E8-477FB1CB479D,0
9241,1,2021-06-05 00:00:00.000,0,60D7F87E-A4FF-F71C-D61B-203EDF1D4A2F,1
9242,1,2021-06-06 00:00:00.000,0,93D00951-FE64-1B9D-444D-F93C5EF6923D,1
9243,49,2021-06-08 00:00:00.000,0,F20D2383-D7B9-E5A9-E613-B26E7E1000DD,1
9244,49,2021-06-09 00:00:00.000,0,85BC8870-E563-EF76-524E-E5875F660880,1
9245,49,2021-06-09 00:00:00.000,0,7225F482-C749-B26D-5227-26897E975FFC,1
9246,49,2021-06-14 00:00:00.000,0,5F094BBF-BC81-5332-D2EA-26B7812E0321,1
9247,1,2021-06-15 00:00:00.000,0,68580F6E-939A-525E-FA64-82A112F00D8E,1
9248,1,2021-06-17 00:00:00.000,0,23E70C67-D824-6FCA-3C33-57DE189DDFE9,1
9249,49,2021-06-21 00:00:00.000,0,7A64B7EC-0600-6A5F-2D40-022B899D997F,1
9250,49,2021-06-30 00:00:00.000,0,4F0E4EF3-BF1C-65B8-3E75-94DDA914B31B,1
9251,1,2021-07-09 00:00:00.000,204669,5E33D52C-F6DF-4743-F6CA-1A415654E2D6,0
9252,49,2021-07-14 00:00:00.000,0,B2A356FD-D939-EA60-6660-B090879AED7F,1
9253,49,2021-07-15 00:00:00.000,0,14DB7F02-0D1B-43BB-C0AB-2D51F9D4FC1A,1
9254,1,2021-07-17 00:00:00.000,0,78D12DDB-5056-A02D-DF39-5A1E69A04F03,1
9255,1,2021-07-21 00:00:00.000,0,11D0C3DF-E939-909C-8981-D07C8A12AB21,1
9256,49,2021-07-26 00:00:00.000,0,B818D82D-A3C7-866D-A93C-8AAD653B5A04,1
9257,49,2021-07-28 00:00:00.000,0,5C1615FC-A247-7179-1F40-6EBB9C264B10,1
9258,1,2021-07-29 00:00:00.000,0,DB38B951-5056-A02D-DFAD-F047450518D1,1
9259,1,2021-07-29 00:00:00.000,0,B818D82D-A3C7-866D-A93C-8AAD653B5A04,1
9260,49,2021-08-03 00:00:00.000,0,9B202A85-A803-CFDA-C500-9764AD3E8A73,1
9261,49,2021-08-19 00:00:00.000,0,A1489868-5056-A02D-DF7B-993E01DDD407,1
9262,1,2021-08-19 00:00:00.000,0,A1489868-5056-A02D-DF7B-993E01DDD407,1
9263,49,2021-08-24 00:00:00.000,0,B9366DC6-C964-3356-D588-47679AB49364,1
9264,49,2021-08-25 00:00:00.000,0,1E11616E-BA76-60BD-4F60-E6DA405E77D8,1
9265,1,2021-08-26 00:00:00.000,0,AE56409D-DE96-B7C7-FCCE-07ECB65E8861,1
9266,49,2021-08-26 00:00:00.000,0,08C0AD01-FE14-6DA9-5611-FE5D8D8C28E5,1
9267,1,2021-08-26 00:00:00.000,0,A75AC549-AD05-DBF7-BE15-F60AD98DB487,1
9268,1,2021-08-30 00:00:00.000,0,79098149-B579-13F7-2D21-9E9CC29B5B21,1
9269,49,2021-09-02 00:00:00.000,0,07EBF355-962D-AC39-FBBC-96C7DE59E95A,1
9270,49,2021-09-02 00:00:00.000,0,266F00DE-A7EA-CF30-2B94-41735F4F4F27,1
9271,49,2021-09-04 00:00:00.000,0,544E0053-0114-885F-3D01-537E26FF29F5,1
9272,49,2021-09-06 00:00:00.000,0,21C4995C-9393-E375-D1AF-A8DEDB681278,1
9273,1,2021-09-09 00:00:00.000,0,39F2367B-B10C-426B-4E25-EEEBCC61CA70,1
9274,49,2021-09-11 00:00:00.000,0,0D5D376F-5056-A02D-DF02-AFC687041DF0,1
9275,49,2021-09-13 00:00:00.000,0,63188725-CD49-B0CB-785B-61D90AF07861,1
9276,1,2021-09-16 00:00:00.000,0,D003D2FC-DA21-A5FA-5F7F-5D69AB8A4363,1
9277,49,2021-09-17 00:00:00.000,0,D19A8AF1-92CA-D0A3-D532-5849A7868461,1
9278,49,2021-09-20 00:00:00.000,0,745B35EE-C3DC-FAA7-F9B4-BA8D875688D8,1
9279,49,2021-09-22 00:00:00.000,0,8D09D2BB-DF75-4521-F571-1FCFB55F9A5D,1
9280,1,2021-09-22 00:00:00.000,0,8D09D2BB-DF75-4521-F571-1FCFB55F9A5D,1
9281,1,2021-09-23 00:00:00.000,0,D75FA53E-CF1F-519D-0F53-7D988A2A9AA5,1
9282,1,2021-09-25 00:00:00.000,0,3B8C2560-F91D-2EC3-1D23-15A967EB285D,1
9283,1,2021-09-25 00:00:00.000,207583,53970126-E0A7-BBDE-4FE7-4525C2561C83,0
9284,49,2021-10-04 00:00:00.000,0,2A624E24-B8DD-D1D8-F54A-90DF936B7F3E,1
9285,49,2021-10-07 00:00:00.000,0,EBF5C820-5056-A02D-DFB9-976A6BFA2A0B,1
9286,49,2021-10-09 00:00:00.000,0,4B27688F-5056-A02D-DF76-4AD88D03E600,1
9287,49,2021-10-09 00:00:00.000,0,51BACD35-AC34-D061-9E54-A70CD22B3274,1
9288,49,2021-10-14 00:00:00.000,0,5CE959DB-D089-6F4E-F8E2-9F17DF420BFB,1
9289,49,2021-10-15 00:00:00.000,0,CB7821F1-044C-33FF-3F6D-306B83C43570,1
9290,49,2021-10-16 00:00:00.000,0,FBB80E91-C6E5-5213-7A95-F407667D1C1E,1
9291,49,2021-10-30 00:00:00.000,0,39BFC363-0B48-7F6E-8302-D19C9AC868D0,1
9292,49,2021-10-30 00:00:00.000,0,C08AF6EB-B709-2F6D-75FD-977A683B9F5B,1
9293,49,2021-11-03 00:00:00.000,0,41B2EDFC-C772-AF2A-B9BA-B40DD2BC1408,1
9294,49,2021-11-04 00:00:00.000,0,E0F453A0-BBD8-A8C9-D330-C14C8A353884,1
9295,49,2021-11-06 00:00:00.000,0,3BB3AEBD-F17A-77F5-090C-58C1DBED4037,1
9296,49,2021-11-07 00:00:00.000,0,CEF3A5E7-B045-897B-66DC-12259B65923F,1
9297,49,2021-11-18 00:00:00.000,0,B4A40469-98FA-A481-63B7-542AAFC53457,1
9298,1,2021-11-26 00:00:00.000,0,4B9A795E-AF63-FC89-39F6-8146B84C7623,1
9299,49,2021-12-30 00:00:00.000,0,735792ED-AB9C-5FA1-FD1C-0CC56935D6E3,1
9300,49,2022-01-02 00:00:00.000,0,5BB512C7-A2D0-2AB7-136C-CA83A67F49FC,1
9301,26,2022-01-06 00:00:00.000,214333,50F5A910-B1AC-C444-ADAA-CE6E3CBC3B13,0
9302,1,2022-01-13 00:00:00.000,214653,DDA67FB1-D230-749D-454A-39960B96DBB3,0
9303,49,2022-01-15 00:00:00.000,0,3749D3C3-D9F7-3F56-63F4-F3C6B48ED12C,1
9304,49,2022-01-18 00:00:00.000,0,A7441CFE-FB83-E3B9-FB40-3851010799D7,1
9305,1,2022-01-25 00:00:00.000,0,1523F04A-5056-A02D-DFA1-981DCE11CA92,1
9306,1,2022-01-27 00:00:00.000,0,A18A0781-05C2-1F33-096C-168DFB7A6E08,1
9307,49,2022-02-01 00:00:00.000,0,F94FF826-D997-BD61-EB8A-A904909DF04D,1
9308,1,2022-02-21 00:00:00.000,0,3545993E-EA5D-ED3C-E686-995BAD621DFF,1
9309,11,2022-02-26 00:00:00.000,0,3160E4FE-D9D3-5DDF-3F33-0BB275F2BD75,1
9310,1,2022-06-05 00:00:00.000,225868,AB8E78FB-C27D-5931-1F12-3416D383AD4E,0
9311,1,2022-07-16 00:00:00.000,0,8C8C63C4-96FE-EDD4-4A63-F9D1BA13FEC5,1
9312,26,2022-08-25 00:00:00.000,229808,2DA6807F-B5EA-5CD2-6918-C7AD350A32C7,0
9313,49,2022-09-13 00:00:00.000,0,ACB75BE3-F03F-5AD7-5B03-D9DF92749A42,1
9314,49,2022-09-18 00:00:00.000,0,842A3082-F4A3-136C-DE9F-BBFDEE9D5825,1
9315,49,2022-12-01 00:00:00.000,0,0CD739C9-5056-A02D-DFE4-6BDF0E960467,1
9316,49,2022-12-18 00:00:00.000,0,B5C1F8B3-5056-A02D-DF57-1AA4E3BD5D17,1
9317,49,2023-01-27 00:00:00.000,0,D4E9254F-F876-709A-BEA0-D515394452E7,1
9318,49,2023-03-12 00:00:00.000,0,296134DD-A629-753E-88E6-33F0B4225854,1
9319,1,2023-03-31 00:00:00.000,0,D871341A-A183-BEF6-A3E4-28BC0CA960A0,1
9320,1,2023-04-24 00:00:00.000,0,71898E33-94EE-2B6A-D490-65D70F8A1ABD,1
9321,49,2023-04-24 00:00:00.000,0,C201A541-9439-B79D-5506-2B591140373F,1
9322,1,2023-07-16 00:00:00.000,0,1E11616E-BA76-60BD-4F60-E6DA405E77D8,1
9323,1,2023-09-22 00:00:00.000,0,071C4815-5056-A02D-DF03-47D9125A2EC9,1
9324,1,2023-10-12 00:00:00.000,0,A7F10B7A-D429-7E5E-70AF-A65472DF76C9,1
9325,49,2023-10-30 00:00:00.000,0,3AFF9072-CB7B-DAC1-4E0E-1998DB208E5F,1
9326,49,2023-11-06 00:00:00.000,0,13D07519-CAC8-8002-E497-E30F87607357,1
9327,1,2023-11-11 00:00:00.000,0,1A04C289-C2EA-509C-EB80-BAF52BA9AD5D,1
9328,49,2023-12-17 00:00:00.000,0,F4566D04-B7F3-331F-3531-4481A2DDF01F,1
9329,49,2023-12-20 00:00:00.000,0,AD5D630D-5056-A02D-DF16-665E976EF110,1
9330,1,2024-02-25 00:00:00.000,0,90D7C8DE-B32E-B0EE-9704-9419E9703851,1
9331,1,2024-05-22 00:00:00.000,0,4D498B02-DFED-F425-D978-327F1872DEF3,1
9332,49,2024-10-11 00:00:00.000,0,9DE6FC76-FF32-3661-49AC-AC701EE87E31,1
9333,1,2024-10-23 00:00:00.000,0,F77D804C-9111-4C6E-804C-567CCA964E8A,1
9334,1,2025-01-25 00:00:00.000,278898,C8129B04-0263-296A-FEAE-2801FF517C96,0
9335,49,2025-05-16 00:00:00.000,0,AC88BB2D-FCF4-62FF-AF02-EE20114B9FBD,1
9336,1,2025-07-04 00:00:00.000,0,84A21860-AA4D-1803-1FAA-23F3CE6E3236,1
9337,1,2025-10-22 00:00:00.000,0,9DE6FC76-FF32-3661-49AC-AC701EE87E31,1
9338,1,2026-03-22 00:00:00.000,0,892C3680-AE4A-61CD-AFBB-EBAB606D2771,1
9339,1,2026-05-27 00:00:00.000,0,A9E89FB6-0351-BB44-57C4-7AC85EA03A3F,1
9340,49,2026-07-02 00:00:00.000,0,7A5F98D4-FEE1-1545-FE3E-99342E1CBFEE,1
