Pattern_library_purchases,transactionguid,dateadded,Memberid_FK,PatternLibarry_id,VendorPaid
1,D6882858-D701-9B03-1DB1-A562508FE7FE,2010-05-26 17:32:47.920,3B43FD8E-A9F3-4B1A-74CC-255ACCD77E11,27,0
2,D696D9B1-D6B7-D081-C755-AC0E3178B1A4,2010-05-26 17:48:50.813,3B43FD8E-A9F3-4B1A-74CC-255ACCD77E11,26,0
5,FFBF16E8-07CE-4B37-5993-C9BCA2A9EF90,2010-06-03 17:37:13.940,123E7C46-9882-B2CE-4C4C-9C0F4B37A087,16,0
7,6D4A3551-01F6-F8C9-9763-D8B0A00397D6,2010-06-25 00:07:47.747,3B43FD8E-A9F3-4B1A-74CC-255ACCD77E11,29,0
8,7F646326-A713-1CD4-E93F-53FE03707C14,2010-06-28 12:29:33.163,47778DB8-B8C8-7FE9-D03D-59636F31D724,29,0
9,8682D25A-CFD7-E7E0-D25F-2BEB50C76FA7,2010-06-29 21:40:08.253,47778DB8-B8C8-7FE9-D03D-59636F31D724,15,0
10,8EEEF394-BC61-4E33-B895-0031895801BC,2010-07-01 12:55:12.833,8EB20C35-C657-5267-BBE2-3C388A92A65E,20,0
11,8EF04BE0-E463-C296-0CB6-B66EF4293056,2010-07-01 12:56:40.773,8EB20C35-C657-5267-BBE2-3C388A92A65E,14,0
12,9A628A88-AD46-08D9-4BE5-AD1791763250,2010-07-03 18:17:17.577,9A28AD8A-A0E4-99D4-E700-D47E5472D1EA,14,0
13,9A6647A9-F6BD-F03B-5A73-614035758D48,2010-07-03 18:21:22.433,9A28AD8A-A0E4-99D4-E700-D47E5472D1EA,29,0
14,BCB069AD-D63B-7D1E-35A7-650320A5E92D,2010-07-10 10:09:26.623,BCAD0AD5-948F-622D-1F8B-1997740129BD,27,0
15,BCB71BD4-97AD-4523-154B-001E37F8D17B,2010-07-10 10:16:45.527,BCAD0AD5-948F-622D-1F8B-1997740129BD,14,0
16,DD89D20B-D831-8778-94F5-C1DD19D8CB98,2010-07-16 19:14:47.937,DD16C540-BFF6-AD51-BA98-11AE1A74DCAA,20,0
17,F25CF00C-B058-85F0-8D46-CF6E8E8B7AE7,2010-07-20 20:17:45.337,A9E0609B-0720-5361-88E3-A5D387A7F14A,20,0
18,00DC5476-911F-5EA3-EF19-03E7CE325288,2010-07-23 15:51:35.127,90C36E2C-E6CE-B1E3-C173-5688A7BF10A6,18,0
19,069CE9B4-9215-5EF5-1CE3-F21AACEAD423,2010-07-24 18:40:02.437,E1A035D0-CC17-912A-F206-407928AC91DB,20,0
20,2001316E-91FB-CF36-DA42-C16079122F65,2010-07-29 17:00:04.487,93226CC6-A1A0-C614-BA69-A7C748D323FF,27,0
21,2E36DDDA-ACCD-1D55-B066-3098D60CBFCF,2010-08-01 11:13:23.190,2E1B04DB-C218-35AC-824D-719D19BBD2E9,20,0
22,4E8BB4B9-CAAD-7CAC-6A96-BD7E9A9EEDC6,2010-08-07 17:53:54.023,0656300E-9FFF-7A01-C280-D9713432AC00,27,0
23,6224A5F8-DC67-2AF9-7AEC-3196567DEA70,2010-08-11 13:13:44.350,93CE390B-00B5-8E4D-512D-571E83D2AB48,14,0
24,9FB8FEEB-DA85-2776-521B-39748B65AB97,2010-08-23 12:12:37.137,9D850491-F3CB-A790-7934-D69FFA86898D,20,0
25,AF4B1815-D6B6-5A9F-276F-788FA9B8643A,2010-08-26 12:46:29.740,8ED996E4-E6CA-5640-648A-3AD1B0C7F336,24,0
26,AF5D681D-B1DA-9147-5C8F-FE1102D10486,2010-08-26 13:06:29.457,8ED996E4-E6CA-5640-648A-3AD1B0C7F336,20,0
27,15D22AA8-E523-D0E9-0C3B-384CE451390D,2010-09-15 10:35:18.347,F4306D9A-F020-F3C6-5A95-BA929A491324,20,0
28,7841DAF9-FA35-B43E-0E4F-19FCB5B1F796,2010-10-04 13:20:04.543,CD9DA157-FCD2-12B6-4CB8-A90F349C24D7,27,0
29,E36B5C6A-C41A-DEBF-662E-8D64FEF2C047,2010-12-14 00:47:34.853,9DEEBB04-D56B-9DDA-C758-ADDF4B28F710,20,0
30,084A59A7-0F67-2785-01A7-05F57848C423,2010-12-21 04:37:28.250,08441A88-A0C4-6126-C0D4-22478B1F1519,20,0
32,6D01F674-B9EF-2207-79A0-FF4C2448F23F,2011-02-28 11:02:50.080,1085EA94-0C4C-F0C6-FBBE-01AC2F4C1232,20,0
33,2194B5F2-B8E4-D74C-BE20-ED3F8705AE24,2011-05-24 06:37:33.273,4A7D34AC-A151-778D-9513-C2E0B52AFD3B,20,0
34,DAA353DA-FA1E-DD20-75F9-EEBD3D932E86,2011-06-29 05:03:16.367,DAA0F042-FC8E-9BE3-F2AB-DAFF0E285BC3,23,0
35,AE08A1E3-DA99-D854-B7AD-A454EEA01ABB,2011-08-09 06:13:48.337,4A7D34AC-A151-778D-9513-C2E0B52AFD3B,33,0
36,AE14A3A3-A0D6-9151-BC09-33BE93F5938B,2011-08-09 06:26:54.873,E6E6D75E-0F91-4A8E-7D1C-B5A9521E7206,33,0
37,AF1AD0E7-A4E2-02FC-ACC4-218718FE37CC,2011-08-09 11:13:17.377,DF266332-A6B4-BDED-814A-3924944B7B79,33,0
38,BA0EDAB5-95B0-DE11-B2C4-809CA26594F6,2011-08-11 14:16:02.810,7320B89A-D2CC-642B-F567-F6E0372C7B01,33,0
39,E386D946-ACDF-38E7-AED4-45BA2D93B900,2011-08-19 15:31:32.417,AE298D15-EA5A-AF1F-9C03-5A7091F306BC,26,0
40,FC219480-B4C9-682E-56D6-E3DCA7307284,2011-08-24 10:11:26.093,0255CDF3-C0ED-972F-98FA-78C32C248663,34,0
42,FCC45DCF-F56E-8973-13DD-326DFA1EE29D,2011-08-24 13:09:13.980,D6DF7736-90FA-C6A0-0AAD-3490B63943EA,34,0
43,FD2B2DE3-0D7E-DE49-B968-7A128D67C255,2011-08-24 15:01:32.940,718AC021-B8E5-BA92-8416-76D833420AB2,33,0
44,31CBC332-E326-79C7-B515-2629C21EDC45,2011-09-03 20:17:11.567,AE298D15-EA5A-AF1F-9C03-5A7091F306BC,21,0
48,3F81CDB0-DFC2-3238-DD01-850FE118B862,2011-09-06 12:11:03.990,3B43FD8E-A9F3-4B1A-74CC-255ACCD77E11,28,0
49,7787E58F-BF62-5594-9BC1-BC12FC628B77,2011-09-17 09:16:29.197,8E95C259-FC16-F130-C487-C733551382AD,35,0
50,ABAE95BC-9BC3-5536-0D2A-A400D4863F8E,2011-09-27 12:19:04.653,3B43FD8E-A9F3-4B1A-74CC-255ACCD77E11,37,0
51,ABCFB5DA-C07F-E341-998F-5FB2BD3CE955,2011-09-27 12:55:09.023,3B43FD8E-A9F3-4B1A-74CC-255ACCD77E11,24,0
52,AC3FAD75-0C9F-EE7E-0134-BD87F3C436A6,2011-09-27 14:57:26.903,47778DB8-B8C8-7FE9-D03D-59636F31D724,27,0
53,AE5276E8-F84A-F92E-59A6-FA933735CF41,2011-09-28 00:37:12.563,47778DB8-B8C8-7FE9-D03D-59636F31D724,20,0
54,AE9BC409-F347-29C2-BA43-4A052C15F629,2011-09-28 01:57:16.427,47778DB8-B8C8-7FE9-D03D-59636F31D724,28,0
55,B4E40BAB-DA4E-449E-9F7F-EF2EAC485933,2011-09-29 07:13:56.737,E7CE9886-F570-1784-C7C4-E2F846D22C63,28,0
56,B4EA10EE-FD15-6B52-71FC-7EBD82EEC81F,2011-09-29 07:20:31.403,FCBDCC01-A064-80DC-AEAE-3FEC48D0E1EF,28,0
57,B572BD92-A958-FD77-1094-384E10D79A90,2011-09-29 09:49:48.360,AC7228A9-F514-4254-215A-834E8D4B3BD4,32,0
58,B672F936-DF48-384A-0B4E-C99A417BE618,2011-09-29 14:29:40.850,5D7F55A2-9270-2557-AE24-F9C8FD0213CA,28,0
59,BB87CAEE-FD27-29DE-89C9-C9BAE951A433,2011-09-30 14:10:31.280,BB814997-91AC-2D2A-7185-F13279ED789E,28,0
60,BC5EC42E-E9FA-C215-F397-CFEC0F0A64F5,2011-09-30 18:05:19.807,A1B9907B-B869-D0F0-A6B9-B5716D4C414A,20,0
61,BC63F862-05CC-C152-E980-9226F08C4057,2011-09-30 18:11:00.837,A1B9907B-B869-D0F0-A6B9-B5716D4C414A,32,0
62,BFC7C7BC-F855-AC9C-0E46-53FE819CB3BE,2011-10-01 09:58:53.630,9B2C1769-BF55-7A6C-E733-08729834AC73,22,0
63,BFC833EC-9504-2147-10A6-A7D1D005E1EC,2011-10-01 09:59:21.327,9B2C1769-BF55-7A6C-E733-08729834AC73,23,0
64,BFC8897A-C35E-A657-7748-ABC905B22F96,2011-10-01 09:59:43.227,9B2C1769-BF55-7A6C-E733-08729834AC73,24,0
65,BFC9179F-0D16-2E6C-E706-125593120D6F,2011-10-01 10:00:19.617,9B2C1769-BF55-7A6C-E733-08729834AC73,25,0
66,BFC982AD-FC7E-9850-98CC-987D74E755CE,2011-10-01 10:00:47.023,9B2C1769-BF55-7A6C-E733-08729834AC73,14,0
67,BFC9D894-E3AE-C127-B956-1F1624228F5E,2011-10-01 10:01:09.013,9B2C1769-BF55-7A6C-E733-08729834AC73,32,0
68,BFCA14E9-E8E1-5376-8AD2-2999EA13B65D,2011-10-01 10:01:24.457,9B2C1769-BF55-7A6C-E733-08729834AC73,26,0
69,BFCA9979-0B35-C9CF-D011-FAB83BBA244F,2011-10-01 10:01:58.397,9B2C1769-BF55-7A6C-E733-08729834AC73,20,0
70,CB9AC3E1-0C15-74B4-FF6B-802E4174F5C5,2011-10-03 17:05:10.117,CB989A7F-0EA8-BBA9-01B6-B323BDD167D3,28,0
71,CF183EEB-AD0A-1A0A-59D0-A7C221E14B78,2011-10-04 09:21:05.263,D69734CC-B871-1D48-5593-EC2783C01994,32,0
72,CFF63E1D-D5BA-02CC-0A98-84E1970150FD,2011-10-04 13:23:34.107,C437ECAF-07BE-30BD-C0FB-424CAF3BB43A,20,0
73,D6438825-B618-09A6-961C-821D48ED7A87,2011-10-05 18:45:42.567,8EE4EF4C-0E94-6CB4-E3E0-94C1479FF520,39,0
74,D9CFFD63-C738-877F-4DD8-65FDBD278348,2011-10-06 11:17:59.390,936C02C8-DDC7-0C13-3FD1-0425A656048B,28,0
75,F03A779A-C750-5BCE-01E6-6820A63A3CA6,2011-10-10 19:45:56.127,9212F566-E089-1A00-7B4A-41A3945AE5D3,20,0
76,F03C9537-B5A2-4E4A-621E-FE183ACA5216,2011-10-10 19:48:14.777,9212F566-E089-1A00-7B4A-41A3945AE5D3,22,0
77,F2A071D5-095B-7AC4-5D2E-DEA41F2D5886,2011-10-11 06:56:33.753,74A92A24-E7C4-38C5-0D14-7ED4E3E5855E,25,0
78,F2E20537-AA48-AD49-2FD3-156D232BE081,2011-10-11 08:08:11.340,8EB8057A-DE34-9B50-C21F-CA18409409DC,40,0
79,F32DFCD1-AA4B-FBA5-1E6D-7F5FFBAE11E6,2011-10-11 09:31:09.907,DBBBB468-D698-F97C-C715-A8D1FB67238A,40,0
80,F43789CB-9494-F7E5-AE85-E66FC348F392,2011-10-11 14:21:13.037,66242542-0BB9-0ECF-6EA1-C5EFCF6A2E0D,20,0
81,F4DE25CB-93A0-D1A0-2A5D-E598D28C30E8,2011-10-11 17:23:11.950,9D9328B9-0B67-1E62-F940-FED52E08A965,23,0
82,F4E76D35-EAB8-EE57-CBCA-D67EA52BFA46,2011-10-11 17:33:20.057,9D9328B9-0B67-1E62-F940-FED52E08A965,28,0
83,F5C27CFC-D8A4-F914-E8ED-EA8CD6B493D9,2011-10-11 21:32:36.477,8F9C6A80-90D3-1B52-7F1B-9D7F553741FB,28,0
84,F601C3F9-9A50-1658-9514-0E2D38BBA1A4,2011-10-11 22:41:43.417,C973CB67-C168-235F-A6BA-046030E8F386,20,0
85,F9264827-A522-CC34-F85B-5ADC0C648F5B,2011-10-12 13:20:28.203,DF963195-E442-D0B7-D991-03D3EE5484C4,28,0
86,FEC8D7F6-D16A-7BB7-8D75-88E7F88BE389,2011-10-13 15:36:07.930,8B6628A2-A644-6453-F464-9B57A3B12AC3,27,0
87,FECE52FC-C445-10DB-4E1D-643EB0753F31,2011-10-13 15:42:07.107,8B6628A2-A644-6453-F464-9B57A3B12AC3,25,0
88,FED0319F-F414-FC7F-8B1E-5B8A777370F6,2011-10-13 15:44:09.633,8B6628A2-A644-6453-F464-9B57A3B12AC3,26,0
89,FED3E40A-F91F-749F-4CEE-3B01BBAEA787,2011-10-13 15:48:11.917,8B6628A2-A644-6453-F464-9B57A3B12AC3,23,0
90,FED84A83-0BFA-9657-F3AF-7894A2A46929,2011-10-13 15:53:00.303,8B6628A2-A644-6453-F464-9B57A3B12AC3,21,0
91,FEDA9399-F2D2-1FBD-683D-EDEDEEFEC5AA,2011-10-13 15:55:30.077,8B6628A2-A644-6453-F464-9B57A3B12AC3,32,0
92,FEDE6970-E5BF-50A4-0483-7F4DE1741716,2011-10-13 15:59:41.427,8B6628A2-A644-6453-F464-9B57A3B12AC3,28,0
93,FEDEF0A4-0F26-3D42-AAE4-6D5D2FB2E463,2011-10-13 16:00:16.040,8B6628A2-A644-6453-F464-9B57A3B12AC3,16,0
94,FEE08DB5-BA37-0127-3A2E-09CE98A5E9CB,2011-10-13 16:02:01.783,8B6628A2-A644-6453-F464-9B57A3B12AC3,22,0
95,FEE0C0CD-9B7A-08D2-2FAB-8B2B99E01E70,2011-10-13 16:02:14.863,8B6628A2-A644-6453-F464-9B57A3B12AC3,15,0
96,FFBEFD1D-EFC7-9EB6-ED15-4351D96210A7,2011-10-13 20:04:59.297,20D07A3B-CD7D-103B-2FF3-A61C9A04F146,20,0
97,FFC5FFB3-C5D9-B737-E7A9-02EC29207B6C,2011-10-13 20:12:38.710,20D07A3B-CD7D-103B-2FF3-A61C9A04F146,27,0
98,00417428-0A10-4414-AC42-F6C3B86BEDB2,2011-10-13 22:27:29.457,8F9C6A80-90D3-1B52-7F1B-9D7F553741FB,20,0
99,02F5A3C1-A0D1-C3C5-5D6D-CA7142E6D522,2011-10-14 11:03:32.550,44E6E800-E9D2-572F-AEB6-981429D6775B,15,0
100,0353012C-DD28-F4AA-F623-CD3C1A1E6E04,2011-10-14 12:45:31.390,0C5A9479-C63A-264D-8F2F-08B142658095,28,0
101,04370099-F185-30EB-4697-B92BEE738D3A,2011-10-14 16:54:33.373,F9A58D20-92BE-9A26-DFA6-4E88AC9E14E5,27,0
102,043C5023-F5A2-A516-3EDF-11442071E5C6,2011-10-14 17:00:21.413,F9A58D20-92BE-9A26-DFA6-4E88AC9E14E5,21,0
103,043D49BC-FCCB-4E4B-C024-9C0BD1D21B0B,2011-10-14 17:01:25.310,F9A58D20-92BE-9A26-DFA6-4E88AC9E14E5,26,0
104,04406D92-E0CA-813C-8872-D65687CFCC36,2011-10-14 17:04:51.093,F9A58D20-92BE-9A26-DFA6-4E88AC9E14E5,24,0
105,04415530-B95A-221F-DAA9-1DDE5055C03C,2011-10-14 17:05:50.390,F9A58D20-92BE-9A26-DFA6-4E88AC9E14E5,22,0
106,0443EF26-AC88-11DB-7E9A-D6D4C6E07FAA,2011-10-14 17:08:40.870,F9A58D20-92BE-9A26-DFA6-4E88AC9E14E5,23,0
107,044525EA-0F46-FB34-2001-B39102FC92CC,2011-10-14 17:10:00.430,F9A58D20-92BE-9A26-DFA6-4E88AC9E14E5,20,0
108,044759CA-E151-83D1-BCD1-AF61CF44500A,2011-10-14 17:12:24.780,F9A58D20-92BE-9A26-DFA6-4E88AC9E14E5,16,0
109,0448782D-E9FE-9D21-480D-EBC2A51AFBF8,2011-10-14 17:13:38.093,F9A58D20-92BE-9A26-DFA6-4E88AC9E14E5,28,0
110,04BE4D89-B476-BCAD-2825-E76FD93A8A11,2011-10-14 19:22:20.427,E8AC5C2C-0697-E66B-104A-95A687968EED,23,0
111,09E8D5FF-F0F2-5FF8-9350-4D75633DAC08,2011-10-15 19:26:53.953,5962B071-CAC8-1105-45F0-130554175D48,32,0
112,09F3256D-077B-36D8-2010-C59E26DFB8ED,2011-10-15 19:38:09.647,5962B071-CAC8-1105-45F0-130554175D48,25,0
113,09F8743B-AA59-E301-54D9-5AF80CAB829B,2011-10-15 19:43:57.500,5962B071-CAC8-1105-45F0-130554175D48,20,0
114,0C0BEA0A-0D7A-390E-1049-A6F046EC9EC0,2011-10-16 05:24:27.277,4A7D34AC-A151-778D-9513-C2E0B52AFD3B,26,0
115,0C145C43-BA16-3EFF-4DAD-9E7699CE1EAC,2011-10-16 05:33:40.807,4A7D34AC-A151-778D-9513-C2E0B52AFD3B,40,0
116,0F433114-D384-D9D7-43C1-653BC74ACEF6,2011-10-16 20:23:41.590,B406F742-EEA2-ADEE-F8B7-4F883B7AEC04,28,0
117,13837CCF-F396-2068-F595-93DDC9375C61,2011-10-17 16:12:24.147,D4344D52-D8CE-4C29-A207-B34DE4E113E1,28,0
118,1386566C-B8ED-92A8-2815-184E849C6BDF,2011-10-17 16:15:30.927,D4344D52-D8CE-4C29-A207-B34DE4E113E1,16,0
119,147F856D-A9F5-7D2E-7225-74C5CD46B1DD,2011-10-17 20:47:41.423,55341089-D47E-0D7A-1F4B-7917B1D041EA,25,0
120,147FC571-0529-3246-3BE5-6040870BED42,2011-10-17 20:47:57.810,55341089-D47E-0D7A-1F4B-7917B1D041EA,22,0
121,14831DA6-BBAD-BDFC-B978-C72F7EF6FF07,2011-10-17 20:51:37.007,55341089-D47E-0D7A-1F4B-7917B1D041EA,26,0
122,14835879-9864-89BA-8E72-C4A14576DA10,2011-10-17 20:51:52.060,55341089-D47E-0D7A-1F4B-7917B1D041EA,20,0
123,14839DB0-F136-81AD-CBD0-0A259197F0FD,2011-10-17 20:52:09.777,55341089-D47E-0D7A-1F4B-7917B1D041EA,27,0
124,1483B5CA-F58F-A5EE-A9F2-3C64CC6181A1,2011-10-17 20:52:15.947,55341089-D47E-0D7A-1F4B-7917B1D041EA,21,0
125,1483F42E-B3C6-A64C-11A9-F4B57339DBC4,2011-10-17 20:52:31.920,55341089-D47E-0D7A-1F4B-7917B1D041EA,14,0
126,1484228A-05CF-CEFD-7A23-5BFED1C768A9,2011-10-17 20:52:43.787,55341089-D47E-0D7A-1F4B-7917B1D041EA,17,0
127,1484343B-94CE-9540-4A91-BE6CB4CB5FC4,2011-10-17 20:52:48.317,55341089-D47E-0D7A-1F4B-7917B1D041EA,32,0
128,14844CE6-F8B7-CF1C-0C56-C7654CCD772A,2011-10-17 20:52:54.633,55341089-D47E-0D7A-1F4B-7917B1D041EA,16,0
129,14846058-BE2D-16DA-F9A6-36DEA26CB7EB,2011-10-17 20:52:59.610,55341089-D47E-0D7A-1F4B-7917B1D041EA,23,0
130,1484752C-D688-27ED-C7D8-DFD4ED7C874B,2011-10-17 20:53:04.940,55341089-D47E-0D7A-1F4B-7917B1D041EA,24,0
131,148487DA-FAB9-9110-D1BD-D0D10BDCC9A0,2011-10-17 20:53:09.723,55341089-D47E-0D7A-1F4B-7917B1D041EA,28,0
132,14849ABD-AEC4-610B-E758-22E796EB757F,2011-10-17 20:53:14.560,55341089-D47E-0D7A-1F4B-7917B1D041EA,18,0
133,1484B833-E65F-4E8C-B555-E2BCA42BC5F5,2011-10-17 20:53:22.100,55341089-D47E-0D7A-1F4B-7917B1D041EA,19,0
134,1484D43E-ECD5-12AE-51FF-99505690FEF8,2011-10-17 20:53:29.280,55341089-D47E-0D7A-1F4B-7917B1D041EA,15,0
135,17750597-E004-B8CC-EA76-837ED9057473,2011-10-18 10:35:05.007,439BD174-0218-CEF0-5E50-0E1FDFDF980E,20,0
136,18677FC7-013A-DA7F-FF9D-2AD8CE77B575,2011-10-18 14:59:55.980,44E6E800-E9D2-572F-AEB6-981429D6775B,14,0
137,18680395-A2B5-4E4A-05B7-1AD956064B6B,2011-10-18 15:00:29.720,44E6E800-E9D2-572F-AEB6-981429D6775B,17,0
138,18688FE8-CFFE-B57C-E572-BB4ABF331D86,2011-10-18 15:01:05.647,44E6E800-E9D2-572F-AEB6-981429D6775B,18,0
139,1869F504-DEEA-31D3-537E-250E58000B6E,2011-10-18 15:02:37.063,44E6E800-E9D2-572F-AEB6-981429D6775B,19,0
140,1B6F05B1-EEF1-10F1-C713-EB390D25C703,2011-10-19 05:07:00.660,1B0E90E1-A9A7-F69A-4D6A-82ACD5DDEF60,28,0
141,1F124CFD-E64E-2D88-44BC-587CDB41373F,2011-10-19 22:04:12.930,AB8F198E-AA57-B9E7-CE98-A669519F47A4,20,0
142,1F15C3CD-EDF0-3144-A3C1-BF37A540C78F,2011-10-19 22:07:59.950,AB8F198E-AA57-B9E7-CE98-A669519F47A4,21,0
143,22DF3A84-D278-F399-FE89-E42688D24E30,2011-10-20 15:46:54.727,D1C11103-CD9C-DE71-BF8E-1CA376AC5A29,32,0
144,23A1B3FC-0055-43EA-EF3E-C89DD7E89001,2011-10-20 19:19:19.807,C598BD61-F82B-01D1-94F4-55D4A5A6F116,40,0
145,274EED4F-9CB6-3BC8-FCB6-5DB695499EA0,2011-10-21 12:27:23.857,3B43FD8E-A9F3-4B1A-74CC-255ACCD77E11,17,0
146,274EFE45-ACBC-127E-CB41-221A5BA054DB,2011-10-21 12:27:28.200,3B43FD8E-A9F3-4B1A-74CC-255ACCD77E11,15,0
147,274FB73B-BCD6-E003-9FE2-EF45151A4597,2011-10-21 12:28:15.550,3B43FD8E-A9F3-4B1A-74CC-255ACCD77E11,16,0
148,27545CE9-0452-8D06-A25A-63ACD6BDE774,2011-10-21 12:33:20.110,3B43FD8E-A9F3-4B1A-74CC-255ACCD77E11,22,0
149,28921270-F686-CFC3-09F0-270D5EEC8560,2011-10-21 18:20:21.490,3A8B76D7-BCDF-4F48-36E8-A649F123467E,24,0
150,2BF404C2-BE7C-F48E-EC7C-3F03D14B102A,2011-10-22 10:06:12.163,2BE8114A-BB7E-58EB-9F0C-8859B0DC93BF,28,0
151,2EADA48F-AB32-44DA-08E7-AE0C6BFD9378,2011-10-22 22:48:11.667,9192CDA0-FAB0-16AD-72C7-16B0B4BD90E2,32,0
152,3182C95E-CB8B-703F-C565-5C04ADECDD3F,2011-10-23 12:00:14.687,8000540E-0B56-A467-A103-3C6AACC06053,15,0
153,37407C2C-CC95-7383-33F2-CACE13C51959,2011-10-24 14:45:32.847,3B43FD8E-A9F3-4B1A-74CC-255ACCD77E11,32,0
154,3740C5FA-D8C8-1B25-738A-F598D0A4AE02,2011-10-24 14:45:51.740,3B43FD8E-A9F3-4B1A-74CC-255ACCD77E11,35,0
155,3742E5F6-B635-6B5C-02B0-D08301D2DE26,2011-10-24 14:48:17.303,3B43FD8E-A9F3-4B1A-74CC-255ACCD77E11,38,0
156,37450250-9B72-2B9F-2197-D69A44F263FC,2011-10-24 14:50:29.330,3B43FD8E-A9F3-4B1A-74CC-255ACCD77E11,34,0
157,3746173C-03FC-DE59-4110-2D8D399C49AB,2011-10-24 14:51:40.223,3B43FD8E-A9F3-4B1A-74CC-255ACCD77E11,43,0
158,37A29059-050D-4B60-6FDA-7406B57A77F7,2011-10-24 16:32:40.540,372FD42B-07FB-3207-7A0B-AEC04FAAE00C,28,0
159,3B28BDC5-FEBD-B0AE-3B54-32DB0F477B19,2011-10-25 08:58:05.640,20032FFD-03ED-3F44-DC46-940C50441359,35,0
160,3BEDD2AE-0D18-A97D-E57F-CAECB1E4DE16,2011-10-25 12:33:21.593,8F9C6A80-90D3-1B52-7F1B-9D7F553741FB,27,0
162,3C2EFB8A-DC29-5D31-3078-409692F0AD86,2011-10-25 13:44:31.883,8E95C259-FC16-F130-C487-C733551382AD,17,0
163,3C2FE0AC-FDB2-4E16-7F7C-DFD5E7D05FD2,2011-10-25 13:45:30.550,8E95C259-FC16-F130-C487-C733551382AD,18,0
164,3C307E6D-D7DB-C893-9715-7600C56468CB,2011-10-25 13:46:10.927,8E95C259-FC16-F130-C487-C733551382AD,28,0
165,3C324A32-F8A8-2BAA-8372-AB900437764B,2011-10-25 13:48:08.630,8E95C259-FC16-F130-C487-C733551382AD,27,0
166,3C3D0605-AC67-9301-B08D-41284ED5F2BD,2011-10-25 13:59:52.087,8E95C259-FC16-F130-C487-C733551382AD,20,0
167,3C3F50EE-98F0-81EB-6229-26D38D67E9C6,2011-10-25 14:02:22.327,8E95C259-FC16-F130-C487-C733551382AD,23,0
168,3C422C67-BDAB-F71C-981E-B43F89EB83FA,2011-10-25 14:05:29.577,8E95C259-FC16-F130-C487-C733551382AD,19,0
169,3D075819-9CCF-58D9-0CCE-B844152F0C63,2011-10-25 17:40:51.357,8F9C6A80-90D3-1B52-7F1B-9D7F553741FB,16,0
170,3D083804-A586-6C78-DEAE-90D8077A4CC9,2011-10-25 17:41:48.677,8F9C6A80-90D3-1B52-7F1B-9D7F553741FB,26,0
171,3D09F0F6-A410-8EF4-AEDE-3B9FF7428C14,2011-10-25 17:43:41.560,8F9C6A80-90D3-1B52-7F1B-9D7F553741FB,24,0
172,40C5BC52-E17D-522D-2321-8D17369241EE,2011-10-26 11:07:40.567,8F9C6A80-90D3-1B52-7F1B-9D7F553741FB,17,0
173,40CBDC73-EC72-79ED-9C98-C95FFA307F1E,2011-10-26 11:14:21.943,8F9C6A80-90D3-1B52-7F1B-9D7F553741FB,18,0
174,4136629E-EA03-4848-701B-9F50786EF829,2011-10-26 13:10:43.103,8F9C6A80-90D3-1B52-7F1B-9D7F553741FB,23,0
175,41FDA14A-F154-4E8D-4671-7209F7173D82,2011-10-26 16:48:20.813,67B81D2F-C6D2-5855-AE7C-56EFF5853C89,20,0
176,45679CFF-D007-7935-FB59-3DA681316651,2011-10-27 08:42:58.180,32835070-09FC-EEB1-3484-139677581D60,32,0
177,46C40ACB-CDBA-D060-5AB8-686A3F7DBEF2,2011-10-27 15:03:32.813,8F9C6A80-90D3-1B52-7F1B-9D7F553741FB,21,0
178,46CC74F6-A627-3E4E-551A-F672466002F3,2011-10-27 15:12:44.280,FB98DFE8-9B5D-A548-A7A5-BBEB135D1ECA,28,0
179,4924C267-BA2E-D180-6C54-30905FEE68B4,2011-10-28 02:08:25.707,9DB9D4FE-DAED-E084-3E20-5F930E2C639A,18,0
180,507E64E0-08E6-D099-A537-A95A2F508AB6,2011-10-29 12:23:40.513,9173A0F8-FF8B-3041-A1C7-C560E51214DD,28,0
181,52BB9039-B993-14CF-C7EE-890AF3A95DE5,2011-10-29 22:49:43.740,CD9DA157-FCD2-12B6-4CB8-A90F349C24D7,28,0
182,52BF8BD7-0840-0480-5BB8-6B3927B11BE9,2011-10-29 22:54:04.760,CD9DA157-FCD2-12B6-4CB8-A90F349C24D7,43,0
183,545A5E00-A933-5A90-A012-6101B1267B99,2011-10-30 06:22:48.527,672F2BFA-BEC4-3222-8628-0747F012CEB7,25,0
184,545C05BE-C22E-07EC-B5F4-190F882B440A,2011-10-30 06:24:36.800,672F2BFA-BEC4-3222-8628-0747F012CEB7,21,0
185,5B6FF0FF-AF37-8D10-A8DC-0EFDD902DF8A,2011-10-31 15:23:42.733,8F9C6A80-90D3-1B52-7F1B-9D7F553741FB,25,0
186,5B717752-B00E-9D58-263F-1F81A3269362,2011-10-31 15:25:22.643,8F9C6A80-90D3-1B52-7F1B-9D7F553741FB,19,0
187,5B727D4A-D50A-A596-5AF1-4D240B9334E0,2011-10-31 15:26:29.710,8F9C6A80-90D3-1B52-7F1B-9D7F553741FB,32,0
188,5C511A49-CCB1-9506-0A6D-A66890B8B53A,2011-10-31 19:29:38.890,12CB8D6A-B0A0-AB7A-0401-28A344F7C52A,20,0
189,5DCACA26-E08A-FD86-7539-A6F5C97D4E36,2011-11-01 02:22:10.990,8E2936A7-0CD0-638A-8C26-D7B42505A575,26,0
190,5DD13278-C042-2226-FD7E-74D26018C075,2011-11-01 02:29:10.907,8E2936A7-0CD0-638A-8C26-D7B42505A575,21,0
191,5F177709-9577-3948-58D4-48A14B59A312,2011-11-01 08:25:35.973,86F331D0-B7BA-8EA9-3AF3-797BB0AC9E53,43,0
192,5F34E7D0-F016-6BD9-AA4F-FB7DEC8D8FB6,2011-11-01 08:57:42.610,868CD038-CA1C-4251-5E62-4E7AAAE547CD,28,0
193,5F3A254E-DE5A-04C6-9DFA-12C418C06FED,2011-11-01 09:03:28.207,868CD038-CA1C-4251-5E62-4E7AAAE547CD,43,0
194,5F7784BB-EF55-404F-351F-8D0C51D9D873,2011-11-01 10:10:28.157,C973CB67-C168-235F-A6BA-046030E8F386,32,0
195,5FB747EF-FB5B-49C7-5AA0-11BBC78AAB73,2011-11-01 11:20:06.897,5FB36BD1-F811-EE23-CC5E-0C7DDCEC382C,28,0
196,5FC292A9-D98B-C7AD-754A-5F13B298696E,2011-11-01 11:32:26.923,5FC16CBC-CC50-2CCB-8689-D5E8EC88A251,28,0
197,65293957-DD87-E3D6-73C0-9EEA354AB9B0,2011-11-02 12:42:40.347,8F9C6A80-90D3-1B52-7F1B-9D7F553741FB,22,0
198,652AAE1B-986D-CFAC-9E59-E989441DA821,2011-11-02 12:44:15.773,8F9C6A80-90D3-1B52-7F1B-9D7F553741FB,15,0
199,66FB0BE7-D185-F452-5543-EC57ACC80675,2011-11-02 21:11:28.487,61E148C6-D3FA-14F5-9359-AA481FC24316,28,0
200,66FC1D03-0FAB-2573-C3AB-B2C2F00F8954,2011-11-02 21:12:38.403,61E148C6-D3FA-14F5-9359-AA481FC24316,25,0
201,66FCC4DD-CD52-E25B-8ACF-E380821630DC,2011-11-02 21:13:21.377,61E148C6-D3FA-14F5-9359-AA481FC24316,27,0
202,66FD3AF5-0C84-0D01-E07E-515BC467723C,2011-11-02 21:13:51.607,61E148C6-D3FA-14F5-9359-AA481FC24316,18,0
203,679A7454-E3DD-8A40-DBF8-C7EF09FB8347,2011-11-03 00:05:35.450,B4DAAD7B-CA71-529E-1FD2-DDB49CC03C14,20,0
204,682DED8F-B1E7-8D69-4284-3C846EA40C56,2011-11-03 02:46:40.273,68237CCC-E4E8-BBB6-E109-C623D723AA6C,28,0
205,6F758A86-0DD4-2078-A199-4C171D49D5BF,2011-11-04 12:42:14.027,A631AC21-F97D-FBDC-73CE-E1D281CFFCD7,25,0
206,6F99004A-B367-5FB9-F3A4-53AC504D3FF3,2011-11-04 13:20:57.947,A631AC21-F97D-FBDC-73CE-E1D281CFFCD7,15,0
207,707C5A15-0BA8-3C19-666F-D51C1803B64B,2011-11-04 17:29:17.590,9D4AAEF8-CE9E-6F04-24F2-A79A50258E53,28,0
208,719CD1AB-FEDA-9AAC-7D08-BF373D4046A7,2011-11-04 22:44:22.577,9D4AAEF8-CE9E-6F04-24F2-A79A50258E53,20,0
209,7230A9AC-A955-909A-07F9-60D7534089BC,2011-11-05 01:25:51.663,1B0E90E1-A9A7-F69A-4D6A-82ACD5DDEF60,20,0
210,72324BC7-DC4F-683D-481D-9CFEC3C6BCA5,2011-11-05 01:27:38.697,1B0E90E1-A9A7-F69A-4D6A-82ACD5DDEF60,22,0
211,72326F9D-FE2B-545B-9775-24A955B792EA,2011-11-05 01:27:47.870,1B0E90E1-A9A7-F69A-4D6A-82ACD5DDEF60,32,0
212,77A273E3-F165-CE1C-2133-A9F93DCA8074,2011-11-06 01:48:15.080,1B0E90E1-A9A7-F69A-4D6A-82ACD5DDEF60,23,0
213,7E739FAA-F885-50A9-71D1-961042ACF201,2011-11-07 09:34:26.603,C21C8104-BC4A-0BDF-46ED-8CF02E091583,25,0
214,7E75F3F5-BF38-B941-A557-F31E6FB6EEB5,2011-11-07 09:36:59.257,C21C8104-BC4A-0BDF-46ED-8CF02E091583,32,0
215,83C9B7B6-907A-8305-D25B-AD6EA3931267,2011-11-08 10:26:34.937,5F97FD57-EDF4-7B47-5FCB-1531CDC188F3,28,0
216,83D6B1F3-E509-F7D1-4C18-F9B47A8F6185,2011-11-08 10:40:45.430,3D918775-CEE8-DCED-A98B-B9B9C6761C83,19,0
217,84463A5C-E6DC-6A64-659E-A2E4BFF8158D,2011-11-08 12:42:34.847,98A0EE26-E4CD-F510-DA79-C2699C3B2268,27,0
218,844FA94F-ED4B-7E70-F348-F0C6205CDA44,2011-11-08 12:52:53.073,8F9C6A80-90D3-1B52-7F1B-9D7F553741FB,14,0
219,8656AFDE-940B-BD9A-B418-00C57CEB9C62,2011-11-08 22:19:47.937,8611B3C3-D80D-7CBE-4B62-4D8507CA0DF8,28,0
220,8D714F2F-F168-D0D2-88B0-F7983CEA03DD,2011-11-10 07:26:13.170,880E8773-0531-0848-01A7-5DC159B10D1C,27,0
221,8D718962-94E8-9FE7-B64C-6300614DDE5A,2011-11-10 07:26:28.070,880E8773-0531-0848-01A7-5DC159B10D1C,22,0
222,8D7720CB-C653-467D-D927-D033A9DAEB85,2011-11-10 07:32:34.510,880E8773-0531-0848-01A7-5DC159B10D1C,28,0
223,8D77F17F-F0A6-CADB-6282-6AAF83AC6C6A,2011-11-10 07:33:27.937,880E8773-0531-0848-01A7-5DC159B10D1C,25,0
224,92AF037F-C615-D9AB-7208-0392484CC68E,2011-11-11 07:51:43.113,8611B3C3-D80D-7CBE-4B62-4D8507CA0DF8,21,0
225,92AF8903-E37E-75E1-6B3B-AD9EC47DBE35,2011-11-11 07:52:17.287,8611B3C3-D80D-7CBE-4B62-4D8507CA0DF8,26,0
226,92B27B6C-F620-448F-F1A8-63AC4C3D7898,2011-11-11 07:55:30.417,8611B3C3-D80D-7CBE-4B62-4D8507CA0DF8,20,0
227,92B2DD7B-BD4C-CEF1-CD7E-963E2BAC23E5,2011-11-11 07:55:55.517,8611B3C3-D80D-7CBE-4B62-4D8507CA0DF8,14,0
228,92B33EB9-E5E3-18D3-130E-96863BC0FBB8,2011-11-11 07:56:20.410,8611B3C3-D80D-7CBE-4B62-4D8507CA0DF8,32,0
229,92B4592A-EBF8-34E3-545F-1EE4E47F9343,2011-11-11 07:57:32.717,8611B3C3-D80D-7CBE-4B62-4D8507CA0DF8,23,0
230,92B5457B-A63E-1912-9D28-FDEC7D8B6DAB,2011-11-11 07:58:33.213,8611B3C3-D80D-7CBE-4B62-4D8507CA0DF8,22,0
231,92B5BA07-EFB4-2205-4D85-71F171EE44A5,2011-11-11 07:59:03.053,8611B3C3-D80D-7CBE-4B62-4D8507CA0DF8,16,0
232,92B69D0F-956D-67F1-A838-E43A212B1F24,2011-11-11 08:00:01.173,8611B3C3-D80D-7CBE-4B62-4D8507CA0DF8,18,0
233,92B7AE1D-CEAA-0548-9419-485395F0F493,2011-11-11 08:01:11.083,8611B3C3-D80D-7CBE-4B62-4D8507CA0DF8,19,0
234,99728359-B914-BD00-CD51-45A6FF730008,2011-11-12 15:22:58.653,D1C11103-CD9C-DE71-BF8E-1CA376AC5A29,18,0
235,99776A54-DC33-422C-ECD7-83A2CBA387AB,2011-11-12 15:28:19.927,D1C11103-CD9C-DE71-BF8E-1CA376AC5A29,41,0
236,AA178DE3-AE00-A70F-C7E0-951E19858792,2011-11-15 20:57:10.247,CCA4B667-C453-1A2F-6AFA-3B5863BB0B21,25,0
237,ACC20E21-A4AF-F095-957D-D08100B4A4FF,2011-11-16 09:22:38.627,44E6E800-E9D2-572F-AEB6-981429D6775B,28,0
238,AD6756A0-F314-9F58-3339-645F9298083E,2011-11-16 12:23:10.627,1C504BF3-EBDC-0F1D-B6F3-D9F117456790,28,0
239,B2607D7F-B04E-71F5-4E26-B8A01EA251E9,2011-11-17 11:33:47.907,B7DB9B7C-0C4E-7ADE-D335-8F4A98F626D1,20,0
240,B3E6EA11-A2BF-F75A-AAEA-4D6CEF7AB6CE,2011-11-17 18:40:17.917,8F0D3058-B945-7862-329E-93D203BF7864,20,0
241,C76EDD04-E88E-E2DE-B112-0E558D0F9E44,2011-11-21 13:41:31.397,441FC6B3-EABF-2802-1C65-7202284520D0,28,0
242,C78EC081-BF20-CF1B-F27E-B4C9C6300F0F,2011-11-21 14:16:21.253,8F54B4A4-952F-5D2C-9903-B82609142242,27,0
243,C7949DDC-09B0-6681-FF71-7CE65D300F7F,2011-11-21 14:22:45.597,8F54B4A4-952F-5D2C-9903-B82609142242,22,0
244,CBC14EAC-DB6F-6758-5F93-2031340980FB,2011-11-22 09:50:03.317,D182B72D-0FF6-C66F-2EA9-AB91E03C4EAA,22,0
245,CBC6FCA7-02FB-3C83-861D-66C1521A10FE,2011-11-22 09:56:15.530,D182B72D-0FF6-C66F-2EA9-AB91E03C4EAA,20,0
246,CE19F014-C5B2-D19D-202E-FB32A974A869,2011-11-22 20:46:06.233,9F71C0F2-BD99-7DD2-A116-E29BB91645E6,28,0
247,CE41C9E0-DEF9-6070-2546-29025EFDFAF6,2011-11-22 21:29:37.890,CE342638-E1D8-A3A2-B223-C7C355B8AD48,28,0
248,D13AF665-C519-7554-8298-75B19C0BFA91,2011-11-23 11:21:02.187,9F71C0F2-BD99-7DD2-A116-E29BB91645E6,25,0
249,D13D3B37-9FE4-77EC-42EE-F4CAD2245F63,2011-11-23 11:23:30.873,9F71C0F2-BD99-7DD2-A116-E29BB91645E6,15,0
250,D6FB8D1C-E4DC-E8BC-BC97-63FEEBAB38D7,2011-11-24 14:09:34.060,5F97FD57-EDF4-7B47-5FCB-1531CDC188F3,33,0
251,D8E2B388-D46D-A568-03A6-CEE48782B911,2011-11-24 23:01:35.630,95B7E590-DEB3-827C-E90B-23087E44F838,28,0
252,DA598059-0B9B-2482-446C-B78AE2ECF611,2011-11-25 05:50:58.593,F8F4E262-BDBD-8D55-96DE-9FA108156B2E,20,0
253,E5769ECF-B9C8-DD62-8640-E8A2E848CD3B,2011-11-27 09:38:36.240,E572B690-EAD8-D1F9-D1D6-EB4521B14E7E,28,0
254,EAD5E6D1-BFB1-EC34-CC3F-3E8E65D5E9CD,2011-11-28 10:40:46.677,2778330A-BC33-AD62-3F86-3CCEA9E31BD4,32,0
255,EF56E54A-F305-4B1E-8E90-C204F74DFEBC,2011-11-29 07:40:09.293,8FD8E8E5-96B1-4A2E-13AD-877575241774,28,0
256,EFD52956-C117-1C5F-92B5-7423A2CCB145,2011-11-29 09:58:04.247,8EDA84F6-BB18-575B-4116-2D41CB0FB4F0,20,0
257,F026190E-9BCA-1B8A-CB55-FB1B37F5A2CF,2011-11-29 11:26:28.497,8EE236F0-0698-3E95-C5A3-951611EC2CFE,15,0
258,F0293897-AA43-6D93-19DC-76979ADA4A01,2011-11-29 11:29:53.177,8EE236F0-0698-3E95-C5A3-951611EC2CFE,14,0
259,F02AC281-C9BD-239F-98FD-0F5EE5AAC991,2011-11-29 11:31:34.040,8EE236F0-0698-3E95-C5A3-951611EC2CFE,19,0
260,F267E577-0FE2-8892-94E7-68321D8774BC,2011-11-29 21:57:35.100,A1284AFB-F335-56E4-A240-93BB69C09D57,32,0
261,F26AB48E-A02A-CA42-D715-66126D2D6F03,2011-11-29 22:00:39.187,A1284AFB-F335-56E4-A240-93BB69C09D57,40,0
262,F560EAC0-F31F-DEEF-20EE-A57140A42913,2011-11-30 11:48:49.347,E241B7E0-E230-027C-2D00-EB8F53F5D953,23,0
263,F5672B92-9063-5097-3C88-603FF4B2BE10,2011-11-30 11:55:39.157,E241B7E0-E230-027C-2D00-EB8F53F5D953,27,0
264,F5696CA6-06ED-3959-A718-8F9CDE2AE706,2011-11-30 11:58:06.887,E241B7E0-E230-027C-2D00-EB8F53F5D953,22,0
265,F837F6D2-D781-8A0F-51B3-A46E89A086A3,2011-12-01 01:02:57.113,8E2936A7-0CD0-638A-8C26-D7B42505A575,28,0
266,F839625B-D7D7-EC02-7FF3-9820A8F87A92,2011-12-01 01:04:30.173,8E2936A7-0CD0-638A-8C26-D7B42505A575,23,0
267,F83A272A-0980-7FDF-DF1C-D95681D50AC6,2011-12-01 01:05:20.617,8E2936A7-0CD0-638A-8C26-D7B42505A575,18,0
268,F83AC89B-CF7D-7B5B-BFFE-B15275847E09,2011-12-01 01:06:01.887,8E2936A7-0CD0-638A-8C26-D7B42505A575,27,0
269,F83B800C-022C-341B-41E9-F646A58C9B1D,2011-12-01 01:06:48.847,8E2936A7-0CD0-638A-8C26-D7B42505A575,19,0
270,F9D01C04-A79F-F1EE-5FD7-84BCDDE22EAA,2011-12-01 08:28:45.320,A86D8705-C324-113F-94BF-3213975C906C,16,0
271,06CE6722-E98F-736F-733D-A6AD1BC9640F,2011-12-03 21:01:57.283,7631EBE9-FF79-84B6-BD3C-9932CE7484AC,32,0
273,19212374-FA85-F9A9-D4D0-BE8FB0700111,2011-12-07 10:25:29.333,0C01A668-D1AF-471C-B0D7-6CA043137E5A,32,0
274,19D45775-B855-25B8-5C3D-28B0F9717A32,2011-12-07 13:41:13.590,903D4713-D85B-55BF-ACE3-45A1F565978A,25,0
275,1E2772CB-A0F6-2D8F-F957-F15E8561E9CB,2011-12-08 09:50:28.940,11041567-C874-A51B-D4ED-4C33FD5FDC0F,28,0
276,1ECE7DC2-054E-A3BE-0989-4BCF757E21C9,2011-12-08 12:52:56.260,0C01A668-D1AF-471C-B0D7-6CA043137E5A,26,0
277,1ED49219-D891-0F0F-F065-E83B8B22252D,2011-12-08 12:59:34.683,0C01A668-D1AF-471C-B0D7-6CA043137E5A,23,0
278,1EDB415C-97D0-23B2-7729-5776D9665B10,2011-12-08 13:06:52.767,A93EB01D-A5F5-53B3-1B6D-5A70D905AF01,14,0
279,218074AC-A632-72AD-12A4-2BB9C1B8C785,2011-12-09 01:26:33.777,1EE7723C-C111-535F-80C4-EF2BF7289EF6,28,0
280,23A776FC-01AF-40B9-2B8E-149E20F092AF,2011-12-09 11:28:24.703,8ED086F8-D6FB-3AD3-5CE3-CABDD03B5D24,23,0
281,26EB385F-9CA0-7B80-C7C6-468C3480DFB5,2011-12-10 02:41:16.773,1B0E90E1-A9A7-F69A-4D6A-82ACD5DDEF60,24,0
282,28D6D1BB-ED66-7EB9-82B2-0C84DDE3766A,2011-12-10 11:38:14.207,171040DD-B8D1-2574-6E6B-0F434B092C42,28,0
283,2E5AAB14-E70F-BFE8-60BF-32DB572E772F,2011-12-11 13:20:21.143,8EB529BF-FF32-D0FD-72E8-E7E55FF55F6A,32,0
284,359F8FA2-A3E4-612A-B476-7B3886C3B561,2011-12-12 23:12:56.613,6FCC1336-B47F-C258-64B0-6593D0118F54,16,0
285,35A238E2-F250-3885-6B92-2C489D44D8E5,2011-12-12 23:15:51.013,6FCC1336-B47F-C258-64B0-6593D0118F54,20,0
286,361E8777-A4BC-F747-DDEE-B54824F21774,2011-12-13 01:31:37.753,6FCC1336-B47F-C258-64B0-6593D0118F54,21,0
287,361FF4BC-B08B-DDD4-B40B-F2F7B19D8EF4,2011-12-13 01:33:11.100,6FCC1336-B47F-C258-64B0-6593D0118F54,25,0
288,3621D0A8-E953-7BE5-E0F0-94A5C5B2B443,2011-12-13 01:35:12.937,6FCC1336-B47F-C258-64B0-6593D0118F54,22,0
289,3622B1AC-D1AC-7760-FF74-C6C1671CE91F,2011-12-13 01:36:10.540,6FCC1336-B47F-C258-64B0-6593D0118F54,27,0
290,4144566A-FEB7-9E7C-A4BF-A752E3519327,2011-12-15 05:28:45.183,95B7E590-DEB3-827C-E90B-23087E44F838,32,0
291,41CACF2C-BE98-E847-1894-553BD85A5F8D,2011-12-15 07:55:37.517,2778330A-BC33-AD62-3F86-3CCEA9E31BD4,15,0
292,44C01B7C-9C6F-9000-2E14-26F78D2D8EA9,2011-12-15 21:42:47.807,270CC343-05C2-015A-AFC1-9F763E3BA0DE,32,0
293,44C82042-F0F9-E3D1-33DF-0B51FE1E3DC5,2011-12-15 21:51:33.317,441FC6B3-EABF-2802-1C65-7202284520D0,20,0
294,44CA8E0D-A809-C096-2C92-CE87FD1C234D,2011-12-15 21:54:12.497,270CC343-05C2-015A-AFC1-9F763E3BA0DE,28,0
295,4A448202-0540-C2F4-6629-766608F96A83,2011-12-16 23:25:30.883,441FC6B3-EABF-2802-1C65-7202284520D0,24,0
296,4A453BDC-C661-E516-BBC6-53A0AF3342A7,2011-12-16 23:26:18.460,441FC6B3-EABF-2802-1C65-7202284520D0,27,0
297,4C7A88C1-C2C1-8BF0-21F3-C9135EC9FB24,2011-12-17 09:43:45.987,4C77D268-B447-B693-3A80-AF143D71A1A2,28,0
298,4EEDB411-A470-75C8-7830-DC18AC7D8D31,2011-12-17 21:08:48.147,4EE731FD-E74D-D16D-12D3-956368B85F93,28,0
299,5211CFA4-BF9F-2AC6-5869-3787F8F47D96,2011-12-18 11:47:06.150,903D4713-D85B-55BF-ACE3-45A1F565978A,16,0
300,521A6AF9-FF05-F6A6-F096-A49042123AFB,2011-12-18 11:56:30.203,903D4713-D85B-55BF-ACE3-45A1F565978A,32,0
301,54878A4F-EA64-3762-08BB-647918092B70,2011-12-18 23:14:56.083,FC40D986-FC01-E628-408C-F0ABB96BF624,28,0
302,548A6D87-D112-C9E9-12C5-31D4EFCF6761,2011-12-18 23:18:05.320,FC40D986-FC01-E628-408C-F0ABB96BF624,32,0
303,55CDEFE8-AF80-0446-EF85-1DFC80EEE396,2011-12-19 05:11:26.863,47778DB8-B8C8-7FE9-D03D-59636F31D724,33,0
304,5CCDE291-F383-C4FE-1BCF-9F4945D6430B,2011-12-20 13:48:43.923,A1284AFB-F335-56E4-A240-93BB69C09D57,28,0
305,663E110B-B9F8-5E6C-B5A9-7E657917F972,2011-12-22 09:47:50.800,63EDE548-94BD-5B32-6B5B-A26ED12F5EB2,28,0
306,6744EDD1-CC97-D197-F961-6E12D26D1A12,2011-12-22 14:34:57.747,D1C11103-CD9C-DE71-BF8E-1CA376AC5A29,26,0
307,6FB0EDC6-9499-43F2-7B6A-F0F8A996BCA6,2011-12-24 05:49:53.353,3D918775-CEE8-DCED-A98B-B9B9C6761C83,28,0
308,7777B8B9-CB6E-D7F3-E50D-4F11987998E4,2011-12-25 18:04:21.950,3160E4FE-D9D3-5DDF-3F33-0BB275F2BD75,32,0
309,7869B808-B731-B9A5-2191-BCC9660E8FC6,2011-12-25 22:28:41.483,A1B9907B-B869-D0F0-A6B9-B5716D4C414A,21,0
310,81FC4798-C841-A44B-ADAC-BAA2E89D80CD,2011-12-27 19:05:21.440,47778DB8-B8C8-7FE9-D03D-59636F31D724,34,0
311,84D539A3-EC5A-4B8E-0782-A0C8E94756F9,2011-12-28 08:21:33.607,159DEF23-B709-64BA-E2B3-407C74DC5B76,24,0
312,851A4424-D2DC-A2FA-523C-32B5A8258C16,2011-12-28 09:36:58.277,159DEF23-B709-64BA-E2B3-407C74DC5B76,20,0
313,85707266-F2F7-8591-0525-7821EABA1D97,2011-12-28 11:11:06.217,737A66E9-DF00-6069-567B-7C92A7863666,37,0
314,857671E9-A1B5-14C4-BF81-E403C27D797C,2011-12-28 11:17:39.307,737A66E9-DF00-6069-567B-7C92A7863666,25,0
315,8577EEE0-E4A8-F300-D3A1-0F48AC4EC111,2011-12-28 11:19:16.833,737A66E9-DF00-6069-567B-7C92A7863666,27,0
316,858EC18F-EA3B-A510-808F-848DB3DE9C4F,2011-12-28 11:44:12.560,737A66E9-DF00-6069-567B-7C92A7863666,39,0
317,85944FD2-A6A9-AC1A-B8F2-3FDA3402DFCE,2011-12-28 11:50:16.660,737A66E9-DF00-6069-567B-7C92A7863666,35,0
318,85967839-F4B9-B75B-2104-18F8A36D28DC,2011-12-28 11:52:38.077,737A66E9-DF00-6069-567B-7C92A7863666,36,0
319,85A06C93-976D-D336-EB86-458F75D2D1C8,2011-12-28 12:03:30.453,737A66E9-DF00-6069-567B-7C92A7863666,40,0
320,85FF151F-AABC-EF3A-A1F4-D397285B6D9F,2011-12-28 13:46:53.987,AA81EC2D-CB7A-00C8-A4B3-680CF687AF37,14,0
321,89313F93-ABF7-AD13-885B-4A0BE6E5E897,2011-12-29 04:40:33.303,791D4F27-C1D4-F89F-344C-5973C69A542C,32,0
322,89345468-BCAD-693A-9407-6C4033C4F8EB,2011-12-29 04:43:55.243,791D4F27-C1D4-F89F-344C-5973C69A542C,28,0
323,96D336F2-F04C-9595-9A44-DFC1F26D5AB7,2011-12-31 20:12:31.740,8FB36620-095D-9827-7AF1-5D88C173B141,34,0
324,986D2BF1-0E92-B5A0-224F-75F0349F5275,2012-01-01 03:40:18.773,E3B6341E-F805-F0E4-5DC6-41F7922252B1,24,0
325,98790684-B679-2D35-23A2-D12FB7180609,2012-01-01 03:53:15.527,E3B6341E-F805-F0E4-5DC6-41F7922252B1,25,0
326,987B13A3-A097-62C1-1E6C-160F9AFC173A,2012-01-01 03:55:29.957,E3B6341E-F805-F0E4-5DC6-41F7922252B1,22,0
327,99CBA20D-B92B-9DBA-B326-F8A81036B0B3,2012-01-01 10:03:06.510,94BDD0F7-F5DF-8893-9109-93FDF6B1B60D,28,0
328,99D2AEFD-D3E8-2BA6-9710-B49658072F6F,2012-01-01 10:10:48.577,47778DB8-B8C8-7FE9-D03D-59636F31D724,39,0
329,9BF25934-D43D-045D-FFE0-ADB649D8F775,2012-01-01 20:04:38.197,E3B6341E-F805-F0E4-5DC6-41F7922252B1,28,0
330,9C0283A4-FDE0-0C0E-EABB-DB575EBD49F0,2012-01-01 20:22:17.637,E3B6341E-F805-F0E4-5DC6-41F7922252B1,32,0
331,A385BA94-EC93-CE4E-C3FE-584B7844F43F,2012-01-03 07:22:57.430,2778330A-BC33-AD62-3F86-3CCEA9E31BD4,28,0
332,A386FD7F-A458-54A2-7F40-93A84C0E59A1,2012-01-03 07:24:20.097,2778330A-BC33-AD62-3F86-3CCEA9E31BD4,18,0
333,A41A346A-BD62-D5D9-79E3-0E9C93C6961A,2012-01-03 10:05:07.947,88CB2572-FA8F-86B3-687C-1F7F2D6D4C63,28,0
334,A5078A6A-B406-6B5D-643F-9F25141BE11A,2012-01-03 14:24:21.997,171B746D-0D7B-48A0-9FC2-EE680646C46F,21,0
335,A8CCDC8E-F36C-C12E-7C26-3EB41973D0F7,2012-01-04 07:58:45.267,75CDB142-F1B2-78B5-FF94-F08556156C35,33,0
336,A8CE6054-D628-4868-7CA7-C43049AFFC4D,2012-01-04 08:00:24.533,75CDB142-F1B2-78B5-FF94-F08556156C35,40,0
337,A8D6373C-A9C1-8230-C302-FB4CEE9BD13D,2012-01-04 08:08:58.303,5FFF23DC-DA1D-5416-6234-19051835E2F4,28,0
338,A8D9A6C4-FDE4-CA74-8BF7-5AFD67DE8C40,2012-01-04 08:12:43.463,5FFF23DC-DA1D-5416-6234-19051835E2F4,20,0
339,ADA8F2E1-0C22-A8BE-7870-2E7A10F62025,2012-01-05 06:37:37.767,159DEF23-B709-64BA-E2B3-407C74DC5B76,32,0
340,ADB8EED7-B122-9D87-6AEE-51ED09256044,2012-01-05 06:55:05.313,8F54B4A4-952F-5D2C-9903-B82609142242,32,0
341,ADC56598-D6D1-E6AC-7861-172D46F7AA71,2012-01-05 07:08:42.137,8F54B4A4-952F-5D2C-9903-B82609142242,25,0
342,ADC8323A-FECD-2B69-F3A8-84A4EBE01CA1,2012-01-05 07:11:45.597,8F54B4A4-952F-5D2C-9903-B82609142242,21,0
343,AEF83DE1-034B-84FB-D0C4-B553F1235A27,2012-01-05 12:43:51.523,6C63843E-C550-22F9-D754-EC849741D5B0,28,0
344,B53C916F-97D9-E9E1-D5D3-F4162928A725,2012-01-06 17:56:12.657,C598BD61-F82B-01D1-94F4-55D4A5A6F116,27,0
345,B58B6DCD-E228-DD67-919B-321C2DBF9EEF,2012-01-06 19:22:20.887,30C8D84C-A8B7-578C-0B9A-ABD080DC10FB,40,0
346,B58EA50B-D584-214A-3451-ADE2F8F29D1C,2012-01-06 19:25:51.630,FC40D986-FC01-E628-408C-F0ABB96BF624,23,0
347,BC519801-E3EC-3C2D-6B1D-2391AC8063DE,2012-01-08 02:56:31.110,E3B6341E-F805-F0E4-5DC6-41F7922252B1,20,0
348,C0841F26-02C0-D9B9-FD24-2530BE9E0E71,2012-01-08 22:30:11.370,992FC0A4-D6E0-C460-AC9C-D9ECDCF067D5,28,0
349,C0A295AE-D226-2F7F-F5E4-1184BF365207,2012-01-08 23:03:27.797,5F2A943B-FC97-68E3-014B-E2B57023B157,21,0
350,C3F7F21B-E888-F8B4-568F-1239FD8F38BD,2012-01-09 14:35:33.663,C3F27A57-CCCC-38E7-0B84-6BA9F298366A,28,0
351,C7C62100-B08F-D5A3-452E-1A5A475034AF,2012-01-10 08:19:37.730,95B7E590-DEB3-827C-E90B-23087E44F838,17,0
352,C7D96327-EB3B-EE96-A627-2132346A725E,2012-01-10 08:40:39.850,9D9328B9-0B67-1E62-F940-FED52E08A965,27,0
353,C7DFA6BB-010D-747F-4BDB-A96E8351A259,2012-01-10 08:47:30.367,9D9328B9-0B67-1E62-F940-FED52E08A965,34,0
354,C899F8AB-0973-BE1F-E2D2-D96D5F7B2926,2012-01-10 12:11:01.040,27642F3A-B9B2-DE01-2BEA-B2BAFE40370B,28,0
355,C8CA1D03-DFE3-069C-20C6-C31B2AF07A26,2012-01-10 13:03:36.073,9296977E-9906-B4C3-EB1B-E69184A26F6C,32,0
356,C9631F83-0BF6-64C2-55DB-AEAE5E021C8A,2012-01-10 15:50:43.717,98A0EE26-E4CD-F510-DA79-C2699C3B2268,23,0
357,C99D3A3E-B42B-D20A-DBD3-480E292D2B63,2012-01-10 16:54:11.650,7DEBBE84-D3E6-3459-D696-5429B602BAA9,20,0
358,CA2DD220-C39C-80E2-3446-4E2F71FA31F9,2012-01-10 19:32:07.717,93F67FED-DC31-1C5D-260A-AFF8DF710F83,22,0
359,CED80AB0-9A6D-C198-4CC3-27D8F96F2F6D,2012-01-11 17:16:32.180,7DEBBE84-D3E6-3459-D696-5429B602BAA9,23,0
360,CF875945-A18B-B2AC-B6F8-66B6CBE5A5CD,2012-01-11 20:28:01.097,CEC1AABB-B899-1C1E-2EF1-1A68A2424051,28,0
361,D5B95442-F027-6C62-0D78-64A36A1909BC,2012-01-13 01:20:19.910,6FCC1336-B47F-C258-64B0-6593D0118F54,28,0
362,D7EFFD15-0E2C-8755-998A-541F7A9A4172,2012-01-13 11:39:16.503,9074A8AE-02D2-A509-08C1-3A77E2396530,28,0
363,DB94B4D4-0B22-575B-B553-F0A7EF6B0A4D,2012-01-14 04:38:05.883,925C5974-AA84-9AC4-07AD-C67CF680FC92,20,0
364,DC52719B-A3EB-B551-6414-A4E4D8435D35,2012-01-14 08:05:17.727,D9504420-F030-90A1-B236-BD06C7BF0BDA,28,0
365,DDBDAA23-CBEC-EDD4-FA8A-522EF024F9AC,2012-01-14 14:42:01.767,CEC1AABB-B899-1C1E-2EF1-1A68A2424051,26,0
366,DDCC3C56-9524-5C5D-4BBB-11F914CAED9C,2012-01-14 14:57:56.697,CEC1AABB-B899-1C1E-2EF1-1A68A2424051,23,0
367,DDCF077E-E678-FAC8-99CF-2572D0412C1A,2012-01-14 15:00:59.777,CEC1AABB-B899-1C1E-2EF1-1A68A2424051,21,0
368,E730CDBC-B164-0418-D28E-E9C8FF200A32,2012-01-16 10:44:22.463,491361B0-EBFE-C6CB-4324-DD3F641A14AA,28,0
369,E736BE99-A353-AED6-0610-0EC4160D211B,2012-01-16 10:50:51.807,491361B0-EBFE-C6CB-4324-DD3F641A14AA,22,0
370,E73CA10A-CE09-5E88-D9CC-CC7A456FBB19,2012-01-16 10:57:17.453,491361B0-EBFE-C6CB-4324-DD3F641A14AA,21,0
371,E73E1A89-FCA2-9D1F-1785-FB6D59347802,2012-01-16 10:58:54.093,491361B0-EBFE-C6CB-4324-DD3F641A14AA,23,0
372,E73FDEA8-0FC1-F7CF-515A-248C773518DF,2012-01-16 11:00:49.833,491361B0-EBFE-C6CB-4324-DD3F641A14AA,26,0
373,E742B73F-9B4B-A776-6A0B-70C3CD42EE38,2012-01-16 11:03:56.353,491361B0-EBFE-C6CB-4324-DD3F641A14AA,18,0
374,E743CAEA-A0F4-F28C-277B-35B1E2A451B7,2012-01-16 11:05:06.950,491361B0-EBFE-C6CB-4324-DD3F641A14AA,17,0
375,E7445D51-943C-1E80-2F44-DDD47F0C71F4,2012-01-16 11:05:44.403,491361B0-EBFE-C6CB-4324-DD3F641A14AA,19,0
376,E7452EB7-D456-3670-D0FE-2ADECEBC7B93,2012-01-16 11:06:38.010,491361B0-EBFE-C6CB-4324-DD3F641A14AA,16,0
377,E74662C6-C96C-DD4D-1E5F-715CF9D56470,2012-01-16 11:07:56.873,491361B0-EBFE-C6CB-4324-DD3F641A14AA,14,0
378,E7472D75-94FC-EA30-0C11-FD6147511FF9,2012-01-16 11:08:48.760,491361B0-EBFE-C6CB-4324-DD3F641A14AA,15,0
379,E829E0AB-0808-1CF3-053A-76D22854A269,2012-01-16 15:16:25.773,E8281A34-0DE4-C0A6-9C71-D8CABCEC09A9,28,0
380,EAB6F4E5-F817-0BE7-9A8B-C9E30EC19435,2012-01-17 03:09:46.020,9DEFF2CF-97B7-1641-C598-BEEF67623F5B,20,0
381,EC6A74AD-9DB1-E4D4-27A3-2C6AB1FC90F5,2012-01-17 11:05:26.833,6A969AF1-BD4E-E4CF-B44A-3DB81C869EFD,28,0
382,EC785130-C510-4D82-F7DA-43F34995A8E4,2012-01-17 11:20:35.250,6A969AF1-BD4E-E4CF-B44A-3DB81C869EFD,22,0
383,ED2FE70E-0F36-C28B-2017-785831D05787,2012-01-17 14:41:06.707,8F4B66F8-ADA2-5980-8B92-DB41FC2EDD8E,21,0
384,ED33D770-C1FD-BD8A-5675-DEE9DB6B724B,2012-01-17 14:45:24.850,8F4B66F8-ADA2-5980-8B92-DB41FC2EDD8E,36,0
385,EDB506F4-F810-0986-AF31-5DA9E0D520EF,2012-01-17 17:06:31.157,CEC1AABB-B899-1C1E-2EF1-1A68A2424051,25,0
386,EDB73679-B555-BF2C-46FF-75F338860681,2012-01-17 17:08:54.417,CEC1AABB-B899-1C1E-2EF1-1A68A2424051,24,0
387,EDBAD02E-9737-8CDD-1BBC-D0341D57DD0B,2012-01-17 17:12:50.350,CEC1AABB-B899-1C1E-2EF1-1A68A2424051,22,0
388,EDBB8D11-A489-F27B-92D4-C97C612C4AD5,2012-01-17 17:13:38.707,CEC1AABB-B899-1C1E-2EF1-1A68A2424051,27,0
389,EDBFF0B5-C864-34C1-35B2-25141A11721A,2012-01-17 17:18:30.653,ED94901B-AB83-6A8D-CEC0-19CB67255AC6,27,0
390,F65E9387-F444-5325-55C0-BC2789F90123,2012-01-19 09:28:40.460,8F54B4A4-952F-5D2C-9903-B82609142242,34,0
391,F6D9B040-C261-DFA8-3B8C-8685D4FA703E,2012-01-19 11:43:08.737,8EC11463-0200-D158-99FA-1824C42ABA60,20,0
392,F6DA4D38-9936-F024-5187-AB0C5035F14C,2012-01-19 11:43:48.923,8EC11463-0200-D158-99FA-1824C42ABA60,28,0
393,F6DE9029-F3A9-7E0B-D958-0A31B078DC83,2012-01-19 11:48:28.203,8EC11463-0200-D158-99FA-1824C42ABA60,25,0
394,F6DFA80F-F388-1880-2E04-C7B5C7CE8BF4,2012-01-19 11:49:39.863,8EC11463-0200-D158-99FA-1824C42ABA60,22,0
395,F6E3DD2C-C010-0924-211D-19CF1A0FF21E,2012-01-19 11:54:15.597,8EC11463-0200-D158-99FA-1824C42ABA60,27,0
396,F6E47263-D1AC-3A35-79B1-B5F81DC0F632,2012-01-19 11:54:53.797,8EC11463-0200-D158-99FA-1824C42ABA60,17,0
397,F6E6746E-E77D-CBCD-4528-004708A43FD9,2012-01-19 11:57:05.397,8EC11463-0200-D158-99FA-1824C42ABA60,32,0
398,F6E8EC3B-93E7-5213-D25A-48762FCC34E4,2012-01-19 11:59:47.133,8EC11463-0200-D158-99FA-1824C42ABA60,21,0
399,F6E96E78-E798-AB6B-D18D-854AD5A6BD49,2012-01-19 12:00:20.473,8EC11463-0200-D158-99FA-1824C42ABA60,26,0
400,F788E2AC-F2F5-A975-C6DF-465B331479ED,2012-01-19 14:54:30.447,BB8E57B6-E8CD-C980-289D-C0DFCC8E06FD,20,0
401,F937D159-0544-CEED-FD15-E615606D4DED,2012-01-19 22:45:12.027,D7A5182E-9F3E-6D77-4916-51DB6B4F23A6,18,0
402,F93CDBF8-D4F7-5018-139B-5912914A6AF5,2012-01-19 22:50:42.507,D7A5182E-9F3E-6D77-4916-51DB6B4F23A6,28,0
403,F962C3F4-C0BC-0772-548F-78112011C1F2,2012-01-19 23:32:06.647,D7A5182E-9F3E-6D77-4916-51DB6B4F23A6,32,0
404,FB9D3DDB-0F5F-CFC4-2015-C77142B1AF81,2012-01-20 09:55:13.373,FB9AAE39-C7D2-FDB5-B807-E1223D9AD5DB,28,0
405,0187F7D8-B972-377F-B58D-BD74547A9B22,2012-01-21 13:29:42.513,2778330A-BC33-AD62-3F86-3CCEA9E31BD4,26,0
406,0194921D-DCEB-5B00-6EFF-6164DD89A79E,2012-01-21 13:43:28.417,2778330A-BC33-AD62-3F86-3CCEA9E31BD4,14,0
407,019610C4-D2DD-D998-31CC-A3B36FAE8C79,2012-01-21 13:45:06.373,2778330A-BC33-AD62-3F86-3CCEA9E31BD4,17,0
408,021D05CB-0019-C740-D6A2-2722DCED1205,2012-01-21 16:12:30.923,DBCB4865-A707-9A2D-0D90-498F9387D195,25,0
409,024506BD-BE24-67DE-D739-B0FDD6DB18DE,2012-01-21 16:56:12.607,9DB9D4FE-DAED-E084-3E20-5F930E2C639A,20,0
410,06DDB4D1-B77F-2A6E-A0BD-7DC136381342,2012-01-22 14:21:27.507,C7A2E321-F860-1B28-3AD5-8DADAC102BBB,22,0
411,06E04828-02FB-BA40-D703-4448D7A307DE,2012-01-22 14:24:16.297,C7A2E321-F860-1B28-3AD5-8DADAC102BBB,16,0
412,06E1A9A0-AD22-D177-96CF-BC71B23254E6,2012-01-22 14:25:46.787,C7A2E321-F860-1B28-3AD5-8DADAC102BBB,20,0
413,0BDA9486-B490-FF96-9B0B-F82B713BE89C,2012-01-23 13:36:08.713,9E045ADD-CE75-5CD9-A9A6-6D03A50192D6,20,0
414,0C223B51-A37E-8CCD-DEC0-DEDE8D6171A4,2012-01-23 14:54:24.467,CEC1AABB-B899-1C1E-2EF1-1A68A2424051,17,0
415,0C22E17D-E5E8-3856-96D9-5046D6281129,2012-01-23 14:55:07.007,CEC1AABB-B899-1C1E-2EF1-1A68A2424051,15,0
416,0D6AA1E4-9CB1-71DF-9512-B91244BDB8B4,2012-01-23 20:53:06.533,7E3B0270-D3FC-283E-931A-6F916B485660,28,0
417,0F8AEBDB-EBB8-FCCA-593F-08A25F7DB713,2012-01-24 06:47:37.053,0F8200B8-B86A-E28A-8D6A-19EAD1454905,28,0
418,0F940248-B3DA-1A13-8548-93015DB441CF,2012-01-24 06:57:32.617,0F882108-D93A-90D1-016F-3254B8475B6D,28,0
419,0FC60562-948E-9A1F-7658-45B06E128396,2012-01-24 07:52:10.213,F53C7F83-0C2B-F907-3175-E57E7A89A37C,28,0
420,0FF24022-A762-1B47-84FC-BE23D961C79D,2012-01-24 08:40:28.837,0FDAF917-BA53-BC93-C231-EE9679F802D8,28,0
421,1007BDB6-A63C-43D8-C79E-0C7D886DD6AD,2012-01-24 09:03:57.240,1004E39C-E03B-F263-7F68-A5E287B9F4C3,28,0
422,10493350-DD25-1751-9658-5AB6933C45D5,2012-01-24 10:15:27.187,936C02C8-DDC7-0C13-3FD1-0425A656048B,18,0
423,1049A331-D9E0-3A6D-EBC0-D3671434CFC0,2012-01-24 10:15:55.827,936C02C8-DDC7-0C13-3FD1-0425A656048B,32,0
424,10725C8D-097A-31B8-59DF-450267CD3D75,2012-01-24 11:00:26.287,1066D74C-F621-A4A4-6C16-89D6242B40A9,14,0
425,10FBADAC-DB99-37E5-83C7-AA63D2839E9C,2012-01-24 13:30:23.917,ACF1ABE1-E257-2102-9670-371BA7A3ED3A,27,0
426,110AEFDC-099C-1563-C8F5-087531679EB0,2012-01-24 13:47:03.903,11086DA7-D902-54EC-33D4-555222A32CF7,28,0
427,1112388D-D8D7-5446-D990-5C68E08DA296,2012-01-24 13:55:01.263,6A969AF1-BD4E-E4CF-B44A-3DB81C869EFD,32,0
428,114FDAFD-A99E-00D3-A8A9-D59296C35957,2012-01-24 15:02:20.543,112F6D85-D29F-7D58-2228-F493048285B5,28,0
429,11910144-F287-5553-8775-3A7B15DEC300,2012-01-24 16:13:30.183,29B2359A-97E9-247D-0350-E468F18B6D05,20,0
430,126E9195-CC6E-2D38-1F58-1F4DCEA80337,2012-01-24 20:15:30.583,12562FF7-E234-24D1-3945-02AEDEEE4744,28,0
431,1623A9DD-AFAC-FD28-B0BE-6353F8B85EE0,2012-01-25 13:32:10.463,103A43DB-FA8D-8B40-F815-D9A7FE343854,23,0
432,16246931-AACA-7B9A-67D7-221AEE388882,2012-01-25 13:32:59.443,103A43DB-FA8D-8B40-F815-D9A7FE343854,25,0
433,1624F5DC-0A6C-B3F3-A069-F42824D810FB,2012-01-25 13:33:35.453,103A43DB-FA8D-8B40-F815-D9A7FE343854,26,0
434,16255F31-FE8F-C290-30F7-A8430AE40FC4,2012-01-25 13:34:02.423,103A43DB-FA8D-8B40-F815-D9A7FE343854,27,0
435,165ABF1D-AA29-82E7-B1A0-127E0247AD24,2012-01-25 14:32:20.400,10F80396-F9F0-EE94-20AC-496A880B4425,28,0
436,1737E93A-D7B9-F9AD-0997-107F09CE9CCF,2012-01-25 18:33:54.620,108C8647-0569-7ABE-EADC-C5870F47ADB4,28,0
437,17858D8B-BF8A-700A-1EDB-8311CA2BDD32,2012-01-25 19:58:42.963,CC29EC7E-9E81-CE1C-893F-2F1105155809,28,0
438,1B29079A-9F96-7EB2-AA74-2B604BA438A7,2012-01-26 12:56:08.220,10E098E9-AD1F-A3ED-835C-D846D303ECE4,23,0
439,1C383FA0-ECA8-D41E-D7B1-9A76BC62AD84,2012-01-26 17:52:22.817,E0BEE902-E1A6-7FD2-1048-BDC4FB83AE75,28,0
440,25B74309-0394-8060-528C-8012B9E00720,2012-01-28 14:07:41.707,0C01A668-D1AF-471C-B0D7-6CA043137E5A,28,0
441,25B8F0F7-FE66-3DD2-28CB-404B54B5D253,2012-01-28 14:09:31.770,0C01A668-D1AF-471C-B0D7-6CA043137E5A,20,0
442,29AC8075-B760-BA8B-AAE0-176DA9A39D52,2012-01-29 08:34:25.400,A3E226EC-03C1-6E0D-EE50-F457985EB6F3,32,0
443,2AF306A0-CAA3-2C78-9293-318F3E090D52,2012-01-29 14:31:04.480,3A66EB93-9384-4257-BC32-5D960F110222,25,0
444,2CB92269-E128-E51E-1976-D01EEDD8B8EF,2012-01-29 22:47:04.940,ACF1ABE1-E257-2102-9670-371BA7A3ED3A,20,0
445,2FC6CAAA-B500-7DC5-5C99-500F061435D3,2012-01-30 13:00:51.630,CEC1AABB-B899-1C1E-2EF1-1A68A2424051,32,0
446,34370837-FC68-7D14-7F81-E3FF17972665,2012-01-31 09:41:56.283,FBA06E51-B66E-55E7-32B8-83BEE62A0810,28,0
447,3469306F-FAC3-B7D3-1A28-987786C122C5,2012-01-31 10:36:43.377,341AF717-FD7E-94A4-9752-8512ADD61137,28,0
448,37BD5608-0D70-B61E-5C86-0116CBEF4EFD,2012-02-01 02:07:29.673,10E098E9-AD1F-A3ED-835C-D846D303ECE4,20,0
449,3E9D5302-9268-4605-6821-5CE84C757E7F,2012-02-02 10:09:52.260,9553AA31-DBBF-D0FA-28A8-4B5090794831,28,0
450,3EB67317-E932-EF3F-96DC-DC0E07C0E95C,2012-02-02 10:37:18.873,27642F3A-B9B2-DE01-2BEA-B2BAFE40370B,20,0
451,3FE2930E-9788-0A8E-C220-F566C657E4E6,2012-02-02 16:05:07.857,905F3812-0390-9CB8-CA68-A731102A1C12,32,0
452,406BB2E7-F22D-EC29-2190-D5F1FA3FD007,2012-02-02 18:34:54.440,CED0D765-E6AB-647B-DE1D-5E17400E86EA,23,0
453,41045F3F-CAC4-E26E-6F5D-275C8EF2FEFB,2012-02-02 21:21:40.033,0AE44D89-9FB7-8B1C-CFB9-9080DED54132,19,0
454,4104FB67-0B3D-42FE-3F02-97FD2DB125DB,2012-02-02 21:22:20.007,0AE44D89-9FB7-8B1C-CFB9-9080DED54132,27,0
455,410B9E37-9058-4374-6FFB-C02191E532F0,2012-02-02 21:29:34.907,0AE44D89-9FB7-8B1C-CFB9-9080DED54132,28,0
456,410D30B6-0D1B-9B09-2340-43DFE77465DB,2012-02-02 21:31:17.943,0AE44D89-9FB7-8B1C-CFB9-9080DED54132,21,0
457,410DE5DB-011F-4A4F-4E2F-BE2FBF66B2A7,2012-02-02 21:32:04.317,0AE44D89-9FB7-8B1C-CFB9-9080DED54132,32,0
458,4199300B-994A-AD87-5FB2-A713FF8942A1,2012-02-03 00:04:12.813,DFACC983-E544-2B1B-8CE1-9D38411B3BC6,28,0
459,45774A0A-C862-5206-1047-38C3DA449B1F,2012-02-03 18:05:40.107,43D066A4-B6F3-E8EE-C9B5-4928CCB69EBE,28,0
460,463D375E-E935-60B0-B468-9002E9D94DF1,2012-02-03 21:41:51.457,43D066A4-B6F3-E8EE-C9B5-4928CCB69EBE,24,0
461,480C6629-B693-79EA-E350-6E45E73B4E14,2012-02-04 06:07:46.607,94BDD0F7-F5DF-8893-9109-93FDF6B1B60D,23,0
462,48606692-F36E-2914-3BD6-F6CA15DFBD74,2012-02-04 07:39:31.730,EDDDFC9E-E363-828F-DED6-C8EB0A63AA4F,26,0
463,4865F5F2-E9A4-C05A-CC45-6AF21A4D2DD7,2012-02-04 07:45:36.117,EDDDFC9E-E363-828F-DED6-C8EB0A63AA4F,21,0
464,48DC9176-E969-7875-894C-141B084FE8C5,2012-02-04 09:55:09.177,43D066A4-B6F3-E8EE-C9B5-4928CCB69EBE,14,0
465,49CBA7E5-F5BA-3314-D143-EE0A6EC54FBE,2012-02-04 14:16:18.023,718AC021-B8E5-BA92-8416-76D833420AB2,28,0
466,4CEEA4E4-E658-E81F-89DA-0A37DD465F15,2012-02-05 04:53:22.663,13EF22B3-DEB5-EA9A-DB23-07D48EDBF486,28,0
467,4F05AEF0-D088-F678-4158-85014F4ECED5,2012-02-05 14:37:46.997,ACF1ABE1-E257-2102-9670-371BA7A3ED3A,21,0
468,514EF64B-DABD-8260-4152-13A4DF40A688,2012-02-06 01:17:03.823,514C5630-BC70-5AA7-4C74-F9DB875B5848,28,0
469,529D83CF-E2D8-0B1E-326A-17C776708A70,2012-02-06 07:22:29.077,43D066A4-B6F3-E8EE-C9B5-4928CCB69EBE,16,0
470,529F0434-CFA2-63C6-6869-3926CF8F1813,2012-02-06 07:24:07.477,43D066A4-B6F3-E8EE-C9B5-4928CCB69EBE,19,0
471,52A07DD9-FE62-E4F3-3B1F-47A491E1CD5B,2012-02-06 07:25:44.157,43D066A4-B6F3-E8EE-C9B5-4928CCB69EBE,20,0
472,52A19FDB-B31C-D9AE-BED4-0D35FFF02A78,2012-02-06 07:26:58.397,43D066A4-B6F3-E8EE-C9B5-4928CCB69EBE,27,0
473,52A2A574-F3B3-8231-12E1-44EFF662ABEB,2012-02-06 07:28:05.367,43D066A4-B6F3-E8EE-C9B5-4928CCB69EBE,26,0
474,52D12B0A-BDB4-1239-2952-820797A1E9C8,2012-02-06 08:18:54.220,C7A2E321-F860-1B28-3AD5-8DADAC102BBB,27,0
475,52D21E3E-AE88-1AAC-4C63-7096C6E510D0,2012-02-06 08:19:56.480,C7A2E321-F860-1B28-3AD5-8DADAC102BBB,25,0
476,52E4E55E-E11E-D798-FEB7-D08422450A25,2012-02-06 08:40:27.107,C7A2E321-F860-1B28-3AD5-8DADAC102BBB,28,0
477,52ECD192-B180-F420-438B-98B5CD573AB4,2012-02-06 08:49:06.323,C7A2E321-F860-1B28-3AD5-8DADAC102BBB,29,0
478,52F20BED-B39B-5ED9-1D12-31C265482F42,2012-02-06 08:54:48.987,8FB36620-095D-9827-7AF1-5D88C173B141,20,0
479,52F4270A-E399-F664-B0CA-27D9672F9C75,2012-02-06 08:57:06.963,C7A2E321-F860-1B28-3AD5-8DADAC102BBB,17,0
480,52F506FC-0A10-CDB2-AEDB-8A7DB7EEC3BA,2012-02-06 08:58:04.287,C7A2E321-F860-1B28-3AD5-8DADAC102BBB,19,0
481,52F60D4F-B1AC-252E-43C8-7115791A7AE3,2012-02-06 08:59:11.440,C7A2E321-F860-1B28-3AD5-8DADAC102BBB,24,0
482,53FE8196-BE48-28B1-9E8D-B5E2E8FF1EC0,2012-02-06 13:48:02.713,718AC021-B8E5-BA92-8416-76D833420AB2,27,0
483,58446A87-BFC1-4F91-B712-D11F1839B1C4,2012-02-07 09:42:53.193,1A5EB363-D200-4878-1CE5-DF57F11037C5,22,0
484,5846258A-AC05-DFF9-15F2-064CDF018517,2012-02-07 09:44:46.603,1A5EB363-D200-4878-1CE5-DF57F11037C5,17,0
485,58469937-E34F-57B2-4D74-8D96CA77B552,2012-02-07 09:45:16.240,1A5EB363-D200-4878-1CE5-DF57F11037C5,20,0
486,5873D961-C902-59B5-25DC-63014D209D63,2012-02-07 10:34:41.763,15C4E247-E2AA-81C6-0B5C-1AB9A5B27183,28,0
487,58940269-9712-70FF-D8C4-8FE97CAF2EBE,2012-02-07 11:09:49.420,C8FCF9DC-0FC7-6B43-B898-DC504E7903CE,20,0
488,5D956521-9E1C-A262-EB7C-9E14CF95FD26,2012-02-08 10:29:26.307,59AAEA7B-D7D0-8527-7BD3-686CACCC676E,20,0
489,5DB3ED74-E56F-9FFC-B43B-06F9CCF6F5E6,2012-02-08 11:02:47.287,E7A2BE41-0F4D-24B2-AC1F-C6B021D9A261,32,0
490,5F919095-E61B-F93D-DBF1-E72AC71EEB16,2012-02-08 19:44:29.723,D69734CC-B871-1D48-5593-EC2783C01994,28,0
491,63089408-D1D7-C6DF-180E-52A614A50559,2012-02-09 11:53:21.037,8EDF10ED-057D-6395-49A9-72C14463F8B6,27,0
492,69EA578E-B6B7-AFA3-5D9D-7EA2ECFB3CE3,2012-02-10 19:57:39.987,63EDE548-94BD-5B32-6B5B-A26ED12F5EB2,14,0
493,6C6C7AFC-9891-F9C1-12FB-8C092652C786,2012-02-11 07:39:03.167,63EDE548-94BD-5B32-6B5B-A26ED12F5EB2,17,0
494,6C6CD527-D097-A4DD-4E85-5FF05E705768,2012-02-11 07:39:26.250,63EDE548-94BD-5B32-6B5B-A26ED12F5EB2,16,0
495,6C6D80AB-FC27-0EF2-89DB-882B34E8B6C5,2012-02-11 07:40:10.157,63EDE548-94BD-5B32-6B5B-A26ED12F5EB2,15,0
496,6C6E3D61-F5A4-236A-31B0-D64127EABF69,2012-02-11 07:40:58.467,63EDE548-94BD-5B32-6B5B-A26ED12F5EB2,18,0
497,6CB4D7A2-AAD6-089E-7E24-2CD4A4E59F64,2012-02-11 08:58:05.477,ABCC6012-CBF5-6D1B-A079-E2BBB6876FA9,28,0
498,6D271F13-E3BC-7994-1288-6DAB352549D8,2012-02-11 11:02:54.867,10E098E9-AD1F-A3ED-835C-D846D303ECE4,19,0
499,6E6BBFBD-C455-12F4-1C62-08A6A82224C8,2012-02-11 16:57:29.663,123E7C46-9882-B2CE-4C4C-9C0F4B37A087,28,0
500,737657B0-ABEC-6B13-772B-ADE01B8FC838,2012-02-12 16:27:10.000,3F055F06-D8D8-B796-6371-59F313D4A73A,32,0
501,7566AA22-CB2E-0363-0F98-B58BE32438EC,2012-02-13 01:29:16.967,7564B501-F780-196B-5673-6EB88DF39A74,28,0
502,7AB31FFD-9EC1-958E-0E35-7F8C3683A494,2012-02-14 02:10:53.953,E8AC5C2C-0697-E66B-104A-95A687968EED,25,0
503,7AB3D267-FAE5-7731-8ED0-EE0DE74ABBB7,2012-02-14 02:11:39.627,E8AC5C2C-0697-E66B-104A-95A687968EED,22,0
504,7AB475B3-F957-FF14-8AA3-6915715AE6DF,2012-02-14 02:12:21.430,E8AC5C2C-0697-E66B-104A-95A687968EED,27,0
505,7AB51DE4-0EB4-5BC8-0576-B3170F9C43E6,2012-02-14 02:13:04.487,E8AC5C2C-0697-E66B-104A-95A687968EED,24,0
506,7ABA5F1F-0813-2BBC-B8A8-3EA3F936CF33,2012-02-14 02:18:48.867,E8AC5C2C-0697-E66B-104A-95A687968EED,28,0
507,7ABB3C10-0A68-B766-369E-D17BA6F45EF8,2012-02-14 02:19:45.427,E8AC5C2C-0697-E66B-104A-95A687968EED,15,0
508,7ABBE16B-0646-0F3C-6055-CD57AD8B0FC1,2012-02-14 02:20:27.757,E8AC5C2C-0697-E66B-104A-95A687968EED,19,0
509,7ABC4288-EB83-1855-E29B-F844CC3BF225,2012-02-14 02:20:52.630,E8AC5C2C-0697-E66B-104A-95A687968EED,14,0
510,7ABCD412-F431-89CF-EA40-079D944CDDCC,2012-02-14 02:21:29.877,E8AC5C2C-0697-E66B-104A-95A687968EED,18,0
511,7ABD577B-E61B-3306-6CF3-808B9DC218B4,2012-02-14 02:22:03.517,E8AC5C2C-0697-E66B-104A-95A687968EED,16,0
512,7ABDB427-B077-C32F-C8DB-1DAC3E75BD80,2012-02-14 02:22:27.240,E8AC5C2C-0697-E66B-104A-95A687968EED,17,0
513,7ABECA90-074A-7E18-EB9E-D5698DDA6F44,2012-02-14 02:23:38.513,E8AC5C2C-0697-E66B-104A-95A687968EED,20,0
514,7ABF445C-EF6A-DF26-6A86-2A27EBF33434,2012-02-14 02:24:09.693,E8AC5C2C-0697-E66B-104A-95A687968EED,21,0
515,7ABFB96C-E610-1405-EB31-CBC26D627FA0,2012-02-14 02:24:39.663,E8AC5C2C-0697-E66B-104A-95A687968EED,26,0
516,7E8E29DA-CA95-A7F3-4F17-61A1186F2A90,2012-02-14 20:09:00.507,E8AC5C2C-0697-E66B-104A-95A687968EED,35,0
517,86285AB1-9FE1-9348-4C6A-F31FAB1EF823,2012-02-16 07:34:46.067,A050E523-06EF-521A-6F31-4ECCADC8EF37,22,0
518,862AE9CE-B44C-EE82-4475-857B26B9B084,2012-02-16 07:37:33.777,A050E523-06EF-521A-6F31-4ECCADC8EF37,21,0
519,8714B7DF-9EE3-D018-95F7-F69898AA23FD,2012-02-16 11:52:56.417,676DED03-953D-C04F-5AE3-45072EF36720,20,0
520,871AB009-DA9A-FF67-60D3-32DC3C6852D0,2012-02-16 11:59:27.627,676DED03-953D-C04F-5AE3-45072EF36720,27,0
521,871C1916-FA41-44D9-3236-CB9CA04B1901,2012-02-16 12:01:00.057,676DED03-953D-C04F-5AE3-45072EF36720,25,0
522,871D2108-B9B0-DA5D-EA88-017E3ED70DEE,2012-02-16 12:02:07.627,676DED03-953D-C04F-5AE3-45072EF36720,22,0
523,871E6CA4-B639-0C9E-4CA2-D09D9EDD17C5,2012-02-16 12:03:32.517,676DED03-953D-C04F-5AE3-45072EF36720,24,0
524,87209A56-949D-AA76-9D1C-399440F31AAA,2012-02-16 12:05:55.287,676DED03-953D-C04F-5AE3-45072EF36720,21,0
525,87239470-D297-10B3-005F-87BE3AFB49A8,2012-02-16 12:09:10.387,676DED03-953D-C04F-5AE3-45072EF36720,26,0
526,8729ADAC-AE7A-7F6C-F082-86230A017BC0,2012-02-16 12:15:50.063,676DED03-953D-C04F-5AE3-45072EF36720,23,0
527,872C0951-0C9A-4BF5-29A3-3BF5B44B4955,2012-02-16 12:18:24.597,676DED03-953D-C04F-5AE3-45072EF36720,18,0
528,872D057F-EC2C-9F96-ABA4-60E7F04976C1,2012-02-16 12:19:29.153,676DED03-953D-C04F-5AE3-45072EF36720,14,0
529,872E65D2-C1E1-5B7F-9BF4-ECA9F0E2D4BA,2012-02-16 12:20:59.357,676DED03-953D-C04F-5AE3-45072EF36720,15,0
530,872FA4B2-A5C5-5B53-C326-3BA43B736FE4,2012-02-16 12:22:20.980,676DED03-953D-C04F-5AE3-45072EF36720,16,0
531,87308E5D-BA13-1E99-C4D7-87056E4BE5D6,2012-02-16 12:23:20.800,676DED03-953D-C04F-5AE3-45072EF36720,19,0
532,8731BBB5-FD03-A955-5A6D-415A1F34E3C0,2012-02-16 12:24:37.943,676DED03-953D-C04F-5AE3-45072EF36720,17,0
533,8733F281-977D-2235-12BF-C1DBEC51E7D3,2012-02-16 12:27:03.043,676DED03-953D-C04F-5AE3-45072EF36720,28,0
534,87CB0409-BE8D-8421-2062-03A6012CA5CB,2012-02-16 15:12:03.467,509B5C99-E6F8-C662-516E-69684AE94C9F,21,0
535,87CBD4D0-CD30-D82F-DF8B-3AB6B6F82A30,2012-02-16 15:12:56.917,509B5C99-E6F8-C662-516E-69684AE94C9F,27,0
536,8841BC48-E564-07DF-6C96-34942AC17748,2012-02-16 17:21:43.883,30EA1531-0ABE-2F9A-51E4-F6B0A792A461,28,0
537,89B1475B-BD93-E860-70EA-F6FC1CA8BE0C,2012-02-17 00:03:11.197,4B26195A-EB85-B977-612F-0DB045225B6E,23,0
538,91BC9A87-B118-7C36-7F93-8577C68272BE,2012-02-18 13:32:31.113,91BA9086-DED8-357C-FE2F-1988CCF2F649,28,0
539,975EB0F1-9E1F-820A-06E6-9982D7153A9F,2012-02-19 15:47:39.763,509B5C99-E6F8-C662-516E-69684AE94C9F,28,0
540,9909BD85-B971-4885-438C-B909A6614A48,2012-02-19 23:34:08.453,9BBDD5A6-C1F7-C889-0CAB-5065DD5C4FF4,33,0
541,9D7EF53B-A9BF-E820-7AA2-1507BFDB7CC8,2012-02-20 20:20:37.693,48B8AED1-AD27-B4A9-C24A-2EA46F62FD3E,20,0
542,A0B3B9FA-9D97-9950-AE31-504A35C0F4FF,2012-02-21 11:17:07.580,05D13341-F1CE-0E48-D085-73BCD8AF9CC7,19,0
543,A0B5EBFE-C408-EBE3-42B9-ED1C7335D6E0,2012-02-21 11:19:31.457,05D13341-F1CE-0E48-D085-73BCD8AF9CC7,15,0
544,A0B7FB61-D0A1-6668-9027-2465D969CF84,2012-02-21 11:21:46.467,05D13341-F1CE-0E48-D085-73BCD8AF9CC7,14,0
545,A0B92B14-0012-0EC9-E360-A2872B8D56F2,2012-02-21 11:23:04.217,05D13341-F1CE-0E48-D085-73BCD8AF9CC7,17,0
546,A0B9E4CE-D6DB-1527-9112-67472893117F,2012-02-21 11:23:51.760,05D13341-F1CE-0E48-D085-73BCD8AF9CC7,18,0
547,A0BAE5E0-01D1-AF87-BA3C-C2DA59F58972,2012-02-21 11:24:57.570,05D13341-F1CE-0E48-D085-73BCD8AF9CC7,16,0
548,A123A597-A427-6D3F-0438-4006F89FB860,2012-02-21 13:19:22.397,47778DB8-B8C8-7FE9-D03D-59636F31D724,36,0
549,A25C8AC0-BB01-C93B-DF53-B1D2A1CC73F6,2012-02-21 19:01:08.290,47778DB8-B8C8-7FE9-D03D-59636F31D724,43,0
550,AAF30065-F710-0567-630D-F348CA4AA4B3,2012-02-23 11:02:28.110,9BBDD5A6-C1F7-C889-0CAB-5065DD5C4FF4,20,0
551,B0CB8579-9E02-B885-C118-377D491BCE0F,2012-02-24 14:17:02.813,0535B61A-C335-BD9E-E206-02744E634175,28,0
552,B0D6307E-0D28-49FE-013B-ED091B3BE7BA,2012-02-24 14:28:41.720,0535B61A-C335-BD9E-E206-02744E634175,32,0
553,B2CF811D-AD4E-F21E-AA79-E652247D13EC,2012-02-24 23:40:37.940,F4C36462-9F4C-388F-7364-93B12659833B,28,0
554,B51169CF-D3AA-F81A-1174-63A4E80FBC44,2012-02-25 10:11:51.763,0535B61A-C335-BD9E-E206-02744E634175,21,0
555,B51751E8-C713-5386-D306-82D0A2E9A5B7,2012-02-25 10:18:18.857,0535B61A-C335-BD9E-E206-02744E634175,27,0
556,B5191AA3-C81B-7631-9372-9529BA83ECDC,2012-02-25 10:20:15.787,0535B61A-C335-BD9E-E206-02744E634175,22,0
557,B77FDA78-B843-5DB5-CB21-1AA7A417186A,2012-02-25 21:31:43.997,EE3B1917-FC52-4732-8C05-37EABFEF8B2A,28,0
558,BB02E068-E37C-CD94-B266-DDBE7CDAC509,2012-02-26 13:53:46.667,FA4DD308-D468-A04F-63CD-0999EEF4E0F8,23,0
559,C8E6B0BC-0E90-32C2-B244-38C76A6B0EE7,2012-02-29 06:37:36.190,C8CF9C72-C3C8-2A54-828E-E0B1728CC389,28,0
560,CE05C1EA-B4BD-370B-A246-484468D006BC,2012-03-01 06:29:38.287,43D066A4-B6F3-E8EE-C9B5-4928CCB69EBE,22,0
561,CE0A8D32-F818-E4EA-C1C6-FE841270E212,2012-03-01 06:34:52.467,43D066A4-B6F3-E8EE-C9B5-4928CCB69EBE,23,0
562,CE0EF1CC-DCFE-94FF-4C85-7133BB6420CD,2012-03-01 06:39:40.367,43D066A4-B6F3-E8EE-C9B5-4928CCB69EBE,32,0
563,CE151813-B549-2FBD-9E1D-E70DDA794D18,2012-03-01 06:46:23.383,43D066A4-B6F3-E8EE-C9B5-4928CCB69EBE,21,0
564,CFE97B42-F998-AA2F-0C33-91612482431B,2012-03-01 15:17:59.620,E78241F1-D92F-2453-A59F-6FF91DE8B665,28,0
565,D02EB611-E6F3-29F4-EAA6-B5337B66491A,2012-03-01 16:33:36.660,43D066A4-B6F3-E8EE-C9B5-4928CCB69EBE,18,0
566,D03DD040-E40C-A823-A718-B6610A845E5C,2012-03-01 16:50:06.403,86070238-0FB3-9B83-9D37-6A051F048A11,32,0
567,D5A1F574-F110-87CB-D80B-4BF552B98306,2012-03-02 17:57:35.607,D5A05F5D-0976-593C-319B-B7CDA072D38C,28,0
568,D6CF82A8-08FB-B919-3E46-8A93523178E5,2012-03-02 23:26:58.090,E3B6341E-F805-F0E4-5DC6-41F7922252B1,21,0
569,D6D0715A-01A2-694D-23B7-728A57E4B235,2012-03-02 23:27:59.197,E3B6341E-F805-F0E4-5DC6-41F7922252B1,27,0
570,D8945319-C4B4-8F4D-21B2-827CC5DE2357,2012-03-03 07:41:33.723,10E098E9-AD1F-A3ED-835C-D846D303ECE4,28,0
571,D89621AF-EE32-10F6-BCD1-E9DDA3B15C02,2012-03-03 07:43:32.147,10E098E9-AD1F-A3ED-835C-D846D303ECE4,32,0
572,DB82F350-D6ED-43B1-0BD9-2079B67380AE,2012-03-03 21:21:26.737,DB169D4F-B5B5-CD0C-C8B3-25587FA0D62D,28,0
573,DC73EF25-AE06-398D-D102-A0A3E0808232,2012-03-04 01:44:39.847,9CCD998F-F08B-7CB1-4ED7-B05ADA467E48,27,0
574,DFE64B4C-0898-61A2-0EDC-BA3F93F8AEC6,2012-03-04 17:48:26.190,5FFF23DC-DA1D-5416-6234-19051835E2F4,25,0
575,E1646FC4-C503-2E1E-9F99-EC043C673B18,2012-03-05 00:45:50.280,E1623B5B-AEA3-2004-9E3D-DE868453D700,28,0
576,E379E033-B504-107B-753A-ADC8F1CA8558,2012-03-05 10:28:29.750,8F4B66F8-ADA2-5980-8B92-DB41FC2EDD8E,22,0
577,E5B33D49-B84C-370B-91F2-E1FC35DDACBE,2012-03-05 20:50:23.567,F61601A1-E22D-0159-A484-88DAC66D3E1E,21,0
578,E6348463-CF7C-0B6A-28D8-252466538439,2012-03-05 23:11:35.910,0924B677-E2A2-6D9A-491A-57B5F8A6C0EF,28,0
579,E91AF133-FDA9-8BC2-F4E1-1F903014921F,2012-03-06 12:42:31.477,42EA3467-02D1-E6CA-4CE8-348E6B2B7D4E,22,0
580,EA21322C-CF27-F1E8-36AD-F7F5644E432A,2012-03-06 17:29:01.153,0D4743F3-9254-05FB-20C2-24D6F6805A03,27,0
581,F2CC98CC-F93E-3444-426E-696F774FD5B6,2012-03-08 09:53:09.200,E390C879-CECF-79EB-1E85-9C7D2A1E3635,23,0
582,F2D2875D-9948-212C-F94F-11F1D2834A3B,2012-03-08 09:59:37.950,E390C879-CECF-79EB-1E85-9C7D2A1E3635,21,0
583,F2E04D71-0CA4-03C7-EE79-03868C8C15AE,2012-03-08 10:14:40.627,905F3812-0390-9CB8-CA68-A731102A1C12,28,0
584,F477D1D7-BF7D-D4D8-9868-46943BB07ACC,2012-03-08 17:39:47.673,9F71C0F2-BD99-7DD2-A116-E29BB91645E6,22,0
585,F8F77C45-0EF3-5904-33FA-73F21AFAFF5E,2012-03-09 14:37:43.240,8D798C5F-D332-7309-2D7A-E50E3B629061,22,0
586,F8F92F63-E4DB-06C8-0B20-65F1BB9ADDE8,2012-03-09 14:39:34.650,8D798C5F-D332-7309-2D7A-E50E3B629061,26,0
587,F95E40CC-F1DC-8C8D-9A3B-E874F92AA17D,2012-03-09 16:29:58.223,CCA4B667-C453-1A2F-6AFA-3B5863BB0B21,21,0
588,065F1700-BA82-7D0C-EA5E-B85AADCB933D,2012-03-12 06:05:56.867,02500218-DAC2-453C-8D91-74E9ABFCA915,16,0
589,06B854A5-C8ED-526F-1131-49765CAA5209,2012-03-12 07:43:25.350,02500218-DAC2-453C-8D91-74E9ABFCA915,28,0
590,06BAF5BC-C954-5F64-B41C-2E5E6E77E410,2012-03-12 07:46:17.663,02500218-DAC2-453C-8D91-74E9ABFCA915,26,0
591,070A2161-AC0F-824B-8A23-21DD736AB2F1,2012-03-12 09:12:46.177,E390C879-CECF-79EB-1E85-9C7D2A1E3635,26,0
592,07117C37-953F-B0A8-D7EA-A7960779A0CF,2012-03-12 09:20:48.183,E390C879-CECF-79EB-1E85-9C7D2A1E3635,20,0
593,079383C1-0F12-FC6F-3190-E5315F92CC6F,2012-03-12 11:42:49.793,8EB529BF-FF32-D0FD-72E8-E7E55FF55F6A,28,0
594,0A862CCD-073E-15B6-1145-DD20CE8B5537,2012-03-13 01:27:07.217,0A7FFBA7-CB8E-7C84-CFD8-60CB0D70DEF4,28,0
595,0C5D1518-AA39-FD7A-4AC3-AF9323A2C0A2,2012-03-13 10:01:28.603,491361B0-EBFE-C6CB-4324-DD3F641A14AA,24,0
596,0C66BFD9-E4C8-A617-9EBF-7E65D4D0077D,2012-03-13 10:12:02.137,491361B0-EBFE-C6CB-4324-DD3F641A14AA,32,0
597,0D414F50-A004-FE74-F9E7-3DBC8EE3FE24,2012-03-13 14:10:45.713,CD2FC7E5-0E86-8562-F0BB-5079500E7ADC,28,0
598,0D5926F7-9CBE-1B89-493F-02ED50D6634D,2012-03-13 14:36:52.740,02500218-DAC2-453C-8D91-74E9ABFCA915,29,0
599,0DCB4538-EA08-1569-61DB-F5EB845643F6,2012-03-13 16:41:27.097,02500218-DAC2-453C-8D91-74E9ABFCA915,23,0
600,0DCCA410-A1F3-DAED-49F1-23BE2A9A727F,2012-03-13 16:42:56.913,02500218-DAC2-453C-8D91-74E9ABFCA915,15,0
601,11AE6520-CC45-4DFA-63CE-3E7F4E742DD6,2012-03-14 10:48:23.590,05D13341-F1CE-0E48-D085-73BCD8AF9CC7,20,0
602,11B14DBA-AD55-5AF5-601D-C7341A0205F0,2012-03-14 10:51:34.203,05D13341-F1CE-0E48-D085-73BCD8AF9CC7,24,0
603,11B301B8-E778-8783-CA48-596AA0B62B53,2012-03-14 10:53:25.817,05D13341-F1CE-0E48-D085-73BCD8AF9CC7,23,0
604,11B41D18-AFB7-D535-FECB-7D7E0AEBBD73,2012-03-14 10:54:38.363,05D13341-F1CE-0E48-D085-73BCD8AF9CC7,21,0
605,11B5E51E-F850-5EBD-E08E-69454E907807,2012-03-14 10:56:35.103,05D13341-F1CE-0E48-D085-73BCD8AF9CC7,32,0
606,11BAADC1-A8A5-121D-402A-9D36CC7DB399,2012-03-14 11:01:48.610,05D13341-F1CE-0E48-D085-73BCD8AF9CC7,26,0
607,11C8170D-E613-73C1-37E5-C834A99263B0,2012-03-14 11:16:27.533,05D13341-F1CE-0E48-D085-73BCD8AF9CC7,25,0
608,11C971CC-FEDC-FAE2-3E03-70FF5EBD564B,2012-03-14 11:17:56.303,05D13341-F1CE-0E48-D085-73BCD8AF9CC7,27,0
609,11CAA624-CA15-707F-0481-5EB02F485D4F,2012-03-14 11:19:15.237,05D13341-F1CE-0E48-D085-73BCD8AF9CC7,28,0
610,11CBA073-B67A-8BD4-3FDF-8B3F05BF24CA,2012-03-14 11:20:19.317,05D13341-F1CE-0E48-D085-73BCD8AF9CC7,22,0
611,1267DAF5-04EA-E987-4B28-2EB3029EC69E,2012-03-14 14:10:57.910,02500218-DAC2-453C-8D91-74E9ABFCA915,32,0
612,1269D0D6-F297-FD61-9367-D122C7DC948D,2012-03-14 14:13:06.390,02500218-DAC2-453C-8D91-74E9ABFCA915,14,0
613,126AA0B5-F1D9-10B4-0324-4D413AF11325,2012-03-14 14:13:59.623,02500218-DAC2-453C-8D91-74E9ABFCA915,22,0
614,126B1139-957F-4252-8975-21C3F8AAB3FD,2012-03-14 14:14:28.410,02500218-DAC2-453C-8D91-74E9ABFCA915,18,0
615,126B8B8F-B0E3-9D02-DB3F-AF6FFD7CDDE4,2012-03-14 14:14:59.730,02500218-DAC2-453C-8D91-74E9ABFCA915,17,0
616,12EF1C3A-B946-EA49-CD08-C9361FFE245A,2012-03-14 16:38:41.980,103A43DB-FA8D-8B40-F815-D9A7FE343854,21,0
617,18A8C9EC-F390-9FEC-F9D0-856A4BFE798D,2012-03-15 19:19:36.687,D9152775-CE5C-C3CD-C23D-7821185ABF7D,27,0
618,1A611CDB-F8D3-FD61-08AB-7B8225CD57C6,2012-03-16 03:20:33.760,1B0E90E1-A9A7-F69A-4D6A-82ACD5DDEF60,25,0
619,1C942A19-B2FC-B357-E363-4B62F478481E,2012-03-16 13:35:33.913,02500218-DAC2-453C-8D91-74E9ABFCA915,24,0
620,1C955D10-EBEB-3782-0BAC-FE57C112209A,2012-03-16 13:36:52.497,02500218-DAC2-453C-8D91-74E9ABFCA915,21,0
621,1D5AF26B-F2AD-98D0-8800-2E1420991108,2012-03-16 17:12:41.323,CD2FC7E5-0E86-8562-F0BB-5079500E7ADC,16,0
622,1D68148C-B7DB-90F7-F785-3F4570B5CE05,2012-03-16 17:27:02.030,CD9DA157-FCD2-12B6-4CB8-A90F349C24D7,25,0
623,1D68726A-0B56-8FE0-D3EB-B198A4F21E47,2012-03-16 17:27:26.060,CD9DA157-FCD2-12B6-4CB8-A90F349C24D7,22,0
624,1D688B39-FC04-827B-8275-17BD702E285A,2012-03-16 17:27:32.410,CD9DA157-FCD2-12B6-4CB8-A90F349C24D7,24,0
625,1D6A8485-EB7C-9940-B24B-A09FD5C19DD3,2012-03-16 17:29:41.767,CD9DA157-FCD2-12B6-4CB8-A90F349C24D7,39,0
626,211D6D5D-9542-59DD-2FE6-2D22916CD0B6,2012-03-17 10:44:02.653,1045F1C7-D91E-43AA-85E0-C65FAF1D1FAE,20,0
627,229F20E5-D906-B0BA-07F6-085F9C886AC3,2012-03-17 17:45:15.750,E390C879-CECF-79EB-1E85-9C7D2A1E3635,27,0
629,2B76414E-E17D-3B5B-F367-3AB811C78B6F,2012-03-19 10:57:12.017,47778DB8-B8C8-7FE9-D03D-59636F31D724,45,0
630,2CA81BA7-C91F-99F5-8874-C1A582C3DF53,2012-03-19 16:31:16.400,439BD174-0218-CEF0-5E50-0E1FDFDF980E,28,0
631,3003E4C5-03C0-F9AE-5260-A3FD5DF4DD4D,2012-03-20 08:10:23.303,47778DB8-B8C8-7FE9-D03D-59636F31D724,35,0
632,30F5A7F4-ED59-0EC0-936A-50DAF2DA12F9,2012-03-20 12:34:27.447,5F97FD57-EDF4-7B47-5FCB-1531CDC188F3,35,0
633,30FC8EAC-0265-B05C-ED04-E35E7A210779,2012-03-20 12:41:59.727,C7A2E321-F860-1B28-3AD5-8DADAC102BBB,33,0
634,3106869F-969B-E8C6-F414-2BA61E164BCD,2012-03-20 12:52:53.027,C7A2E321-F860-1B28-3AD5-8DADAC102BBB,45,0
635,31192CB3-A641-480C-3581-2B31ACA121FA,2012-03-20 13:13:15.193,D9504420-F030-90A1-B236-BD06C7BF0BDA,22,0
636,312F010B-FF4F-28EC-B9CA-CDF4B1E8E586,2012-03-20 13:37:05.807,BDE3D754-EBFF-840D-BA95-365B30F25898,35,0
637,31308095-931D-1A02-F9B5-95242BAFD3C7,2012-03-20 13:38:43.990,AD9413E1-EE49-047C-BF23-021A52260285,35,0
638,313133B8-9037-4931-F58B-93BE733CA07F,2012-03-20 13:39:29.850,9A687E1A-0979-7B67-3767-D7B0D9D1FBD8,35,0
639,313F9C01-C890-473F-B34F-9ABFAEECF7B5,2012-03-20 13:55:17.750,3DC50DAC-9506-926C-7223-A6CDAFAEB7D5,35,0
640,314D02D1-9964-D1B3-573A-3FA63B2532EF,2012-03-20 14:09:52.340,FEC878F6-F0A2-433D-E94A-90214CDD0CF0,35,0
641,318FBC3D-9A8E-0329-AD43-329261CD9567,2012-03-20 15:22:45.227,3404535B-FEB6-DAC3-6436-2C934797324E,23,0
642,31A9977F-CEC4-CC86-087A-25AA7D26F495,2012-03-20 15:51:01.823,A916FB1B-C389-F3C7-B737-291BCCFC785E,35,0
643,31CF704E-B361-2E84-E1EB-BDD892A47B2B,2012-03-20 16:32:20.050,1F22BE49-FC2B-2EA4-A7C2-8687847A326B,35,0
644,31D15140-E8FA-BBF1-99A8-920B35123CF6,2012-03-20 16:34:23.170,8F907D7D-0751-B0D4-FBFC-4C4901AC9306,20,0
645,31D44D47-027F-1081-8310-382FD4F4C418,2012-03-20 16:37:38.763,8ECA11DE-00C8-F196-74C4-0809240B2531,35,0
646,31F354AA-01D5-9087-60BB-8EE7EB120B4B,2012-03-20 17:11:32.330,8F54B4A4-952F-5D2C-9903-B82609142242,28,0
647,31F7CBD5-9274-2081-9ACD-E01FA0745524,2012-03-20 17:16:24.920,8F54B4A4-952F-5D2C-9903-B82609142242,45,0
648,320DACA2-E2CE-A4B9-21D7-A69385BE46FB,2012-03-20 17:40:18.727,8F54B4A4-952F-5D2C-9903-B82609142242,24,0
649,320F3231-9B9F-3AC2-C85D-58ECC3FFC6C8,2012-03-20 17:41:58.450,8F54B4A4-952F-5D2C-9903-B82609142242,14,0
650,32107DC7-04F0-7F5F-E8BB-E79841F412C2,2012-03-20 17:43:23.337,8F54B4A4-952F-5D2C-9903-B82609142242,26,0
651,32112785-0AE3-C4C5-8B09-05BD0DAF22A8,2012-03-20 17:44:06.793,8F54B4A4-952F-5D2C-9903-B82609142242,17,0
652,3211F9B3-0B12-6743-24F1-9E3C47DAC129,2012-03-20 17:45:00.597,8F54B4A4-952F-5D2C-9903-B82609142242,19,0
653,3212A8A0-ED51-DB21-BEBE-DE26FB79EDF6,2012-03-20 17:45:45.377,8F54B4A4-952F-5D2C-9903-B82609142242,15,0
654,3213449F-990B-23B4-DFFA-CF4BADFA9126,2012-03-20 17:46:25.350,8F54B4A4-952F-5D2C-9903-B82609142242,23,0
655,3214105E-AC2E-7117-1E91-1CC9CB739DAC,2012-03-20 17:47:17.473,8F54B4A4-952F-5D2C-9903-B82609142242,16,0
656,3234ED40-99CA-8144-758A-DB5F6A5C2F57,2012-03-20 18:23:15.233,5704C1FE-AF1F-2C7F-5E1B-D1ED1115A370,35,0
657,329410A9-A71B-B6C2-06C7-47333B24A6D4,2012-03-20 20:07:08.283,E1FCFDC0-BEE2-40A3-2AAA-0DCC96549D63,35,0
658,32F8A059-CFDC-8449-72EF-4CFD3D8C5CA9,2012-03-20 21:56:59.827,05A8BF7A-F1AE-5941-604E-E92D76B35D79,35,0
659,33083536-E8B4-DA47-BCAD-11D4765589AB,2012-03-20 22:13:59.240,6C0D9F88-A4EB-A317-2D82-FBF3DD5D4A57,35,0
660,33EAEC77-D9C4-C1C7-BF82-C004D905036A,2012-03-21 02:21:35.737,07E57311-AF7F-5A4F-8EEC-1335580EA067,45,0
661,33F4608A-B1A6-6BF8-068F-014115631601,2012-03-21 02:31:55.277,07E57311-AF7F-5A4F-8EEC-1335580EA067,24,0
662,33F76A0E-DB63-705B-B3DC-95B3BE8535C5,2012-03-21 02:35:14.320,07E57311-AF7F-5A4F-8EEC-1335580EA067,22,0
664,35847595-083C-E522-76BB-47E75D98D53E,2012-03-21 09:48:55.067,9080FB9E-98A2-BA2D-BB37-88A54AC7333A,35,0
665,36992F3A-D0BF-EF77-CF32-CF696D038B74,2012-03-21 14:51:10.523,6860F4B0-952A-A1C1-5DF8-3947B5FFBDCB,32,0
666,36A0DA5B-9BEF-30B5-3C2A-87068F265C33,2012-03-21 14:59:36.267,6860F4B0-952A-A1C1-5DF8-3947B5FFBDCB,35,0
667,36BEBC8C-9466-4AC6-F4D6-BC6CF8EE456F,2012-03-21 15:32:11.533,AAE9D5A2-F666-23F6-E42B-30811578C466,21,0
668,36BF80A3-B174-C9B8-833D-3C7027DE8C17,2012-03-21 15:33:01.733,AAE9D5A2-F666-23F6-E42B-30811578C466,22,0
669,36C12FA4-AB93-025F-FD4D-A4166E694F12,2012-03-21 15:34:52.070,AAE9D5A2-F666-23F6-E42B-30811578C466,45,0
670,391F8788-DD22-D361-3674-4F34DF367860,2012-03-22 02:37:09.390,07E57311-AF7F-5A4F-8EEC-1335580EA067,23,0
671,3921BB60-CE80-FD36-EFC3-8219B5C25F17,2012-03-22 02:39:33.730,07E57311-AF7F-5A4F-8EEC-1335580EA067,26,0
672,39244BD2-F230-99B1-8309-68D0B9A2AE60,2012-03-22 02:42:21.780,07E57311-AF7F-5A4F-8EEC-1335580EA067,21,0
673,39265D66-FA6E-E10B-0D09-A1933E196527,2012-03-22 02:44:37.353,07E57311-AF7F-5A4F-8EEC-1335580EA067,20,0
674,392D7916-9E82-993E-8EF8-371737D70BAD,2012-03-22 02:52:23.197,07E57311-AF7F-5A4F-8EEC-1335580EA067,15,0
675,392DDFA6-D0F7-6281-F1A2-C1C20356B496,2012-03-22 02:52:49.450,07E57311-AF7F-5A4F-8EEC-1335580EA067,14,0
676,39325C87-06C6-9424-1A0E-AB0E49BD53AC,2012-03-22 02:57:43.573,07E57311-AF7F-5A4F-8EEC-1335580EA067,19,0
677,3935C545-086F-E877-84D9-83DE79816B09,2012-03-22 03:01:26.983,07E57311-AF7F-5A4F-8EEC-1335580EA067,28,0
678,3A46771D-B33F-6C07-384A-DBE912A29179,2012-03-22 07:59:18.307,7E939E18-C71F-393D-2E1D-90F9211512E8,28,0
679,3FFEBF38-BB89-1F32-519C-35842081C728,2012-03-23 10:38:41.467,A93EB01D-A5F5-53B3-1B6D-5A70D905AF01,35,0
680,40545992-E37C-6EDE-2D23-2DC32B963E40,2012-03-23 12:12:11.540,D84D278E-AC32-427B-288D-8CB4A9B74C64,35,0
681,407C5B48-AE8D-03D5-BB77-62B1D6FEC152,2012-03-23 12:55:53.417,ECFB19FE-CB0B-7BC0-DBEA-44391CDF71F6,28,0
682,442134D2-F444-49CF-989C-9E2066ADA3E6,2012-03-24 05:54:48.663,8E95C259-FC16-F130-C487-C733551382AD,22,0
683,44257A3F-ED1F-4DBD-C8D8-476C809EDC6C,2012-03-24 05:59:28.577,8E95C259-FC16-F130-C487-C733551382AD,16,0
684,4426C834-01CC-B9EE-A81C-096E1A5B4607,2012-03-24 06:00:54.070,8E95C259-FC16-F130-C487-C733551382AD,14,0
685,4472AEC6-FE83-5D2F-6C90-518FFC4C5895,2012-03-24 07:23:48.297,999C5392-F6F2-1080-0289-8709BA7A6C6C,45,0
686,4678E0A3-922B-419C-633B-BDD84B43C465,2012-03-24 16:49:48.713,07E57311-AF7F-5A4F-8EEC-1335580EA067,35,0
687,47A336BF-CCA9-0BC1-00AA-223DBC64A0AF,2012-03-24 22:15:40.483,C06587BA-FC56-8B31-D04D-F6EE3DB09217,27,0
688,4DF411A0-D3B0-C74F-0553-898880B27FC8,2012-03-26 03:41:42.693,E390C879-CECF-79EB-1E85-9C7D2A1E3635,35,0
689,5009348C-EEE7-1F61-4353-7B0588502151,2012-03-26 13:24:02.320,E390C879-CECF-79EB-1E85-9C7D2A1E3635,38,0
690,55D6DCEF-F989-D43C-30AA-0694BCC8E6A7,2012-03-27 16:26:46.387,757D2F4B-F8DA-2460-187E-270CD958121A,27,0
691,55D995E7-94F7-239A-8CC7-1677DBDC3EE7,2012-03-27 16:29:44.820,757D2F4B-F8DA-2460-187E-270CD958121A,23,0
692,55DB2566-FC7F-0A85-4BC3-F6BDAF35758B,2012-03-27 16:31:27.080,757D2F4B-F8DA-2460-187E-270CD958121A,24,0
693,55DBD59D-034E-1C7A-86E7-8D3CE32C8CEE,2012-03-27 16:32:12.193,757D2F4B-F8DA-2460-187E-270CD958121A,21,0
694,55DD3F05-CDB2-C9A9-C6FD-28A57816A08A,2012-03-27 16:33:44.710,757D2F4B-F8DA-2460-187E-270CD958121A,25,0
695,55F08AF7-CD3D-68C5-77DB-34A4C0D748BC,2012-03-27 16:54:49.337,9DB9D4FE-DAED-E084-3E20-5F930E2C639A,45,0
696,566B88FE-91CE-B55E-5359-E2DE11886820,2012-03-27 19:09:09.760,2F732042-AF0E-11F5-1D74-A8F12C0B198F,26,0
697,56788973-AF81-BD66-33E2-800390E6BC60,2012-03-27 19:23:21.867,2F732042-AF0E-11F5-1D74-A8F12C0B198F,14,0
698,5680B747-D0DC-843D-433E-004F52E3F241,2012-03-27 19:32:17.867,2F732042-AF0E-11F5-1D74-A8F12C0B198F,27,0
699,56831A76-ABD6-090D-4C62-9BB4BF606B55,2012-03-27 19:34:54.330,2F732042-AF0E-11F5-1D74-A8F12C0B198F,15,0
700,5931248B-C5A2-BED3-C9A2-53BE42292FF6,2012-03-28 08:04:14.607,54A2444A-DE16-E0AC-BC09-6EA800F339A7,35,0
701,5ABD3A65-ED53-6455-6AD5-55E7CE904679,2012-03-28 15:16:52.457,93226CC6-A1A0-C614-BA69-A7C748D323FF,22,0
702,5E9CA26A-A6A1-2EFA-7F16-5137C22C1987,2012-03-29 09:19:45.260,1A38E73D-9185-E439-2A17-3ABD65D80E55,20,0
703,5F263C94-ECD0-C27E-4A41-7066327462F4,2012-03-29 11:50:03.157,A86D8705-C324-113F-94BF-3213975C906C,19,0
704,5F888750-B6D1-1487-ADB8-D6E22838FC8C,2012-03-29 13:37:24.817,509B5C99-E6F8-C662-516E-69684AE94C9F,22,0
705,64315753-FCA9-4058-F5FC-4276E28FF1F0,2012-03-30 11:20:16.980,3B43FD8E-A9F3-4B1A-74CC-255ACCD77E11,45,0
706,64437501-022D-7E5D-A3D0-AFC161BAAD45,2012-03-30 11:40:04.230,3B43FD8E-A9F3-4B1A-74CC-255ACCD77E11,45,0
707,64442C4D-DB7D-7023-4F77-01E670850726,2012-03-30 11:40:51.150,3B43FD8E-A9F3-4B1A-74CC-255ACCD77E11,45,0
710,6451F1B2-BAD5-0765-97E1-58A30C4A2103,2012-03-30 11:55:53.653,DC237190-DAE8-5484-B88B-01A99AD18AA8,45,0
711,6451F1B5-A0CC-9B8B-5539-D3ABA6F57DC7,2012-03-30 11:55:53.653,AD9413E1-EE49-047C-BF23-021A52260285,45,0
712,6451F1E9-A250-E5EF-DDF5-166D397FF4F2,2012-03-30 11:55:53.707,0535B61A-C335-BD9E-E206-02744E634175,45,0
713,6451F1EB-A102-2278-A89C-530EFD9847F6,2012-03-30 11:55:53.707,2E18F4F7-0106-F150-8003-03A6C02E84EC,45,0
714,6451F1ED-EC45-44B3-6C5A-432AEB9272B4,2012-03-30 11:55:53.710,DF963195-E442-D0B7-D991-03D3EE5484C4,45,0
715,6451F1F0-9C7F-D852-13CB-2B7FE2BEB049,2012-03-30 11:55:53.713,42BF5793-AFB1-EBD1-A1A3-03E4A2A53BA6,45,0
716,6451F1F3-A750-1F1A-E6EC-65BAC6C40BC8,2012-03-30 11:55:53.717,936C02C8-DDC7-0C13-3FD1-0425A656048B,45,0
717,6451F1F7-BA70-9074-5CAC-2BAD9698A5E1,2012-03-30 11:55:53.720,8FB90453-D833-2B6E-9D7B-043621E25956,45,0
718,6451F1FA-E7F9-41DC-AD50-606B1552E989,2012-03-30 11:55:53.723,C973CB67-C168-235F-A6BA-046030E8F386,45,0
719,6451F1FE-B94F-68B8-5114-F297CDE229B6,2012-03-30 11:55:53.727,F0B309CC-C516-C93F-BB66-059AA615EB44,45,0
720,6451F202-E9BF-40D8-C9DC-F951F80906AA,2012-03-30 11:55:53.733,B9B16709-B32D-D8DD-3084-059C3C14BC8C,45,0
721,6451F205-F8E7-B16F-FACB-A65C2CB60C36,2012-03-30 11:55:53.737,672F2BFA-BEC4-3222-8628-0747F012CEB7,45,0
722,6451F209-F029-E377-1D76-397A2F0BC014,2012-03-30 11:55:53.737,93693285-9991-E159-F471-07D217D641B6,45,0
723,6451F20C-F934-ACA5-C074-C1C45168E87F,2012-03-30 11:55:53.743,9B2C1769-BF55-7A6C-E733-08729834AC73,45,0
724,6451F210-E6ED-4AE1-0FB3-5B0D9223ADF0,2012-03-30 11:55:53.747,098D9412-A545-8585-1927-0A4CBC26C232,45,0
725,6451F214-B22F-C5D2-8368-D4A411FEC11C,2012-03-30 11:55:53.750,3160E4FE-D9D3-5DDF-3F33-0BB275F2BD75,45,0
726,6451F216-D5CF-1D66-7364-B7F6CD705133,2012-03-30 11:55:53.750,C79E5529-E014-5E6B-8F43-0BE658931E34,45,0
727,6451F219-C52C-93E8-FD78-2799F578FABC,2012-03-30 11:55:53.753,4B26195A-EB85-B977-612F-0DB045225B6E,45,0
728,6451F21B-FB08-83B5-97DA-4AA5CE286B1F,2012-03-30 11:55:53.757,94A3AAF0-A961-3640-0B10-0E68155F3565,45,0
729,6451F21F-CD32-98C8-29BC-418479D97434,2012-03-30 11:55:53.760,90632607-0B57-52B5-EE80-0FDA2A02F35F,45,0
730,6451F222-AEC2-B223-EDE1-072BE5D723B2,2012-03-30 11:55:53.763,298A1BE8-B0FE-17FC-42EA-10ADC8BE4C20,45,0
731,6451F224-E03B-6C45-EF85-A77A8E6ECD13,2012-03-30 11:55:53.767,0FC6D1BC-DB83-D7AD-2525-11379EBB88AB,45,0
732,6451F227-E3D5-F25F-9541-D59F6B714B02,2012-03-30 11:55:53.770,FE10B445-B64C-2A8F-21FA-11C51D28ED25,45,0
733,6451F22A-059C-F376-6BC9-32E4993C3CC7,2012-03-30 11:55:53.773,940EDC5E-A5F5-50EB-D88D-11F5C678C679,45,0
734,6451F22E-014E-6960-671C-013CDFC15283,2012-03-30 11:55:53.777,B7FDFE36-E2A2-A17D-9A39-129120295FA8,45,0
735,6451F230-B51D-1EDD-7820-2B96AC56C05A,2012-03-30 11:55:53.777,5962B071-CAC8-1105-45F0-130554175D48,45,0
736,6451F232-C423-3B13-F88E-9A9117856967,2012-03-30 11:55:53.780,DE6E1514-A462-3BED-1DCB-13296D04A669,45,0
737,6451F236-EE1D-B9C4-0A04-36E510239E3F,2012-03-30 11:55:53.783,07E57311-AF7F-5A4F-8EEC-1335580EA067,45,0
738,6451F239-DEA9-977A-2F29-B7843E45AF55,2012-03-30 11:55:53.787,32835070-09FC-EEB1-3484-139677581D60,45,0
739,6451F23C-F695-4CC3-E1E9-2FE1D2DBADAF,2012-03-30 11:55:53.790,5F97FD57-EDF4-7B47-5FCB-1531CDC188F3,45,0
740,6451F240-F857-F7BB-4EC6-35A85D152C74,2012-03-30 11:55:53.793,66B1F537-F6BD-C5FD-213C-15EF52444F94,45,0
741,6451F243-F4CB-AE25-77A7-E09DFA08A5A4,2012-03-30 11:55:53.797,E155C1BD-B3F3-5E81-88CB-16A573D088C2,45,0
742,6451F246-A842-CC14-DA49-5DE459EC28DE,2012-03-30 11:55:53.800,9192CDA0-FAB0-16AD-72C7-16B0B4BD90E2,45,0
743,6451F249-07ED-850B-9399-CFAC26D2718A,2012-03-30 11:55:53.803,AFEFB18A-0AA7-B52B-228E-16CAD9993365,45,0
744,6451F24C-E682-51AB-D897-68A58E39E119,2012-03-30 11:55:53.807,8EC11463-0200-D158-99FA-1824C42ABA60,45,0
745,6451F24E-A2D0-861F-72D7-85EFB4DFCEB0,2012-03-30 11:55:53.807,FA429BB9-BD73-C5B5-244D-18FA3E4084EE,45,0
746,6451F251-EF7C-A622-C2A2-B91A4DE3271D,2012-03-30 11:55:53.813,5FFF23DC-DA1D-5416-6234-19051835E2F4,45,0
747,6451F256-D0EE-B53D-5703-1BFEF6D7D3AC,2012-03-30 11:55:53.817,CEC1AABB-B899-1C1E-2EF1-1A68A2424051,45,0
748,6451F259-C0F2-D687-83E5-FE9653520237,2012-03-30 11:55:53.820,D1C11103-CD9C-DE71-BF8E-1CA376AC5A29,45,0
749,6451F25D-C702-EDE7-7774-B8C0D4EC5A76,2012-03-30 11:55:53.823,94B117C6-B2A5-799D-1589-1D85D5A477E4,45,0
750,6451F260-D4D4-D13A-3146-1A9E86A66293,2012-03-30 11:55:53.827,88CB2572-FA8F-86B3-687C-1F7F2D6D4C63,45,0
751,6451F264-EE60-3200-BF6F-DD22F4E277DD,2012-03-30 11:55:53.830,95B7E590-DEB3-827C-E90B-23087E44F838,45,0
752,6451F269-E07D-72A8-9330-9A89080B8FE2,2012-03-30 11:55:53.833,AA3CCC79-A80E-3D77-3EB2-231A93795655,45,0
753,6451F26C-E694-F6CE-74E4-9DF3A468E83C,2012-03-30 11:55:53.837,DB169D4F-B5B5-CD0C-C8B3-25587FA0D62D,45,0
754,6451F26F-BD01-3F22-01D1-BC2879058954,2012-03-30 11:55:53.840,757D2F4B-F8DA-2460-187E-270CD958121A,45,0
755,6451F271-9818-E8F5-8C0A-8C1BC29E9EB1,2012-03-30 11:55:53.843,5216A92B-096B-F131-DA0A-276BEEC3E1D4,45,0
756,6451F273-C8CE-64C6-5F68-6FDBEE9AA8E6,2012-03-30 11:55:53.847,2A2625C4-AB41-8625-C5C8-2774513E3178,45,0
757,6451F276-9C30-F3AA-0B29-597AC34310C1,2012-03-30 11:55:53.847,12CB8D6A-B0A0-AB7A-0401-28A344F7C52A,45,0
758,6451F278-9FE3-FFA1-A859-6BD502B822BC,2012-03-30 11:55:53.850,A916FB1B-C389-F3C7-B737-291BCCFC785E,45,0
759,6451F27C-B8C8-9527-461B-A19F79A56861,2012-03-30 11:55:53.853,34021D27-031A-DA2F-4D41-296692828084,45,0
760,6451F27E-B8DC-0897-24DA-58608CFC6F84,2012-03-30 11:55:53.857,8F284E49-A876-0EE7-A4A1-2A6868505B85,45,0
761,6451F280-A00C-D78D-E5C2-64D4E0A636E0,2012-03-30 11:55:53.857,83F2FD05-CEAD-EF66-16E9-2B28B7553FCD,45,0
762,6451F283-BC3C-E23C-B163-9AC767327EE1,2012-03-30 11:55:53.860,3404535B-FEB6-DAC3-6436-2C934797324E,45,0
763,6451F285-03E1-EF8A-3A61-D8FD0370037E,2012-03-30 11:55:53.863,8EDA84F6-BB18-575B-4116-2D41CB0FB4F0,45,0
764,6451F287-0C36-E3B2-FEE2-20E70EEBEFE5,2012-03-30 11:55:53.863,5B03E2C6-CF4C-6F61-E549-2E78EEE536B3,45,0
765,6451F289-AF0D-FE26-8194-03CD3AC5324A,2012-03-30 11:55:53.867,48B8AED1-AD27-B4A9-C24A-2EA46F62FD3E,45,0
766,6451F28B-9655-B6A0-3BCA-5BEE5F9A6B39,2012-03-30 11:55:53.867,AAE9D5A2-F666-23F6-E42B-30811578C466,45,0
767,6451F28D-C29F-BAD2-A42C-397AC0A7F35B,2012-03-30 11:55:53.870,8ED591D4-01B9-16EB-E5ED-31102B0545B0,45,0
768,6451F28F-0131-7405-92CB-421C9DBB2744,2012-03-30 11:55:53.873,A86D8705-C324-113F-94BF-3213975C906C,45,0
769,6451F292-0203-7E17-8D39-B2E9AF19E304,2012-03-30 11:55:53.877,8EE3D01E-F3E3-8122-A54D-32C18CD4FC48,45,0
770,6451F295-E4F2-B6A1-C94F-B90C1F48D6D2,2012-03-30 11:55:53.880,171E0918-AF95-6A97-AE54-333E4E26FBAC,45,0
771,6451F298-082A-C23D-1D40-16B24869AE2B,2012-03-30 11:55:53.883,98426D7C-A1FF-C6D9-87B7-337A20EAC758,45,0
772,6451F29C-CA65-4BA2-F900-121F137DA31C,2012-03-30 11:55:53.887,8EBDCFB2-AFC6-0A4D-764F-3405D5D9F871,45,0
773,6451F29E-FA72-9907-E067-636D4E0D9422,2012-03-30 11:55:53.887,42EA3467-02D1-E6CA-4CE8-348E6B2B7D4E,45,0
774,6451F2A1-0018-E130-BAF6-FDA83D367F7E,2012-03-30 11:55:53.890,2F4E89A1-F311-427F-E113-34A1A6A73D08,45,0
775,6451F2A3-F06B-308C-B343-1631A536E6E1,2012-03-30 11:55:53.893,5D8652B8-0555-9A19-73C0-36B270B75B59,45,0
776,6451F2A5-9657-28FF-C738-DCB942FDA2DF,2012-03-30 11:55:53.897,D83F45CC-F0E2-AB79-0962-36B8FBA0111F,45,0
777,6451F2A9-0373-E2D6-5A5F-E348D82CA5B0,2012-03-30 11:55:53.900,ACF1ABE1-E257-2102-9670-371BA7A3ED3A,45,0
778,6451F2AC-D317-9275-BBDE-5328875E6C41,2012-03-30 11:55:53.900,EE3B1917-FC52-4732-8C05-37EABFEF8B2A,45,0
779,6451F2AE-BCF6-A4D6-525F-DCC20947A250,2012-03-30 11:55:53.903,C21E1E6C-F30D-0F61-1AB5-3A69BC9015A2,45,0
780,6451F2B0-C4B8-9C93-8033-C50900C848BF,2012-03-30 11:55:53.907,1A38E73D-9185-E439-2A17-3ABD65D80E55,45,0
781,6451F2B3-AC50-AE6C-19DC-263B064174CD,2012-03-30 11:55:53.910,8ED996E4-E6CA-5640-648A-3AD1B0C7F336,45,0
782,6451F2B7-FB5F-18C7-0913-02BF008DA0F0,2012-03-30 11:55:53.913,CCA4B667-C453-1A2F-6AFA-3B5863BB0B21,45,0
783,6451F2BA-C2AC-2110-609A-597505B80B75,2012-03-30 11:55:53.917,8000540E-0B56-A467-A103-3C6AACC06053,45,0
784,6451F2BD-93C8-D221-70EC-EC597E8F8814,2012-03-30 11:55:53.917,2778330A-BC33-AD62-3F86-3CCEA9E31BD4,45,0
785,6451F2BF-CFF4-CC57-4CFF-E17360B26BB7,2012-03-30 11:55:53.920,FCBDCC01-A064-80DC-AEAE-3FEC48D0E1EF,45,0
786,6451F2C1-0B1B-FDDC-8282-C5B88F37CA42,2012-03-30 11:55:53.923,E1A035D0-CC17-912A-F206-407928AC91DB,45,0
787,6451F2C5-9BE0-5347-3EB5-19BB0BF1CC55,2012-03-30 11:55:53.927,159DEF23-B709-64BA-E2B3-407C74DC5B76,45,0
788,6451F2C7-095F-EB09-E3B2-19CD1CB3EDEA,2012-03-30 11:55:53.930,3F29E428-EF06-D2B4-BFC3-4167763EB4FE,45,0
789,6451F2CA-BFEB-79A5-FCD0-EF7E74D44B90,2012-03-30 11:55:53.930,266F00DE-A7EA-CF30-2B94-41735F4F4F27,45,0
790,6451F2CC-D5CE-7ACB-4051-F36B134AE549,2012-03-30 11:55:53.933,9212F566-E089-1A00-7B4A-41A3945AE5D3,45,0
791,6451F2CF-AC02-7F60-8FF4-79DD3DBE197B,2012-03-30 11:55:53.937,E3B6341E-F805-F0E4-5DC6-41F7922252B1,45,0
792,6451F2D4-F849-97CC-992C-B4840ECDB75F,2012-03-30 11:55:53.943,C437ECAF-07BE-30BD-C0FB-424CAF3BB43A,45,0
793,6451F2D7-B4AA-E678-9C74-B6B0C59BAFBB,2012-03-30 11:55:53.943,31BEFDB5-B585-E97D-E968-427085FDDF50,45,0
794,6451F2DA-B130-CB31-35A8-246569DA3269,2012-03-30 11:55:53.947,AE541486-E4E0-9182-3227-42EE27F0447F,45,0
795,6451F2DE-A941-2DBB-35D0-895E72D6ADBB,2012-03-30 11:55:53.950,9AD5F4BA-B52A-2C7A-6B60-431E7EB31F5C,45,0
796,6451F2E0-D825-46BD-EF9C-7629615E13D3,2012-03-30 11:55:53.953,676DED03-953D-C04F-5AE3-45072EF36720,45,0
797,6451F2E4-06E6-461D-20A3-59DB5146B103,2012-03-30 11:55:53.957,903D4713-D85B-55BF-ACE3-45A1F565978A,45,0
798,6451F2E8-C45D-431C-CF49-48E2973F1830,2012-03-30 11:55:53.963,8766D86A-CB5E-99FA-4F32-4602FBA87953,45,0
799,6451F2EC-A148-2267-2B93-3643CB97F4FA,2012-03-30 11:55:53.967,B9C50E84-0700-F657-FE50-4634C9327A16,45,0
800,6451F2F1-DAAC-CC1B-5014-9FBAD189D051,2012-03-30 11:55:53.970,C42E97BE-02D4-7841-6D95-483B7E4BE333,45,0
801,6451F2F5-F835-B8E1-B3FA-81D07BAF0D25,2012-03-30 11:55:53.973,C0D1C8A8-B8AC-1741-31B3-485AE43BC4EA,45,0
802,6451F2F8-B5FD-AC65-E3E6-6F53DBA890C4,2012-03-30 11:55:53.977,F7DF42A8-D4FC-6DC7-52C9-48639093BF89,45,0
803,6451F2FB-F2AE-E65D-617B-FBB284AA8962,2012-03-30 11:55:53.980,E80C2F87-D829-EDEE-243A-48F5BAD7F815,45,0
804,6451F2FD-D856-8341-44FA-4B9DB17A7BB1,2012-03-30 11:55:53.983,8FF16E4C-AA15-9440-1561-4912B13BD5A6,45,0
805,6451F300-97FD-2B8D-6F33-FC7FFF3F36A2,2012-03-30 11:55:53.987,43D066A4-B6F3-E8EE-C9B5-4928CCB69EBE,45,0
806,6451F303-9D2B-3742-6406-DBC21049AEC1,2012-03-30 11:55:53.990,DBCB4865-A707-9A2D-0D90-498F9387D195,45,0
807,6451F309-02A1-BDEB-768C-5675B09C4BFA,2012-03-30 11:55:53.993,9570C6D3-A1C4-613A-9557-4A165E003DD0,45,0
808,6451F30B-ABB3-30EE-8939-4EEABA8CF1EC,2012-03-30 11:55:53.997,9C02177A-02FD-74FE-330D-4B4DA3CCE282,45,0
809,6451F30D-D960-6E76-F80A-2AA9BA704DA3,2012-03-30 11:55:54.000,9511CBBC-D84E-96E7-A571-4B554FF215FA,45,0
810,6451F311-E3D9-2DAC-C111-06ECE92F51C5,2012-03-30 11:55:54.003,11041567-C874-A51B-D4ED-4C33FD5FDC0F,45,0
811,6451F313-D357-2FAD-6AAE-B16D488ED757,2012-03-30 11:55:54.003,8F907D7D-0751-B0D4-FBFC-4C4901AC9306,45,0
812,6451F315-E5C4-173F-F073-ED981C84FAAE,2012-03-30 11:55:54.007,F608ECB3-AEE4-5694-08D9-4D760308EB15,45,0
813,6451F319-F63E-DA39-37F8-F2F0884BFC84,2012-03-30 11:55:54.010,868CD038-CA1C-4251-5E62-4E7AAAE547CD,45,0
814,6451F31B-E2A8-15E1-6472-83FA2E394EF1,2012-03-30 11:55:54.013,F9A58D20-92BE-9A26-DFA6-4E88AC9E14E5,45,0
815,6451F31D-EDF3-38F3-8A0D-257FF43C71E3,2012-03-30 11:55:54.013,34EBAE6C-D6D5-51FD-7CF4-4F1C8A5D520D,45,0
816,6451F31F-98BE-8A09-FD1C-445081E20774,2012-03-30 11:55:54.017,B406F742-EEA2-ADEE-F8B7-4F883B7AEC04,45,0
817,6451F324-EDBA-E534-7B8B-BE0B516312B3,2012-03-30 11:55:54.023,CD2FC7E5-0E86-8562-F0BB-5079500E7ADC,45,0
818,6451F328-D6D0-7AFB-D951-F007E7A0626A,2012-03-30 11:55:54.027,D7A5182E-9F3E-6D77-4916-51DB6B4F23A6,45,0
819,6451F32A-E841-E0FA-CB1C-9236F31F9088,2012-03-30 11:55:54.027,9ECCF6D8-00A9-FD6F-9F65-5363EB4FB611,45,0
820,6451F32D-AA76-EEA1-41A9-71ADA6B59204,2012-03-30 11:55:54.030,7DEBBE84-D3E6-3459-D696-5429B602BAA9,45,0
821,6451F331-C93F-FB3B-250F-AABED8DB5E62,2012-03-30 11:55:54.037,AA8881E8-06B4-FCB2-92AC-54667DD3128E,45,0
822,6451F335-D88F-5256-7121-48C5D3840C1F,2012-03-30 11:55:54.037,C598BD61-F82B-01D1-94F4-55D4A5A6F116,45,0
823,6451F338-B33A-2D1F-A06C-51AC407E505C,2012-03-30 11:55:54.043,90C36E2C-E6CE-B1E3-C173-5688A7BF10A6,45,0
824,6451F33B-D06A-BD6A-9E6A-92467CC1BF39,2012-03-30 11:55:54.043,43911369-F4F0-85B7-C484-56EACC51D43F,45,0
825,6451F33D-FF38-0482-585D-BF1C9CD28C3D,2012-03-30 11:55:54.047,67B81D2F-C6D2-5855-AE7C-56EFF5853C89,45,0
826,6451F340-E104-2654-C13C-4C6478A50F82,2012-03-30 11:55:54.050,93CE390B-00B5-8E4D-512D-571E83D2AB48,45,0
827,6451F343-0E6C-98B6-7914-3A89820180F5,2012-03-30 11:55:54.053,997863D2-0633-E4BA-0AC6-5729F78EAAF5,45,0
828,6451F345-F748-F00E-8976-B9ED06147583,2012-03-30 11:55:54.053,0924B677-E2A2-6D9A-491A-57B5F8A6C0EF,45,0
829,6451F347-065F-811B-89AD-B1C463158F7A,2012-03-30 11:55:54.057,8EFE23B3-033E-B0D7-DDE2-59D67A9E58D5,45,0
830,6451F34E-B9BB-A119-712A-18F2C7E3F87E,2012-03-30 11:55:54.063,A93EB01D-A5F5-53B3-1B6D-5A70D905AF01,45,0
831,6451F351-E521-AE4B-C028-C4C3A727A333,2012-03-30 11:55:54.067,EE44880F-F2FD-D781-44B0-5A8E97745393,45,0
832,6451F355-B50C-E959-AD71-CB9607BBEB8D,2012-03-30 11:55:54.070,600BCBD6-9A4C-FDF4-6450-5AA154F0B299,45,0
833,6451F357-F739-6C1A-66E1-6C478D6E50DD,2012-03-30 11:55:54.073,2875EBFE-95CA-7DCB-56B7-5AED95B6F4EC,45,0
834,6451F35A-0F8C-4ED4-1B6A-FD4BD8A15C76,2012-03-30 11:55:54.077,E17C7E81-E5B0-8E88-942D-5C1DE4FE02A5,45,0
835,6451F35C-058A-3491-722A-55BFBFEE50D2,2012-03-30 11:55:54.077,C89E2DF9-DF4E-2108-B2DA-5C4FD8404503,45,0
836,6451F360-0312-CBEA-52F3-33E73ED5459B,2012-03-30 11:55:54.083,8FB36620-095D-9827-7AF1-5D88C173B141,45,0
837,6451F364-D45F-FB91-175A-7B426BA7A083,2012-03-30 11:55:54.087,3A66EB93-9384-4257-BC32-5D960F110222,45,0
838,6451F368-DFB7-D7FF-F265-5F819C0785B6,2012-03-30 11:55:54.090,880E8773-0531-0848-01A7-5DC159B10D1C,45,0
839,6451F36A-FDE2-57D4-BED4-9026D04F5E68,2012-03-30 11:55:54.090,90A23FAF-A555-9CCE-5523-5E5EF91B19EA,45,0
840,6451F36C-EA76-A2FA-4A7F-A292C0240850,2012-03-30 11:55:54.093,9DB9D4FE-DAED-E084-3E20-5F930E2C639A,45,0
841,6451F36E-A96C-FE03-1C7A-EA27457E463F,2012-03-30 11:55:54.097,9FF3AACF-0A3F-9A67-A711-628B9EE611AE,45,0
842,6451F370-B391-C6F3-AB1D-B34E30964BB4,2012-03-30 11:55:54.097,C2EEBE65-0A21-9FAF-0571-632BF9C9C206,45,0
843,6451F372-BC3A-3FD1-E940-7DF0DAB74C68,2012-03-30 11:55:54.100,CE68FDC0-F0D0-0801-E117-63D149258526,45,0
844,6451F374-AF6A-4AAF-CA77-794ADCEA6B44,2012-03-30 11:55:54.100,6FCC1336-B47F-C258-64B0-6593D0118F54,45,0
846,6451F378-F135-C551-3CF5-99A766E115C8,2012-03-30 11:55:54.107,CD4BC6C2-0A0A-48D1-ECF6-678D173EE06F,45,0
847,6451F37A-0F3A-EA7F-11E3-591D824DC18B,2012-03-30 11:55:54.107,AA81EC2D-CB7A-00C8-A4B3-680CF687AF37,45,0
848,6451F37D-DCCF-EADA-3BC2-63C79A2B9F5D,2012-03-30 11:55:54.110,59AAEA7B-D7D0-8527-7BD3-686CACCC676E,45,0
849,6451F380-FF91-C845-8DED-DDE03F5EAA47,2012-03-30 11:55:54.113,509B5C99-E6F8-C662-516E-69684AE94C9F,45,0
850,6451F383-952D-F789-6D03-9702B28708D2,2012-03-30 11:55:54.117,86070238-0FB3-9B83-9D37-6A051F048A11,45,0
851,6451F387-B49D-E4D5-3389-ABF8FE973656,2012-03-30 11:55:54.120,C0873587-03AD-78E1-C66F-6BB3665B66E6,45,0
852,6451F389-D2F0-ED03-E738-A97D0CAF1203,2012-03-30 11:55:54.123,0C01A668-D1AF-471C-B0D7-6CA043137E5A,45,0
853,6451F38B-DB67-DEB9-33C4-CDFFBC9711D3,2012-03-30 11:55:54.123,9E045ADD-CE75-5CD9-A9A6-6D03A50192D6,45,0
854,6451F38D-09B4-61B7-2C49-15AA5210152B,2012-03-30 11:55:54.127,907D8099-E3FD-8D4C-266A-6EC872603CE3,45,0
855,6451F38F-F36B-9600-E51F-5C955450AD8B,2012-03-30 11:55:54.127,15BB6DBC-CF0A-5EC8-93F4-70DF7ED8CC27,45,0
856,6451F391-E82A-A495-7B8E-42C04394DF16,2012-03-30 11:55:54.130,D8636C7D-F9AF-1B70-6848-7114ECEF2EF5,45,0
857,6451F394-A51F-C450-4B0D-74B5965CD777,2012-03-30 11:55:54.133,92F69613-919A-BFDB-1F46-71751CDC4DE1,45,0
858,6451F398-D7CF-9686-777D-1B51DE935EAE,2012-03-30 11:55:54.137,94B0EA1A-E767-A0E5-37EB-71BC7F48AE33,45,0
859,6451F39B-CD04-918A-F51D-F71953C5B676,2012-03-30 11:55:54.140,441FC6B3-EABF-2802-1C65-7202284520D0,45,0
860,6451F39D-912A-F7F5-29EC-A7110A380545,2012-03-30 11:55:54.143,8EDF10ED-057D-6395-49A9-72C14463F8B6,45,0
861,6451F3A0-BC4A-4D76-A980-2321AD6BE481,2012-03-30 11:55:54.147,05D13341-F1CE-0E48-D085-73BCD8AF9CC7,45,0
862,6451F3A2-0F12-8211-CBE3-289CC61DDB0E,2012-03-30 11:55:54.147,FBC9853E-0883-FD8D-B03B-74547CDA1983,45,0
863,6451F3A5-C0DA-B5A0-D8A3-1BDC1A3C3335,2012-03-30 11:55:54.150,02500218-DAC2-453C-8D91-74E9ABFCA915,45,0
864,6451F3A8-BB58-325B-F921-F11D6CC69490,2012-03-30 11:55:54.153,90A06AEC-D6DF-2015-C15D-75F489CA86D5,45,0
865,6451F3AA-951C-3CED-02CD-055F5C1D42AF,2012-03-30 11:55:54.157,EAD713EE-ACEA-17FF-E159-767F9B08B750,45,0
866,6451F3AD-A643-3DE6-F9C1-472809DB3A65,2012-03-30 11:55:54.157,718AC021-B8E5-BA92-8416-76D833420AB2,45,0
867,6451F3AF-FAFE-285F-95AB-397B3924E07F,2012-03-30 11:55:54.160,D9152775-CE5C-C3CD-C23D-7821185ABF7D,45,0
868,6451F3B3-9A9D-09D2-62BC-1BDAA82CF693,2012-03-30 11:55:54.167,55341089-D47E-0D7A-1F4B-7917B1D041EA,45,0
869,6451F3B7-BFD3-3378-0C4B-204490D741DD,2012-03-30 11:55:54.170,ACF34677-BB9A-A337-B5C8-7C58C2742518,45,0
870,6451F3BA-ECAD-12C6-518C-81CB8A480249,2012-03-30 11:55:54.170,271A0F92-F784-F2C2-8BD2-7CEB64527997,45,0
871,6451F3BD-E6CD-3FFC-053E-C125BF8F0CE8,2012-03-30 11:55:54.173,AACCDB0B-F85D-9A14-9607-7D58FE95F84D,45,0
872,6451F3BF-9736-556E-24A8-470590A55D8B,2012-03-30 11:55:54.177,445B0841-EBFA-78F6-7AB9-7E3E8F434E19,45,0
873,6451F3C1-CDE9-9AAF-28C8-744FA19FC14E,2012-03-30 11:55:54.180,74A92A24-E7C4-38C5-0D14-7ED4E3E5855E,45,0
874,6451F3C5-0ECE-9BE0-4A70-0A2566049804,2012-03-30 11:55:54.183,F334EF35-CE73-7CE7-FBF4-804F2FFC3C4B,45,0
875,6451F3C7-A251-CE5F-DE9E-E6637662E14B,2012-03-30 11:55:54.183,CDC61D74-06F3-D078-4B83-8089922C029A,45,0
876,6451F3C9-04DB-A3AE-A605-23B11D403B7F,2012-03-30 11:55:54.187,B0D2B01C-9510-CDAA-896B-81BAF46250BB,45,0
877,6451F3CB-EE36-2F56-0D79-965FA2F6A238,2012-03-30 11:55:54.190,1B0E90E1-A9A7-F69A-4D6A-82ACD5DDEF60,45,0
878,6451F3CE-076C-4BA1-2170-B91F33BDFCA3,2012-03-30 11:55:54.193,AC7228A9-F514-4254-215A-834E8D4B3BD4,45,0
879,6451F3D2-E649-F1E2-924D-57CAEF17D085,2012-03-30 11:55:54.197,1549DA54-CD2B-5FC2-D0DE-83CC5284BB41,45,0
880,6451F3D5-9998-B945-DD4E-D67ACE172192,2012-03-30 11:55:54.197,5777FA18-CC48-01EA-FE72-8463A04B690C,45,0
881,6451F3D9-08F9-EBF3-DEAF-9D3D0AF21860,2012-03-30 11:55:54.203,1F22BE49-FC2B-2EA4-A7C2-8687847A326B,45,0
882,6451F3DC-CDD0-28EF-CA31-CC29807018C0,2012-03-30 11:55:54.207,999C5392-F6F2-1080-0289-8709BA7A6C6C,45,0
883,6451F3DE-CF47-7F51-2D10-E2ABDEDB232C,2012-03-30 11:55:54.207,8FD8E8E5-96B1-4A2E-13AD-877575241774,45,0
884,6451F3E0-BCBD-BEC0-6A44-E8C492F18AA7,2012-03-30 11:55:54.210,31A999EC-A987-9BEC-FB78-88045FC094D1,45,0
885,6451F3E2-059C-0BC1-D628-85655229018F,2012-03-30 11:55:54.210,9080FB9E-98A2-BA2D-BB37-88A54AC7333A,45,0
886,6451F3E4-EDA4-42F7-3FEB-2DEEACDB8EAB,2012-03-30 11:55:54.213,D09C30A4-AAD3-4538-D486-88B492F39C38,45,0
887,6451F3E6-DC81-2E8C-9B4E-6C7F7B209471,2012-03-30 11:55:54.217,F61601A1-E22D-0159-A484-88DAC66D3E1E,45,0
888,6451F3E8-DF2A-6B34-F2BE-965C434B391A,2012-03-30 11:55:54.217,2E70C483-D2A3-7A86-DFF2-8C19386C8B4C,45,0
889,6451F3EC-9416-C685-AF74-D81111BFACF7,2012-03-30 11:55:54.220,908E9B87-C4BC-5AF4-61B2-8C7F963D19B2,45,0
890,6451F3EE-DE58-8C1A-7FF6-91B7C005386D,2012-03-30 11:55:54.223,D84D278E-AC32-427B-288D-8CB4A9B74C64,45,0
891,6451F3F1-D4DD-1807-8E71-715D59ABC095,2012-03-30 11:55:54.227,C7A2E321-F860-1B28-3AD5-8DADAC102BBB,45,0
892,6451F3F3-0733-8BA6-6E35-57DA084EBCFF,2012-03-30 11:55:54.230,F9BD94F0-C36C-BCD8-BB29-8E86247AECD9,45,0
893,6451F3F6-B26D-A13F-FCD3-74412F8557A9,2012-03-30 11:55:54.230,B7DB9B7C-0C4E-7ADE-D335-8F4A98F626D1,45,0
894,6451F3F9-F5AA-44C0-4E8E-CF7560EBFD98,2012-03-30 11:55:54.233,8279E78B-ABD1-A099-11A8-8F587AE3EA48,45,0
895,6451F3FC-EFEB-9D01-31B6-0725D3D60A3B,2012-03-30 11:55:54.237,FEC878F6-F0A2-433D-E94A-90214CDD0CF0,45,0
896,6451F3FE-0F5C-D32B-D9E3-39B7E4222CC6,2012-03-30 11:55:54.240,0AE44D89-9FB7-8B1C-CFB9-9080DED54132,45,0
897,6451F400-06F1-D72B-D239-D05713C81F3C,2012-03-30 11:55:54.243,28384062-017A-1FA4-19F9-90C1EA9D7CFF,45,0
898,6451F403-BE50-0A40-FCF8-7A008E1CD612,2012-03-30 11:55:54.247,F0A5FD6F-F6A6-A0CE-DF25-92B391128818,45,0
899,6451F407-D5ED-02BB-0358-D8C0262EAAE4,2012-03-30 11:55:54.250,A1284AFB-F335-56E4-A240-93BB69C09D57,45,0
900,6451F40B-0285-3698-8ED3-02B9C6175572,2012-03-30 11:55:54.253,94BDD0F7-F5DF-8893-9109-93FDF6B1B60D,45,0
901,6451F40E-9364-0878-4EA8-F6D59B43DA91,2012-03-30 11:55:54.257,20032FFD-03ED-3F44-DC46-940C50441359,45,0
902,6451F412-AB6E-2235-68DE-125D6DA9FD90,2012-03-30 11:55:54.260,8EE4EF4C-0E94-6CB4-E3E0-94C1479FF520,45,0
903,6451F418-9AE2-04EC-3052-CE9B4148E7CD,2012-03-30 11:55:54.267,8EE236F0-0698-3E95-C5A3-951611EC2CFE,45,0
904,6451F41A-DDFB-B353-B87C-0A8EF6DCAE0D,2012-03-30 11:55:54.267,93F63D78-011A-E1B3-CD2A-9519F9409A88,45,0
905,6451F41C-A3C3-C26D-49BD-B43307C0A8F9,2012-03-30 11:55:54.270,E8AC5C2C-0697-E66B-104A-95A687968EED,45,0
906,6451F41E-9B1B-9630-D036-BA897ACCE80D,2012-03-30 11:55:54.270,1E27A2CA-0E8E-8A88-3683-95D32F1CF4E5,45,0
907,6451F421-AEF1-FDB6-4837-1BDAB9DB916D,2012-03-30 11:55:54.273,C9EC6C05-96CF-BB32-7D11-97B34F71ABC5,45,0
908,6451F423-CBB5-C32A-E49D-280892C0EA29,2012-03-30 11:55:54.277,44E6E800-E9D2-572F-AEB6-981429D6775B,45,0
909,6451F425-B379-43BA-EE50-C64F0683F479,2012-03-30 11:55:54.277,958FEBF0-B064-C901-2482-982F25EBFA86,45,0
910,6451F427-C4A9-C67C-D8CA-01EA2669382D,2012-03-30 11:55:54.280,30E8B407-A16C-745B-2558-98407BFABC9A,45,0
911,6451F429-0081-F11E-268C-8574DDBEBCF7,2012-03-30 11:55:54.283,7631EBE9-FF79-84B6-BD3C-9932CE7484AC,45,0
912,6451F42B-B016-46F8-5480-C1E8E23BC367,2012-03-30 11:55:54.283,8B6628A2-A644-6453-F464-9B57A3B12AC3,45,0
913,6451F42D-EB74-A84C-858C-67E492C8C068,2012-03-30 11:55:54.287,9B762D6F-BDA9-9FF9-B6B9-9B87C3FB3913,45,0
914,6451F42F-0C20-A20A-119A-1FDF12E4FE6E,2012-03-30 11:55:54.287,123E7C46-9882-B2CE-4C4C-9C0F4B37A087,45,0
915,6451F431-C2EB-4D3D-963F-423A45D84662,2012-03-30 11:55:54.290,2FCEAF50-AC9A-D5A8-38CC-9C7150150B13,45,0
916,6451F433-9C19-C19D-E19C-D540B6AE316C,2012-03-30 11:55:54.293,E390C879-CECF-79EB-1E85-9C7D2A1E3635,45,0
917,6451F435-BC6B-04B1-5B9B-7E5578B67647,2012-03-30 11:55:54.293,93E0AB75-955E-CE1E-9B46-9D08991F5FE8,45,0
918,6451F439-A5B5-1C9A-1B5E-4284E5354BA4,2012-03-30 11:55:54.297,DFACC983-E544-2B1B-8CE1-9D38411B3BC6,45,0
919,6451F43C-EB59-8BB8-4A01-5A6219627CF4,2012-03-30 11:55:54.300,8F9C6A80-90D3-1B52-7F1B-9D7F553741FB,45,0
920,6451F43E-A89D-AD2A-AB6E-30125FA1A1E8,2012-03-30 11:55:54.303,F9DE4756-DC2F-6466-307A-9E3329492EFF,45,0
921,6451F441-937E-05F7-A489-7B99F88A8113,2012-03-30 11:55:54.307,270CC343-05C2-015A-AFC1-9F763E3BA0DE,45,0
922,6451F444-A431-24A4-15D7-A74096448711,2012-03-30 11:55:54.310,F8F4E262-BDBD-8D55-96DE-9FA108156B2E,45,0
923,6451F447-ED7F-5262-B4D6-30A9E9473443,2012-03-30 11:55:54.313,F9AA26CB-FCC6-9ADB-63AB-9FA9186530C5,45,0
924,6451F44A-A32D-AFF7-BE9D-BC8494C7C781,2012-03-30 11:55:54.317,F816CB44-E0EB-0590-9999-A0A1AAABC852,45,0
925,6451F44C-A602-B98D-7FBE-8339A688F6CA,2012-03-30 11:55:54.317,017FE975-9BC1-622C-DE57-A1F87AE1F340,45,0
926,6451F44E-C614-50AE-2A4A-36C4661F4805,2012-03-30 11:55:54.320,A3667148-93AD-FE54-C35F-A247520C7F01,45,0
927,6451F450-C3B5-CD28-941E-D0FF80E18E01,2012-03-30 11:55:54.320,63EDE548-94BD-5B32-6B5B-A26ED12F5EB2,45,0
928,6451F452-DC57-2A43-E232-53498ACC00B2,2012-03-30 11:55:54.323,454793D0-D3C7-E03E-EB2F-A2C91F821C98,45,0
929,6451F454-0B44-6E64-9F3B-BF45EF38FFE7,2012-03-30 11:55:54.327,86F554F0-AAEE-3FED-52A7-A307CF7A5614,45,0
930,6451F456-A77E-D499-D09B-1A0B38448D19,2012-03-30 11:55:54.353,C090D8CA-A4E7-FB3B-3CDC-A3372DDCA57F,45,0
931,6451F473-CBFD-D991-8422-A5869BBDC1D4,2012-03-30 11:55:54.357,C8E24656-AE0A-5C84-76CF-A3A22DFA3034,45,0
932,6451F475-E7AC-DB29-79EF-02F3E28C9164,2012-03-30 11:55:54.357,3A8B76D7-BCDF-4F48-36E8-A649F123467E,45,0
933,6451F477-EE54-5751-1536-EEE50250B795,2012-03-30 11:55:54.360,AB8F198E-AA57-B9E7-CE98-A669519F47A4,45,0
934,6451F479-E67F-71BB-51FD-34B7D9842092,2012-03-30 11:55:54.363,905F3812-0390-9CB8-CA68-A731102A1C12,45,0
935,6451F47B-9467-2868-6972-C1FBE7D2CA84,2012-03-30 11:55:54.363,9D4AAEF8-CE9E-6F04-24F2-A79A50258E53,45,0
936,6451F47D-CF26-166E-A98F-98A996A52B6D,2012-03-30 11:55:54.367,DBBBB468-D698-F97C-C715-A8D1FB67238A,45,0
937,6451F47F-CB12-23A5-BE06-4210D0FCA3AF,2012-03-30 11:55:54.367,2F732042-AF0E-11F5-1D74-A8F12C0B198F,45,0
938,6451F481-C2A7-4AC9-C363-BA8F88F89CC7,2012-03-30 11:55:54.370,8F1B758B-900D-9CB6-8D94-A8FD5F6AA728,45,0
939,6451F484-089A-8D4C-5E1E-798722D577F3,2012-03-30 11:55:54.373,CD9DA157-FCD2-12B6-4CB8-A90F349C24D7,45,0
940,6451F486-DEFB-C01F-1650-11771A96F1F2,2012-03-30 11:55:54.377,FEEA26DE-DDAD-C1BA-1E55-A965BE3FE7FF,45,0
941,6451F488-0122-8598-EA2A-9D13C484EFD8,2012-03-30 11:55:54.377,61E148C6-D3FA-14F5-9359-AA481FC24316,45,0
942,6451F48A-9D1B-BFB0-44CA-FAC728BBB243,2012-03-30 11:55:54.380,D182B72D-0FF6-C66F-2EA9-AB91E03C4EAA,45,0
943,6451F48C-D807-1B64-9D1D-EE5F5251D07E,2012-03-30 11:55:54.380,30C8D84C-A8B7-578C-0B9A-ABD080DC10FB,45,0
944,6451F48E-F173-61AD-61A3-97829660AB25,2012-03-30 11:55:54.383,D66E3D78-F4F7-1C61-9C48-AD2B78DBE9C1,45,0
945,6451F491-911C-A921-4AC9-D24903E6AD45,2012-03-30 11:55:54.387,472F54F8-C219-D096-9E54-AF2C1DB486E5,45,0
946,6451F493-9A24-14F8-2191-D27A2DFC59E1,2012-03-30 11:55:54.390,93F67FED-DC31-1C5D-260A-AFF8DF710F83,45,0
947,6451F497-FC22-5A9A-B99C-559B6E5BF35F,2012-03-30 11:55:54.393,9CCD998F-F08B-7CB1-4ED7-B05ADA467E48,45,0
948,6451F499-C9B1-89EC-FAA8-C797612038DB,2012-03-30 11:55:54.393,900E3924-E0D2-59CD-0AC8-B13BD510B82D,45,0
949,6451F49B-DA04-465F-8859-D34BB608D9D1,2012-03-30 11:55:54.397,756242F2-E7F8-B38E-9E24-B16AA3E655C8,45,0
950,6451F49D-D88B-26B8-A53D-1B80E3C549DC,2012-03-30 11:55:54.397,366ABA77-EE51-E872-2D20-B1E30F388782,45,0
951,6451F49F-B7F7-6F56-CD42-8784A2024C57,2012-03-30 11:55:54.400,27642F3A-B9B2-DE01-2BEA-B2BAFE40370B,45,0
952,6451F4A1-C539-CA5E-040D-D6FB118B2A3D,2012-03-30 11:55:54.403,D4344D52-D8CE-4C29-A207-B34DE4E113E1,45,0
953,6451F4A3-F463-93E9-B161-7FFD56913D4B,2012-03-30 11:55:54.403,9004763D-9F82-C23D-ED84-B380EB89E220,45,0
954,6451F4A5-992A-95EE-BCE5-F59525331229,2012-03-30 11:55:54.407,AE64108B-F693-C9A3-28AA-B4082CC6EBE9,45,0
955,6451F4A7-F4F9-64E7-B070-59E164E473C6,2012-03-30 11:55:54.407,52840F87-A39E-6BE3-3F5E-B5394C2A16A7,45,0
956,6451F4A9-CCB6-64B4-85AA-2E3FD710144C,2012-03-30 11:55:54.410,A1B9907B-B869-D0F0-A6B9-B5716D4C414A,45,0
957,6451F4AC-B7BD-367C-8FC8-B4CD029E92D5,2012-03-30 11:55:54.413,E1EE9518-D9B3-3055-2B70-B703896EFB5A,45,0
958,6451F4B9-9F47-1BCE-F178-4B6D621697D6,2012-03-30 11:55:54.427,9242B9AD-F8C2-CD56-099F-B75259206E92,45,0
959,6451F4BD-9D4A-0CB4-4763-73BDAB4D002F,2012-03-30 11:55:54.430,CD67D8B3-AE34-3D5C-F940-B76177141D96,45,0
960,6451F4C1-B8CD-2082-A5E9-0AA0876570F1,2012-03-30 11:55:54.437,8F54B4A4-952F-5D2C-9903-B82609142242,45,0
961,6451F4C4-C825-C571-8C27-B72781766F83,2012-03-30 11:55:54.437,66B6DE37-D3D3-841D-4976-B99419325D90,45,0
962,6451F4C7-EC47-36ED-9582-8C1A8D8F30D4,2012-03-30 11:55:54.440,3D918775-CEE8-DCED-A98B-B9B9C6761C83,45,0
963,6451F4CA-B7EB-F0FB-E3F2-013420146CD4,2012-03-30 11:55:54.443,FB98DFE8-9B5D-A548-A7A5-BBEB135D1ECA,45,0
964,6451F4CC-D5BF-969F-E8FA-41BC2FB8BFF4,2012-03-30 11:55:54.447,4962A5B0-C99F-559A-55A5-BC4A53F2A39E,45,0
965,6451F4CE-A309-3C37-8D86-CD6B4B557A7E,2012-03-30 11:55:54.447,D9504420-F030-90A1-B236-BD06C7BF0BDA,45,0
966,6451F4D0-97B9-805B-A378-1ECDCD75EB57,2012-03-30 11:55:54.450,94F1992C-A611-9C4B-72F4-BD43798BDEB8,45,0
967,6451F4D3-AFC7-0C77-84A2-C465E3FD1F0D,2012-03-30 11:55:54.453,64CC03BB-F9E2-D422-A819-BE158EA518DD,45,0
968,6451F4D5-E191-F368-ED53-4095E3314471,2012-03-30 11:55:54.457,CDBFFCA3-C5F7-9A92-87D1-BE8F9C148FF7,45,0
969,6451F4D8-0992-271F-9042-7196E59F7CBA,2012-03-30 11:55:54.457,38199459-BA37-0D60-B51B-BF406F38C87A,45,0
970,6451F4DA-DB83-C463-B4A2-0DFA6EC3C15A,2012-03-30 11:55:54.460,8B723948-F258-4C6C-AC88-BF93A109ABB1,45,0
971,6451F4DC-D05E-184F-9D24-A772E40009B0,2012-03-30 11:55:54.460,BB8E57B6-E8CD-C980-289D-C0DFCC8E06FD,45,0
972,6451F4DE-AC11-000E-BD3C-24E721CAE485,2012-03-30 11:55:54.463,FBCECF89-E60D-6F41-BC9B-C1BFA0014528,45,0
973,6451F4E0-EFB0-A9B1-7B94-50F682AC1D8D,2012-03-30 11:55:54.467,93626E92-93B2-5BB2-6981-C2640420AB77,45,0
974,6451F4E2-E26F-14CD-2CB1-6C7723A040BB,2012-03-30 11:55:54.467,98A0EE26-E4CD-F510-DA79-C2699C3B2268,45,0
975,6451F4E4-956C-475B-C0B8-921DF64E1712,2012-03-30 11:55:54.470,C4EA01A4-E413-86E2-1BFF-C41F23AD8D6B,45,0
976,6451F4E6-E2A7-22EB-C14F-A27A131336C9,2012-03-30 11:55:54.470,7E7DC308-0E75-07FC-8927-C439C0E2D0FA,45,0
977,6451F4E8-0B41-FBAB-87CB-44F7679C7054,2012-03-30 11:55:54.473,B3E3036D-AB0A-CD20-48BA-C43DD5ACB0FD,45,0
978,6451F4EB-F70F-E978-670D-2E02A6B2E2E8,2012-03-30 11:55:54.477,9173A0F8-FF8B-3041-A1C7-C560E51214DD,45,0
979,6451F4ED-0960-9FB9-BC90-328CFCB402F4,2012-03-30 11:55:54.477,66242542-0BB9-0ECF-6EA1-C5EFCF6A2E0D,45,0
980,6451F4EF-EA64-FF58-AB06-86AE80A0A6C2,2012-03-30 11:55:54.480,903C7E01-CA89-6637-D342-C667FCDD2284,45,0
981,6451F4F1-925D-FE03-0EDE-F8593C431946,2012-03-30 11:55:54.483,E7A2BE41-0F4D-24B2-AC1F-C6B021D9A261,45,0
982,6451F4F4-AF97-40D1-E75E-2B3DEAA5719F,2012-03-30 11:55:54.487,8E95C259-FC16-F130-C487-C733551382AD,45,0
983,6451F4F6-0DCB-B3F0-2386-EE1BDF1364CA,2012-03-30 11:55:54.487,C9954B78-A346-D604-025E-C82BBBB3DD0A,45,0
984,6451F4F8-EFD7-44D0-915D-F215D979139E,2012-03-30 11:55:54.490,EDDDFC9E-E363-828F-DED6-C8EB0A63AA4F,45,0
985,6451F4FA-B03A-ED8C-9820-03BCB0B9D91F,2012-03-30 11:55:54.490,F1C7BF61-9C8D-F85D-02F6-C904F9D3CCA9,45,0
986,6451F4FC-0760-E90C-7C20-B2E2B27A2C28,2012-03-30 11:55:54.493,0A035534-94F2-B4F8-61CD-C9AFA3489841,45,0
987,6451F4FF-0AB1-8460-5A50-BFFAC2EF7071,2012-03-30 11:55:54.497,AE73636D-EA07-F615-2CB8-C9C77A86B25B,45,0
988,6451F501-B61B-2F8C-8BA7-D2E3729050A9,2012-03-30 11:55:54.500,8EB8057A-DE34-9B50-C21F-CA18409409DC,45,0
989,6451F504-9C28-8D9B-89D2-C4FD9F7B7E1D,2012-03-30 11:55:54.500,8ED086F8-D6FB-3AD3-5CE3-CABDD03B5D24,45,0
990,6451F506-DF9B-4212-A627-F9FF55A060A5,2012-03-30 11:55:54.503,BD0C7B06-BC75-8578-2AD5-CB32953FC3BE,45,0
991,6451F509-BA1D-4253-9442-719A816396DD,2012-03-30 11:55:54.507,17153E20-F8BA-276A-AAFE-CD6D92BF6849,45,0
992,6451F50D-C094-50E3-F97A-1D1B7A91D47E,2012-03-30 11:55:54.510,2F82EB7E-9CFE-33CA-4EF9-CE64AD26CC62,45,0
993,6451F50F-EDF9-B135-64CD-4F6B10B73090,2012-03-30 11:55:54.513,8E2936A7-0CD0-638A-8C26-D7B42505A575,45,0
994,6451F512-B728-4206-7EA2-E7E2CB29CDAC,2012-03-30 11:55:54.517,10E098E9-AD1F-A3ED-835C-D846D303ECE4,45,0
995,6451F516-0F67-8C7A-A0C0-4BDA1DDD6588,2012-03-30 11:55:54.520,103A43DB-FA8D-8B40-F815-D9A7FE343854,45,0
996,6451F518-C30E-383E-1B22-FE2B3D508142,2012-03-30 11:55:54.520,9E55ADF3-E79E-04F1-2D64-D9C790D15443,45,0
997,6451F51A-A949-2EBE-FB06-B24FE50C3680,2012-03-30 11:55:54.523,992FC0A4-D6E0-C460-AC9C-D9ECDCF067D5,45,0
998,6451F51D-E063-4B55-3ABD-C7E606A51294,2012-03-30 11:55:54.527,1C504BF3-EBDC-0F1D-B6F3-D9F117456790,45,0
999,6451F51F-036A-EFCB-E453-53CE2C337F19,2012-03-30 11:55:54.527,C45BA0C2-D21A-3649-DC1D-DA7CED7F10F6,45,0
1000,6451F521-FF08-AF41-8634-C0C68FC54B67,2012-03-30 11:55:54.530,8F4B66F8-ADA2-5980-8B92-DB41FC2EDD8E,45,0
1001,6451F523-C1C0-08D2-0B9D-DD2A613777F0,2012-03-30 11:55:54.533,C8FCF9DC-0FC7-6B43-B898-DC504E7903CE,45,0
1002,6451F525-C939-B68E-2315-01EF7245C3DC,2012-03-30 11:55:54.533,491361B0-EBFE-C6CB-4324-DD3F641A14AA,45,0
1003,6451F527-A144-D8A4-9B52-B1AFC3B382D1,2012-03-30 11:55:54.537,B4DAAD7B-CA71-529E-1FD2-DDB49CC03C14,45,0
1004,6451F52A-ECD5-70A1-0467-E2665E86C966,2012-03-30 11:55:54.540,8ED20800-CB0B-E7FF-254A-DDCCCDFDDDE1,45,0
1005,6451F52D-9F0D-6ABF-6A37-C54ADA83A952,2012-03-30 11:55:54.543,C250318B-9E0A-CFFE-3795-DDE56586B1A0,45,0
1006,6451F52F-E246-1530-1359-7C67758B5CAE,2012-03-30 11:55:54.547,8FC3A0FA-C7F8-D6C5-6BDB-DE211111B2E1,45,0
1007,6451F533-FE54-84C5-0C71-9C1E13996539,2012-03-30 11:55:54.550,58B76D4C-0B1E-DD83-D2C5-DEA62E52D67D,45,0
1008,6451F537-FCAF-9BEA-0208-7674FE9FE805,2012-03-30 11:55:54.553,1A5EB363-D200-4878-1CE5-DF57F11037C5,45,0
1009,6451F53B-9842-8415-5A9C-F7D42B1C247A,2012-03-30 11:55:54.557,948AD43E-B82C-49F9-0442-DFD08512F288,45,0
1010,6451F53E-B045-8705-25C6-6654948D9179,2012-03-30 11:55:54.560,9A6D3C9F-EBF7-3198-6E08-DFD68B2CAE9C,45,0
1011,6451F540-92AE-073F-D3E7-10C4B8A63BEC,2012-03-30 11:55:54.560,D9EF86D1-98EE-EBFC-DC57-E00B9BDAF3F5,45,0
1012,6451F542-9FC7-C78F-2BEC-C2CE746CC312,2012-03-30 11:55:54.563,9C730C8D-9137-1019-5D31-E03D1E9D6EDA,45,0
1013,6451F544-DFE3-BE37-DFF2-BAD9FFF08902,2012-03-30 11:55:54.567,A631AC21-F97D-FBDC-73CE-E1D281CFFCD7,45,0
1014,6451F547-C924-8C85-B9EF-84AACB5F15E7,2012-03-30 11:55:54.567,9F71C0F2-BD99-7DD2-A116-E29BB91645E6,45,0
1015,6451F549-0EA1-B701-525F-B41511974FDC,2012-03-30 11:55:54.570,5F2A943B-FC97-68E3-014B-E2B57023B157,45,0
1016,6451F54D-A5FE-9013-7725-8011DD6AA553,2012-03-30 11:55:54.573,ABCC6012-CBF5-6D1B-A079-E2BBB6876FA9,45,0
1017,6451F550-0299-15A3-E945-FD58D7692D3B,2012-03-30 11:55:54.577,9E12CD1A-BEAA-85D5-A566-E2D4830C3D12,45,0
1018,6451F554-F0CC-9980-5D92-650B5B59E85D,2012-03-30 11:55:54.583,E7CE9886-F570-1784-C7C4-E2F846D22C63,45,0
1019,6451F557-DA10-10F2-3CAD-DF08746ED174,2012-03-30 11:55:54.583,15A950D5-9DDD-BD8D-0347-E376AC9BBABB,45,0
1020,6451F559-CA82-6332-442B-0ED76297DFE1,2012-03-30 11:55:54.587,FA9E6300-F716-4ADE-34DC-E42ADE3609D7,45,0
1021,6451F55C-99F4-5DF0-46DC-96557C540C56,2012-03-30 11:55:54.590,29B2359A-97E9-247D-0350-E468F18B6D05,45,0
1022,6451F55E-F8A4-8BE8-3215-2CD719372C14,2012-03-30 11:55:54.593,8D798C5F-D332-7309-2D7A-E50E3B629061,45,0
1023,6451F561-DEFB-B205-0D7B-1F676293A565,2012-03-30 11:55:54.593,13B50201-CFC0-3FD2-8EBE-E6088A56EDAD,45,0
1024,6451F563-9A76-103A-3817-D1FABC565E47,2012-03-30 11:55:54.597,9296977E-9906-B4C3-EB1B-E69184A26F6C,45,0
1025,6451F565-9161-C662-BBDE-097D1D1A3EB0,2012-03-30 11:55:54.597,47B86699-EDB1-9A68-4191-E72FE3F2FF87,45,0
1026,6451F567-AA9C-60DD-C942-257D8FFAABEA,2012-03-30 11:55:54.600,8EB529BF-FF32-D0FD-72E8-E7E55FF55F6A,45,0
1027,6451F569-BCE8-4559-1E8C-58176077D784,2012-03-30 11:55:54.603,DD0CBF37-A09B-78FC-7608-E7E7066208CE,45,0
1028,6451F56B-D356-3984-27C9-5157C1859137,2012-03-30 11:55:54.603,90374CFF-DA19-6053-6167-E86B7872C39E,45,0
1029,6451F56D-0458-F13A-1884-AAAC55C7C5F9,2012-03-30 11:55:54.607,90D5FABA-BA45-7535-23FF-EA2A0800F058,45,0
1030,6451F572-F4A6-8441-9868-C91AED6CB143,2012-03-30 11:55:54.613,DA7107F5-0BF0-02F5-6EAE-EB19A0018672,45,0
1031,6451F575-EE88-F110-D2EC-0C8FF503678C,2012-03-30 11:55:54.613,D69734CC-B871-1D48-5593-EC2783C01994,45,0
1032,6451F577-E3AE-9A81-1E79-4CA76CCA12A5,2012-03-30 11:55:54.617,6C63843E-C550-22F9-D754-EC849741D5B0,45,0
1033,6451F579-BC4B-9DFD-BC01-5BF5C6B52C36,2012-03-30 11:55:54.617,3DDD8A16-B478-3F43-DCF7-EE069EFAA618,45,0
1034,6451F57B-0216-B541-12CD-547B2625EF1B,2012-03-30 11:55:54.620,9A52B0D1-D4AA-509E-4C54-EEC578763C3A,45,0
1035,6451F57D-A903-645D-0BE2-4464048C898A,2012-03-30 11:55:54.623,5695A3AA-FB55-5B0E-47E6-EF47849311E9,45,0
1036,6451F57F-FCCE-1797-69EE-E13FB34395CE,2012-03-30 11:55:54.623,3AA203EE-D54A-D671-FFCC-EFB9BF9C4DB8,45,0
1037,6451F582-0C1A-23F4-3D08-C822FD2A4DA2,2012-03-30 11:55:54.627,75CDB142-F1B2-78B5-FF94-F08556156C35,45,0
1038,6451F585-DB00-19E7-98B0-FBCDE6365008,2012-03-30 11:55:54.630,FC40D986-FC01-E628-408C-F0ABB96BF624,45,0
1039,6451F587-A30C-A505-707A-47F65D4D2EA3,2012-03-30 11:55:54.633,BB814997-91AC-2D2A-7185-F13279ED789E,45,0
1040,6451F58A-0EF9-0099-142B-68208A7AF42E,2012-03-30 11:55:54.637,D678B208-ACC6-D967-31D1-F18965AF6809,45,0
1041,6451F58C-D17B-E62C-2EAA-0BF655999495,2012-03-30 11:55:54.637,01B2FD68-CBF1-1B58-1A47-B19A7F1168C8,45,0
1042,6451F58F-0004-CA7E-899C-D51B15B9BA9C,2012-03-30 11:55:54.640,A3E226EC-03C1-6E0D-EE50-F457985EB6F3,45,0
1043,6451F591-CF86-2047-FFD6-6D744E4AE3CE,2012-03-30 11:55:54.643,306B9F95-AA2A-E6EF-8E48-F49B1F9F95A7,45,0
1044,6451F594-F11D-7D5E-AA12-F65BB282C57A,2012-03-30 11:55:54.647,7320B89A-D2CC-642B-F567-F6E0372C7B01,45,0
1045,6451F596-9A27-709E-75E7-1131DB8DD2B4,2012-03-30 11:55:54.647,C06587BA-FC56-8B31-D04D-F6EE3DB09217,45,0
1046,6451F599-B8F9-2D66-B3C6-650A3B64981E,2012-03-30 11:55:54.650,1563685A-A282-3243-D73F-F6F9E9F4619B,45,0
1047,6451F59C-C554-65A5-227D-3D0400D1E9F1,2012-03-30 11:55:54.653,84942C95-E4DB-7156-673B-F723795B8901,45,0
1048,6451F59E-D01E-FDD0-EE1C-5FE1CE350761,2012-03-30 11:55:54.657,26B38A5A-0D68-DBEE-F5FE-F913D45EAA87,45,0
1049,6451F5A0-E31C-1729-1BD6-1A72263D8C24,2012-03-30 11:55:54.657,10249B67-FA47-FE8A-CC4B-FD11E1B3712E,45,0
1050,6451F5A2-C373-F688-2162-5FA36228EF53,2012-03-30 11:55:54.660,B272393C-B2EB-8BE7-3BEC-FD259CCBB0B6,45,0
1051,6451F5A4-F984-8FD1-F950-69D7B9DC19D9,2012-03-30 11:55:54.660,97758EDB-94FE-E5A3-5F2D-FD5611056C49,45,0
1052,6451F5A6-E3AB-8B99-8378-BAAF42679F3C,2012-03-30 11:55:54.663,E5FA15DF-0FB7-B572-1467-FD8C3C259AF9,45,0
1053,6451F5A8-D07A-F5E5-DD34-1489E0C39077,2012-03-30 11:55:54.667,9D9328B9-0B67-1E62-F940-FED52E08A965,45,0
1054,6451F5AA-FA9D-9409-81BC-DF617FC7D985,2012-03-30 11:55:54.667,4E487399-9280-0F67-ABD8-FF58AC62C5E0,45,0
1055,6451F5AC-026B-7216-349F-33EF6ECA46C6,2012-03-30 11:55:54.670,9B34A647-F31F-BCC7-1D7D-FFEB51AFE17D,45,0
1056,6539D3B2-C8E4-1CEA-BBEE-BAC8F8255E23,2012-03-30 16:09:13.237,78F22558-B850-EAFB-A8ED-E959A86D069D,35,0
1057,6B70A9A7-9865-BA76-954E-17329CB2A088,2012-03-31 21:06:47.337,6B401D3F-DA14-A7E1-7BAD-0C435A1AAC80,27,0
1058,6BB3D33A-967E-B43A-628C-275D68E4AE0F,2012-03-31 22:20:08.893,3160E4FE-D9D3-5DDF-3F33-0BB275F2BD75,28,0
1059,6FB6B3B9-D484-4E26-3B15-FB06E3DA2417,2012-04-01 17:01:46.297,3404535B-FEB6-DAC3-6436-2C934797324E,20,0
1060,6FB8DA98-C46A-FD1D-F5AB-D0CB66EA2027,2012-04-01 17:04:07.320,3404535B-FEB6-DAC3-6436-2C934797324E,32,0
1061,6FBC6269-92AF-F0F7-17B5-C99E7D392643,2012-04-01 17:07:59.937,3404535B-FEB6-DAC3-6436-2C934797324E,38,0
1062,6FCC827E-CF07-1412-05C5-0C010370E285,2012-04-01 17:25:35.487,9A52B0D1-D4AA-509E-4C54-EEC578763C3A,20,0
1063,6FDB63A9-97E0-194A-3338-134898F34512,2012-04-01 17:41:50.637,3404535B-FEB6-DAC3-6436-2C934797324E,24,0
1064,6FDCF15A-EC6B-D569-1ED7-55C8ABACFB61,2012-04-01 17:43:32.443,3404535B-FEB6-DAC3-6436-2C934797324E,27,0
1065,6FDF6883-DD23-CC80-CE31-AD0ECE8375DD,2012-04-01 17:46:14.020,3404535B-FEB6-DAC3-6436-2C934797324E,28,0
1066,70946BED-0C4A-F8C9-E121-CC80B73985B3,2012-04-01 21:03:56.913,83F2FD05-CEAD-EF66-16E9-2B28B7553FCD,25,0
1067,729E05CB-0AAC-E8BE-5501-714A0E113FC5,2012-04-02 06:33:40.560,3B43FD8E-A9F3-4B1A-74CC-255ACCD77E11,45,0
1068,729E05D3-02A7-75A4-5544-C85D135A2B8E,2012-04-02 06:33:40.563,D5A9ED4A-01F5-6FDA-14CF-2D1FF42077F3,45,0
1070,729E05D7-C5A7-5C5C-433F-6555EC1451EE,2012-04-02 06:33:40.567,773A5DB7-C06C-C87D-8C5F-5DDC161ACE63,45,0
1071,72E2D51D-C31D-BBDC-408B-01FB63AB0974,2012-04-02 07:48:50.080,90632607-0B57-52B5-EE80-0FDA2A02F35F,28,0
1072,7319EB12-010D-58A3-57B2-40AE88A66105,2012-04-02 08:49:00.180,7320B89A-D2CC-642B-F567-F6E0372C7B01,32,0
1073,731D2A31-FBDF-8E25-2F10-514D203A8167,2012-04-02 08:52:32.947,7320B89A-D2CC-642B-F567-F6E0372C7B01,27,0
1074,731E1B73-D8A8-0CA1-E4B9-B88A548874B4,2012-04-02 08:53:34.710,7320B89A-D2CC-642B-F567-F6E0372C7B01,20,0
1075,73243F5A-BCC1-4634-4B67-E815B0319BA2,2012-04-02 09:00:17.117,8FB90453-D833-2B6E-9D7B-043621E25956,32,0
1076,732FA71A-EF35-3CA2-5348-7A369ED999F8,2012-04-02 09:12:44.570,1F22BE49-FC2B-2EA4-A7C2-8687847A326B,25,0
1077,733EF065-D05B-F5A1-5806-C947B0E50448,2012-04-02 09:29:26.377,EE44880F-F2FD-D781-44B0-5A8E97745393,18,0
1078,7367A5B2-D994-019F-9AC7-F2A4DA9C3244,2012-04-02 10:13:54.227,B3E3036D-AB0A-CD20-48BA-C43DD5ACB0FD,21,0
1079,736A19B8-EF05-B1BF-29AD-66834A9CC585,2012-04-02 10:16:35.000,3B43FD8E-A9F3-4B1A-74CC-255ACCD77E11,25,0
1080,736B57EE-09CC-36BB-C801-D1B33527E004,2012-04-02 10:17:56.463,6860F4B0-952A-A1C1-5DF8-3947B5FFBDCB,18,0
1081,736C0895-EA67-1CA4-ED55-D139D43396D1,2012-04-02 10:18:41.687,3B43FD8E-A9F3-4B1A-74CC-255ACCD77E11,22,0
1082,736C622E-A756-5B54-96C5-1F8A42343BC3,2012-04-02 10:19:04.623,3B43FD8E-A9F3-4B1A-74CC-255ACCD77E11,22,0
1083,736E0570-CE7C-43EE-5430-856B455D8FEB,2012-04-02 10:20:51.953,6860F4B0-952A-A1C1-5DF8-3947B5FFBDCB,22,0
1084,73706BAE-BE8D-1447-F1EF-51F1BF7D4D60,2012-04-02 10:23:29.200,0FB71CC2-9CF3-0340-D352-A8CAF385B348,45,0
1085,7372E6DB-B1BE-4BDB-31E3-21417498F755,2012-04-02 10:26:11.807,B2CBF675-B799-5A09-0C81-C51C9F543F54,28,0
1086,737397D7-F58C-0584-49F3-7689EAA24AF5,2012-04-02 10:26:57.113,3EF96823-B80B-AB73-FA2E-7FBECF108B0D,45,0
1087,7379CF59-AF5A-97D8-F155-0CF0A2C62300,2012-04-02 10:33:44.540,8F413807-A2C7-C4DA-C583-D45320C4F299,45,0
1088,737E9D59-0E3A-DC97-6636-617CF445E6DD,2012-04-02 10:38:59.420,8F413807-A2C7-C4DA-C583-D45320C4F299,28,0
1089,73870652-BC81-CA0A-C915-2B71450612BF,2012-04-02 10:48:10.580,6CDF0B06-E5C8-2F43-CF41-555A45289EAF,28,0
1090,73AEFF1B-FD48-8A09-6341-BA6ED46AE9E3,2012-04-02 11:31:50.173,9CFC248E-FEB2-6009-AD69-0A8AFB646914,28,0
1091,73B0552E-D998-93B3-001F-6D19661F87DE,2012-04-02 11:33:17.743,9CFC248E-FEB2-6009-AD69-0A8AFB646914,45,0
1092,73BA5733-C432-352C-E6D6-E8ABC08E3193,2012-04-02 11:44:13.620,9CFC248E-FEB2-6009-AD69-0A8AFB646914,20,0
1093,740CC0B7-C00F-9526-5ADC-74650287A771,2012-04-02 13:14:14.587,188EF8C4-9BA7-709A-CBF6-25A01E842ADE,28,0
1094,7436643E-046E-C03E-D940-3C526CA6B911,2012-04-02 13:59:43.423,E390C879-CECF-79EB-1E85-9C7D2A1E3635,14,0
1095,7451C8EE-B1BD-3693-F0F6-7FABAFDCCD00,2012-04-02 14:29:38.673,9E12CD1A-BEAA-85D5-A566-E2D4830C3D12,32,0
1096,74569541-F23B-6922-93C5-B464871F9A2F,2012-04-02 14:34:53.123,9E12CD1A-BEAA-85D5-A566-E2D4830C3D12,33,0
1097,7475E185-9667-67C4-038E-23F4F9C48EE7,2012-04-02 15:09:04.263,5F2A943B-FC97-68E3-014B-E2B57023B157,27,0
1098,748EB9FD-E694-3701-B2CC-80BF546E903F,2012-04-02 15:36:12.543,8FF16E4C-AA15-9440-1561-4912B13BD5A6,32,0
1099,74AC4A18-C3A7-7ABC-999B-B1B31C74246C,2012-04-02 16:08:29.983,E390C879-CECF-79EB-1E85-9C7D2A1E3635,18,0
1100,74ACD0FE-B82C-8A80-BB45-E0C4333FC76B,2012-04-02 16:09:04.513,E390C879-CECF-79EB-1E85-9C7D2A1E3635,16,0
1101,74AD5331-0770-496C-722F-1B39481EE512,2012-04-02 16:09:37.843,E390C879-CECF-79EB-1E85-9C7D2A1E3635,15,0
1102,74ADBC79-CDC8-5829-1173-36A289069677,2012-04-02 16:10:04.797,E390C879-CECF-79EB-1E85-9C7D2A1E3635,17,0
1103,74AE4BC3-A714-6B9D-DDCF-AA458E445B87,2012-04-02 16:10:41.477,E390C879-CECF-79EB-1E85-9C7D2A1E3635,19,0
1104,74D83E43-B1F1-AC98-D139-2F73A85F975E,2012-04-02 16:56:30.533,A148FA13-B439-371C-9EF4-44BF01EA0EF2,27,0
1105,74D962C5-E12F-BF1D-7A82-3359E685E4FE,2012-04-02 16:57:45.417,A148FA13-B439-371C-9EF4-44BF01EA0EF2,20,0
1106,74D98785-D521-E9BF-E027-E1F09B0AB21B,2012-04-02 16:57:54.823,CD2FC7E5-0E86-8562-F0BB-5079500E7ADC,18,0
1107,74DADB9E-BF2B-9392-7179-B2FCC1182229,2012-04-02 16:59:21.887,CD2FC7E5-0E86-8562-F0BB-5079500E7ADC,19,0
1108,74DB7C35-C58A-C160-8FB3-E7DD1897A707,2012-04-02 17:00:03.000,CD2FC7E5-0E86-8562-F0BB-5079500E7ADC,17,0
1109,74DB8481-EAFD-FC35-5C7A-E92C8A54362A,2012-04-02 17:00:05.123,A148FA13-B439-371C-9EF4-44BF01EA0EF2,28,0
1110,74DBB8D7-B07E-E892-B570-B29897B4A3C1,2012-04-02 17:00:18.523,CD2FC7E5-0E86-8562-F0BB-5079500E7ADC,21,0
1111,74DC31F6-0534-FA3F-851D-73A8FF5CE16E,2012-04-02 17:00:49.527,CD2FC7E5-0E86-8562-F0BB-5079500E7ADC,25,0
1112,74DCA3F2-06C4-86B9-2310-1C217FD8182E,2012-04-02 17:01:18.707,CD2FC7E5-0E86-8562-F0BB-5079500E7ADC,22,0
1113,74DD3770-A604-D3E1-D432-01C129B32DAD,2012-04-02 17:01:56.467,CD2FC7E5-0E86-8562-F0BB-5079500E7ADC,27,0
1114,74DDBD25-A4FD-BED7-735B-D71C7B363850,2012-04-02 17:02:30.697,CD2FC7E5-0E86-8562-F0BB-5079500E7ADC,20,0
1115,74DE29F0-C460-638E-C53B-EADBFD85B6FC,2012-04-02 17:02:58.547,CD2FC7E5-0E86-8562-F0BB-5079500E7ADC,26,0
1116,74DF5D38-9C21-2FDC-9E94-C2187BBC192A,2012-04-02 17:04:17.210,CD2FC7E5-0E86-8562-F0BB-5079500E7ADC,23,0
1117,74DFD8C3-B4BF-4EBF-2632-62D5D40A82FF,2012-04-02 17:04:48.837,CD2FC7E5-0E86-8562-F0BB-5079500E7ADC,15,0
1118,74FDA68A-CFC7-8586-CD94-B34A60649485,2012-04-02 17:37:22.060,A148FA13-B439-371C-9EF4-44BF01EA0EF2,45,0
1119,75419584-BCDF-7215-4E1D-8821EAB32A63,2012-04-02 18:51:34.150,757D2F4B-F8DA-2460-187E-270CD958121A,22,0
1120,75474544-F1B1-05BF-DF90-DFE843453510,2012-04-02 18:57:46.820,6C63843E-C550-22F9-D754-EC849741D5B0,32,0
1121,756D87F6-0E7E-71D0-5205-A6678D2D881F,2012-04-02 19:39:34.267,9570C6D3-A1C4-613A-9557-4A165E003DD0,25,0
1122,762571EB-CA4B-2A13-7D54-78A3A7F44668,2012-04-02 23:00:27.247,DD0CBF37-A09B-78FC-7608-E7E7066208CE,32,0
1123,764421EA-C0B6-BC5E-5BF7-44EE0BA91CFE,2012-04-02 23:33:58.380,5777FA18-CC48-01EA-FE72-8463A04B690C,32,0
1124,77F15BAE-9027-B26D-8193-60D08640257A,2012-04-03 07:22:48.113,905F3812-0390-9CB8-CA68-A731102A1C12,25,0
1125,77F3EF5A-C803-CD41-6830-13C9330EAC1D,2012-04-03 07:25:36.987,905F3812-0390-9CB8-CA68-A731102A1C12,17,0
1126,77F6E5AD-BA34-AA6B-C520-D5FA471E6F0B,2012-04-03 07:28:51.117,905F3812-0390-9CB8-CA68-A731102A1C12,18,0
1127,77F99882-D189-4BEC-91C1-2C48C2FBD9C6,2012-04-03 07:31:47.970,905F3812-0390-9CB8-CA68-A731102A1C12,19,0
1128,77FBCA45-C073-6791-AADD-64613820B100,2012-04-03 07:34:11.783,905F3812-0390-9CB8-CA68-A731102A1C12,15,0
1129,7882D376-0BF8-A4B1-8499-D66516EAC521,2012-04-03 10:01:41.500,A0CECA72-CB07-190E-7387-612FBDDA25D9,45,0
1130,78A0B739-985C-5987-A8BD-3EF538CC817A,2012-04-03 10:34:20.373,8EE236F0-0698-3E95-C5A3-951611EC2CFE,25,0
1131,78A153F0-0956-ABCB-B66F-63571C6B6763,2012-04-03 10:35:00.490,8EE236F0-0698-3E95-C5A3-951611EC2CFE,22,0
1132,78DF13B4-E9DE-6909-B71D-0F333796BA76,2012-04-03 11:42:27.253,C9954B78-A346-D604-025E-C82BBBB3DD0A,20,0
1133,78F4651D-D722-65F4-CDD7-9C7ACB4D5889,2012-04-03 12:05:44.357,A0CECA72-CB07-190E-7387-612FBDDA25D9,28,0
1134,78F8559F-A68E-5E04-6ED8-CF708CBE5099,2012-04-03 12:10:02.530,A0CECA72-CB07-190E-7387-612FBDDA25D9,32,0
1135,7918D595-B550-F4E0-9BCA-74DC2C6128A0,2012-04-03 12:45:32.440,9242B9AD-F8C2-CD56-099F-B75259206E92,15,0
1136,79191DEE-FC96-8417-C2C9-9C025F7D6C46,2012-04-03 12:45:50.960,9242B9AD-F8C2-CD56-099F-B75259206E92,26,0
1137,791A52CC-AFC1-29D7-6BD3-82E6BE31E9E0,2012-04-03 12:47:10.030,9242B9AD-F8C2-CD56-099F-B75259206E92,28,0
1138,791B05B6-CFEB-5825-AC1A-A52AB1565AE8,2012-04-03 12:47:55.830,9242B9AD-F8C2-CD56-099F-B75259206E92,19,0
1139,791C33A9-DD5D-10A4-03EB-393CD64AB962,2012-04-03 12:49:13.130,9242B9AD-F8C2-CD56-099F-B75259206E92,16,0
1140,791CF5E0-F721-7590-643C-6670F41B6886,2012-04-03 12:50:02.850,9242B9AD-F8C2-CD56-099F-B75259206E92,17,0
1141,791D4612-F9FF-50F4-A2A5-DC1525F37DA9,2012-04-03 12:50:23.380,9242B9AD-F8C2-CD56-099F-B75259206E92,22,0
1142,791DB83A-F1E9-029A-8CCF-1C4092E56D46,2012-04-03 12:50:52.603,9242B9AD-F8C2-CD56-099F-B75259206E92,18,0
1143,791E0AD6-FAB1-B329-5A9F-2DB3F4F30C6C,2012-04-03 12:51:13.753,9242B9AD-F8C2-CD56-099F-B75259206E92,24,0
1144,791E97C0-07F1-1E00-54B3-E16AE86532C7,2012-04-03 12:51:49.827,9242B9AD-F8C2-CD56-099F-B75259206E92,27,0
1145,791F0E7B-ABD4-8FDB-8DC4-FFFE81125616,2012-04-03 12:52:20.220,9242B9AD-F8C2-CD56-099F-B75259206E92,25,0
1146,791F7F78-0DB7-4FD9-D770-658A43B87679,2012-04-03 12:52:49.147,9242B9AD-F8C2-CD56-099F-B75259206E92,14,0
1147,7920C0A4-ECC5-96C5-7E58-30E406E8D088,2012-04-03 12:54:11.367,9242B9AD-F8C2-CD56-099F-B75259206E92,21,0
1148,79213AE9-E9BE-5E25-F77A-82E938777667,2012-04-03 12:54:42.667,9242B9AD-F8C2-CD56-099F-B75259206E92,23,0
1149,794477DE-C52C-49FD-1EC9-7B8A99DE4347,2012-04-03 13:33:12.033,CEC1AABB-B899-1C1E-2EF1-1A68A2424051,20,0
1150,79766374-B20D-04B6-93EA-274C5D7F46FB,2012-04-03 14:27:43.607,796C4F2D-C0CD-3BEE-ECFE-4B8A8B1CCB3D,28,0
1151,799FB224-9566-7931-7234-8881D431DB27,2012-04-03 15:12:50.727,42EA3467-02D1-E6CA-4CE8-348E6B2B7D4E,28,0
1152,79A69EB2-CEAA-74AA-E2C8-D7D96521D023,2012-04-03 15:20:24.500,1B6FB257-A4FE-12E7-4620-CC0EBF12B138,45,0
1153,79ABCA37-9A3C-4526-ACCC-72B918229F51,2012-04-03 15:26:03.320,6FCC1336-B47F-C258-64B0-6593D0118F54,32,0
1154,79D36F14-B340-AD8D-AB91-80C92E1C641A,2012-04-03 16:09:21.430,42EA3467-02D1-E6CA-4CE8-348E6B2B7D4E,27,0
1155,79D4503F-E9A2-A28E-08FF-5264D8312709,2012-04-03 16:10:19.073,42EA3467-02D1-E6CA-4CE8-348E6B2B7D4E,23,0
1156,79D5A8FD-D078-47F7-2EA3-D4FC17E242D4,2012-04-03 16:11:47.327,42EA3467-02D1-E6CA-4CE8-348E6B2B7D4E,21,0
1157,79D745D1-07E9-6FB6-0BB4-240C3B0373E1,2012-04-03 16:13:33.013,42EA3467-02D1-E6CA-4CE8-348E6B2B7D4E,14,0
1158,79D7D472-D40B-A967-5062-FB45F19F5EA2,2012-04-03 16:14:09.523,42EA3467-02D1-E6CA-4CE8-348E6B2B7D4E,18,0
1159,79D8EE0A-DDE9-F97C-AAF6-AC176E83C261,2012-04-03 16:15:21.613,42EA3467-02D1-E6CA-4CE8-348E6B2B7D4E,20,0
1160,79D9BE61-F9A2-D75F-7158-C64554DDD027,2012-04-03 16:16:14.947,42EA3467-02D1-E6CA-4CE8-348E6B2B7D4E,16,0
1161,79FDE872-D068-3058-3907-9425B2D32DE4,2012-04-03 16:55:45.010,ABCC6012-CBF5-6D1B-A079-E2BBB6876FA9,14,0
1162,7AA04F5C-DD01-E49B-7105-1793A5FEC354,2012-04-03 19:53:08.190,2F4E89A1-F311-427F-E113-34A1A6A73D08,16,0
1163,7AA1C80E-F84F-C765-15D0-7FF4065A68FE,2012-04-03 19:54:44.623,2F4E89A1-F311-427F-E113-34A1A6A73D08,17,0
1164,7AA25165-CEFE-B2A7-752D-ED5CEFFF3BED,2012-04-03 19:55:19.783,2F4E89A1-F311-427F-E113-34A1A6A73D08,24,0
1165,7AA2BCF4-FDA8-8D21-E2AA-4636840D577B,2012-04-03 19:55:47.317,2F4E89A1-F311-427F-E113-34A1A6A73D08,23,0
1166,7AA34B27-C6E6-6DFD-696A-79C7D2F324B6,2012-04-03 19:56:23.720,2F4E89A1-F311-427F-E113-34A1A6A73D08,21,0
1167,7AA4378F-DF79-C74E-465C-3FDDAC6AA2EC,2012-04-03 19:57:24.240,2F4E89A1-F311-427F-E113-34A1A6A73D08,18,0
1168,7AA4F173-AF6E-A062-D9A1-BA6A3AD66F9A,2012-04-03 19:58:11.830,2F4E89A1-F311-427F-E113-34A1A6A73D08,22,0
1169,7AA573DC-CFED-01D4-BE34-08B0BDDC84AC,2012-04-03 19:58:45.213,2F4E89A1-F311-427F-E113-34A1A6A73D08,14,0
1170,7AA5D8A9-9AAA-8C69-8EC8-6395ABAB14E5,2012-04-03 19:59:11.020,2F4E89A1-F311-427F-E113-34A1A6A73D08,25,0
1171,7AA67BAB-B7B7-E446-AB3F-6486724734F2,2012-04-03 19:59:52.750,2F4E89A1-F311-427F-E113-34A1A6A73D08,27,0
1172,7AA6EAC6-006A-EB84-6CEF-98F2194F7F0C,2012-04-03 20:00:21.190,2F4E89A1-F311-427F-E113-34A1A6A73D08,32,0
1173,7AA803AD-A693-7872-BEFB-8A713E12CE5F,2012-04-03 20:01:33.103,2F4E89A1-F311-427F-E113-34A1A6A73D08,20,0
1174,7AA89D4F-9F94-5865-9037-526C8974459F,2012-04-03 20:02:12.433,2F4E89A1-F311-427F-E113-34A1A6A73D08,26,0
1175,7AA9B441-A4B3-2EA9-2B59-E8D72556E15C,2012-04-03 20:03:23.843,2F4E89A1-F311-427F-E113-34A1A6A73D08,19,0
1176,7AAA4749-C5D6-1B09-7C9B-F7B1A43D6007,2012-04-03 20:04:01.483,2F4E89A1-F311-427F-E113-34A1A6A73D08,15,0
1177,7AADE2A3-A00F-B004-B013-1CDCE80A3023,2012-04-03 20:07:57.860,2F4E89A1-F311-427F-E113-34A1A6A73D08,28,0
1178,7ADE8B03-0A5E-11BE-129A-63D5D55E6E4F,2012-04-03 21:01:06.693,757D2F4B-F8DA-2460-187E-270CD958121A,26,0
1179,7AE00D07-A4B1-F546-7B32-77D4DF8A6052,2012-04-03 21:02:45.513,757D2F4B-F8DA-2460-187E-270CD958121A,20,0
1180,7AE2A6F8-0E2A-6866-5D87-76431C8188D7,2012-04-03 21:05:35.993,757D2F4B-F8DA-2460-187E-270CD958121A,18,0
1181,7AE4A80C-014B-A7B3-D1E0-4A0B278C671E,2012-04-03 21:07:47.343,757D2F4B-F8DA-2460-187E-270CD958121A,14,0
1182,7AE62406-07FE-6860-3A79-BA889A0AEF46,2012-04-03 21:09:24.617,757D2F4B-F8DA-2460-187E-270CD958121A,28,0
1183,7B4B472E-F87E-4522-AD10-6A939C228B49,2012-04-03 22:59:52.753,0FC6D1BC-DB83-D7AD-2525-11379EBB88AB,28,0
1184,7B51AA9A-E610-5039-3DC7-3915CF94243A,2012-04-03 23:06:51.420,4C960E1A-C6B6-097C-9381-0E062F4162F6,28,0
1185,7EAE2B8F-9E0D-1B40-0652-209EC4DE4B07,2012-04-04 14:46:45.393,AAE9D5A2-F666-23F6-E42B-30811578C466,28,0
1186,7EB4B78A-0F4B-35F5-3DB8-6D7FD2B7814D,2012-04-04 14:53:54.443,AAE9D5A2-F666-23F6-E42B-30811578C466,26,0
1187,7EBB422C-AB69-7594-7E68-1B4A05389266,2012-04-04 15:01:03.150,AAE9D5A2-F666-23F6-E42B-30811578C466,18,0
1188,7F808421-C25C-D59F-A68F-2A1C68A12811,2012-04-04 18:36:30.627,907D8099-E3FD-8D4C-266A-6EC872603CE3,19,0
1189,7F810131-0926-EA75-7549-28C55A13DE33,2012-04-04 18:37:02.643,907D8099-E3FD-8D4C-266A-6EC872603CE3,20,0
1190,7F81B234-0384-152C-5D00-B9924F503735,2012-04-04 18:37:47.957,907D8099-E3FD-8D4C-266A-6EC872603CE3,32,0
1191,7FAB506A-C300-357C-6998-46D812306519,2012-04-04 19:23:15.437,907D8099-E3FD-8D4C-266A-6EC872603CE3,39,0
1192,8222DB56-A5F3-3837-1C5E-E49059D2A6C0,2012-04-05 06:53:04.217,AE73636D-EA07-F615-2CB8-C9C77A86B25B,32,0
1193,8223DD48-B681-5BE6-DDBC-AC70BF142B72,2012-04-05 06:54:10.250,AE73636D-EA07-F615-2CB8-C9C77A86B25B,39,0
1194,8280BDF7-B029-3DCD-9CA6-EB8A81D1039D,2012-04-05 08:35:37.083,6E3251A4-BDCE-A0FB-BC6E-F437E8EDEE00,45,0
1195,82F43747-A07B-F8FD-096D-CDDE5FFA3212,2012-04-05 10:41:44.780,491361B0-EBFE-C6CB-4324-DD3F641A14AA,20,0
1196,83301234-09C0-DB21-089B-BE7498FC7A2D,2012-04-05 11:47:07.447,8F413807-A2C7-C4DA-C583-D45320C4F299,22,0
1197,844E56CE-ED4C-B352-93C2-B6B716E298CB,2012-04-05 16:59:48.303,11041567-C874-A51B-D4ED-4C33FD5FDC0F,27,0
1198,8653AE02-E848-6A07-AB93-BC9FD08FC166,2012-04-06 02:24:52.757,017FE975-9BC1-622C-DE57-A1F87AE1F340,28,0
1199,87E5EFAE-FE11-A420-A3F5-3F2371322B68,2012-04-06 09:44:15.023,491361B0-EBFE-C6CB-4324-DD3F641A14AA,25,0
1200,8A457032-D8CF-A97D-AEE5-270ED3EB832F,2012-04-06 20:47:48.277,F9DE4756-DC2F-6466-307A-9E3329492EFF,28,0
1201,8AC0AC40-D3DB-2CA3-2F2E-27E5343516BE,2012-04-06 23:02:24.577,D69734CC-B871-1D48-5593-EC2783C01994,24,0
1202,8AC20B6E-EB12-7C9F-C00F-85508683B22A,2012-04-06 23:03:54.480,D69734CC-B871-1D48-5593-EC2783C01994,22,0
1203,8E2F8206-BDF3-D0DE-5841-B55B32A29254,2012-04-07 15:02:19.910,8FB90453-D833-2B6E-9D7B-043621E25956,26,0
1204,8E301D42-BE45-12B1-BE97-8E137AA06B4D,2012-04-07 15:02:59.653,8FB90453-D833-2B6E-9D7B-043621E25956,21,0
1205,91B7C5BC-E894-B5A4-2762-66821B0D0447,2012-04-08 07:30:01.790,509B5C99-E6F8-C662-516E-69684AE94C9F,36,0
1206,9684FDF2-05FF-50F8-B46C-CDC2E0C80273,2012-04-09 05:52:39.927,999C5392-F6F2-1080-0289-8709BA7A6C6C,22,0
1207,96D0221F-97C2-B3BD-1500-145C8B4CAAC8,2012-04-09 07:14:44.387,5695A3AA-FB55-5B0E-47E6-EF47849311E9,14,0
1208,96D21C91-D4C4-467C-171F-FDBE78A3A612,2012-04-09 07:16:54.037,5695A3AA-FB55-5B0E-47E6-EF47849311E9,20,0
1209,96D44C11-90F4-2A70-4932-46EF16185634,2012-04-09 07:19:17.267,5695A3AA-FB55-5B0E-47E6-EF47849311E9,21,0
1210,98A2952E-07BC-3074-35A5-291BB1A39A9D,2012-04-09 15:44:13.617,509B5C99-E6F8-C662-516E-69684AE94C9F,17,0
1211,9A64EAD8-9C04-3CE2-780A-49CD8DC7C866,2012-04-09 23:56:06.747,DE6E1514-A462-3BED-1DCB-13296D04A669,40,0
1212,9A683909-D1FB-9C27-92C1-668461A15332,2012-04-09 23:59:43.373,DE6E1514-A462-3BED-1DCB-13296D04A669,35,0
1213,9A6BB930-CFB1-D285-69BA-1A108D67ACF3,2012-04-10 00:03:32.787,DE6E1514-A462-3BED-1DCB-13296D04A669,21,0
1214,9EFC67E2-0101-B127-A26C-45C0C35BEED0,2012-04-10 21:20:03.557,D678B208-ACC6-D967-31D1-F18965AF6809,19,0
1215,9F00D54F-C2DC-7820-B4FD-B3411512C062,2012-04-10 21:24:53.713,D678B208-ACC6-D967-31D1-F18965AF6809,26,0
1216,A1CD45AA-FE4B-2B62-E103-DF30030AB271,2012-04-11 10:27:26.253,B7E856ED-BBD5-C668-97F9-894A9398BC81,20,0
1217,A68F93A2-D6A5-0491-79D3-93E344B64311,2012-04-12 08:38:09.067,7D328695-9105-854B-5020-E7A25EBFE154,16,0
1218,A6B38EA6-B2DB-10EB-872B-50FADA0F2369,2012-04-12 09:17:27.080,8EDA84F6-BB18-575B-4116-2D41CB0FB4F0,32,0
1219,A8522B97-FB31-5B53-9142-FE1FEA163084,2012-04-12 16:50:19.167,AED1E315-A47B-503C-5645-983BC5F2DEC7,28,0
1220,AD1CE6A8-9F3C-51AD-42D7-6EFBB3FBDD4F,2012-04-13 15:10:14.187,AD1AD942-B7E1-70D4-A86C-8FD21CDE274F,28,0
1221,B6EE442A-FDF4-A9E1-98DD-7582DEC0FDA7,2012-04-15 12:55:30.093,AED1E315-A47B-503C-5645-983BC5F2DEC7,14,0
1222,C0416D67-9346-627F-F3FA-4BC3C60429F6,2012-04-17 08:22:55.083,4A7D34AC-A151-778D-9513-C2E0B52AFD3B,36,0
1223,C0AB2193-F255-099D-989B-5923EC84653C,2012-04-17 10:18:22.487,3B43FD8E-A9F3-4B1A-74CC-255ACCD77E11,41,0
1224,C121BA0B-F4C5-8DD3-2712-74580451110B,2012-04-17 12:27:54.767,7D328695-9105-854B-5020-E7A25EBFE154,28,0
1225,C1AF601A-BD5D-329C-BD29-39CB2A967AB6,2012-04-17 15:02:37.877,B1588948-F410-0A14-2B0F-2443F57E066A,28,0
1226,C56537A7-A774-45F3-0395-A2BF8E1409E6,2012-04-18 08:20:06.697,8F413807-A2C7-C4DA-C583-D45320C4F299,32,0
1227,C567EE07-ABED-BB1A-D0B2-5E33253A63F3,2012-04-18 08:23:04.457,8F413807-A2C7-C4DA-C583-D45320C4F299,25,0
1228,C56AB2DF-A0E3-4FB6-6B88-ED48AD6AA96F,2012-04-18 08:26:05.920,8F413807-A2C7-C4DA-C583-D45320C4F299,14,0
1229,C5896ED7-9F98-843A-B934-F36E8C698C48,2012-04-18 08:59:44.267,C580EB68-D11F-EAB8-842A-CF0680BC7FAF,33,0
1230,CAB3B0A6-C83E-CB00-B262-4D46F69DD6E8,2012-04-19 09:03:55.560,1F22BE49-FC2B-2EA4-A7C2-8687847A326B,18,0
1231,CAE9C681-ABE5-219C-E2BC-2D0BEBCF4C76,2012-04-19 10:03:00.100,11041567-C874-A51B-D4ED-4C33FD5FDC0F,21,0
1232,CB9DB7E2-DA7A-C247-7B41-4673713741AE,2012-04-19 13:19:32.837,47778DB8-B8C8-7FE9-D03D-59636F31D724,32,0
1233,CBEBF3E2-F3F7-C16F-628E-05813B1EA926,2012-04-19 14:45:00.003,159DEF23-B709-64BA-E2B3-407C74DC5B76,21,0
1234,CCF51B8F-CCEA-399F-F2D8-6113139D39D1,2012-04-19 19:34:37.203,D60C8E31-0CF8-49E3-8A24-75348AC1FE09,25,0
1235,CCFAADAD-930C-897E-8310-2B653C393EFC,2012-04-19 19:40:42.287,D60C8E31-0CF8-49E3-8A24-75348AC1FE09,27,0
1236,CDA346FA-D0BD-1969-5E2C-BEC3C891AA15,2012-04-19 22:44:51.580,BDE71AE3-9296-E1D7-96B4-AED919A6266B,28,0
1237,CDAC954F-DFF2-27E9-3459-0F49A73953CD,2012-04-19 22:55:01.457,BDE71AE3-9296-E1D7-96B4-AED919A6266B,14,0
1238,D224B687-E1C5-0FDD-D0EC-32239AE91931,2012-04-20 19:44:43.147,BDE71AE3-9296-E1D7-96B4-AED919A6266B,21,0
1239,DB6E8F1A-B3C4-47EA-8E38-2A3F4A106CE3,2012-04-22 15:01:57.660,5962B071-CAC8-1105-45F0-130554175D48,21,0
1240,DB747247-EAA0-A4AD-FE82-2B76FEA12F01,2012-04-22 15:08:23.497,5962B071-CAC8-1105-45F0-130554175D48,26,0
1241,DB79DF7E-C552-99B3-B7A2-6AEFC820BE1B,2012-04-22 15:14:19.137,5962B071-CAC8-1105-45F0-130554175D48,27,0
1242,DD4FE8D6-EC47-F5F9-1D2D-0F4A1128BBB0,2012-04-22 23:47:43.457,AE2BAF66-B110-26C8-19EB-947A6794839E,32,0
1243,DD54CE50-A705-4986-6A9F-C2E90A62B1D0,2012-04-22 23:53:04.337,AE2BAF66-B110-26C8-19EB-947A6794839E,25,0
1244,DD55325B-071C-CC54-01CA-91FDC9543BCF,2012-04-22 23:53:29.950,AE2BAF66-B110-26C8-19EB-947A6794839E,22,0
1245,DD59B6DA-EB98-A95B-31BC-A3245C99829F,2012-04-22 23:58:26.013,AE2BAF66-B110-26C8-19EB-947A6794839E,21,0
1246,DD5BB5CD-C08C-C7FD-1342-145E926520E3,2012-04-23 00:00:36.817,AE2BAF66-B110-26C8-19EB-947A6794839E,26,0
1247,DD5EA70F-D475-D782-3426-CDEFDE25801A,2012-04-23 00:03:49.653,AE2BAF66-B110-26C8-19EB-947A6794839E,20,0
1248,DD63AD82-FE25-8186-2E4B-28D14E86060C,2012-04-23 00:09:18.980,AE2BAF66-B110-26C8-19EB-947A6794839E,19,0
1249,DD66D31A-C28C-F344-38D0-B62F8891AB88,2012-04-23 00:12:45.213,AE2BAF66-B110-26C8-19EB-947A6794839E,17,0
1250,DD68D12A-D618-BF81-8535-685C3F3DA288,2012-04-23 00:14:55.797,AE2BAF66-B110-26C8-19EB-947A6794839E,15,0
1251,DD69B6B1-D8AE-BC8A-536F-94F470C9714B,2012-04-23 00:15:54.547,AE2BAF66-B110-26C8-19EB-947A6794839E,14,0
1252,DD6CCC25-0E3E-4CF3-D79F-5782307F1E16,2012-04-23 00:19:16.647,AE2BAF66-B110-26C8-19EB-947A6794839E,18,0
1253,DD6F1276-C078-A90E-9C3D-74C0AE72983F,2012-04-23 00:21:45.720,AE2BAF66-B110-26C8-19EB-947A6794839E,28,0
1254,E49D6EE4-FADC-7F9A-28A9-29C855CA51F4,2012-04-24 09:49:44.583,BDE71AE3-9296-E1D7-96B4-AED919A6266B,27,0
1255,E5C24C26-EA8B-6D01-5F6D-FE86489226FB,2012-04-24 15:09:37.703,8EDF10ED-057D-6395-49A9-72C14463F8B6,28,0
1256,E5F4B81E-C2FC-5199-B8E4-BD501F5C985B,2012-04-24 16:04:44.373,B539BFF1-F55C-558E-EF23-84F2E70BB411,35,0
1257,E6036730-F380-5411-F26D-9C7284776C02,2012-04-24 16:20:44.467,AD82A197-FD54-25E2-4389-B5D8E839DCBA,28,0
1258,E62A74F2-CDF4-DC9E-F9EC-6B9F0FC0EC75,2012-04-24 17:03:23.900,94E4186F-E01A-DC4D-6E21-5969EC6B6A57,22,0
1259,E62B6B35-EE2C-F077-ACC2-58D198D924E6,2012-04-24 17:04:26.947,94E4186F-E01A-DC4D-6E21-5969EC6B6A57,32,0
1260,EE2872B5-0CF0-625D-0999-B68CE5576375,2012-04-26 06:18:09.977,ABCC6012-CBF5-6D1B-A079-E2BBB6876FA9,22,0
1261,EF271616-C3A7-BB4B-DCD1-7B28C5577B45,2012-04-26 10:56:17.947,3B43FD8E-A9F3-4B1A-74CC-255ACCD77E11,40,0
1262,EF3DCDC7-BAD2-89A2-97B3-84EC776F4456,2012-04-26 11:21:06.793,3D6CCCA2-F436-7D90-845B-DCD67BE6BB6A,20,0
1263,EFB64907-DA78-0E44-F408-BECE2C7AC7E0,2012-04-26 13:32:42.637,F77C9635-067B-A649-8481-71644700941E,28,0
1264,EFBA2539-FAEA-202B-C6D0-FE9F9E2594E7,2012-04-26 13:36:55.610,B48F3B65-09B5-9D5F-F626-96E94D9A2553,28,0
1265,F4D51F95-F508-747E-8EA3-484047598279,2012-04-27 13:24:29.720,3D6CCCA2-F436-7D90-845B-DCD67BE6BB6A,28,0
1266,FEDF8964-C98A-3EBC-3DBE-4C5941017ABC,2012-04-29 12:12:04.327,FEDBBE30-DF4B-C947-0386-A0BCBE243C5B,28,0
1267,0882F681-DCAC-6526-DFB2-B06C2ECF750F,2012-05-01 09:07:09.573,D3A6C37A-ACB9-7EDB-2F25-C69060DFE29E,20,0
1268,0883C312-F2A7-EF65-474B-A7DB2203C3B2,2012-05-01 09:08:01.940,D3A6C37A-ACB9-7EDB-2F25-C69060DFE29E,26,0
1269,09F4ABE9-FE84-A98D-6E85-118E66C7050A,2012-05-01 15:50:58.797,6BF5BA26-0096-7785-FBF5-537D6E2461A7,24,0
1270,0BDEED29-0EC2-7127-0C17-71C8DA1DD5AE,2012-05-02 00:46:28.143,7B83ECDF-FBF4-98D1-8435-7B5DE9F9D50B,22,0
1271,1A87F8C0-D1B7-7E80-04B8-2A0302B4ADB2,2012-05-04 21:05:47.717,8FB36620-095D-9827-7AF1-5D88C173B141,28,0
1272,1F038941-9AA0-2E55-3958-E4E48A770232,2012-05-05 17:59:14.500,3404535B-FEB6-DAC3-6436-2C934797324E,17,0
1273,1F096F0D-F748-40C2-8FB1-F2221443E03E,2012-05-05 18:05:41.007,3404535B-FEB6-DAC3-6436-2C934797324E,22,0
1274,1F0A1907-D955-5F24-097B-709EF5EADB3C,2012-05-05 18:06:24.520,3404535B-FEB6-DAC3-6436-2C934797324E,18,0
1275,1F0A8E72-BB54-41E3-6866-EF882D245520,2012-05-05 18:06:54.580,3404535B-FEB6-DAC3-6436-2C934797324E,19,0
1276,1F0AFC8C-D365-3712-4018-4B3B0FABD026,2012-05-05 18:07:22.767,3404535B-FEB6-DAC3-6436-2C934797324E,25,0
1277,1F0B6D2C-BD1D-9EBD-908A-9132B759BBA6,2012-05-05 18:07:51.597,3404535B-FEB6-DAC3-6436-2C934797324E,15,0
1278,1F0BBDAE-0B9B-D5AA-28A3-F896F1435C5F,2012-05-05 18:08:12.207,3404535B-FEB6-DAC3-6436-2C934797324E,26,0
1279,1F0C05AF-BCF0-CFA4-F7DC-901B46185FBE,2012-05-05 18:08:30.640,3404535B-FEB6-DAC3-6436-2C934797324E,21,0
1280,1F0C9A72-CAFF-BD92-4D69-A759BD3BF7CC,2012-05-05 18:09:08.727,3404535B-FEB6-DAC3-6436-2C934797324E,14,0
1281,1F0D1D4D-A75D-62F8-05CF-6DC25C22EAFB,2012-05-05 18:09:42.223,3404535B-FEB6-DAC3-6436-2C934797324E,16,0
1282,23B20151-ED39-7506-2D53-6A24A13001C1,2012-05-06 15:48:20.380,23A754ED-BAB5-9455-975E-DD9D20FD7366,38,0
1283,27030D8C-ACE8-10B1-E57A-044B07858742,2012-05-07 07:15:40.560,47778DB8-B8C8-7FE9-D03D-59636F31D724,22,0
1284,2816B9A2-FC10-3863-4EB1-5DC9FC01A9A8,2012-05-07 12:16:47.013,8F413807-A2C7-C4DA-C583-D45320C4F299,27,0
1285,281844AE-F1BF-5FD8-E2E8-F6B2FC1A9BE7,2012-05-07 12:18:28.143,8F413807-A2C7-C4DA-C583-D45320C4F299,24,0
1286,281A054B-D9D1-37A3-91EE-7BC7DAD88639,2012-05-07 12:20:22.987,8F413807-A2C7-C4DA-C583-D45320C4F299,21,0
1287,281A7587-AF92-D3DF-0570-21CB8FC27C28,2012-05-07 12:20:51.720,8F413807-A2C7-C4DA-C583-D45320C4F299,26,0
1288,2E4B6FD7-9AD6-3503-263E-B051F6378A36,2012-05-08 17:12:04.827,7DEBBE84-D3E6-3459-D696-5429B602BAA9,22,0
1289,2E76E04D-E2D9-67CB-3364-C0934BF4810A,2012-05-08 17:59:31.663,D1C11103-CD9C-DE71-BF8E-1CA376AC5A29,19,0
1290,374E778F-E255-64CE-E61D-204C1ED0D80C,2012-05-10 11:11:58.353,105454DA-C5E8-3150-BC52-2FC3D63D941B,28,0
1291,376B3912-0EA3-021C-2851-C48DE743CF3D,2012-05-10 11:43:22.900,8EC4A2F9-BB79-6838-8438-028D26D42F50,28,0
1292,37D83FE2-C751-9DF1-3B24-A478CC44439C,2012-05-10 13:42:28.067,CCA4B667-C453-1A2F-6AFA-3B5863BB0B21,26,0
1293,3968033C-D1F0-AD5B-087C-D7A68448539B,2012-05-10 20:59:06.943,D60C8E31-0CF8-49E3-8A24-75348AC1FE09,17,0
1294,396D4C4C-E1A7-46AA-572B-431D7E4883DB,2012-05-10 21:04:53.327,D60C8E31-0CF8-49E3-8A24-75348AC1FE09,16,0
1295,399C2B71-98C2-795C-3B6A-0C57316C1D86,2012-05-10 21:56:05.107,D69734CC-B871-1D48-5593-EC2783C01994,27,0
1296,39A52E4C-E132-9C6F-8DA4-B71D6138024A,2012-05-10 22:05:55.660,D69734CC-B871-1D48-5593-EC2783C01994,20,0
1297,39DE61A0-A6EE-C2A7-AC81-5D1A83B28FBE,2012-05-10 23:08:24.353,2E70C483-D2A3-7A86-DFF2-8C19386C8B4C,28,0
1298,39DF9F06-AA88-367C-DA32-5C1D50C5A37E,2012-05-10 23:09:45.607,2E70C483-D2A3-7A86-DFF2-8C19386C8B4C,20,0
1299,39E583F3-FF6D-85F0-DF06-C60ED62114E5,2012-05-10 23:16:11.893,2E70C483-D2A3-7A86-DFF2-8C19386C8B4C,34,0
1300,3A0F3D2D-C40F-A18A-2F19-D1C15CE895A1,2012-05-11 00:01:46.327,B1118581-9864-1D85-0C5A-6AD43E661E88,28,0
1301,3C1C3F18-098A-8AFD-0529-ACE83665E500,2012-05-11 09:35:13.177,83116C03-F222-41A4-1BFF-D93754F6C1D6,32,0
1302,3C297E0E-9DDF-D7D7-8132-60A0314C35B3,2012-05-11 09:49:41.263,83116C03-F222-41A4-1BFF-D93754F6C1D6,20,0
1303,3FBC557E-07D4-895A-2DE8-D3E9D214FCB7,2012-05-12 02:28:56.327,7564B501-F780-196B-5673-6EB88DF39A74,32,0
1304,4742B97C-B294-7022-1D98-27892F3A4E85,2012-05-13 13:33:04.253,FEC878F6-F0A2-433D-E94A-90214CDD0CF0,27,0
1305,5258AA32-D1AB-066B-CAAC-B67E16D85972,2012-05-15 17:12:51.507,ADCFDA97-9A89-A762-6601-B5D33C0E165C,14,0
1306,52636E63-DDAA-FF2C-5D10-7C7CA6A87001,2012-05-15 17:24:37.093,ADCFDA97-9A89-A762-6601-B5D33C0E165C,26,0
1307,57FD6D5B-AA35-7AA4-D4DE-A02C9D31120E,2012-05-16 19:30:55.457,ADCFDA97-9A89-A762-6601-B5D33C0E165C,28,0
1308,5AACF17D-06EC-CCF0-3B84-44106983561B,2012-05-17 08:01:52.513,D9504420-F030-90A1-B236-BD06C7BF0BDA,23,0
1309,5AAD6A0C-F925-A596-6DD3-8000FF6CF13A,2012-05-17 08:02:23.373,D9504420-F030-90A1-B236-BD06C7BF0BDA,21,0
1310,5AAE2C62-91CB-83C9-1086-B2D5259171B5,2012-05-17 08:03:13.123,D9504420-F030-90A1-B236-BD06C7BF0BDA,26,0
1311,5AC3C450-F2C5-AC79-BDF0-FA06ED563AB3,2012-05-17 08:26:48.273,D9504420-F030-90A1-B236-BD06C7BF0BDA,27,0
1312,5B179D37-9CC6-D8EF-1D47-0409C8CA78E4,2012-05-17 09:58:23.290,0FC6D1BC-DB83-D7AD-2525-11379EBB88AB,33,0
1313,5B784605-FAD2-19E7-6F43-CB645124945A,2012-05-17 11:43:57.960,FEC878F6-F0A2-433D-E94A-90214CDD0CF0,28,0
1314,5EDAA8D2-AAF4-4B0C-59F9-1D5D0BD9D28E,2012-05-18 03:30:17.430,7564B501-F780-196B-5673-6EB88DF39A74,27,0
1315,63F48028-CE15-A03E-2FEB-A030FCD77707,2012-05-19 03:16:37.097,63EC6E51-B11E-660F-601F-C108CFD7A557,28,0
1316,6537FA1D-9C73-340F-C81F-B2BBFC6A68F9,2012-05-19 09:09:56.387,D3A6C37A-ACB9-7EDB-2F25-C69060DFE29E,28,0
1317,663CD024-CD11-4309-909C-FD4391739226,2012-05-19 13:54:50.537,E155C1BD-B3F3-5E81-88CB-16A573D088C2,27,0
1318,664B5F2F-93FF-906C-87CB-62BED945D496,2012-05-19 14:10:44.660,E155C1BD-B3F3-5E81-88CB-16A573D088C2,18,0
1319,6A831584-ECFA-6D3F-EB42-4E9F0750C3E8,2012-05-20 09:50:04.677,6A537158-0204-8B1F-668D-FD8D3C332883,26,0
1320,6BA4DD5B-CDAE-4978-C119-436401F01024,2012-05-20 15:06:35.740,6B95C8A7-A39B-690B-8A8D-628031A378CD,28,0
1321,71A18B22-E516-A5E6-C533-0101E66A9513,2012-05-21 19:00:41.380,6A537158-0204-8B1F-668D-FD8D3C332883,21,0
1322,71A3014F-EC71-6B5C-C0A2-A32449801547,2012-05-21 19:02:17.170,6A537158-0204-8B1F-668D-FD8D3C332883,19,0
1323,74325027-E4CB-C3D2-29AB-DCE6A4DF6A32,2012-05-22 06:58:03.433,742D266B-E57E-A773-BF4E-D4D913C09150,28,0
1324,75CB54A5-C5C1-786D-DD09-1EDE2145A806,2012-05-22 14:24:48.810,718AC021-B8E5-BA92-8416-76D833420AB2,16,0
1325,75E87F0F-B4F2-7B21-5AE4-6F9ADF1C234A,2012-05-22 14:56:40.210,93CE390B-00B5-8E4D-512D-571E83D2AB48,28,0
1326,777B28A9-D2EB-AB63-41B6-57F92539A1EA,2012-05-22 22:16:29.100,D9152775-CE5C-C3CD-C23D-7821185ABF7D,22,0
1327,7BC4A6A7-9A3C-2A4A-DD61-AAAEA44C9DE9,2012-05-23 18:15:14.347,A86D8705-C324-113F-94BF-3213975C906C,20,0
1328,7BC5E50C-B1CC-734B-8FAB-AA88596E3521,2012-05-23 18:16:35.887,A86D8705-C324-113F-94BF-3213975C906C,21,0
1329,7BC7FADB-C9EF-09A6-59FF-2ADAF3AB599D,2012-05-23 18:18:52.510,A86D8705-C324-113F-94BF-3213975C906C,23,0
1330,800B9447-A69B-A297-E7A5-6E114BFD0938,2012-05-24 14:11:11.560,FA4F7097-98DA-859C-B35E-5A62FA686C3D,28,0
1331,80134652-F4C8-3EF6-D361-42DC1C8C5EFF,2012-05-24 14:19:35.893,FA4F7097-98DA-859C-B35E-5A62FA686C3D,20,0
1332,8A450D00-AC05-8C44-142B-5CD2FEDDCB59,2012-05-26 13:50:10.177,7631EBE9-FF79-84B6-BD3C-9932CE7484AC,25,0
1333,8A566A26-EF7E-2C28-6EFB-23CC2A8C500F,2012-05-26 14:09:08.137,6A537158-0204-8B1F-668D-FD8D3C332883,23,0
1334,8A57DD22-A916-BA89-9793-7F4B548B7B1D,2012-05-26 14:10:43.107,6A537158-0204-8B1F-668D-FD8D3C332883,20,0
1335,8A5A9809-D141-DCED-A332-B25A83566008,2012-05-26 14:13:42.027,6A537158-0204-8B1F-668D-FD8D3C332883,22,0
1336,8AD6C506-A9B7-48D9-5CD0-06F675B10A3F,2012-05-26 16:29:20.007,7320B89A-D2CC-642B-F567-F6E0372C7B01,21,0
1337,8AD8F440-0A11-3BCF-2337-39089DE8A4A6,2012-05-26 16:31:43.170,7320B89A-D2CC-642B-F567-F6E0372C7B01,26,0
1338,8B02F11A-BDB1-2F22-58FA-9DBEC3B0C4B5,2012-05-26 17:17:34.877,7320B89A-D2CC-642B-F567-F6E0372C7B01,16,0
1339,8B1EA74E-CA7E-5599-A65A-D511F5F62C22,2012-05-26 17:47:50.990,7320B89A-D2CC-642B-F567-F6E0372C7B01,14,0
1340,8E443C75-95E9-2FD2-8E3E-159C8DE0AA5B,2012-05-27 08:27:45.660,1F22BE49-FC2B-2EA4-A7C2-8687847A326B,41,0
1341,98C9C2D0-ADAB-4815-C33A-E9105CFB652B,2012-05-29 09:29:52.067,FA4DD308-D468-A04F-63CD-0999EEF4E0F8,20,0
1342,9B1EF8CA-A4E6-665F-3D4D-3A106594739D,2012-05-29 20:22:07.307,2778330A-BC33-AD62-3F86-3CCEA9E31BD4,19,0
1343,A2A3E750-E915-2252-3F70-9DA9E1F4F65C,2012-05-31 07:24:39.637,26B38A5A-0D68-DBEE-F5FE-F913D45EAA87,18,0
1344,A317AB07-0DEC-3193-2773-95C15765B927,2012-05-31 09:31:06.380,F1E4B8BE-97DD-FE11-11C6-1602E38B656F,24,0
1345,A318C579-9B47-7F3E-3990-C32A1CE05E2A,2012-05-31 09:32:18.683,F1E4B8BE-97DD-FE11-11C6-1602E38B656F,22,0
1346,A46FA6B9-E2DB-1BA3-A510-F647DC899185,2012-05-31 15:46:49.683,8D31DA0A-E52A-6CB3-360B-F6B53E7DCA44,25,0
1347,A8169CD6-D0EE-5C7C-D7DF-171435CEBE00,2012-06-01 08:48:03.287,A8125C68-D855-B914-0A0B-6150BF1D605D,28,0
1348,B7748D57-9E71-4007-FF3F-86A38C618A78,2012-06-04 08:24:57.960,8EFE23B3-033E-B0D7-DDE2-59D67A9E58D5,41,0
1349,B83B51D2-D3C3-D024-1618-3287216FB8CC,2012-06-04 12:02:04.373,E9038EE9-9E03-28C7-1842-385337854720,14,0
1350,B83C5B60-A98F-3570-3F6C-44573211151F,2012-06-04 12:03:12.357,E9038EE9-9E03-28C7-1842-385337854720,28,0
1351,B87CAE03-BDCA-3595-B88B-C464D23DF0C7,2012-06-04 13:13:27.813,103A43DB-FA8D-8B40-F815-D9A7FE343854,24,0
1352,B98EE672-DBAB-7560-49CA-720A551BCB17,2012-06-04 18:12:59.127,AB65E551-ED5E-1686-E30C-A501B6EBC4E5,26,0
1353,B99070E3-E4AE-AF62-1694-6C0B909994BC,2012-06-04 18:14:40.103,AB65E551-ED5E-1686-E30C-A501B6EBC4E5,21,0
1354,B992698F-DF8B-E3D9-F935-00CCA8CEAEA5,2012-06-04 18:16:49.297,AB65E551-ED5E-1686-E30C-A501B6EBC4E5,23,0
1355,B994A68F-F08E-44CF-82C9-2F439B2C235E,2012-06-04 18:19:15.987,AB65E551-ED5E-1686-E30C-A501B6EBC4E5,22,0
1356,BCB67C90-FCA5-881C-5818-220A86417BC3,2012-06-05 08:55:05.107,74A92A24-E7C4-38C5-0D14-7ED4E3E5855E,39,0
1357,BCB87ABD-A87A-81E0-2779-65F4EDB17F99,2012-06-05 08:57:15.710,74A92A24-E7C4-38C5-0D14-7ED4E3E5855E,22,0
1358,BCB98E57-9F8C-0195-43B9-B80B8E01F87E,2012-06-05 08:58:26.263,74A92A24-E7C4-38C5-0D14-7ED4E3E5855E,18,0
1359,BCBAAC6C-D2C5-9A06-B889-6751530D3011,2012-06-05 08:59:39.503,74A92A24-E7C4-38C5-0D14-7ED4E3E5855E,14,0
1360,C1442C67-AA44-2481-3DEB-AD25BF35827F,2012-06-06 06:08:19.563,A0CECA72-CB07-190E-7387-612FBDDA25D9,20,0
1361,C1B661A6-DA1B-63CF-0BBE-8F6B2F9CAA1F,2012-06-06 08:13:04.297,2E6AE822-92F1-EA4B-E9B0-7A45B4D0ACB7,14,0
1362,C4D2B47D-9243-9DE4-8D14-EF8E6CCE58A3,2012-06-06 22:42:52.163,114927D8-91F3-F373-092B-6CE931774F83,20,0
1363,C6BF2BCC-0DB9-C2BD-A6D3-FC009830506E,2012-06-07 07:40:46.417,0A035534-94F2-B4F8-61CD-C9AFA3489841,28,0
1364,C6C3798A-0599-8D68-DE45-002FEB2EA25B,2012-06-07 07:45:28.463,0A035534-94F2-B4F8-61CD-C9AFA3489841,24,0
1365,C6C3C040-BB76-A514-9BF1-EB3DC2F23349,2012-06-07 07:45:46.560,0A035534-94F2-B4F8-61CD-C9AFA3489841,27,0
1366,C6C47B9A-CF0B-9049-9679-12185F43B95C,2012-06-07 07:46:34.527,0A035534-94F2-B4F8-61CD-C9AFA3489841,25,0
1367,C6C4D7AE-EE57-24F7-FA62-CD8C33EB4BB7,2012-06-07 07:46:58.097,0A035534-94F2-B4F8-61CD-C9AFA3489841,22,0
1368,C6C5B573-9DBC-DD35-9A0A-3060D6D84897,2012-06-07 07:47:54.870,0A035534-94F2-B4F8-61CD-C9AFA3489841,21,0
1369,C6C6089B-DB1A-AAB2-5273-735CE133AF0E,2012-06-07 07:48:16.157,0A035534-94F2-B4F8-61CD-C9AFA3489841,26,0
1370,C6C644FF-BD34-3A1D-1639-CB28DCFC3977,2012-06-07 07:48:31.617,0A035534-94F2-B4F8-61CD-C9AFA3489841,23,0
1371,C6C6BC17-D374-CBE4-56E3-73777B35E8C1,2012-06-07 07:49:02.107,0A035534-94F2-B4F8-61CD-C9AFA3489841,20,0
1372,C6C7682D-EED7-F35D-DF76-453795CB3D12,2012-06-07 07:49:46.157,0A035534-94F2-B4F8-61CD-C9AFA3489841,18,0
1373,C6C7DF63-CFED-F9EF-A320-DFFC9909F2B7,2012-06-07 07:50:16.680,0A035534-94F2-B4F8-61CD-C9AFA3489841,16,0
1374,C6C7FF21-9CC0-F15A-1AEC-9F627D76DE92,2012-06-07 07:50:24.803,0A035534-94F2-B4F8-61CD-C9AFA3489841,17,0
1375,C6C81B7F-C087-8B4D-9FBD-B9E089E475F3,2012-06-07 07:50:32.067,0A035534-94F2-B4F8-61CD-C9AFA3489841,15,0
1376,C6C83B2D-EBCB-F190-CC1C-73D8DFBC6EFB,2012-06-07 07:50:40.177,0A035534-94F2-B4F8-61CD-C9AFA3489841,19,0
1377,C6C8612A-9236-133E-7B22-4AA2723BE5D8,2012-06-07 07:50:49.900,0A035534-94F2-B4F8-61CD-C9AFA3489841,14,0
1378,C84FC576-9C77-EBD4-38DF-D5678D3974BA,2012-06-07 14:58:20.153,24DD7014-93B7-25B3-47C2-04DC9DBF8344,25,0
1379,C9462C16-9A1C-537E-EF8B-346B1BE01110,2012-06-07 19:27:28.280,306B9F95-AA2A-E6EF-8E48-F49B1F9F95A7,27,0
1380,C94664B8-0333-1675-CDEA-E0FB848BCDFB,2012-06-07 19:27:42.777,306B9F95-AA2A-E6EF-8E48-F49B1F9F95A7,32,0
1381,CCF7EF2F-DA0D-B161-8B2C-BF90488BF391,2012-06-08 12:40:29.757,93F67FED-DC31-1C5D-260A-AFF8DF710F83,28,0
1382,D292C1D5-B514-1D86-507F-DA7C693A1854,2012-06-09 14:47:42.297,D60C8E31-0CF8-49E3-8A24-75348AC1FE09,28,0
1383,D2A468D8-C7F0-1802-4EAC-314E711CF4BE,2012-06-09 15:06:59.163,D60C8E31-0CF8-49E3-8A24-75348AC1FE09,32,0
1384,D2C3F22E-91D2-8657-6CA2-C546023937EA,2012-06-09 15:41:25.937,D60C8E31-0CF8-49E3-8A24-75348AC1FE09,22,0
1385,DCDD90B5-9899-F8AB-E647-271623FEFC0D,2012-06-11 14:45:37.077,2B901E8F-EC8C-D677-8293-F40BEACA8427,22,0
1386,DDAAC434-C8CE-610D-5F24-523E2A6385D5,2012-06-11 18:29:47.967,4BCE67E8-9866-4AC6-3D5C-261B2D65696D,27,0
1387,DDAC8862-FC18-7447-16FE-8150F1A61AA9,2012-06-11 18:31:40.900,992FC0A4-D6E0-C460-AC9C-D9ECDCF067D5,21,0
1388,E019D366-E7C9-06C4-ECFD-7192D4A760CC,2012-06-12 05:50:17.960,8ED20800-CB0B-E7FF-254A-DDCCCDFDDDE1,27,0
1389,E087AC7F-A9EB-5B67-4DEE-23F6662B014E,2012-06-12 07:50:16.960,AED1E315-A47B-503C-5645-983BC5F2DEC7,32,0
1390,E1746EB8-AD2B-8E8B-F4BC-28E59885EF3D,2012-06-12 12:08:53.177,FA9E6300-F716-4ADE-34DC-E42ADE3609D7,26,0
1391,E1ECC84A-9DE6-BC01-B5CB-5C21132F3848,2012-06-12 14:20:20.427,E9038EE9-9E03-28C7-1842-385337854720,21,0
1392,E2E0D668-A714-3934-21AB-EF68C1EDCA9F,2012-06-12 18:46:54.833,114927D8-91F3-F373-092B-6CE931774F83,21,0
1393,EAB49973-9807-ECF9-79E9-3794799AECDD,2012-06-14 07:15:33.367,86F554F0-AAEE-3FED-52A7-A307CF7A5614,32,0
1394,EB5BC837-9419-EEB1-E630-3077B775434E,2012-06-14 10:18:09.850,86EF9A31-0BD3-2958-81F5-C4C62960D8FC,28,0
1395,EB636C01-B9A1-46EA-FEA4-943116E73034,2012-06-14 10:26:30.533,90B3F1E8-079C-BC3B-A3A1-66262CE327F9,32,0
1396,ECBAFD10-FD88-FD00-654B-E07EBE8F87D1,2012-06-14 16:41:46.517,AE2BAF66-B110-26C8-19EB-947A6794839E,16,0
1397,F040E56E-CF94-DDAB-8E7C-E35533652831,2012-06-15 09:06:53.937,66B1F537-F6BD-C5FD-213C-15EF52444F94,28,0
1398,F64BF9B0-C4B1-A50E-FEAE-0BF668028A7A,2012-06-16 13:16:43.317,DA7107F5-0BF0-02F5-6EAE-EB19A0018672,32,0
1399,0AD11B00-A230-52F2-0B2D-90DB038E52DF,2012-06-20 12:54:32.450,42EA3467-02D1-E6CA-4CE8-348E6B2B7D4E,32,0
1400,0D2A67EC-EDD8-13A9-B496-22248AB92FCD,2012-06-20 23:51:19.280,DC237190-DAE8-5484-B88B-01A99AD18AA8,25,0
1401,105AA6F2-E79B-E78B-4F4F-46AAC791CB65,2012-06-21 14:42:52.790,992FC0A4-D6E0-C460-AC9C-D9ECDCF067D5,26,0
1402,112B8670-0706-FD34-02F0-F3F50B59D595,2012-06-21 18:31:01.490,8EE4EF4C-0E94-6CB4-E3E0-94C1479FF520,28,0
1403,1183CAF2-FD19-3FC0-0093-367734E31A52,2012-06-21 20:07:26.200,491361B0-EBFE-C6CB-4324-DD3F641A14AA,27,0
1404,150854A8-F69C-786C-A338-4A9B84F51467,2012-06-22 12:31:03.853,CA1CCDE8-E971-A56E-C90D-3E7A527221C1,22,0
1405,15094676-CCCE-A958-E147-148F0CADADC9,2012-06-22 12:32:05.753,CA1CCDE8-E971-A56E-C90D-3E7A527221C1,32,0
1406,150BAE6C-DE87-8E88-D3C6-B9A651103794,2012-06-22 12:34:43.440,CA1CCDE8-E971-A56E-C90D-3E7A527221C1,21,0
1407,150D2724-CB46-07D1-5C00-57474D216ADA,2012-06-22 12:36:19.887,CA1CCDE8-E971-A56E-C90D-3E7A527221C1,28,0
1408,23919D87-EEC8-A867-596A-CEC431417E23,2012-06-25 08:15:41.963,6C63843E-C550-22F9-D754-EC849741D5B0,20,0
1409,29B635E9-0209-AF33-FAB1-4978FB24F1A0,2012-06-26 12:53:23.567,14B51B72-BA0F-3945-6236-A48DD76076DE,28,0
1410,2D7832A9-9D11-80E0-9ECC-848D350C36DD,2012-06-27 06:24:08.377,E94BDBD5-C700-03C6-DD94-AAD35B82D92D,28,0
1411,2DB8A8D0-CC55-0EB2-A10E-483F0645120A,2012-06-27 07:34:32.913,30C8D84C-A8B7-578C-0B9A-ABD080DC10FB,20,0
1412,30BE67D4-CF90-2F4B-8CD0-7187A7E57AC6,2012-06-27 21:39:41.140,30B504A9-A4F7-FA4F-28D4-DCA74187FEBC,28,0
1413,32B5D2D5-DA6C-EDAD-6411-EF22D24BE9B6,2012-06-28 06:49:33.143,8E2BF5D1-E370-BEB8-DFB5-C799647BBFDF,28,0
1414,338D66E6-98FD-FC51-36D3-FC6805CFB35B,2012-06-28 10:45:01.287,FA9E6300-F716-4ADE-34DC-E42ADE3609D7,28,0
1415,447AC095-AB8A-8864-612B-000AA32D0E35,2012-07-01 17:38:11.733,99F9B65F-E56A-F487-272E-74FCC0C973B7,18,0
1416,45F8E2D2-AA23-B2D5-CA2D-CA130251FBBD,2012-07-02 00:35:35.250,99F9B65F-E56A-F487-272E-74FCC0C973B7,25,0
1417,45F99A85-C8F5-3B75-8723-171194672C59,2012-07-02 00:36:22.280,99F9B65F-E56A-F487-272E-74FCC0C973B7,22,0
1418,45FD1322-EBAC-26C3-5AAD-A3020A2A3281,2012-07-02 00:40:09.763,99F9B65F-E56A-F487-272E-74FCC0C973B7,21,0
1419,4D9A0192-F434-5E3A-8470-E9E875FA6E3D,2012-07-03 12:08:54.933,5F2A943B-FC97-68E3-014B-E2B57023B157,22,0
1420,4D9B037B-AD74-8338-2DB4-307839D5826F,2012-07-03 12:10:00.957,5F2A943B-FC97-68E3-014B-E2B57023B157,24,0
1421,4D9B83C7-9D3C-0BB3-EED7-5CC3CB8E3A54,2012-07-03 12:10:33.800,5F2A943B-FC97-68E3-014B-E2B57023B157,25,0
1422,4DE8D750-EA01-21AF-63F1-60B8E9434080,2012-07-03 13:35:01.460,74A92A24-E7C4-38C5-0D14-7ED4E3E5855E,24,0
1423,4DEBE66D-C366-7D50-1B0D-134E9D9922CA,2012-07-03 13:38:21.933,74A92A24-E7C4-38C5-0D14-7ED4E3E5855E,26,0
1424,4E1DF423-EF52-22B1-3080-147745E61284,2012-07-03 14:33:02.247,8E95C259-FC16-F130-C487-C733551382AD,26,0
1425,4E8C836D-0B46-7D82-4337-60552CECBA7D,2012-07-03 16:33:47.890,D678B208-ACC6-D967-31D1-F18965AF6809,28,0
1426,4E8E4873-FF2B-209D-7787-BABB39CD349C,2012-07-03 16:35:43.860,D678B208-ACC6-D967-31D1-F18965AF6809,20,0
1427,4E94919A-EF0E-9983-5287-377B1DFCB9AC,2012-07-03 16:42:35.803,D678B208-ACC6-D967-31D1-F18965AF6809,36,0
1428,4F6E83E4-F686-6799-637F-4879CE928103,2012-07-03 20:40:39.143,9212F566-E089-1A00-7B4A-41A3945AE5D3,16,0
1429,50395078-915A-D0A2-A3B7-E8B3CB4E1942,2012-07-04 00:22:09.787,6FCC1336-B47F-C258-64B0-6593D0118F54,24,0
1430,503B08A0-D199-4533-F3FC-82BCDFAD5E0A,2012-07-04 00:24:02.467,6FCC1336-B47F-C258-64B0-6593D0118F54,26,0
1431,529CDEA2-F244-2921-F0CE-51F4B425D7CF,2012-07-04 11:30:08.677,8D31DA0A-E52A-6CB3-360B-F6B53E7DCA44,18,0
1432,529D91C7-A136-77CA-C718-8DE62BBF7EC5,2012-07-04 11:30:54.537,8D31DA0A-E52A-6CB3-360B-F6B53E7DCA44,15,0
1433,529FB42E-B31F-1976-B892-7FA8FC4F2264,2012-07-04 11:33:14.417,8D31DA0A-E52A-6CB3-360B-F6B53E7DCA44,24,0
1434,52A16AE2-C538-2349-6419-1F3B1BBE781A,2012-07-04 11:35:06.723,8D31DA0A-E52A-6CB3-360B-F6B53E7DCA44,17,0
1435,52A330E5-B997-6866-92CF-00A360524DCB,2012-07-04 11:37:02.950,8D31DA0A-E52A-6CB3-360B-F6B53E7DCA44,22,0
1436,52A45BF4-B6C1-C83A-2818-5497FC2C8DCA,2012-07-04 11:38:19.510,8D31DA0A-E52A-6CB3-360B-F6B53E7DCA44,26,0
1437,53AA2C5F-B56B-2FC7-541D-A4D7D73EC391,2012-07-04 16:24:17.760,757D2F4B-F8DA-2460-187E-270CD958121A,32,0
1438,53AE1E30-C13A-F78F-9022-1FC1C297F285,2012-07-04 16:28:36.273,757D2F4B-F8DA-2460-187E-270CD958121A,16,0
1439,53AECD21-BAD0-79E6-48D7-54478F0596BF,2012-07-04 16:29:21.060,757D2F4B-F8DA-2460-187E-270CD958121A,19,0
1440,53AF8F65-A60B-8EF4-40C7-D7E5FAAE493E,2012-07-04 16:30:10.790,757D2F4B-F8DA-2460-187E-270CD958121A,17,0
1441,53B0B311-EB9C-986D-33BD-C48EE50B436B,2012-07-04 16:31:25.457,757D2F4B-F8DA-2460-187E-270CD958121A,15,0
1442,578DCE69-F108-4307-9D57-9D9760ED6B39,2012-07-05 10:31:47.567,2E6AE822-92F1-EA4B-E9B0-7A45B4D0ACB7,18,0
1443,58EB64C0-D81B-ECFC-DFDB-DC07FA4958BE,2012-07-05 16:53:38.113,D1DDF198-ADF1-F89D-486E-6A73FFC603E8,32,0
1444,58EC5015-EF59-7FCC-9351-57D8CA9DE106,2012-07-05 16:54:38.360,83591EF1-ACE3-839D-C1F3-E164AE38E54D,15,0
1445,59377B35-F8AD-61F3-E69C-82DB588AF697,2012-07-05 18:16:44.600,3EF96823-B80B-AB73-FA2E-7FBECF108B0D,20,0
1446,594B9CC3-C12B-8AC4-06EF-26140A63464D,2012-07-05 18:38:43.907,1A38E73D-9185-E439-2A17-3ABD65D80E55,26,0
1447,595A35CD-9C6B-C162-787B-8CF3A6C0FBA0,2012-07-05 18:54:40.590,10290F9A-E987-3433-3F25-03A869EB0F03,18,0
1448,59888500-FE8C-E41A-F92E-B589850CF1AC,2012-07-05 19:45:15.523,83591EF1-ACE3-839D-C1F3-E164AE38E54D,25,0
1449,5C374189-BC40-7088-63B9-7C3A509E5CE2,2012-07-06 08:15:21.483,20D07A3B-CD7D-103B-2FF3-A61C9A04F146,22,0
1450,6682BBD6-DE7F-531F-4107-73021551D61A,2012-07-08 08:14:00.153,8F413807-A2C7-C4DA-C583-D45320C4F299,16,0
1451,70EDA9E1-AE97-1F5D-3765-E0627E7451F1,2012-07-10 08:47:00.067,F0E8BC8A-9A3F-230B-9036-EB66CD8B30FD,21,0
1452,70EFB320-9E9A-521A-1B94-276972FF77C2,2012-07-10 08:49:13.507,F0E8BC8A-9A3F-230B-9036-EB66CD8B30FD,14,0
1453,70F246BD-A236-7EC4-DA99-88A3DF1DA5C6,2012-07-10 08:52:02.367,F0E8BC8A-9A3F-230B-9036-EB66CD8B30FD,24,0
1454,70F7605A-C8C4-D693-F8B9-35EA9A118E0F,2012-07-10 08:57:36.603,F0E8BC8A-9A3F-230B-9036-EB66CD8B30FD,20,0
1455,70F94458-E476-EB24-D65A-1C657F36D9DB,2012-07-10 08:59:40.507,F0E8BC8A-9A3F-230B-9036-EB66CD8B30FD,22,0
1456,70FA6B05-B58E-4A42-C6AB-D6B3915107FC,2012-07-10 09:00:55.943,F0E8BC8A-9A3F-230B-9036-EB66CD8B30FD,28,0
1457,71AA7203-9658-5886-7867-120307CFA686,2012-07-10 12:13:12.070,D6B000DF-0D3C-501A-AE71-3B96FA86CC39,20,0
1458,72AA0062-E468-2F36-78EE-2637DEDDE3A6,2012-07-10 16:52:20.200,53181B04-EDA6-14D1-0B32-0068F276F8AB,22,0
1459,7A615E27-ABD6-CC72-59B7-08E27C9CB2AF,2012-07-12 04:49:57.803,F4860CFF-BC84-0093-AFA8-38E21A677AB7,25,0
1460,7A6427B0-C75A-DE6D-3BD2-FDE9C679C9B0,2012-07-12 04:53:00.467,F4860CFF-BC84-0093-AFA8-38E21A677AB7,23,0
1461,7A6512B7-C480-0355-58BD-4651970483A2,2012-07-12 04:54:00.633,F4860CFF-BC84-0093-AFA8-38E21A677AB7,15,0
1462,7A6587FF-A876-6003-EF80-211114BEEB8E,2012-07-12 04:54:30.660,F4860CFF-BC84-0093-AFA8-38E21A677AB7,32,0
1463,7A674266-B141-1C37-C55E-5C7A3A93448C,2012-07-12 04:56:23.913,F4860CFF-BC84-0093-AFA8-38E21A677AB7,20,0
1464,7A687D44-005B-5512-1D31-DD864CC946E1,2012-07-12 04:57:44.517,F4860CFF-BC84-0093-AFA8-38E21A677AB7,16,0
1465,7A69CFFA-9EE2-3293-D626-84B280EA9CAF,2012-07-12 04:59:11.227,F4860CFF-BC84-0093-AFA8-38E21A677AB7,22,0
1466,7A6AAF87-F326-5F55-F811-149099D7FFA1,2012-07-12 05:00:08.457,F4860CFF-BC84-0093-AFA8-38E21A677AB7,27,0
1467,7A6BCABE-D04A-F69E-7CE7-DB775DB51CD6,2012-07-12 05:01:20.960,F4860CFF-BC84-0093-AFA8-38E21A677AB7,21,0
1468,7A6CA054-F0F7-5CC2-22A3-46601BCFC835,2012-07-12 05:02:15.640,F4860CFF-BC84-0093-AFA8-38E21A677AB7,26,0
1469,7A6D791D-DF27-F113-DB63-280857992BE5,2012-07-12 05:03:11.137,F4860CFF-BC84-0093-AFA8-38E21A677AB7,24,0
1470,7A6E4341-0BC0-53F1-DA35-DCBA44BA9F32,2012-07-12 05:04:02.883,F4860CFF-BC84-0093-AFA8-38E21A677AB7,17,0
1471,7A6EF77F-E8C1-6C15-6DEB-F3B32BC68B60,2012-07-12 05:04:49.027,F4860CFF-BC84-0093-AFA8-38E21A677AB7,19,0
1472,7A6FA968-E5BA-7E94-B8E1-28AC52681FDC,2012-07-12 05:05:34.570,F4860CFF-BC84-0093-AFA8-38E21A677AB7,28,0
1473,7A705D24-D49B-4CAF-CCA1-F01726965762,2012-07-12 05:06:20.580,F4860CFF-BC84-0093-AFA8-38E21A677AB7,18,0
1474,7A71558A-057A-593C-1029-C20E1BAD9452,2012-07-12 05:07:24.173,F4860CFF-BC84-0093-AFA8-38E21A677AB7,14,0
1475,7BBBFB9C-E376-52CF-EC7A-8B568C085BFD,2012-07-12 11:08:33.567,718AC021-B8E5-BA92-8416-76D833420AB2,32,0
1476,89FEE231-08AD-244D-39E0-88E04BFB61C9,2012-07-15 05:36:18.997,B7E856ED-BBD5-C668-97F9-894A9398BC81,32,0
1477,9148DEC1-EA70-F70A-3AA4-1DF4B8294741,2012-07-16 15:34:28.310,7E939E18-C71F-393D-2E1D-90F9211512E8,17,0
1478,914960A2-D342-74BC-DF1F-C5B1E10914BB,2012-07-16 15:35:01.540,7E939E18-C71F-393D-2E1D-90F9211512E8,26,0
1479,9149B9C8-9AF0-3568-5123-C280DDBA259A,2012-07-16 15:35:24.360,7E939E18-C71F-393D-2E1D-90F9211512E8,14,0
1480,914A51E6-E429-13D6-3467-548CEAD872FD,2012-07-16 15:36:03.303,7E939E18-C71F-393D-2E1D-90F9211512E8,25,0
1481,914B0562-0A4B-5995-3732-836DAE78C754,2012-07-16 15:36:49.253,7E939E18-C71F-393D-2E1D-90F9211512E8,16,0
1482,914B6A50-0088-7560-1015-0B31EB44C271,2012-07-16 15:37:15.090,7E939E18-C71F-393D-2E1D-90F9211512E8,18,0
1483,914BF231-CE99-9912-D1A0-2A21248654C7,2012-07-16 15:37:49.873,7E939E18-C71F-393D-2E1D-90F9211512E8,32,0
1484,9520FAE4-9D54-5E4E-00B2-BEF8BC807B48,2012-07-17 09:29:22.917,B3E3036D-AB0A-CD20-48BA-C43DD5ACB0FD,22,0
1485,95245535-C568-A354-7531-0D4CECE33AFD,2012-07-17 09:33:02.647,B3E3036D-AB0A-CD20-48BA-C43DD5ACB0FD,25,0
1486,9524D083-FE26-5E72-8039-5AB594DEF29B,2012-07-17 09:33:34.213,B3E3036D-AB0A-CD20-48BA-C43DD5ACB0FD,27,0
1487,95596E61-9E3C-1272-E19D-A53EED8E01EB,2012-07-17 10:31:02.500,93CE390B-00B5-8E4D-512D-571E83D2AB48,27,0
1488,955BE69F-C421-67A6-8383-8C98A016FD2F,2012-07-17 10:33:44.357,93CE390B-00B5-8E4D-512D-571E83D2AB48,23,0
1489,97A93CC1-D37B-42BE-D300-91385336C5EF,2012-07-17 21:17:27.110,AA81EC2D-CB7A-00C8-A4B3-680CF687AF37,20,0
1490,9EF09BAB-FB5D-51DC-74FE-FA71C39151E9,2012-07-19 07:12:44.973,47778DB8-B8C8-7FE9-D03D-59636F31D724,46,1
1492,A1C73945-C6C9-8121-242B-4402880B6BF7,2012-07-19 20:26:24.457,AA8D3691-06B5-1DBE-532F-DFF62E437363,20,0
1493,A1F0CA6E-9434-7A7B-2B45-550B87F5BF6D,2012-07-19 21:11:48.593,AA8D3691-06B5-1DBE-532F-DFF62E437363,28,0
1494,A1F22700-F451-15E2-75CB-B36B1FF42280,2012-07-19 21:13:17.830,AA8D3691-06B5-1DBE-532F-DFF62E437363,26,0
1495,A28C68CF-D9DB-C7C5-E7A3-AB743C49CA43,2012-07-20 00:01:47.220,7B83ECDF-FBF4-98D1-8435-7B5DE9F9D50B,20,0
1496,A291B4AD-CDD8-8A69-E403-B78E0D409144,2012-07-20 00:07:34.320,7B83ECDF-FBF4-98D1-8435-7B5DE9F9D50B,25,0
1497,A3AB8DF8-E7DE-8146-77CB-EF2AC75A9605,2012-07-20 05:15:25.563,5498E1E7-B917-4D64-5452-21FE13610402,20,0
1498,B0A426CB-B502-4FC6-392F-B365399A73A9,2012-07-22 17:42:24.207,8EE4EF4C-0E94-6CB4-E3E0-94C1479FF520,46,1
1499,B3FC051C-E329-8C63-D8A5-9F8B7A24EE26,2012-07-23 09:17:14.413,676DED03-953D-C04F-5AE3-45072EF36720,35,0
1500,B400F0F1-A72C-5049-A910-A914E976DEE4,2012-07-23 09:22:40.340,676DED03-953D-C04F-5AE3-45072EF36720,39,0
1501,B520F30D-CA4F-E2FF-AF16-B94336628F98,2012-07-23 14:37:11.823,B406F742-EEA2-ADEE-F8B7-4F883B7AEC04,14,0
1502,B8F26AC1-9546-A625-20BD-A8D283D27E55,2012-07-24 08:24:51.140,5498E1E7-B917-4D64-5452-21FE13610402,14,0
1503,B8F3CE16-9C7B-E3EC-A551-B1341CFF3045,2012-07-24 08:26:22.103,5498E1E7-B917-4D64-5452-21FE13610402,18,0
1504,B8F5283E-9F64-1095-8D86-3F7A4B03711F,2012-07-24 08:27:50.720,5498E1E7-B917-4D64-5452-21FE13610402,17,0
1505,B9853538-9586-C19D-9359-E7B42470A9D6,2012-07-24 11:05:15.390,20D59407-DEC7-E8C3-EE0D-D50B542F3FD0,45,0
1506,B9EF8F13-A16E-8872-43DA-910E001CF90D,2012-07-24 13:01:21.047,93F67FED-DC31-1C5D-260A-AFF8DF710F83,21,0
1507,BA49A1B9-C52A-38A5-BCBB-ABCFEB468565,2012-07-24 14:39:44.060,0D72C3DB-0A24-1026-E770-3AF8648740BD,26,0
1508,BA4B5D84-F9CB-809E-DA23-498C044FB5B5,2012-07-24 14:41:37.670,0D72C3DB-0A24-1026-E770-3AF8648740BD,21,0
1509,BB09A8FA-A0D1-9236-DA92-AE41476B4235,2012-07-24 18:09:28.827,9CF2E353-E5B8-7A2D-3DB2-5785D0B47CE0,22,0
1510,C5B4FF54-B50F-7196-748A-09F10C0979EB,2012-07-26 19:52:52.740,676DED03-953D-C04F-5AE3-45072EF36720,37,0
1511,CA967DBC-B60B-CA21-F69E-52C217644A6C,2012-07-27 18:37:36.577,D3A6C37A-ACB9-7EDB-2F25-C69060DFE29E,21,0
1512,CA9DA04C-D6E6-F410-39A4-A78543699F07,2012-07-27 18:45:24.173,D3A6C37A-ACB9-7EDB-2F25-C69060DFE29E,34,0
1513,D36F6492-A85E-10D8-4F0E-721B376CF302,2012-07-29 11:51:29.177,7631EBE9-FF79-84B6-BD3C-9932CE7484AC,28,0
1514,DCB004D9-E26A-B912-0F94-18C26605E7F4,2012-07-31 06:58:42.773,36868FE7-C600-0C71-642E-73FEA69B215A,46,1
1515,DCCBCBD9-FE3A-E50A-3698-233FDD5CB098,2012-07-31 07:28:59.867,9CCD998F-F08B-7CB1-4ED7-B05ADA467E48,32,0
1516,DCDA02D7-D89B-7918-784B-99B8736593F1,2012-07-31 07:44:34.627,10249B67-FA47-FE8A-CC4B-FD11E1B3712E,46,1
1517,DE30B178-9B8B-F7BA-3949-92B61AB9394F,2012-07-31 13:58:51.377,66700E0D-ECA2-1DB3-310F-33E4E9281A9B,46,1
1518,DEEC26B0-B663-7043-9C29-01A35864915D,2012-07-31 17:23:34.707,93F67FED-DC31-1C5D-260A-AFF8DF710F83,46,1
1519,DEFF56E8-D349-681D-20C1-70E359B520A9,2012-07-31 17:44:33.970,13B50201-CFC0-3FD2-8EBE-E6088A56EDAD,46,1
1520,DF62C8C4-B54B-4585-8107-544F414352A8,2012-07-31 19:33:11.063,13B50201-CFC0-3FD2-8EBE-E6088A56EDAD,47,1
1521,E1596F4A-FD4C-CD92-5F5C-0D26D5471AE1,2012-08-01 04:42:11.150,AB65E551-ED5E-1686-E30C-A501B6EBC4E5,28,0
1522,E22CE6E3-CEEF-26FC-8CD5-8F73EF6884B4,2012-08-01 08:33:11.747,114927D8-91F3-F373-092B-6CE931774F83,47,1
1523,E328E853-AB9B-42C3-0F7C-79D4965AD59B,2012-08-01 13:08:25.303,AB8F198E-AA57-B9E7-CE98-A669519F47A4,47,1
1524,E32ECF3C-076A-8782-912D-0C15D9D80F6B,2012-08-01 13:14:52.097,AB8F198E-AA57-B9E7-CE98-A669519F47A4,46,1
1525,E4CDA8C8-9D70-CB34-65E0-56A14E0302E4,2012-08-01 20:48:01.223,F1E4B8BE-97DD-FE11-11C6-1602E38B656F,46,1
1526,E798E18F-DFE8-42CF-0E8D-14672C172C49,2012-08-02 09:49:12.467,3D918775-CEE8-DCED-A98B-B9B9C6761C83,46,1
1527,E87B1B53-E262-0B3C-DC6C-A9B1343C03A8,2012-08-02 13:56:18.390,F9A58D20-92BE-9A26-DFA6-4E88AC9E14E5,35,0
1528,E92E0839-D12E-8E10-F0CE-FBBEDAA88E86,2012-08-02 17:11:47.400,0255CDF3-C0ED-972F-98FA-78C32C248663,20,0
1529,E9370CE8-E5AA-FE52-A622-B75C3DA17A0C,2012-08-02 17:21:35.467,9D7A8794-CAEC-E58D-5328-F3AC5351213C,20,0
1530,ED02B50C-CDE8-0890-0DDD-A6C9AFB46102,2012-08-03 11:02:53.967,1E27A2CA-0E8E-8A88-3683-95D32F1CF4E5,32,0
1531,F10DC0B7-B26E-A981-9292-608E6292F5C1,2012-08-04 05:53:26.713,9D7A8794-CAEC-E58D-5328-F3AC5351213C,27,0
1532,F111AA04-C420-AFF6-1307-64ED08CF66C8,2012-08-04 05:57:43.047,9D7A8794-CAEC-E58D-5328-F3AC5351213C,22,0
1533,F18E7E80-0E87-17F5-7E04-D895E3A48E78,2012-08-04 08:14:03.907,94F1992C-A611-9C4B-72F4-BD43798BDEB8,15,0
1534,F3585FA0-F5DC-F0A7-98CD-E062AC26002E,2012-08-04 16:34:11.490,B50917F4-A543-EAB9-4681-A6B84C9747FA,20,0
1535,F70452B3-9C72-6C60-206D-BF8FCC4F1368,2012-08-05 09:40:52.020,7631EBE9-FF79-84B6-BD3C-9932CE7484AC,27,0
1536,F708BA0D-06D4-F3FB-07B1-77DCBE4584BE,2012-08-05 09:45:40.623,7631EBE9-FF79-84B6-BD3C-9932CE7484AC,21,0
1537,FA93AA99-F1E3-6406-9759-30E32EBD8393,2012-08-06 02:16:17.823,D83F45CC-F0E2-AB79-0962-36B8FBA0111F,20,0
1538,FA9FD7C0-9F6D-B10E-D4FC-743E98DF7ADE,2012-08-06 02:29:35.810,D83F45CC-F0E2-AB79-0962-36B8FBA0111F,24,0
1539,FAA0A58D-00C7-5F69-19E0-96623A759915,2012-08-06 02:30:28.497,D83F45CC-F0E2-AB79-0962-36B8FBA0111F,25,0
1540,FC94C3A2-B872-8B7F-F4C6-9650397C6923,2012-08-06 11:36:44.197,A3E226EC-03C1-6E0D-EE50-F457985EB6F3,22,0
1541,FDCBFBE7-B5DD-9487-9512-72F34BEAE815,2012-08-06 17:16:40.297,D4344D52-D8CE-4C29-A207-B34DE4E113E1,20,0
1542,009E2E1E-9C2A-CDE1-05F4-F15EB8F2F71B,2012-08-07 06:25:30.147,DC237190-DAE8-5484-B88B-01A99AD18AA8,14,0
1543,01708E52-FC33-3D98-857C-C73F2C44AA80,2012-08-07 10:15:17.333,3D918775-CEE8-DCED-A98B-B9B9C6761C83,32,0
1544,01ED628B-EE2C-E925-7800-2F1824572F11,2012-08-07 12:31:38.127,B50917F4-A543-EAB9-4681-A6B84C9747FA,27,0
1545,01EF003C-C109-4AE0-11DD-679576D65730,2012-08-07 12:33:24.030,B50917F4-A543-EAB9-4681-A6B84C9747FA,25,0
1546,05E4BC05-98D3-5263-DE5A-7BCE9156F7B0,2012-08-08 07:00:43.510,6A969AF1-BD4E-E4CF-B44A-3DB81C869EFD,27,0
1547,06FEC18B-B08E-671B-C74D-B0F8B74FF502,2012-08-08 12:08:45.647,CF98C504-E07D-D2C3-B4C0-5FB95EF0EB15,47,1
1548,09A677C1-AA1A-3A66-8045-B5B9B1421536,2012-08-09 00:31:08.247,5498E1E7-B917-4D64-5452-21FE13610402,32,0
1549,09ABA12D-C450-418E-B6FB-313B43E7E55C,2012-08-09 00:36:46.510,5498E1E7-B917-4D64-5452-21FE13610402,22,0
1550,09AD2BDB-0838-8701-37AE-F7A8589D6063,2012-08-09 00:38:27.550,5498E1E7-B917-4D64-5452-21FE13610402,16,0
1551,09AE1752-F7B0-71D4-4D57-21F9CC6AAF48,2012-08-09 00:39:27.827,5498E1E7-B917-4D64-5452-21FE13610402,27,0
1552,181A1990-03B7-C9BE-4E0F-00A6BFA8405B,2012-08-11 19:52:07.317,3DAD5128-E48E-A1D7-9A57-888BD53DCE39,18,0
1553,181B1761-F0F8-43D9-75A5-B407877077D7,2012-08-11 19:53:12.290,3DAD5128-E48E-A1D7-9A57-888BD53DCE39,15,0
1554,181BC33B-04E6-4C79-5DAF-CF607654A002,2012-08-11 19:53:56.283,3DAD5128-E48E-A1D7-9A57-888BD53DCE39,21,0
1555,1820BB56-D935-3B8C-3547-60E5704670F6,2012-08-11 19:59:21.947,3DAD5128-E48E-A1D7-9A57-888BD53DCE39,28,0
1556,1821ECA6-0B0C-235E-EAB1-A1B234482383,2012-08-11 20:00:40.107,3DAD5128-E48E-A1D7-9A57-888BD53DCE39,14,0
1557,251581C0-0721-3ABC-37A0-1CDF11C39B75,2012-08-14 08:22:10.117,2E6AE822-92F1-EA4B-E9B0-7A45B4D0ACB7,20,0
1558,25182513-B238-E592-AF7A-28B041372F05,2012-08-14 08:25:02.997,2E6AE822-92F1-EA4B-E9B0-7A45B4D0ACB7,23,0
1559,2ACAB22A-91AA-722E-0A8D-A0E82A26EB5F,2012-08-15 10:58:10.607,0632274F-DB1F-6B85-1573-F0B4E2BEC324,20,0
1560,2ACADCB3-9798-8848-8843-F4C3A8F7E7C4,2012-08-15 10:58:21.493,0632274F-DB1F-6B85-1573-F0B4E2BEC324,24,0
1561,2ACB1787-962C-0AD9-7BEE-BC01821C1D9B,2012-08-15 10:58:36.553,0632274F-DB1F-6B85-1573-F0B4E2BEC324,26,0
1562,2ACB874C-F323-6862-6B2A-4C72BF213D07,2012-08-15 10:59:05.167,0632274F-DB1F-6B85-1573-F0B4E2BEC324,27,0
1563,2ACBC27D-E051-A83C-B542-D2DDA72047D6,2012-08-15 10:59:20.320,0632274F-DB1F-6B85-1573-F0B4E2BEC324,21,0
1564,33BDAB28-923B-88F2-7950-94B9BF96FC30,2012-08-17 04:40:31.797,3404535B-FEB6-DAC3-6436-2C934797324E,46,1
1565,3534622A-A04A-1534-71FB-0141FF2F470B,2012-08-17 11:29:49.100,0632274F-DB1F-6B85-1573-F0B4E2BEC324,28,0
1566,3535BED6-A470-6243-33D2-711BA371DE6E,2012-08-17 11:31:18.360,0632274F-DB1F-6B85-1573-F0B4E2BEC324,14,0
1567,3536B00B-9C24-664A-FF1F-A612F7FC26C0,2012-08-17 11:32:20.110,0632274F-DB1F-6B85-1573-F0B4E2BEC324,19,0
1568,3537C1A9-01A0-5977-EB69-3AD1438C3FD3,2012-08-17 11:33:30.153,0632274F-DB1F-6B85-1573-F0B4E2BEC324,25,0
1569,35383DC6-ED0A-9621-FFBE-738405FC4463,2012-08-17 11:34:01.927,0632274F-DB1F-6B85-1573-F0B4E2BEC324,18,0
1570,35392271-C8A1-F1FF-61C0-AC53FF88F533,2012-08-17 11:35:00.467,0632274F-DB1F-6B85-1573-F0B4E2BEC324,17,0
1571,3539C2EC-B3A1-8C23-E804-F97107BAF19D,2012-08-17 11:35:41.550,0632274F-DB1F-6B85-1573-F0B4E2BEC324,23,0
1572,353A641E-E779-4337-6B2C-3D97637E8935,2012-08-17 11:36:22.817,0632274F-DB1F-6B85-1573-F0B4E2BEC324,15,0
1573,353AB248-93E7-7731-C44E-2E419B833B79,2012-08-17 11:36:42.827,0632274F-DB1F-6B85-1573-F0B4E2BEC324,32,0
1574,353B88A7-C880-CC9D-6A8A-EBA548C30CE6,2012-08-17 11:37:37.707,0632274F-DB1F-6B85-1573-F0B4E2BEC324,16,0
1575,353D9F24-B086-5D22-F21C-9D241D975D61,2012-08-17 11:39:54.533,0632274F-DB1F-6B85-1573-F0B4E2BEC324,22,0
1576,3608B1DD-9D43-5FFB-CD6E-FA13D57D4AF8,2012-08-17 15:21:44.887,20C2193C-FC47-A8DB-6E8F-58F0BCC7CB9E,46,1
1577,3AC5AB95-AEC5-1F5D-684E-5A5D446E96F2,2012-08-18 13:26:36.697,19923DAA-B71D-4650-5AE5-9987FF71B4F9,28,0
1578,42A38C9E-E8A4-487E-0BA3-B68BBBBA4C41,2012-08-20 02:06:18.907,9D7A14F0-C0E9-78F8-5DA3-0839F5464254,22,0
1579,42B09E79-07B1-AC4E-C6A5-BA30E5CCD3AE,2012-08-20 02:20:34.967,9D7A14F0-C0E9-78F8-5DA3-0839F5464254,32,0
1580,49989A48-0615-E0C4-8A80-21CD880C8773,2012-08-21 10:31:41.390,47A84931-0A9B-5DB0-D960-7CA8700A7277,18,0
1581,499951E7-BF9F-4B35-7282-9BE86A85231A,2012-08-21 10:32:28.393,47A84931-0A9B-5DB0-D960-7CA8700A7277,26,0
1582,53A72177-EF0E-3661-2E09-5970B1E1ED88,2012-08-23 09:23:45.670,9CFC248E-FEB2-6009-AD69-0A8AFB646914,32,0
1583,5454CCB7-C71B-9997-ABBE-FEF8F5D7ED90,2012-08-23 12:33:27.227,FC40D986-FC01-E628-408C-F0ABB96BF624,22,0
1584,5484B768-0399-4B3A-E0A8-F127867099A6,2012-08-23 13:25:47.500,4D03355E-0927-9B03-ECD7-C68127FF247F,17,0
1585,5485E257-C9C1-C3F7-4B48-B1FE0CDF363D,2012-08-23 13:27:04.027,4D03355E-0927-9B03-ECD7-C68127FF247F,26,0
1586,54872280-E860-78FB-7983-BA8126A6AD00,2012-08-23 13:28:25.987,4D03355E-0927-9B03-ECD7-C68127FF247F,14,0
1587,5488205E-D447-C6FD-957E-E91076DB4B6D,2012-08-23 13:29:30.977,4D03355E-0927-9B03-ECD7-C68127FF247F,18,0
1588,54892941-A480-CA1D-2D35-333EDF451AE3,2012-08-23 13:30:38.790,4D03355E-0927-9B03-ECD7-C68127FF247F,27,0
1589,548A4827-D036-6003-8CEC-300705EBBA88,2012-08-23 13:31:52.233,4D03355E-0927-9B03-ECD7-C68127FF247F,15,0
1590,5DF7C60D-9402-BAA0-4DE2-4CCC62A0CFAF,2012-08-25 09:28:02.830,FCBC7E6E-DE6A-1397-A512-8AE4662317CB,27,0
1591,5E097817-B7F0-A249-83EF-C426EB5B8A5A,2012-08-25 09:47:22.520,FCBC7E6E-DE6A-1397-A512-8AE4662317CB,28,0
1592,5E0C6009-978B-9D78-EDDA-9D7F64617535,2012-08-25 09:50:32.970,FCBC7E6E-DE6A-1397-A512-8AE4662317CB,20,0
1593,5E0D9A06-E90A-2D2C-D680-9A2E478397A0,2012-08-25 09:51:53.353,FCBC7E6E-DE6A-1397-A512-8AE4662317CB,16,0
1594,6E138F58-9F07-7D84-125F-936605C513F0,2012-08-28 12:32:19.297,44E6E800-E9D2-572F-AEB6-981429D6775B,22,0
1595,6E199AEE-0EF6-070B-E1B9-B7F2A8F37205,2012-08-28 12:38:55.473,44E6E800-E9D2-572F-AEB6-981429D6775B,25,0
1596,750714A0-B1DF-9325-C423-54C7D14FC98C,2012-08-29 20:56:01.957,23CAF0CF-E821-9830-50D8-8AE871D5C89C,20,0
1597,77E3AEFA-D253-CB79-F679-ABF5C3192A19,2012-08-30 10:16:17.617,1E959B33-EF81-7D01-994A-1D1635CBE9AB,27,0
1598,788751E6-B68F-BCEC-8211-0676CA390F4A,2012-08-30 13:14:57.897,52840F87-A39E-6BE3-3F5E-B5394C2A16A7,20,0
1599,7D1A9831-AFFC-F299-C089-DAED8F6182FC,2012-08-31 10:34:18.547,8EE01537-B84A-3E42-B924-05D43EFCE54D,19,0
1600,7D51F700-BC90-F513-F41B-8DFA26F6D28A,2012-08-31 11:34:47.300,8EE01537-B84A-3E42-B924-05D43EFCE54D,23,0
1601,7D523176-BCDB-8A66-87DF-F2AEE67E3D20,2012-08-31 11:35:02.263,8EE01537-B84A-3E42-B924-05D43EFCE54D,26,0
1602,7D529516-DC5F-D91B-7171-0BC8EAE3AEFB,2012-08-31 11:35:27.767,8EE01537-B84A-3E42-B924-05D43EFCE54D,18,0
1603,7D531880-F7B2-FA87-30C4-BD5142DD126A,2012-08-31 11:36:01.410,8EE01537-B84A-3E42-B924-05D43EFCE54D,22,0
1604,7D545BD3-CDC1-14FE-2898-79FEA7542B12,2012-08-31 11:37:24.180,8EE01537-B84A-3E42-B924-05D43EFCE54D,28,0
1605,7D5579D7-F492-E4E0-E390-F757D9EFFD82,2012-08-31 11:38:37.400,8EE01537-B84A-3E42-B924-05D43EFCE54D,14,0
1606,7D5E6829-98C6-CF4B-8B8E-F10123B1D1FA,2012-08-31 11:48:22.700,8EE01537-B84A-3E42-B924-05D43EFCE54D,27,0
1607,7D5FD954-05D4-678D-F84C-FD71F1B85FC3,2012-08-31 11:49:57.207,8EE01537-B84A-3E42-B924-05D43EFCE54D,17,0
1608,7DA0F97D-B022-3439-4FD2-677F691EEE1B,2012-08-31 13:01:05.280,72A8C04E-AAED-72E6-DA53-123090E5EBFE,26,0
1609,87960301-D733-9927-C5FD-12085480F864,2012-09-02 11:25:18.980,72A8C04E-AAED-72E6-DA53-123090E5EBFE,20,0
1610,87A24683-A14B-57F8-E4EC-202FC4678FD9,2012-09-02 11:38:42.693,72A8C04E-AAED-72E6-DA53-123090E5EBFE,21,0
1611,87AC8E19-D6CE-B7D3-9C1E-50D6AA860D36,2012-09-02 11:49:56.380,69EB82CC-CB50-6A78-447C-A420A7325AD7,26,0
1612,87AE077F-098A-94AF-B8F1-3A1D055F93AF,2012-09-02 11:51:32.993,69EB82CC-CB50-6A78-447C-A420A7325AD7,32,0
1613,8A029581-9A10-35C0-CC17-32402436D9E1,2012-09-02 22:43:11.490,A12B0C31-B3B7-C62C-1E50-53AE3EE09BE9,46,1
1614,93B08FF2-9AF1-19D8-68F3-3FC930F77E49,2012-09-04 19:49:45.590,3504FF87-9CA2-9E87-7AEE-FCC7951C1707,28,0
1615,9821F4B5-9C56-4F1D-F5F1-CC6E746523AD,2012-09-05 16:32:05.817,53181B04-EDA6-14D1-0B32-0068F276F8AB,27,0
1616,A08FE89A-08DA-859D-07DF-D1CB11E71F32,2012-09-07 07:49:09.403,6B79D121-0CBC-BF2B-00AB-F9C0B0F0B56F,23,0
1617,A242B624-B1E2-9C0B-E4A9-4A3C33F1F1DE,2012-09-07 15:44:04.647,B4150ECE-D38E-11FC-621E-460DA3564904,32,0
1618,A3E66983-CF5F-D412-8735-8F75205DC724,2012-09-07 23:22:30.150,9F7DAB6C-B895-BC9D-51E1-76FFAB59BE4B,20,0
1619,A6E08E29-A3F1-5F76-6078-C7B63E8F2748,2012-09-08 13:14:57.963,99403DA8-A091-2B7D-2EE9-01C83887DC75,26,0
1620,A6F91A20-DB29-8C7E-CE11-DCA0E2356CB6,2012-09-08 13:41:46.660,99403DA8-A091-2B7D-2EE9-01C83887DC75,21,0
1621,ABB73A68-C4C3-5512-EEB1-A81251AFCACD,2012-09-09 11:47:55.627,99403DA8-A091-2B7D-2EE9-01C83887DC75,25,0
1622,ABD1B472-FEC5-4CB8-70A4-1DA498F67101,2012-09-09 12:16:50.803,99403DA8-A091-2B7D-2EE9-01C83887DC75,24,0
1623,ABE2B845-AA85-983E-1799-84942A77BF16,2012-09-09 12:35:25.897,99403DA8-A091-2B7D-2EE9-01C83887DC75,27,0
1624,ABE81219-BE9F-FAD6-5787-8249B23CDD6E,2012-09-09 12:41:16.570,99403DA8-A091-2B7D-2EE9-01C83887DC75,22,0
1625,ABF10E1B-DFE8-CC78-0E6A-79E0D8C4777C,2012-09-09 12:51:05.373,99403DA8-A091-2B7D-2EE9-01C83887DC75,23,0
1626,B45224DA-FD31-F6CB-CC6E-117C8710B744,2012-09-11 03:54:05.917,B4487993-D7D0-CE51-539C-CBF319FFD1BE,27,0
1627,B4835365-AB1C-B895-2FF2-EDF163620E67,2012-09-11 04:47:49.097,B4487993-D7D0-CE51-539C-CBF319FFD1BE,22,0
1628,B5090713-E84A-B407-897A-F4852253975E,2012-09-11 07:13:51.383,8E2936A7-0CD0-638A-8C26-D7B42505A575,20,0
1629,B51C3A0B-BFD0-F1B3-2C9D-843EBE2A0252,2012-09-11 07:34:49.613,A93EB01D-A5F5-53B3-1B6D-5A70D905AF01,26,0
1630,B6DF6168-A20C-B286-FCE1-24E7B7D737C9,2012-09-11 15:47:36.427,0D72C3DB-0A24-1026-E770-3AF8648740BD,23,0
1631,B7714E30-E602-BF9B-F6A3-D2588399BFF7,2012-09-11 18:26:59.763,99403DA8-A091-2B7D-2EE9-01C83887DC75,19,0
1632,B772889D-99FD-1C63-B17E-3CCA7128D1CF,2012-09-11 18:28:20.257,99403DA8-A091-2B7D-2EE9-01C83887DC75,20,0
1633,B774B181-D65D-DB00-0129-D9FBB9FCADE7,2012-09-11 18:30:41.813,99403DA8-A091-2B7D-2EE9-01C83887DC75,16,0
1634,B7757E33-D61A-3325-7670-F3E28537E709,2012-09-11 18:31:34.197,99403DA8-A091-2B7D-2EE9-01C83887DC75,15,0
1635,B77DA5D6-97AF-CA39-AF7B-6F82790B8FD8,2012-09-11 18:40:28.630,99403DA8-A091-2B7D-2EE9-01C83887DC75,18,0
1636,B77FA750-01DA-C91E-3971-EE9DB1232D83,2012-09-11 18:42:40.080,99403DA8-A091-2B7D-2EE9-01C83887DC75,14,0
1637,B780448B-CF49-D043-ED53-61B314D6F2BD,2012-09-11 18:43:20.333,99403DA8-A091-2B7D-2EE9-01C83887DC75,17,0
1638,B7811226-C16D-3C84-BCCE-480B96BB7923,2012-09-11 18:44:12.967,99403DA8-A091-2B7D-2EE9-01C83887DC75,28,0
1639,B7823FD2-B51E-4A80-339C-B169660C3580,2012-09-11 18:45:30.197,99403DA8-A091-2B7D-2EE9-01C83887DC75,32,0
1640,BA86AA60-BF7A-D7EE-7B85-486416936820,2012-09-12 08:49:11.267,B4487993-D7D0-CE51-539C-CBF319FFD1BE,21,0
1641,BA884C8B-95F5-2553-C4EA-316E8ECF0E40,2012-09-12 08:50:58.317,B4487993-D7D0-CE51-539C-CBF319FFD1BE,23,0
1642,BBF993CA-B16E-C443-6DE5-1ECC6EAF32F9,2012-09-12 15:34:19.340,8EB529BF-FF32-D0FD-72E8-E7E55FF55F6A,21,0
1643,DB37C4B0-A590-0F93-7F92-D6A3B7D56047,2012-09-18 17:10:28.787,0924B677-E2A2-6D9A-491A-57B5F8A6C0EF,16,0
1644,DC5FEBC5-053F-7CAB-09F7-1AC832C5F0A4,2012-09-18 22:33:57.447,5F97FD57-EDF4-7B47-5FCB-1531CDC188F3,27,0
1645,DC618ED4-F262-A421-EC7A-1F3E1C776899,2012-09-18 22:35:44.727,5F97FD57-EDF4-7B47-5FCB-1531CDC188F3,24,0
1646,DC6237B1-FECC-06A1-92A9-D5795D1292F0,2012-09-18 22:36:27.957,5F97FD57-EDF4-7B47-5FCB-1531CDC188F3,22,0
1647,DC881EBB-C6D5-43CA-3388-D2232FC55C34,2012-09-18 23:17:51.933,AE3B6689-B609-6635-B7D2-B131E5A516C8,47,1
1648,DCAC2210-AF0A-3AE2-D170-4E3377C842DD,2012-09-18 23:57:12.083,3B43FD8E-A9F3-4B1A-74CC-255ACCD77E11,47,1
1649,DEF2FEF2-0184-0DE5-4B16-088DEFF91EA1,2012-09-19 10:33:50.587,AE3B6689-B609-6635-B7D2-B131E5A516C8,28,0
1650,DF9B6475-97E2-9219-3DB3-E8F2A108C48B,2012-09-19 13:37:46.617,9CF2E353-E5B8-7A2D-3DB2-5785D0B47CE0,27,0
1651,E3B6F7D9-D847-F47D-DF13-71B11B2CECB0,2012-09-20 08:46:22.683,44E6E800-E9D2-572F-AEB6-981429D6775B,27,0
1652,E6DACAAA-EAAF-AF72-86A2-67F07E44DD1E,2012-09-20 23:24:22.060,3B43FD8E-A9F3-4B1A-74CC-255ACCD77E11,46,1
1653,E78A7C19-C4B8-9A73-CF70-8261C094B2EE,2012-09-21 02:36:16.287,8E2936A7-0CD0-638A-8C26-D7B42505A575,17,0
1654,E78B2C8A-A6F0-01A6-AB0C-D39570BD7172,2012-09-21 02:37:01.453,8E2936A7-0CD0-638A-8C26-D7B42505A575,15,0
1655,E78BC690-0945-AF75-228D-F7E7E5C4E326,2012-09-21 02:37:40.897,8E2936A7-0CD0-638A-8C26-D7B42505A575,14,0
1656,E78C3218-0497-B3DC-A5A8-3B774A232816,2012-09-21 02:38:08.410,8E2936A7-0CD0-638A-8C26-D7B42505A575,16,0
1657,E78EA451-D6DF-F52A-A3B6-8F5BC8CAC45F,2012-09-21 02:40:48.727,8E2936A7-0CD0-638A-8C26-D7B42505A575,32,0
1658,E79583D6-C45F-C359-6438-9849B62FF461,2012-09-21 02:48:19.160,8E2936A7-0CD0-638A-8C26-D7B42505A575,37,0
1659,EAC21C6C-BACA-51E3-0FD1-64A6DD900D03,2012-09-21 17:35:53.457,53181B04-EDA6-14D1-0B32-0068F276F8AB,20,0
1660,F16ACEC2-BEFE-3164-5358-420BCD9CCC30,2012-09-23 00:37:52.453,7B83ECDF-FBF4-98D1-8435-7B5DE9F9D50B,27,0
1661,F3C863A0-9446-BC9C-97EC-38FF995A6834,2012-09-23 11:39:19.843,86DA4D09-E712-6568-B090-C226F4C49B1F,22,0
1662,F9B53915-BED0-0AEA-4BE1-693D158122C7,2012-09-24 15:16:07.063,588E7CDC-DF28-578F-3F39-1E7C9E17F4C5,16,0
1663,0521FEAC-F530-E89E-783A-D9B7A0E58CFF,2012-09-26 20:30:44.913,CBBFE311-F45D-CD26-72C5-58A09206BD13,21,0
1664,084BD7FC-CD12-A233-2098-15ED1951DA1A,2012-09-27 11:15:19.167,94A3AAF0-A961-3640-0B10-0E68155F3565,19,0
1665,0864D303-A0B1-E8CD-B9FB-A19D43E6F744,2012-09-27 11:42:36.293,93E0AB75-955E-CE1E-9B46-9D08991F5FE8,34,0
1666,0867A1E5-0795-179E-FFFB-242B828BBFC7,2012-09-27 11:45:40.327,93E0AB75-955E-CE1E-9B46-9D08991F5FE8,16,0
1667,086B6E1C-A8C1-DE41-821E-93DE012E02C6,2012-09-27 11:49:49.213,93E0AB75-955E-CE1E-9B46-9D08991F5FE8,26,0
1668,08703540-B268-7F27-A139-EF97EEBA4765,2012-09-27 11:55:02.337,93E0AB75-955E-CE1E-9B46-9D08991F5FE8,24,0
1669,0872021A-B60A-52A3-2FC3-B5E049BF1B5F,2012-09-27 11:57:00.317,93E0AB75-955E-CE1E-9B46-9D08991F5FE8,18,0
1670,087421D5-A5F7-A24E-54DE-14DBE0DB9BB5,2012-09-27 11:59:19.510,93E0AB75-955E-CE1E-9B46-9D08991F5FE8,25,0
1671,0875425B-E968-16D6-9879-97463D511D76,2012-09-27 12:00:33.373,93E0AB75-955E-CE1E-9B46-9D08991F5FE8,27,0
1672,0876E22F-B96C-CCEB-5943-6EEA4F60CB65,2012-09-27 12:02:19.827,93E0AB75-955E-CE1E-9B46-9D08991F5FE8,15,0
1673,087837DF-C207-32AD-BA55-7BF81F6AEF15,2012-09-27 12:03:47.297,93E0AB75-955E-CE1E-9B46-9D08991F5FE8,20,0
1674,087ABE4E-AFEF-2285-053F-60685C31A99C,2012-09-27 12:06:32.787,93E0AB75-955E-CE1E-9B46-9D08991F5FE8,22,0
1675,087C8418-E6A0-7BF2-F68C-8745FF1FAC74,2012-09-27 12:08:28.953,93E0AB75-955E-CE1E-9B46-9D08991F5FE8,17,0
1676,087DDE74-A046-8FE5-ACF3-30F5D9F107D5,2012-09-27 12:09:57.623,93E0AB75-955E-CE1E-9B46-9D08991F5FE8,19,0
1677,087FE0AC-AC99-6B17-8D03-94FFDF9E74A2,2012-09-27 12:12:09.263,93E0AB75-955E-CE1E-9B46-9D08991F5FE8,23,0
1678,0882584E-0684-BFF6-8FC4-D624D558D184,2012-09-27 12:14:50.960,93E0AB75-955E-CE1E-9B46-9D08991F5FE8,41,0
1679,0963B742-C620-DDFD-0749-9ADE0BB45CFE,2012-09-27 16:21:00.867,0945DF31-0F50-A3EC-B473-50D8856274E6,20,0
1680,09704337-DC19-3C2D-BCB1-19F9FD590894,2012-09-27 16:34:44.897,EF9A0D23-FBBB-D927-61C2-3EB581493638,26,0
1681,09798E04-E0CD-96A1-27EF-4EC4D2A9361A,2012-09-27 16:44:53.977,EF9A0D23-FBBB-D927-61C2-3EB581493638,21,0
1682,0D0BA22C-CC16-C158-1033-5630C78A2897,2012-09-28 09:23:17.167,9CF2E353-E5B8-7A2D-3DB2-5785D0B47CE0,20,0
1683,0E2C7ECD-CEAF-F2AF-8C47-1993412E8A82,2012-09-28 14:38:50.917,30F3019C-BCF9-4777-82F0-CC091994FD45,48,0
1684,13B57199-B8D3-BED7-DF91-06B89B095B47,2012-09-29 16:26:29.147,FDF6B4DE-AB1E-2F22-E2C4-497E39EAB671,28,0
1685,14B6EC19-B89B-62E9-1412-61DEAC1A209F,2012-09-29 21:07:43.263,C13B6C04-A3AE-73E4-2E07-9F01DD628207,28,0
1686,158662E5-FB1B-E54C-85D9-CD4466E0C080,2012-09-30 00:54:19.623,FDF6B4DE-AB1E-2F22-E2C4-497E39EAB671,21,0
1687,158CD24D-F6D5-F13B-6A01-CE827261D93B,2012-09-30 01:01:21.360,FDF6B4DE-AB1E-2F22-E2C4-497E39EAB671,15,0
1688,1633ACA7-D50C-A0E2-29F0-5A08FDEBEC38,2012-09-30 04:03:36.233,FDF6B4DE-AB1E-2F22-E2C4-497E39EAB671,23,0
1689,1B530738-93C6-69C4-3FDB-F87DBC34DDE5,2012-10-01 03:56:00.203,DAA0F042-FC8E-9BE3-F2AB-DAFF0E285BC3,48,0
1691,22B317D3-0EFF-8074-1ED3-3EB379557D99,2012-10-02 14:18:13.337,FDF6B4DE-AB1E-2F22-E2C4-497E39EAB671,32,0
1692,22CF234E-BF05-4F3C-A823-E293DF6502F7,2012-10-02 14:48:51.293,FE10B445-B64C-2A8F-21FA-11C51D28ED25,27,0
1693,283DECC8-0F49-AFAF-8788-3AF66B64BBBD,2012-10-03 16:07:57.900,FDF6B4DE-AB1E-2F22-E2C4-497E39EAB671,26,0
1694,28771C72-C1A1-5A2B-F44D-7D2BDA136251,2012-10-03 17:10:28.163,DD539F51-0226-B525-C923-6AF8B94E0BB6,27,0
1695,2AB466EF-9FAE-F170-1C36-2D18DE1EA096,2012-10-04 03:36:36.893,87A7D29C-A9F0-A65E-4DC8-5093C8BC2B33,26,0
1696,2AB5F015-A15F-9934-D250-089788967734,2012-10-04 03:38:17.500,87A7D29C-A9F0-A65E-4DC8-5093C8BC2B33,23,0
1697,2AB8191A-A71C-065C-2E6A-65CEE7BCF6CD,2012-10-04 03:40:39.067,87A7D29C-A9F0-A65E-4DC8-5093C8BC2B33,16,0
1698,2AB8E0E3-EE78-C99E-73FE-C10B4BACA6EB,2012-10-04 03:41:30.213,87A7D29C-A9F0-A65E-4DC8-5093C8BC2B33,28,0
1699,2AB96FD0-B564-16DF-0010-5DABABD14C51,2012-10-04 03:42:06.803,87A7D29C-A9F0-A65E-4DC8-5093C8BC2B33,20,0
1700,2AB9FB8E-98CA-ADC4-2239-21CDA6467D11,2012-10-04 03:42:42.577,9192CDA0-FAB0-16AD-72C7-16B0B4BD90E2,16,0
1701,2AB9FF06-BD7D-8A20-5616-8901CDF2236D,2012-10-04 03:42:43.463,87A7D29C-A9F0-A65E-4DC8-5093C8BC2B33,14,0
1702,2ABB0EAD-F5F6-0B4B-4585-CA7753271801,2012-10-04 03:43:53.007,87A7D29C-A9F0-A65E-4DC8-5093C8BC2B33,21,0
1703,2ABB84C6-CA14-9924-F753-3E59116BB1A2,2012-10-04 03:44:23.240,87A7D29C-A9F0-A65E-4DC8-5093C8BC2B33,15,0
1704,2ABBEDEE-0734-B8D5-7D00-EBA971074560,2012-10-04 03:44:50.160,87A7D29C-A9F0-A65E-4DC8-5093C8BC2B33,27,0
1705,2ABC61F3-AE3F-E74B-C7C4-0993EF83DECE,2012-10-04 03:45:19.860,87A7D29C-A9F0-A65E-4DC8-5093C8BC2B33,18,0
1706,2ABCE2FA-B3D0-8284-83E1-8AD7E6341738,2012-10-04 03:45:52.890,87A7D29C-A9F0-A65E-4DC8-5093C8BC2B33,24,0
1707,2ABD681B-A022-A75E-F13A-953A6B965834,2012-10-04 03:46:26.973,87A7D29C-A9F0-A65E-4DC8-5093C8BC2B33,22,0
1708,2ABE630A-B929-6566-9D3E-918F7195D9FC,2012-10-04 03:47:31.213,87A7D29C-A9F0-A65E-4DC8-5093C8BC2B33,19,0
1709,2ABEE2C3-C242-F07E-F20F-61271872D3B9,2012-10-04 03:48:03.910,87A7D29C-A9F0-A65E-4DC8-5093C8BC2B33,17,0
1710,2ABF5534-AE1E-2D1A-EA5D-3BD4C20CF8C9,2012-10-04 03:48:33.207,87A7D29C-A9F0-A65E-4DC8-5093C8BC2B33,32,0
1711,2AC0EE56-E4D5-16A3-DD16-BFCF66FF5E98,2012-10-04 03:50:17.947,87A7D29C-A9F0-A65E-4DC8-5093C8BC2B33,25,0
1712,2B94C028-FC7A-6057-AC89-90F8BA90FA21,2012-10-04 07:41:39.767,7564B501-F780-196B-5673-6EB88DF39A74,26,0
1713,2BE68C26-C14E-6B1A-E547-6C2109A80825,2012-10-04 09:11:00.390,1E27A2CA-0E8E-8A88-3683-95D32F1CF4E5,18,0
1714,2CDAEA0B-EA10-D9AA-31A6-7494D90A3875,2012-10-04 13:37:55.213,CA5ADC07-04F8-B1B3-8767-C82960115C6A,24,0
1715,2CDB694C-C07C-AE14-4923-338103F40DCB,2012-10-04 13:38:27.790,CA5ADC07-04F8-B1B3-8767-C82960115C6A,27,0
1716,2CDBC362-919C-43A3-4F04-551A372F92D6,2012-10-04 13:38:50.853,CA5ADC07-04F8-B1B3-8767-C82960115C6A,28,0
1717,2CDC1E36-EB73-D7E5-4091-1BB33E7FE6CC,2012-10-04 13:39:14.103,CA5ADC07-04F8-B1B3-8767-C82960115C6A,16,0
1718,2CDC7802-DAEE-155A-54A7-30009FE4E221,2012-10-04 13:39:37.093,CA5ADC07-04F8-B1B3-8767-C82960115C6A,14,0
1719,2CDCC527-BBED-EB45-FDDF-D9A845325BB1,2012-10-04 13:39:56.840,CA5ADC07-04F8-B1B3-8767-C82960115C6A,17,0
1720,2CDD084E-AE7C-8478-EB5D-3F06E247C295,2012-10-04 13:40:14.033,CA5ADC07-04F8-B1B3-8767-C82960115C6A,25,0
1721,2CDD667B-E4A3-1FB6-00C2-D3B1A1E70651,2012-10-04 13:40:38.143,CA5ADC07-04F8-B1B3-8767-C82960115C6A,32,0
1722,2CDE0F83-D7BD-8E4D-3D5D-ABF55F6A9E54,2012-10-04 13:41:21.413,CA5ADC07-04F8-B1B3-8767-C82960115C6A,26,0
1723,2CDE55FC-0DA9-BEF4-D3AF-A1DF4DAEE21D,2012-10-04 13:41:39.453,CA5ADC07-04F8-B1B3-8767-C82960115C6A,20,0
1724,2CDEB3DA-F88B-1820-2B49-0D9351003206,2012-10-04 13:42:03.483,CA5ADC07-04F8-B1B3-8767-C82960115C6A,21,0
1725,2CDEFC8E-E3E8-3847-169F-F8F209CC2F0D,2012-10-04 13:42:22.097,CA5ADC07-04F8-B1B3-8767-C82960115C6A,22,0
1726,2CDF41CB-ECD9-A832-9D3C-B86B36F4E9F4,2012-10-04 13:42:39.820,CA5ADC07-04F8-B1B3-8767-C82960115C6A,18,0
1727,2CDF91A9-C0C4-C111-90DF-5719063645CA,2012-10-04 13:43:00.277,CA5ADC07-04F8-B1B3-8767-C82960115C6A,19,0
1728,322E0DF7-D942-0399-EFE7-1F532E541AA1,2012-10-05 14:26:49.977,D6DF7736-90FA-C6A0-0AAD-3490B63943EA,48,0
1729,349FF2CD-B380-32CF-6102-508924D094F7,2012-10-06 01:50:28.560,C87C6AF6-D891-4637-39EF-B144A2D1C5AB,32,0
1730,3CBC59A3-E743-01F4-8633-0DF6B44E08AD,2012-10-07 15:38:27.620,7325BF7E-D40D-516E-3665-6D1E9FC6F042,21,0
1731,3CC0C888-9522-0277-DF01-6CD76D1C75A5,2012-10-07 15:43:18.153,7325BF7E-D40D-516E-3665-6D1E9FC6F042,26,0
1732,4405D1EC-0380-133C-5261-1BEBB02608E4,2012-10-09 01:36:03.067,067A37BD-EF63-96FC-98B4-46002167003F,32,0
1733,4407036F-E7BC-E14E-4315-FADBE52297B5,2012-10-09 01:37:21.263,067A37BD-EF63-96FC-98B4-46002167003F,28,0
1734,440D2FFC-EC32-D0C8-0282-662EE79C7BF2,2012-10-09 01:44:05.887,067A37BD-EF63-96FC-98B4-46002167003F,17,0
1735,440F7918-FB41-3580-CDE1-DF1D050D40F4,2012-10-09 01:46:35.673,067A37BD-EF63-96FC-98B4-46002167003F,15,0
1736,4415AAF0-D330-9B13-8975-E8B2CA1FE1FF,2012-10-09 01:53:21.650,067A37BD-EF63-96FC-98B4-46002167003F,27,0
1737,4588DA23-E96F-B0EC-B2F9-72A35B6F5221,2012-10-09 08:38:47.587,20D07A3B-CD7D-103B-2FF3-A61C9A04F146,32,0
1738,458A3667-B9F8-3DAA-6CCB-C01A859BBB9B,2012-10-09 08:40:16.743,20D07A3B-CD7D-103B-2FF3-A61C9A04F146,17,0
1739,45AC27D8-0208-0AED-BC53-92EE500E31F4,2012-10-09 09:17:21.243,1A38E73D-9185-E439-2A17-3ABD65D80E55,32,0
1740,461A229F-F04F-5BC4-5B44-C0863F721A7F,2012-10-09 11:17:28.867,4606F379-0071-2FA7-774A-23A6CCA13778,20,0
1741,46245B59-E21A-A79D-241E-0BBE73EB5FB9,2012-10-09 11:28:38.747,4606F379-0071-2FA7-774A-23A6CCA13778,32,0
1742,462678E1-F91E-E84F-27BD-D98D88A99D81,2012-10-09 11:30:57.377,4606F379-0071-2FA7-774A-23A6CCA13778,28,0
1743,4628CF75-FE75-78E2-F065-68BAA58AB9DF,2012-10-09 11:33:30.617,4606F379-0071-2FA7-774A-23A6CCA13778,16,0
1744,4629FC34-B7B6-5A5F-5B0F-87B7FD1E72DB,2012-10-09 11:34:47.607,4606F379-0071-2FA7-774A-23A6CCA13778,14,0
1745,462B7BCE-CCF0-620E-0678-2F7DB8E8C426,2012-10-09 11:36:25.807,4606F379-0071-2FA7-774A-23A6CCA13778,18,0
1746,4682A9C6-B796-0846-ACD8-09A50E2FF00D,2012-10-09 13:11:39.207,9E1A749F-B68E-E78F-DB7B-094E0B4AB40E,27,0
1747,479848BA-C538-E598-C706-57855841317C,2012-10-09 18:14:53.373,AB65E551-ED5E-1686-E30C-A501B6EBC4E5,27,0
1748,48097A55-0437-5C96-2C4E-C9E2E6B8AABB,2012-10-09 20:18:31.640,5498E1E7-B917-4D64-5452-21FE13610402,21,0
1749,4853CB02-9B6B-47A8-70BA-F69BCFB72AAF,2012-10-09 21:39:41.957,8EDA84F6-BB18-575B-4116-2D41CB0FB4F0,14,0
1750,4EF3FB1F-0BDD-8868-2CC3-6C3CA670EFA4,2012-10-11 04:32:25.287,9D37D419-E3CE-BE6B-7DD7-4EF3FA8DB76D,48,0
1751,51300EB9-CC4C-3BF2-E346-E2C73DBA2BD6,2012-10-11 14:57:14.940,ADC06EC8-DB96-A14A-34BA-DC613A27802D,22,0
1752,52E182CC-9A3C-DEC7-C31D-42E091374F07,2012-10-11 22:50:41.743,997863D2-0633-E4BA-0AC6-5729F78EAAF5,22,0
1753,569542A2-E9C3-6272-70A5-8815C9519CDD,2012-10-12 16:05:53.447,53181B04-EDA6-14D1-0B32-0068F276F8AB,23,0
1754,56B690E3-AF6B-F4D1-5462-2B919EE8486E,2012-10-12 16:42:16.167,5619EAB3-CD36-F656-B23A-1F55243290D3,24,0
1755,56B99834-FEB5-6FE7-E293-E389F50154E0,2012-10-12 16:45:34.647,5619EAB3-CD36-F656-B23A-1F55243290D3,26,0
1756,56BDA6EB-E777-3060-696A-E191B85AD0DC,2012-10-12 16:50:00.557,5619EAB3-CD36-F656-B23A-1F55243290D3,25,0
1757,56BE7302-AF05-42A1-CA49-C642E9BB72EF,2012-10-12 16:50:52.803,5619EAB3-CD36-F656-B23A-1F55243290D3,23,0
1758,56CD4FEB-A465-C33B-DDB0-5E6A89E89A89,2012-10-12 17:07:06.860,5619EAB3-CD36-F656-B23A-1F55243290D3,18,0
1759,56CE2858-0FCF-70DA-2726-4A65AAD35EE8,2012-10-12 17:08:02.267,5619EAB3-CD36-F656-B23A-1F55243290D3,14,0
1760,56CEEF98-AEC5-26F5-BFD2-577833B2DB9C,2012-10-12 17:08:53.277,5619EAB3-CD36-F656-B23A-1F55243290D3,15,0
1761,56FA7172-DC66-69E1-CD6C-95BFCCFAC162,2012-10-12 17:56:24.580,8EE4EF4C-0E94-6CB4-E3E0-94C1479FF520,22,0
1762,589FCAE0-00D3-9C62-C59A-B78545A52765,2012-10-13 01:36:38.117,9F7DAB6C-B895-BC9D-51E1-76FFAB59BE4B,22,0
1763,58A63545-9B21-92C0-E3F0-01092D866B95,2012-10-13 01:43:38.567,9F7DAB6C-B895-BC9D-51E1-76FFAB59BE4B,28,0
1764,6405AB04-9770-37BE-2C16-0DE029B5E320,2012-10-15 06:43:46.647,63EECD49-DA71-90DC-2B11-139254D7974E,20,0
1765,65A51412-F654-98BB-33D9-843699D428C7,2012-10-15 14:17:28.340,1E27A2CA-0E8E-8A88-3683-95D32F1CF4E5,17,0
1766,65BD912D-C746-370D-9B36-D0C8672920E8,2012-10-15 14:44:13.233,5D8652B8-0555-9A19-73C0-36B270B75B59,20,0
1767,6634B4BA-9C2D-DD44-22B1-165374D2F32F,2012-10-15 16:54:21.117,0924B677-E2A2-6D9A-491A-57B5F8A6C0EF,32,0
1768,67AB3521-C305-BF61-C8A2-A9B632F78419,2012-10-15 23:43:25.070,83839E60-B2A6-54B8-D39A-1BCA584F02D6,29,0
1769,6A59CACE-A6A1-B30B-2D66-F31AB652A311,2012-10-16 12:13:20.560,47A84931-0A9B-5DB0-D960-7CA8700A7277,14,0
1770,6A5AB3FE-B3CD-879B-2B6D-4BAD157A47AE,2012-10-16 12:14:20.160,47A84931-0A9B-5DB0-D960-7CA8700A7277,19,0
1771,6A60EA77-F1EC-DD9F-0706-DAE9E10923C8,2012-10-16 12:21:08.410,83839E60-B2A6-54B8-D39A-1BCA584F02D6,43,0
1772,6B00FCCC-C1A4-8D7C-9C8E-4E51FD154AE8,2012-10-16 15:15:57.777,2DF0BA91-CD8F-285B-24A1-975AB8F83FE2,21,0
1773,6BA514C9-D8B8-496F-4AC7-0D7A6FB91B61,2012-10-16 18:15:11.933,6B9F9DE1-98C7-F4E1-ED21-BA7B8B78745D,43,0
1774,6CCF53AF-FC52-98ED-43BA-4AAEFB1A807C,2012-10-16 23:40:57.650,32514AAA-B205-ACAC-5149-03D30AAB22EF,28,0
1775,6EEDA432-AC38-DA35-4706-6D5443ECC3E4,2012-10-17 09:33:19.657,6B9F9DE1-98C7-F4E1-ED21-BA7B8B78745D,25,0
1778,75EC3A89-0F9E-8DC1-6CCB-1879CFCB815D,2012-10-18 18:09:06.700,E1E5118C-9550-7AA6-E81B-B86F277D0FA4,23,0
1779,75ED8985-F1D7-8C47-117B-4F7E2256E940,2012-10-18 18:10:32.453,E1E5118C-9550-7AA6-E81B-B86F277D0FA4,21,0
1780,75EE2D93-91A6-330B-8B20-0693D85142E0,2012-10-18 18:11:14.453,E1E5118C-9550-7AA6-E81B-B86F277D0FA4,26,0
1781,7C73A5EB-90F4-EF44-C45A-B16CB695ACAD,2012-10-20 00:34:44.847,9F7DAB6C-B895-BC9D-51E1-76FFAB59BE4B,21,0
1782,7C744D43-D95E-12A7-FF8B-46115B192FCB,2012-10-20 00:35:27.683,9F7DAB6C-B895-BC9D-51E1-76FFAB59BE4B,26,0
1783,7D48E976-0A7D-117A-35CC-A496C9DBF682,2012-10-20 04:27:41.303,7CF86122-B5CA-DCA4-EE83-12FF3D0CDC37,28,0
1784,7D4BFBC7-D32A-170D-5524-D99566DB7709,2012-10-20 04:31:02.603,7CF86122-B5CA-DCA4-EE83-12FF3D0CDC37,16,0
1785,7D4CC14C-93DC-D69C-038B-70B93220D8E2,2012-10-20 04:31:53.167,7CF86122-B5CA-DCA4-EE83-12FF3D0CDC37,25,0
1786,7D4D0F31-9A3B-83F1-DDC0-FE559E114246,2012-10-20 04:32:13.107,7CF86122-B5CA-DCA4-EE83-12FF3D0CDC37,23,0
1787,7EC8384A-9F5B-2910-94DC-2B0AEA64AFA8,2012-10-20 11:26:21.773,7CF86122-B5CA-DCA4-EE83-12FF3D0CDC37,19,0
1788,7EC9EFE7-B43F-CCA7-ABE0-44B0DA61610B,2012-10-20 11:28:14.313,7CF86122-B5CA-DCA4-EE83-12FF3D0CDC37,21,0
1789,833B3593-C183-3273-1FDC-E64B27B12EDB,2012-10-21 08:10:26.583,7468745F-DC0E-810F-852C-EC12B5C7E4FE,21,0
1790,833B73A1-B675-3044-FB2B-95A87D29AB00,2012-10-21 08:10:42.467,3CCCF2F2-FBE4-E1BA-0E92-4ED01B67828D,32,0
1791,834953FC-D379-1FF2-7F87-9C396C609A74,2012-10-21 08:25:51.870,7468745F-DC0E-810F-852C-EC12B5C7E4FE,28,0
1792,834C2CE6-DB19-EE93-5E91-C26E6C5C6005,2012-10-21 08:28:58.473,7468745F-DC0E-810F-852C-EC12B5C7E4FE,22,0
1793,834D9217-C2E1-FD3E-5C7E-03B0B5591FD8,2012-10-21 08:30:29.923,7468745F-DC0E-810F-852C-EC12B5C7E4FE,15,0
1794,834E1C7D-AEF5-29DA-7238-49216700CA15,2012-10-21 08:31:05.343,7468745F-DC0E-810F-852C-EC12B5C7E4FE,27,0
1795,83508F64-A32B-DEA6-7756-8B1A447F77FB,2012-10-21 08:33:45.830,7468745F-DC0E-810F-852C-EC12B5C7E4FE,32,0
1796,869DF173-DDAD-C2A1-7D8D-4C371D2053F5,2012-10-21 23:57:08.867,271BBF58-F189-818E-8546-AD64CD1F9702,23,0
1797,8B7CE946-FE27-CE00-E6A7-48F2E8193D42,2012-10-22 22:39:10.153,B13EC734-C4E0-A3EA-2F8B-49F7EB13ECF5,20,0
1798,8DA11E34-C3B6-0347-01E5-87874D008283,2012-10-23 08:37:57.430,20D07A3B-CD7D-103B-2FF3-A61C9A04F146,28,0
1799,8E213AB2-E923-00A0-A669-AF3426176D71,2012-10-23 10:57:53.333,935E59D2-A44F-375E-2B72-BF880A0B8688,20,0
1800,8E262A0A-A2C6-82EB-7042-858134D0AF49,2012-10-23 11:03:16.747,FBD149D0-CF24-3887-D64C-1B200433800B,20,0
1801,8E29D674-C01E-CAA2-5DCF-9F655F75D5AF,2012-10-23 11:07:17.493,FBD149D0-CF24-3887-D64C-1B200433800B,22,0
1802,8E2BF9DA-C5A5-718A-35E1-1A13F0294368,2012-10-23 11:09:37.630,FBD149D0-CF24-3887-D64C-1B200433800B,28,0
1803,8E2EE82C-EDFB-B6B2-7421-21F470AF799A,2012-10-23 11:12:49.710,FBD149D0-CF24-3887-D64C-1B200433800B,21,0
1804,8E3A44CC-ABBE-34CC-C40A-61F04657C842,2012-10-23 11:25:14.317,2B901E8F-EC8C-D677-8293-F40BEACA8427,34,0
1805,8F41027F-B95B-E6B6-963D-4CF331CBEEF7,2012-10-23 16:12:13.313,8EB529BF-FF32-D0FD-72E8-E7E55FF55F6A,15,0
1806,8F41E45F-9D21-2455-53B5-6AC7B039743B,2012-10-23 16:13:11.137,8EB529BF-FF32-D0FD-72E8-E7E55FF55F6A,16,0
1807,8F424471-D09D-D8F9-62D3-E44371EB731E,2012-10-23 16:13:35.730,8EB529BF-FF32-D0FD-72E8-E7E55FF55F6A,17,0
1808,90DF1289-06A9-D44B-C9BC-0E740B84E1C5,2012-10-23 23:44:29.327,AB8F198E-AA57-B9E7-CE98-A669519F47A4,23,0
1809,90E46B27-C166-976D-6188-B2C475FA924F,2012-10-23 23:50:19.690,AB8F198E-AA57-B9E7-CE98-A669519F47A4,27,0
1810,90E47602-B5BA-8BA7-B831-E6F335E60A9D,2012-10-23 23:50:22.477,B61B34F2-F3CB-1B45-F4A8-FE49E3302A6A,25,0
1811,90ED6187-A405-9F26-1043-3E11BDB4D073,2012-10-24 00:00:07.050,B61B34F2-F3CB-1B45-F4A8-FE49E3302A6A,22,0
1812,93D985FF-E9F9-0FB6-0C6E-F3039BA18C79,2012-10-24 13:37:20.750,CEC1AABB-B899-1C1E-2EF1-1A68A2424051,47,1
1813,96236A95-F93E-2D68-ED7D-0A2C00C15344,2012-10-25 00:17:14.390,9DB9D4FE-DAED-E084-3E20-5F930E2C639A,22,0
1814,9624E70C-9CE6-49F3-CADD-0827AF4EA6EE,2012-10-25 00:18:51.790,9DB9D4FE-DAED-E084-3E20-5F930E2C639A,16,0
1815,97A692CB-D0E8-D88B-EA51-6E60515A0F10,2012-10-25 07:20:07.120,66B1F537-F6BD-C5FD-213C-15EF52444F94,20,0
1816,97A7FBE4-ECC4-4C49-A32F-471DE7D7E050,2012-10-25 07:21:39.557,66B1F537-F6BD-C5FD-213C-15EF52444F94,26,0
1817,981882BF-B827-91B0-4EF8-AF134135B7D7,2012-10-25 09:24:34.117,AED1E315-A47B-503C-5645-983BC5F2DEC7,24,0
1818,9D3A2F4E-EC4E-A807-4A51-EA25B88E1B50,2012-10-26 09:19:27.057,B61B34F2-F3CB-1B45-F4A8-FE49E3302A6A,23,0
1819,9D6FB93D-03EA-259D-7923-EAFC9243E64C,2012-10-26 10:17:55.777,BB814997-91AC-2D2A-7185-F13279ED789E,33,0
1820,9D72C637-AF88-1310-F7C3-088FDE34C4B8,2012-10-26 10:21:15.707,BB814997-91AC-2D2A-7185-F13279ED789E,19,0
1821,9D73F8F2-F749-5A13-94E6-08D2929617F6,2012-10-26 10:22:34.227,BB814997-91AC-2D2A-7185-F13279ED789E,15,0
1822,9D74CFF4-F876-F40E-1FD7-068F1E1614EA,2012-10-26 10:23:29.270,BB814997-91AC-2D2A-7185-F13279ED789E,14,0
1823,9D75498B-EC07-0DD0-B471-2F8B5F0CA8CA,2012-10-26 10:24:00.397,BB814997-91AC-2D2A-7185-F13279ED789E,18,0
1824,9D763038-AA90-0185-884B-8C70A70AF6EB,2012-10-26 10:24:59.450,BB814997-91AC-2D2A-7185-F13279ED789E,17,0
1825,9D76C0BA-B71E-DA41-90EB-A8E1F2B0A068,2012-10-26 10:25:36.443,BB814997-91AC-2D2A-7185-F13279ED789E,16,0
1826,9D97E9D5-0F30-BD36-E46F-9442C9B26C62,2012-10-26 11:01:49.670,9D14EB82-E70E-CC3E-93BF-F9346A8681DE,20,0
1827,A7CB44B9-AE2A-737B-C48F-D13106D95DA5,2012-10-28 10:34:07.420,AC7228A9-F514-4254-215A-834E8D4B3BD4,23,0
1828,B4F7E52F-B4AF-CEA8-C387-D2AE2638A3E1,2012-10-30 23:57:55.890,7E7DC308-0E75-07FC-8927-C439C0E2D0FA,25,0
1829,B91AA44E-FAA6-4AAB-FA3D-8CF07F4E3517,2012-10-31 19:14:22.027,75CDB142-F1B2-78B5-FF94-F08556156C35,25,0
1830,BC028CC3-C1A8-9377-F176-7CEBE1CD2947,2012-11-01 08:46:54.667,7468745F-DC0E-810F-852C-EC12B5C7E4FE,23,0
1831,BC02D918-AB57-B2B2-DA79-5A87E3ACFAF6,2012-11-01 08:47:14.203,7468745F-DC0E-810F-852C-EC12B5C7E4FE,25,0
1832,BC03EED7-CE15-B636-3358-C1AB9296F4BF,2012-11-01 08:48:25.307,7468745F-DC0E-810F-852C-EC12B5C7E4FE,24,0
1833,BC9BC504-F0D5-ABF9-EBD1-F9B3EEABA354,2012-11-01 11:34:16.070,47A84931-0A9B-5DB0-D960-7CA8700A7277,28,0
1834,D38C5DF5-0643-83D4-CF96-5DBAFFF18D0B,2012-11-05 21:28:42.617,93CE390B-00B5-8E4D-512D-571E83D2AB48,18,0
1835,DFB28402-0219-ADD3-2AC1-C623E2653D6B,2012-11-08 06:05:49.317,935E59D2-A44F-375E-2B72-BF880A0B8688,22,0
1836,E0721939-EAE8-56D1-8E54-B405E7CEAA99,2012-11-08 09:35:04.893,1F22BE49-FC2B-2EA4-A7C2-8687847A326B,28,0
1837,E31A6DA3-F03E-CD78-9C3D-2E0BF049A128,2012-11-08 22:04:21.313,E1D96578-ABD8-F13B-A10B-8BA0E8848C97,37,0
1838,E31A6DA3-F03E-CD78-9C3D-2E0BF049A128,2012-11-09 09:12:11.290,6B9F9DE1-98C7-F4E1-ED21-BA7B8B78745D,37,0
1839,E6F5ADC3-C0D4-B1CC-3A46-A5A2A5FAF0DB,2012-11-09 15:56:31.430,9CF2E353-E5B8-7A2D-3DB2-5785D0B47CE0,23,0
1840,E71A796E-D466-3E3B-89BE-66F06985DB34,2012-11-09 16:42:22.283,E1D96578-ABD8-F13B-A10B-8BA0E8848C97,23,0
1841,EADE69B7-EFF8-0389-F953-3692B0C0249C,2012-11-10 10:09:35.547,908C9E32-F88F-E2A5-A963-608C9067BE28,26,0
1842,EAE47493-CD31-ACF6-45A8-A6F0C34893F2,2012-11-10 10:16:13.563,EAD465B0-9140-EBA3-F34B-826FF47331EE,45,0
1843,EAF7D8EE-F1A2-B7ED-0525-10E1FFCD6417,2012-11-10 10:37:22.440,454793D0-D3C7-E03E-EB2F-A2C91F821C98,25,0
1844,ED32B7EA-CE90-D5DB-34FC-199B291C9F58,2012-11-10 21:00:55.020,9CF2E353-E5B8-7A2D-3DB2-5785D0B47CE0,19,0
1845,F718FAD7-B28F-84EC-48BB-4CFE0AB1717B,2012-11-12 19:09:00.400,454793D0-D3C7-E03E-EB2F-A2C91F821C98,20,0
1846,F81AF123-00CF-FD52-A0E3-291EB47B00FB,2012-11-13 00:17:26.797,E1D96578-ABD8-F13B-A10B-8BA0E8848C97,25,0
1847,F8522B77-98C4-2932-8566-14EFF9FBA46D,2012-11-13 00:51:06.937,E1D96578-ABD8-F13B-A10B-8BA0E8848C97,26,0
1848,F9FBCF02-D998-62F5-E178-9C2C1F2054D7,2012-11-13 08:36:00.260,20D59407-DEC7-E8C3-EE0D-D50B542F3FD0,20,0
1849,FA09D001-AC75-DDA5-8FA4-737C32755297,2012-11-13 08:51:18.020,90874042-A656-3075-51C8-D9B81910631D,18,0
1850,FA364A42-AF76-413C-85C3-AEE52123186B,2012-11-13 09:39:52.900,BA98CE53-0151-4C93-A4BF-048DA6CB8E4B,32,0
1851,FA74C6F1-D15E-40E3-2407-6D630A6042E4,2012-11-13 10:48:08.053,3358C3FE-B166-31F6-24CD-D8133E7318B2,21,0
1852,FA7C5EDC-FEFE-CB0B-F65E-04D62AA22734,2012-11-13 10:56:25.693,3358C3FE-B166-31F6-24CD-D8133E7318B2,23,0
1853,FA7DCA4B-D977-7CD2-B842-26AED27549C3,2012-11-13 10:57:58.733,3358C3FE-B166-31F6-24CD-D8133E7318B2,26,0
1854,FA7EEF12-F505-07E7-B43B-40AB557CC719,2012-11-13 10:59:13.687,3358C3FE-B166-31F6-24CD-D8133E7318B2,18,0
1855,FA97CBA6-BDBC-55A6-7F9F-C62ACEFC9EEC,2012-11-13 11:26:23.017,3358C3FE-B166-31F6-24CD-D8133E7318B2,22,0
1856,FA9BA957-E688-9FD7-733C-19E52F1DB270,2012-11-13 11:30:36.377,3358C3FE-B166-31F6-24CD-D8133E7318B2,19,0
1857,FA9C880E-C5C9-E9ED-4A14-4DFABDF99DC6,2012-11-13 11:31:33.393,3358C3FE-B166-31F6-24CD-D8133E7318B2,14,0
1858,FAA2D685-E0C8-DE27-7C8E-00713383E943,2012-11-13 11:38:26.693,3358C3FE-B166-31F6-24CD-D8133E7318B2,32,0
1859,FAA39F5E-97F5-5BFA-5CA2-BE8B4DE19EA2,2012-11-13 11:39:18.113,3358C3FE-B166-31F6-24CD-D8133E7318B2,17,0
1860,FAA3F331-DE90-5DFC-C255-BF500A6CED82,2012-11-13 11:39:39.587,3358C3FE-B166-31F6-24CD-D8133E7318B2,25,0
1861,FAA42F77-0643-A916-0A74-90BF34DB8286,2012-11-13 11:39:55.003,3358C3FE-B166-31F6-24CD-D8133E7318B2,27,0
1862,FAA4A4BF-E97D-6084-9615-FDD05230B9D7,2012-11-13 11:40:25.027,3358C3FE-B166-31F6-24CD-D8133E7318B2,28,0
1863,FAA5AE58-D7B0-C337-0CC5-C4DD82DDD5EB,2012-11-13 11:41:33.017,3358C3FE-B166-31F6-24CD-D8133E7318B2,16,0
1864,FCBD9358-95DB-D766-317C-95F3448900FE,2012-11-13 21:26:53.403,0924B677-E2A2-6D9A-491A-57B5F8A6C0EF,17,0
1865,FCBE0F50-EAA4-6A14-765D-0AF4034BD046,2012-11-13 21:27:25.173,0924B677-E2A2-6D9A-491A-57B5F8A6C0EF,15,0
1866,07324731-BB68-9F7D-9C8E-1873B5EBAE2B,2012-11-15 22:10:33.807,63EDE548-94BD-5B32-6B5B-A26ED12F5EB2,36,0
1867,0A089EB1-E67D-B640-EB0B-E1D0929FA51F,2012-11-16 11:23:55.370,999C5392-F6F2-1080-0289-8709BA7A6C6C,32,0
1868,0A22B545-0ECB-CF81-BF66-BE2DF55775AA,2012-11-16 11:52:25.033,2688BE11-FA99-29CF-AA0D-74362917DB1C,20,0
1869,10FAEA60-C8E7-2A46-FA0B-02C1210FD05D,2012-11-17 19:46:17.697,E1A035D0-CC17-912A-F206-407928AC91DB,33,0
1870,16BE36BE-BFF3-62BA-F8C6-DEF888815230,2012-11-18 22:37:42.883,3E5E79F2-DC8A-77E0-DCD7-B0B3F90A42D7,22,0
1871,1DF04AB3-D1EA-D8BF-5262-B9B7A70075B6,2012-11-20 08:09:45.267,A631AC21-F97D-FBDC-73CE-E1D281CFFCD7,23,0
1872,1E4D4CC0-C9FE-A4CA-BD53-D50C446C0838,2012-11-20 09:51:20.643,8F284E49-A876-0EE7-A4A1-2A6868505B85,39,0
1873,275077E7-C772-CDB4-EBB1-9CAB9F7F4267,2012-11-22 03:51:26.157,27F80DCC-FC19-1AFD-326E-01436FB7A7A0,48,0
1874,2873D94F-9C34-3795-B828-F944D9286F4E,2012-11-22 09:09:39.153,3CCCF2F2-FBE4-E1BA-0E92-4ED01B67828D,20,0
1875,28AB2A40-01F8-57DF-7DE6-E2B434391F15,2012-11-22 10:10:04.357,3CCCF2F2-FBE4-E1BA-0E92-4ED01B67828D,19,0
1876,29BD04F4-AD66-03B4-D88F-828B888B0A00,2012-11-22 15:09:11.670,56B0C71B-A7C1-A1BB-601B-9E9B5AC606BE,20,0
1877,29BD4E66-C8EA-8614-6458-9E6822342201,2012-11-22 15:09:30.470,9133C45D-C173-5B3E-C570-B874CAF6E1A4,25,0
1878,29BD5D57-ADA1-8B78-2CD8-7298BFF467AD,2012-11-22 15:09:34.297,9133C45D-C173-5B3E-C570-B874CAF6E1A4,27,0
1879,29BE6EE3-AF74-DCC4-52A6-7C8BEBDC8402,2012-11-22 15:10:44.327,56B0C71B-A7C1-A1BB-601B-9E9B5AC606BE,21,0
1880,2A5FCD54-FB46-4AD4-D55E-1AFE105BD777,2012-11-22 18:06:59.797,56B0C71B-A7C1-A1BB-601B-9E9B5AC606BE,19,0
1881,2A605287-A01C-8717-E50F-DB62D636B36F,2012-11-22 18:07:33.897,56B0C71B-A7C1-A1BB-601B-9E9B5AC606BE,14,0
1882,2A61163C-A73D-C648-591B-54F9635DB205,2012-11-22 18:08:24.000,56B0C71B-A7C1-A1BB-601B-9E9B5AC606BE,32,0
1883,2A61693B-C44B-7755-DC0B-8F0E7D032D93,2012-11-22 18:08:45.247,56B0C71B-A7C1-A1BB-601B-9E9B5AC606BE,28,0
1884,2A6308AC-E2D8-63CC-8606-53577E6FDD4B,2012-11-22 18:10:31.620,56B0C71B-A7C1-A1BB-601B-9E9B5AC606BE,22,0
1885,2A63C62E-E7D6-A41C-9859-79BBC2B849CB,2012-11-22 18:11:20.113,56B0C71B-A7C1-A1BB-601B-9E9B5AC606BE,27,0
1886,2EEB7D3D-08CF-3F6D-75BA-9D4AC03EC1AF,2012-11-23 15:18:03.200,3E5E79F2-DC8A-77E0-DCD7-B0B3F90A42D7,21,0
1887,34902264-CBC2-E5EF-96A7-B98A59E07F8F,2012-11-24 17:35:59.463,7631EBE9-FF79-84B6-BD3C-9932CE7484AC,20,0
1888,35D415E1-E984-B2CC-505D-E0124573D487,2012-11-24 23:29:49.943,0AE44D89-9FB7-8B1C-CFB9-9080DED54132,20,0
1889,36283289-C594-1FCD-74F2-59AAAB25B2AA,2012-11-25 01:01:42.287,0AE44D89-9FB7-8B1C-CFB9-9080DED54132,22,0
1890,381EC15C-B7D5-19B3-CDDC-B5F7BF98AEFD,2012-11-25 10:10:37.920,1085EA94-0C4C-F0C6-FBBE-01AC2F4C1232,26,0
1891,382AA8CC-DACF-F25C-22EF-8D68CF4D61C8,2012-11-25 10:23:38.063,1085EA94-0C4C-F0C6-FBBE-01AC2F4C1232,21,0
1892,382D0A9A-095C-A64D-DAFE-2C6B29B11DF6,2012-11-25 10:26:14.173,1085EA94-0C4C-F0C6-FBBE-01AC2F4C1232,23,0
1893,3830067E-A069-156F-F301-38AC9291256F,2012-11-25 10:29:29.727,1085EA94-0C4C-F0C6-FBBE-01AC2F4C1232,27,0
1894,3831737B-FC5B-6CF6-028A-4CBF869E5806,2012-11-25 10:31:03.167,1085EA94-0C4C-F0C6-FBBE-01AC2F4C1232,22,0
1895,3834AACB-0F7B-CC79-31CA-18982CA79B2F,2012-11-25 10:34:33.933,1085EA94-0C4C-F0C6-FBBE-01AC2F4C1232,24,0
1896,38353F2F-0044-21F5-D6B0-CEDF7863FBBE,2012-11-25 10:35:11.920,1085EA94-0C4C-F0C6-FBBE-01AC2F4C1232,25,0
1897,3837F0EA-CCEA-44C9-CF1B-6BA0507B0E9B,2012-11-25 10:38:08.493,1085EA94-0C4C-F0C6-FBBE-01AC2F4C1232,32,0
1898,386A0B62-F2F8-0A21-22F0-79F1A0017F02,2012-11-25 11:32:52.067,8ED086F8-D6FB-3AD3-5CE3-CABDD03B5D24,32,0
1899,41CFCBF0-D072-625A-9520-29F57C67C9E8,2012-11-27 07:20:35.447,8ED20800-CB0B-E7FF-254A-DDCCCDFDDDE1,20,0
1900,41D06679-E085-AAE2-1B25-D952F01DEA71,2012-11-27 07:21:15.003,8ED20800-CB0B-E7FF-254A-DDCCCDFDDDE1,21,0
1901,41D0D7A8-F532-6A74-7D78-575D8C5BE78A,2012-11-27 07:21:43.980,8ED20800-CB0B-E7FF-254A-DDCCCDFDDDE1,22,0
1902,41D19E7C-F3AB-F18F-6078-887245622237,2012-11-27 07:22:34.877,8ED20800-CB0B-E7FF-254A-DDCCCDFDDDE1,25,0
1903,41D234D9-DEF9-66F0-BE64-A0C1FC1ACB4B,2012-11-27 07:23:13.370,8ED20800-CB0B-E7FF-254A-DDCCCDFDDDE1,28,0
1904,41DB56EC-A176-BE1E-E9AB-17B9715A1933,2012-11-27 07:33:11.920,8ED20800-CB0B-E7FF-254A-DDCCCDFDDDE1,35,0
1905,41DFBC7D-B065-9D67-DC64-9B92FAD62F6B,2012-11-27 07:38:00.063,8ED20800-CB0B-E7FF-254A-DDCCCDFDDDE1,34,0
1906,4216A99E-DE77-7FA2-14A7-91F604E66063,2012-11-27 08:37:59.713,44E6E800-E9D2-572F-AEB6-981429D6775B,32,0
1907,4592FEF1-B11D-7BA7-4268-3ED33B0623C1,2012-11-28 00:52:39.667,B13EC734-C4E0-A3EA-2F8B-49F7EB13ECF5,22,0
1908,48890553-C25A-4D02-D686-FDDEF6B7240F,2012-11-28 14:40:37.590,8D31DA0A-E52A-6CB3-360B-F6B53E7DCA44,21,0
1909,488C3A85-03AC-05BE-60B3-6A19A5AA1A3F,2012-11-28 14:44:07.837,8D31DA0A-E52A-6CB3-360B-F6B53E7DCA44,14,0
1910,488E227A-F204-AD1B-7FD0-0288E3EF04DC,2012-11-28 14:46:12.773,8D31DA0A-E52A-6CB3-360B-F6B53E7DCA44,23,0
1911,488FD0CC-A319-DC42-4CA7-9F9B5C4DBFC1,2012-11-28 14:48:02.893,8D31DA0A-E52A-6CB3-360B-F6B53E7DCA44,19,0
1912,4A4FD51E-9C8B-306A-BE18-9C66D90C6DA9,2012-11-28 22:57:24.127,5498E1E7-B917-4D64-5452-21FE13610402,23,0
1913,54FF54F6-B1E8-EDA2-B260-E91F08997612,2012-12-01 00:45:17.820,6F2DC764-A375-33E1-2F6F-28D1023C30E6,16,0
1914,551B4400-0376-88D6-5557-8A47FAE0D6D5,2012-12-01 01:15:48.510,6F2DC764-A375-33E1-2F6F-28D1023C30E6,32,0
1915,569FC56C-F55E-142F-2BE4-98A21EA7F718,2012-12-01 08:20:09.580,3148C817-9BE9-4316-3B1F-4B7856B2F1EE,27,0
1916,574763C4-B3E1-432D-D7B6-9489BD507154,2012-12-01 11:23:14.630,B9B16709-B32D-D8DD-3084-059C3C14BC8C,32,0
1917,58F585D0-C6CC-B83F-667C-830489D31542,2012-12-01 19:13:03.917,7631EBE9-FF79-84B6-BD3C-9932CE7484AC,14,0
1918,58F7478A-AF69-8C06-9944-EBF0B4E6A78F,2012-12-01 19:14:58.957,7631EBE9-FF79-84B6-BD3C-9932CE7484AC,26,0
1919,5DFCAFBD-D5D7-046F-81FB-47E14F7AA4EE,2012-12-02 18:38:59.393,18D5621A-F632-45EA-40E0-AC19E5D94761,27,0
1920,5DFE8EBF-ABD9-98EF-5AAC-BD1EF4668C39,2012-12-02 18:41:02.017,18D5621A-F632-45EA-40E0-AC19E5D94761,25,0
1921,5DFFDB15-9A34-B8A3-557F-754457C581C7,2012-12-02 18:42:27.093,18D5621A-F632-45EA-40E0-AC19E5D94761,22,0
1922,5E01022A-A3F6-1D0E-5AB1-A945BFE1F691,2012-12-02 18:43:42.687,18D5621A-F632-45EA-40E0-AC19E5D94761,18,0
1923,665DECF2-A09C-0108-B76F-EE4756DECC43,2012-12-04 09:42:09.783,AEBCEF05-D401-9916-A8F1-817E5EDB6B18,20,0
1924,6667D060-C7AA-0F1D-8036-68EF645CE28F,2012-12-04 09:52:57.827,AEBCEF05-D401-9916-A8F1-817E5EDB6B18,26,0
1925,6669EEC1-E29D-8D7A-E7F0-7AA69145AA9E,2012-12-04 09:55:16.677,AEBCEF05-D401-9916-A8F1-817E5EDB6B18,23,0
1926,666B0A93-E3EB-8467-FDBB-37FF78A322EF,2012-12-04 09:56:29.333,AEBCEF05-D401-9916-A8F1-817E5EDB6B18,24,0
1927,666BBB7A-E9EF-3020-CE7B-F725E702E84A,2012-12-04 09:57:14.620,AEBCEF05-D401-9916-A8F1-817E5EDB6B18,32,0
1928,68BDC196-FE1D-3DDD-C4EC-26218CB2A92B,2012-12-04 20:46:04.570,AEBCEF05-D401-9916-A8F1-817E5EDB6B18,28,0
1929,68C49447-C50B-D306-5B60-81EEF318D772,2012-12-04 20:53:31.807,AEBCEF05-D401-9916-A8F1-817E5EDB6B18,22,0
1930,68C63567-E7B1-9BB3-BAA8-1EE7CA899008,2012-12-04 20:55:18.507,AEBCEF05-D401-9916-A8F1-817E5EDB6B18,27,0
1931,68C8A1EC-B854-66A8-EF5B-9C9F85C6FE90,2012-12-04 20:57:57.377,AEBCEF05-D401-9916-A8F1-817E5EDB6B18,25,0
1932,68CCE83A-CCE6-7FBB-B76F-0C2E4D7E25F3,2012-12-04 21:02:37.507,AEBCEF05-D401-9916-A8F1-817E5EDB6B18,21,0
1933,6CB7DEF4-BD60-246D-96C5-F0F3C2DD1F5F,2012-12-05 15:18:07.737,F7813D7A-A715-DB7B-5E01-782FF5EC0FED,27,0
1934,6CC21180-EB9A-D196-2632-BEEDC493CFFF,2012-12-05 15:29:16.033,F7813D7A-A715-DB7B-5E01-782FF5EC0FED,22,0
1935,6CC268A2-B692-B920-5DB1-E1C6D336B78A,2012-12-05 15:29:38.340,F7813D7A-A715-DB7B-5E01-782FF5EC0FED,24,0
1936,6CC33CBB-F5A7-B26D-8F0E-211210DB2F38,2012-12-05 15:30:32.637,F7813D7A-A715-DB7B-5E01-782FF5EC0FED,19,0
1937,6CC40A0C-FAE1-7C52-BB8E-12B092B01BBB,2012-12-05 15:31:25.200,F7813D7A-A715-DB7B-5E01-782FF5EC0FED,15,0
1938,6CC4BF17-B99C-1E1D-3826-D182A59EE130,2012-12-05 15:32:11.547,F7813D7A-A715-DB7B-5E01-782FF5EC0FED,23,0
1939,6CC56A7F-9F7A-211B-DAC7-32C1918DF49B,2012-12-05 15:32:55.427,F7813D7A-A715-DB7B-5E01-782FF5EC0FED,18,0
1940,6CC5FFAA-EB2F-1B34-0C76-D0AC458D0780,2012-12-05 15:33:33.613,F7813D7A-A715-DB7B-5E01-782FF5EC0FED,25,0
1941,6CC6DF9A-F3BC-753F-4493-2FAA502AAE2D,2012-12-05 15:34:30.940,F7813D7A-A715-DB7B-5E01-782FF5EC0FED,14,0
1942,6CCA8247-AFB9-CB96-2BC1-9DEFD235E5D7,2012-12-05 15:38:29.193,F7813D7A-A715-DB7B-5E01-782FF5EC0FED,32,0
1943,6CCD4B99-91A1-BB20-4D79-21C13A5F9619,2012-12-05 15:41:31.807,F7813D7A-A715-DB7B-5E01-782FF5EC0FED,26,0
1944,6CCEDC7B-AAAF-E543-2ECA-5074908859B6,2012-12-05 15:43:14.430,F7813D7A-A715-DB7B-5E01-782FF5EC0FED,21,0
1945,6CD038B8-0DDF-6C84-3BD5-E1D45000E7D3,2012-12-05 15:44:43.577,F7813D7A-A715-DB7B-5E01-782FF5EC0FED,17,0
1946,6CD2F600-9D86-736F-F1BC-CDF9EE51F1DD,2012-12-05 15:47:43.107,F7813D7A-A715-DB7B-5E01-782FF5EC0FED,20,0
1947,6CD59551-0EEC-5B7B-F3D2-F46EADE7F75F,2012-12-05 15:50:34.963,F7813D7A-A715-DB7B-5E01-782FF5EC0FED,16,0
1948,70C3B271-C816-FB71-5C69-577706347C18,2012-12-06 10:09:31.637,05A8BF7A-F1AE-5941-604E-E92D76B35D79,15,0
1949,70C4A84B-F695-FA72-7107-5B4D4064E711,2012-12-06 10:10:34.573,05A8BF7A-F1AE-5941-604E-E92D76B35D79,18,0
1950,70D6D6F6-0997-A53E-E208-D3D97B939F63,2012-12-06 10:30:26.167,47778DB8-B8C8-7FE9-D03D-59636F31D724,48,0
1951,7269205A-F2B9-7BE3-D65B-5AF1026954FC,2012-12-06 17:49:50.433,32514AAA-B205-ACAC-5149-03D30AAB22EF,18,0
1952,726BDA5D-9E6D-7DE7-338E-DD1E829CED5B,2012-12-06 17:52:49.120,32514AAA-B205-ACAC-5149-03D30AAB22EF,19,0
1953,726DAD1B-C9E1-8F30-4113-3CFA38F0AFF9,2012-12-06 17:54:48.607,32514AAA-B205-ACAC-5149-03D30AAB22EF,17,0
1954,7271E51A-F6D4-9A61-CBAC-1BDB3DE9704B,2012-12-06 17:59:25.087,32514AAA-B205-ACAC-5149-03D30AAB22EF,26,0
1955,78F1C02C-A326-8E8E-C3A7-73CF6A83C93A,2012-12-08 00:16:47.620,6F9F6371-B0A0-3BC6-CE90-8203D4B23742,32,0
1956,78F8E0FB-BEC4-28C1-2928-8B899F7EB767,2012-12-08 00:24:34.723,6F9F6371-B0A0-3BC6-CE90-8203D4B23742,16,0
1957,7AE6B5B0-9952-4D08-49B9-5C9091EE5121,2012-12-08 09:24:00.923,7C72FDB4-C793-B996-0FB3-093329B2FC34,41,0
1958,7CA516FA-0D9C-BCC9-B4CD-9FFA719F4765,2012-12-08 17:31:32.387,8EE4EF4C-0E94-6CB4-E3E0-94C1479FF520,27,0
1959,7DE297AE-AE2F-A2D0-DC83-980574EDBC94,2012-12-08 23:18:20.247,7325BF7E-D40D-516E-3665-6D1E9FC6F042,18,0
1960,7DE394AB-0633-A400-A3EC-D61A349554F8,2012-12-08 23:19:25.163,7325BF7E-D40D-516E-3665-6D1E9FC6F042,28,0
1961,83601015-FC00-E2B2-7910-A489C9412AAC,2012-12-10 00:53:29.113,D0203E4C-A874-1941-2118-292EAC0BAAD7,28,0
1962,83620FD8-D646-25FA-F69F-810FE9E6091E,2012-12-10 00:55:40.127,D0203E4C-A874-1941-2118-292EAC0BAAD7,21,0
1963,873E8A2E-997B-21BB-4AF4-762171BD2D89,2012-12-10 18:55:21.010,D0203E4C-A874-1941-2118-292EAC0BAAD7,19,0
1964,8A7B08DF-F9FC-FEBF-3712-EB2420157A3C,2012-12-11 10:00:17.250,D1B823F3-F708-0CAF-D65F-B34DD8820D59,24,0
1965,8A7C1853-D1A1-A937-BB4C-526FFB19F9EA,2012-12-11 10:01:26.740,D1B823F3-F708-0CAF-D65F-B34DD8820D59,19,0
1966,8B7452F0-9E9B-ABD7-DD9C-FFE1C801A2D1,2012-12-11 14:32:34.677,F149E235-F9F9-8A55-75B2-A2E18B17AD5F,16,0
1967,93D3D671-FA79-7E4E-857C-B44685DACF90,2012-12-13 05:33:51.993,27F80DCC-FC19-1AFD-326E-01436FB7A7A0,20,0
1968,94521E60-9807-29FC-0505-6535E2A0B914,2012-12-13 07:51:47.940,8EFE23B3-033E-B0D7-DDE2-59D67A9E58D5,14,0
1969,95321484-94BC-9F23-0C59-B344FB32C8F1,2012-12-13 11:56:25.480,8FF16E4C-AA15-9440-1561-4912B13BD5A6,14,0
1970,95476DC6-91FB-5324-4569-8064FDC19E2D,2012-12-13 12:19:44.583,D0203E4C-A874-1941-2118-292EAC0BAAD7,22,0
1971,9548829F-9780-52BA-6E68-E5E9AF41A20C,2012-12-13 12:20:55.457,D0203E4C-A874-1941-2118-292EAC0BAAD7,26,0
1972,95506B42-C52B-C123-8AD7-D9E8C568D1CA,2012-12-13 12:29:33.787,D0203E4C-A874-1941-2118-292EAC0BAAD7,23,0
1973,95546CCF-94EB-50A3-F542-C1635F8D63D7,2012-12-13 12:33:56.307,D0203E4C-A874-1941-2118-292EAC0BAAD7,27,0
1974,955657B9-9152-A9B9-8B2C-D6BD4CD8F841,2012-12-13 12:36:01.980,D0203E4C-A874-1941-2118-292EAC0BAAD7,24,0
1975,9558709A-C889-1201-474C-7237A60BD7DB,2012-12-13 12:38:19.420,D0203E4C-A874-1941-2118-292EAC0BAAD7,25,0
1976,955C2CF7-9212-BA79-A9D0-2C286D9E839E,2012-12-13 12:42:24.250,D0203E4C-A874-1941-2118-292EAC0BAAD7,32,0
1977,9574AC1A-D351-FA79-9C00-8B58FBDC0DC6,2012-12-13 13:09:09.660,D0203E4C-A874-1941-2118-292EAC0BAAD7,20,0
1978,9579B3E4-B7F6-E608-9861-D60A71AB6A66,2012-12-13 13:14:39.333,D0203E4C-A874-1941-2118-292EAC0BAAD7,14,0
1979,957AFF5C-0F55-1DFD-39BD-C6092B94260B,2012-12-13 13:16:04.190,D0203E4C-A874-1941-2118-292EAC0BAAD7,18,0
1980,957D017E-A3B0-E2FC-D0FA-3C0275990D65,2012-12-13 13:18:15.810,D0203E4C-A874-1941-2118-292EAC0BAAD7,17,0
1981,9580483E-AD2C-DAAB-577A-5D2A8FEBCD7C,2012-12-13 13:21:50.527,D0203E4C-A874-1941-2118-292EAC0BAAD7,15,0
1982,9581F906-E2E6-EEFA-0A3D-BB80741F76BE,2012-12-13 13:23:41.320,D0203E4C-A874-1941-2118-292EAC0BAAD7,16,0
1983,9A0A3FC5-E082-D973-2F83-7E26D6653AA9,2012-12-14 10:31:01.193,D1B823F3-F708-0CAF-D65F-B34DD8820D59,25,0
1984,9E9B111C-CD1D-8FAC-B5C3-EB1EE5231ACD,2012-12-15 07:47:41.223,1A38E73D-9185-E439-2A17-3ABD65D80E55,14,0
1985,ADE7B293-DA38-AF19-5E83-9ED5EA6B574A,2012-12-18 07:05:41.147,8F54B4A4-952F-5D2C-9903-B82609142242,33,0
1986,AFB44FEF-A10D-149D-C7C5-D6713773697E,2012-12-18 15:28:47.987,74A92A24-E7C4-38C5-0D14-7ED4E3E5855E,36,0
1987,B36CC4FC-C9E0-CF64-7C97-C144C0B15EDD,2012-12-19 08:49:08.223,32514AAA-B205-ACAC-5149-03D30AAB22EF,23,0
1988,C0D409A3-F22E-3680-4911-3FD2E035001A,2012-12-21 23:16:59.817,59A67F48-BA39-A1F2-ACF8-FD6995733FAF,27,0
1989,C0D57B7F-CF80-2300-C62B-1365C4A988E4,2012-12-21 23:18:34.497,59A67F48-BA39-A1F2-ACF8-FD6995733FAF,20,0
1990,C0D6348A-03E7-7A17-5736-91CB29008CC1,2012-12-21 23:19:21.867,59A67F48-BA39-A1F2-ACF8-FD6995733FAF,17,0
1991,D1553C98-C5D3-1899-03D6-D58343F87DDC,2012-12-25 04:12:02.623,5A37FBB5-9625-EFE4-0CD0-EF671436EE1F,23,0
1992,D158F7CB-90B3-F4AF-BBFD-87DF58EF2F00,2012-12-25 04:16:06.993,5A37FBB5-9625-EFE4-0CD0-EF671436EE1F,27,0
1993,DD0F8301-DA07-0429-E736-DCC814DD1E3E,2012-12-27 10:51:19.557,592718A3-B6F9-710D-839C-1580F026FFD5,28,0
1994,DD121437-AE47-C522-5AB0-F6DF156D871D,2012-12-27 10:54:07.800,9CFC248E-FEB2-6009-AD69-0A8AFB646914,14,0
1995,DD160772-B4CC-DB4C-FB5C-F4D99A8E30C6,2012-12-27 10:58:26.677,592718A3-B6F9-710D-839C-1580F026FFD5,32,0
1996,DDA8A5FE-CADE-C4A6-5498-0514B81624CA,2012-12-27 13:38:35.520,592718A3-B6F9-710D-839C-1580F026FFD5,20,0
1997,DF70881B-0EF0-9B6D-39F9-E193EF09EBA2,2012-12-27 21:56:32.287,BDE71AE3-9296-E1D7-96B4-AED919A6266B,24,0
1998,DF7B3BB2-EF65-9224-015C-120C75CA42BE,2012-12-27 22:08:13.877,BDE71AE3-9296-E1D7-96B4-AED919A6266B,32,0
1999,E26627EC-0D2E-DFB9-30DD-C7F174F921D4,2012-12-28 11:44:03.950,11041567-C874-A51B-D4ED-4C33FD5FDC0F,20,0
2000,E2B3DC18-FF88-2A84-5A9B-748338C2540B,2012-12-28 13:08:56.347,11041567-C874-A51B-D4ED-4C33FD5FDC0F,23,0
2001,E34C22A9-E2C2-7911-4C5F-751252D0EBD3,2012-12-28 15:55:15.883,CF98C504-E07D-D2C3-B4C0-5FB95EF0EB15,16,0
2002,E34E1B68-BF32-A7C4-4DCE-AB10598B95B4,2012-12-28 15:57:25.097,CF98C504-E07D-D2C3-B4C0-5FB95EF0EB15,14,0
2003,E71DDA03-B5F5-7876-1B59-BB3001218C9C,2012-12-29 09:43:11.493,6F9F6371-B0A0-3BC6-CE90-8203D4B23742,28,0
2004,EAD2486D-0FA5-57EC-BA59-E65664DAA4A5,2012-12-30 02:59:07.887,99F9B65F-E56A-F487-272E-74FCC0C973B7,28,0
2005,EFD21276-B1C7-8AAE-CF94-2CF231328F1A,2012-12-31 02:17:00.527,EAD713EE-ACEA-17FF-E159-767F9B08B750,32,0
2006,F3F9557A-AD75-CF50-ACAA-437735F706E3,2012-12-31 21:38:22.077,A93EB01D-A5F5-53B3-1B6D-5A70D905AF01,21,0
2007,F705DB1A-C91E-1C1E-0E1C-80F835DE2156,2013-01-01 11:50:54.363,AEBCEF05-D401-9916-A8F1-817E5EDB6B18,16,0
2008,F7076167-A502-F731-FB1B-EFE66E526E1B,2013-01-01 11:52:34.280,AEBCEF05-D401-9916-A8F1-817E5EDB6B18,18,0
2009,F708155B-BD88-CAD3-078E-51F444EDC0C1,2013-01-01 11:53:20.350,AEBCEF05-D401-9916-A8F1-817E5EDB6B18,19,0
2010,F7088D0D-AB08-3CAB-7B11-F39D6D995E7F,2013-01-01 11:53:50.990,AEBCEF05-D401-9916-A8F1-817E5EDB6B18,14,0
2011,F708EDF5-BD8D-6FA1-C19A-853A35254642,2013-01-01 11:54:15.800,AEBCEF05-D401-9916-A8F1-817E5EDB6B18,15,0
2012,F7095E1E-BE76-0A04-5E5C-F90C536DD28C,2013-01-01 11:54:44.513,AEBCEF05-D401-9916-A8F1-817E5EDB6B18,17,0
2013,F7236B1C-92BE-9A7F-3384-A67111B1AEFE,2013-01-01 12:23:11.773,2778330A-BC33-AD62-3F86-3CCEA9E31BD4,20,0
2014,F752EAE2-E286-8575-F2CF-797B910E1822,2013-01-01 13:15:04.677,E7A2BE41-0F4D-24B2-AC1F-C6B021D9A261,20,0
2015,F7906FA7-DAE4-F9B3-2E74-D4E2534EEC68,2013-01-01 14:22:16.363,4981BB70-D569-2107-4C22-9D95A50C031C,28,0
2016,F7911A35-B214-21E1-AD88-5FE760DC6EC7,2013-01-01 14:23:00.023,4981BB70-D569-2107-4C22-9D95A50C031C,14,0
2017,F7916A00-0604-207A-CDB9-CC293B26E292,2013-01-01 14:23:20.450,4981BB70-D569-2107-4C22-9D95A50C031C,22,0
2018,F791A5EE-C80F-3CB9-1629-4662C6AF2A1C,2013-01-01 14:23:35.793,4981BB70-D569-2107-4C22-9D95A50C031C,32,0
2019,F849A89C-9104-C2FE-0566-4202E8CF33D4,2013-01-01 17:44:35.160,D1B823F3-F708-0CAF-D65F-B34DD8820D59,28,0
2020,F99FD8C1-99CE-73BF-AF99-D35B11F4F114,2013-01-01 23:58:20.740,D3A6C37A-ACB9-7EDB-2F25-C69060DFE29E,33,0
2021,F9C5A9B1-B798-A05D-C768-4454623B90B6,2013-01-02 00:39:39.060,1047A83A-A3EB-F534-2D37-3199FB3E5834,15,0
2022,FB9A6210-0AB3-2D06-0AE4-37BB0E23F383,2013-01-02 09:11:37.107,0C8E0919-BD96-35CD-A084-9C2515BF3C10,14,0
2023,FB9C1124-0E10-DAB2-E7E0-167CE48750AC,2013-01-02 09:13:27.460,0C8E0919-BD96-35CD-A084-9C2515BF3C10,23,0
2024,FBA1DC34-C731-BE73-9C27-7EBFADB88AB7,2013-01-02 09:19:47.127,0C8E0919-BD96-35CD-A084-9C2515BF3C10,26,0
2025,FBBF78E6-949C-C94E-9496-066C33231DD3,2013-01-02 09:52:07.783,0C8E0919-BD96-35CD-A084-9C2515BF3C10,27,0
2026,FCF4C202-E601-D5C9-714B-00355AB9F101,2013-01-02 15:29:57.140,4962A5B0-C99F-559A-55A5-BC4A53F2A39E,47,1
2027,FDBC0E54-BF6B-029B-C963-787D67FE4AB1,2013-01-02 19:07:38.340,3D8602B7-CC56-8FC8-8268-3BF6475306BE,32,0
2028,FDC38F80-F4F6-2EE2-5DCC-E76C15F6BB3F,2013-01-02 19:15:50.167,104CB18A-BA7A-ACEB-7E4A-8CFB9C3A74ED,28,0
2029,FDC62F6F-AA10-F306-DADA-04BA45C94676,2013-01-02 19:18:42.160,104CB18A-BA7A-ACEB-7E4A-8CFB9C3A74ED,22,0
2030,FDC912D7-C71E-1C16-06E0-1903E09EE424,2013-01-02 19:21:51.450,104CB18A-BA7A-ACEB-7E4A-8CFB9C3A74ED,19,0
2031,FDCA4151-C247-733E-3E57-167C49D3BAC6,2013-01-02 19:23:08.883,104CB18A-BA7A-ACEB-7E4A-8CFB9C3A74ED,14,0
2032,FDCD6915-B262-30E6-97DB-86957D3AB6EF,2013-01-02 19:26:35.687,104CB18A-BA7A-ACEB-7E4A-8CFB9C3A74ED,27,0
2033,FDF17996-B299-7C24-B0A2-B0A91C146534,2013-01-02 20:05:59.240,104CB18A-BA7A-ACEB-7E4A-8CFB9C3A74ED,21,0
2034,FDF8E6EC-F88D-DFB2-3DE4-332A27AE8A22,2013-01-02 20:14:05.963,6B79D121-0CBC-BF2B-00AB-F9C0B0F0B56F,48,0
2035,FE0339F3-F844-1DA8-A0A7-1BAF05E7AF3F,2013-01-02 20:25:22.550,6B79D121-0CBC-BF2B-00AB-F9C0B0F0B56F,20,0
2036,FE0A5581-E3BD-31F9-A8BB-71900F5E9BCD,2013-01-02 20:33:08.353,6B79D121-0CBC-BF2B-00AB-F9C0B0F0B56F,21,0
2037,FE0D07BE-9E35-16D6-2270-4A8DE6C214BB,2013-01-02 20:36:05.057,6B79D121-0CBC-BF2B-00AB-F9C0B0F0B56F,26,0
2038,FE0F8BD1-DBC3-8E3B-4F48-29D8385F0C76,2013-01-02 20:38:49.937,6B79D121-0CBC-BF2B-00AB-F9C0B0F0B56F,27,0
2039,FE12D865-EAB6-3F23-0ABF-959655971FAF,2013-01-02 20:42:26.150,6B79D121-0CBC-BF2B-00AB-F9C0B0F0B56F,24,0
2040,FE156023-EC69-8148-AB8F-49B8078E9667,2013-01-02 20:45:11.973,6B79D121-0CBC-BF2B-00AB-F9C0B0F0B56F,16,0
2041,FE1919A2-CBF5-CCA4-8C06-A7FC5F2CFF8E,2013-01-02 20:49:16.067,6B79D121-0CBC-BF2B-00AB-F9C0B0F0B56F,15,0
2042,004F9168-B992-A5F5-5AF1-B897BD003B90,2013-01-03 07:08:00.107,5F60D9AE-A05D-9515-D421-F45A4F5844C1,21,0
2043,00500056-CA0D-A926-5AE9-22979573B76A,2013-01-03 07:08:28.503,5F60D9AE-A05D-9515-D421-F45A4F5844C1,26,0
2044,00520E15-B6DF-09F2-F543-751DE3ADFDEC,2013-01-03 07:10:43.097,5F60D9AE-A05D-9515-D421-F45A4F5844C1,23,0
2045,01EAB9A6-B746-F711-2A0B-ED0430248430,2013-01-03 14:37:05.703,F7C2BDED-F33F-73EF-C61F-CA6D2B4E8B9B,27,0
2046,01FD5AF7-D0E7-5AA0-61F4-21D2F7E42609,2013-01-03 14:57:26.650,EE44880F-F2FD-D781-44B0-5A8E97745393,14,0
2047,05666B79-F4BC-ED48-CF38-95FBDDBE6874,2013-01-04 06:51:03.857,94BDD0F7-F5DF-8893-9109-93FDF6B1B60D,34,0
2048,07135E5E-D186-8154-7A7B-9257AE45A257,2013-01-04 14:39:35.393,F7C2BDED-F33F-73EF-C61F-CA6D2B4E8B9B,28,0
2049,122E2089-A537-7D2E-B2FB-E340E23DC211,2013-01-06 18:24:38.410,1182183C-C220-1B9E-A0F1-098D7430A860,20,0
2050,123795FD-AC03-1F87-EE5B-CEA9CD5B0533,2013-01-06 18:34:58.303,1182183C-C220-1B9E-A0F1-098D7430A860,27,0
2051,21DEA645-DF9A-B2C6-52CF-84CAD69E3F0F,2013-01-09 19:31:45.227,21D394A6-F7F4-A753-7BAE-D77306CF8B55,20,0
2052,4149347F-E7FF-B8B6-5CA9-B30054305FA5,2013-01-15 21:56:22.207,4146AC89-032A-5923-7A9A-EF3DA931669E,18,0
2053,5297C1C3-9AD5-7A40-F094-2BA401C95B77,2013-01-19 06:35:44.200,4146AC89-032A-5923-7A9A-EF3DA931669E,39,0
2054,703CE9DD-CC4B-4010-DA86-7DBF38A3E1AD,2013-01-25 00:45:05.763,6B79D121-0CBC-BF2B-00AB-F9C0B0F0B56F,46,1
2055,865DADCA-C964-501C-88AF-5B443E41291C,2013-01-29 07:52:31.827,43D066A4-B6F3-E8EE-C9B5-4928CCB69EBE,37,0
2056,9EE88AB3-AC78-25F5-9146-7E0C5F639A04,2013-02-03 02:15:05.590,9D7A14F0-C0E9-78F8-5DA3-0839F5464254,45,0
2057,A657FA43-EF97-189B-5F08-C39C1D5497AA,2013-02-04 12:54:09.103,33E41CC1-9FAF-D9D3-1421-A8CE4DE5891C,20,0
2058,A6C5DF55-AF02-BF2E-1929-D2FFBD9A65B0,2013-02-04 14:54:11.160,C598BD61-F82B-01D1-94F4-55D4A5A6F116,37,0
2059,A6C6B843-056C-A403-C91E-078D99016D98,2013-02-04 14:55:06.693,C598BD61-F82B-01D1-94F4-55D4A5A6F116,38,0
2060,B4DEFB3B-9381-26E4-2717-84EC9DDA9F1E,2013-02-07 08:36:19.063,B4D9FAC4-F7B2-D39E-7BBE-3B24D7E16A09,25,0
2061,D00A3DB1-E99B-E2EA-4C08-A602E74514ED,2013-02-12 15:13:17.933,CFFD775B-FF0D-5551-0517-0C398C0E685D,47,1
2062,D40075DB-B44B-89B7-EDE2-B7D71708B73B,2013-02-13 09:41:05.503,D13A771C-EE07-B409-4CC5-691BAA016D90,26,0
2063,D97E8917-05E0-5DAA-DA31-8003A8240022,2013-02-14 11:16:55.333,2688BE11-FA99-29CF-AA0D-74362917DB1C,36,0
2064,E41D441A-0EAA-6215-559A-F6C7CE52EC0F,2013-02-16 12:46:30.633,E3FAAD68-CC0B-EDAE-61F5-80731F9E94A8,27,0
2065,F3AB1379-01F8-6532-6A89-E8BE4F308436,2013-02-19 13:15:40.670,CA5ADC07-04F8-B1B3-8767-C82960115C6A,38,0
2066,FB04D161-DF22-9C98-EC3D-3458A055F3DB,2013-02-20 23:31:02.507,FB0335E9-B62C-8726-281D-00CF76684CA6,48,0
2067,07F46454-DBC8-003E-1816-05BDC1501DD9,2013-02-23 11:48:09.817,A0CECA72-CB07-190E-7387-612FBDDA25D9,41,0
2068,0DEA7008-965B-5343-6D42-3AC54F0C274D,2013-02-24 15:35:00.747,787ABE7C-06E8-2B7B-BBE4-59E13CA00456,46,1
2069,24459F04-9333-4FA6-C8AE-121FE19110C1,2013-02-28 23:46:15.303,34EBAE6C-D6D5-51FD-7CF4-4F1C8A5D520D,47,1
2070,2AFBD2A7-E56C-44B0-BF90-19BBF3472944,2013-03-02 07:02:59.580,2AF9D94A-A647-9904-5B28-026D36FFB274,48,0
2071,451048F2-055B-ABAA-99EC-FDE7610C3894,2013-03-07 08:35:27.987,AC7228A9-F514-4254-215A-834E8D4B3BD4,33,0
2072,4510D716-DFC3-F005-3947-CCC75D081596,2013-03-07 08:36:04.377,AC7228A9-F514-4254-215A-834E8D4B3BD4,34,0
2073,5BBCDB45-A85F-FCC0-6C49-B21233F114D9,2013-03-11 19:15:36.463,5BB140D2-E1B5-7F3A-7870-8AA48225E771,20,0
2074,5BBCDB45-A85F-FCC0-6C49-B21233F114D9,2013-03-11 19:15:36.473,5BB140D2-E1B5-7F3A-7870-8AA48225E771,46,1
2075,90531FEC-B585-8F2A-BE51-073BB3C2C310,2013-03-22 00:19:59.600,DA7107F5-0BF0-02F5-6EAE-EB19A0018672,34,0
2076,96E2B169-C8C3-1D98-F20E-79202FA8CF32,2013-03-23 06:54:33.913,6F9F6371-B0A0-3BC6-CE90-8203D4B23742,45,0
2077,A1D19C20-A80D-F6F9-A88A-E01FF020544D,2013-03-25 09:51:41.607,5C35E2E7-A0E0-5A23-EE4F-D2D5BCE4A33E,39,0
2078,A1D74C77-F44F-96F8-3868-7B8D24CC6E69,2013-03-25 09:57:54.427,5C35E2E7-A0E0-5A23-EE4F-D2D5BCE4A33E,36,0
2079,A6941F49-B4CD-DDA8-A435-11D04E77D48C,2013-03-26 08:02:38.110,1182183C-C220-1B9E-A0F1-098D7430A860,45,0
2080,A9D88271-9EF5-F6EE-B38D-C996FCF77793,2013-03-26 23:16:11.510,DA7107F5-0BF0-02F5-6EAE-EB19A0018672,33,0
2081,CA2BC344-9CD5-F1F1-CCA7-740D3CEA4058,2013-04-02 05:54:58.507,7564B501-F780-196B-5673-6EB88DF39A74,33,0
2082,CB1BD3F8-A63E-732F-C00B-4E1036945351,2013-04-02 10:17:11.420,491361B0-EBFE-C6CB-4324-DD3F641A14AA,37,0
2083,CB1D568B-B347-30FA-859A-1CE252714505,2013-04-02 10:18:50.380,491361B0-EBFE-C6CB-4324-DD3F641A14AA,36,0
2084,CB402732-A2E1-44F3-6EF6-39F9DBB83A58,2013-04-02 10:56:52.023,491361B0-EBFE-C6CB-4324-DD3F641A14AA,35,0
2085,CE2291FC-F631-8136-A7B0-83FDC7290852,2013-04-03 00:23:24.927,5F97FD57-EDF4-7B47-5FCB-1531CDC188F3,48,0
2086,09440723-FDBD-10AC-CC90-4FEAB8A8BDC1,2013-04-14 11:57:33.423,3D8602B7-CC56-8FC8-8268-3BF6475306BE,46,1
2087,1AEE4837-B934-AB7E-9A57-9897A36A6318,2013-04-17 22:17:03.803,B4A0949C-F4B1-7F91-21D5-727706DDBF09,20,0
2088,3672F2C6-FEB7-0852-BBE2-0C17BB3B260B,2013-04-23 06:31:43.050,86F84565-BB4D-B3F7-D4F1-B4E273A07BAA,49,0
2089,36A6B8B8-9071-BE41-7E7C-B2EEA28AA56A,2013-04-23 07:28:16.060,AD7AFF66-DFB5-6929-E07B-04B7587E5E37,49,0
2090,36AAA106-BD5D-3BE1-EF4C-0177F802AD5D,2013-04-23 07:32:32.140,BD8A0876-AA51-0077-D043-FEC71CADC761,49,0
2091,36B28AFD-00B0-DB40-656E-249D56B3A155,2013-04-23 07:41:12.487,8879F6A9-EF5C-5407-DE6F-2F172C596E53,49,0
2092,36B28AFD-00B0-DB40-656E-249D56B3A155,2013-04-23 07:41:12.490,8879F6A9-EF5C-5407-DE6F-2F172C596E53,20,0
2093,36C5037A-EA8A-5AC9-0098-87D9AEE36A46,2013-04-23 08:01:21.277,90632607-0B57-52B5-EE80-0FDA2A02F35F,49,0
2094,36CD84A9-D033-B827-62AE-6DF0AFC4A9B0,2013-04-23 08:10:38.637,3B43FD8E-A9F3-4B1A-74CC-255ACCD77E11,49,0
2095,36D23D04-F657-4D86-2E99-DEE0C055C3C7,2013-04-23 08:15:47.973,B3E80886-E847-63F1-A8BF-26B477DF55E2,49,0
2096,36D4AFE3-E6C6-93D3-EF2D-233AE0590F1A,2013-04-23 08:18:28.453,32A73A09-BED8-88F5-5385-170E10B57459,49,0
2097,36D6F53E-0C89-E9CA-4407-201F71CB35E2,2013-04-23 08:20:57.280,B7034DDE-DC08-31C4-6087-63E4049BB101,49,0
2099,36E0E2B0-FD15-DBA1-AA50-BCABFCCB54AA,2013-04-23 08:31:47.890,B2E14418-9EA7-858A-9BE7-64B34018AF7D,49,0
2100,36E3EE8E-B6B2-D3BD-35F8-F849C496F1E1,2013-04-23 08:35:07.537,86DA4D09-E712-6568-B090-C226F4C49B1F,49,0
2101,36E4700E-D577-DD51-4136-C6730A088C9B,2013-04-23 08:35:40.690,159DEF23-B709-64BA-E2B3-407C74DC5B76,49,0
2102,36E65678-0C4E-964B-15F2-BBC257C0181F,2013-04-23 08:37:45.210,7C55B303-CC71-D8E8-499A-F9F82F02478F,49,0
2103,36E71D1E-97FF-6FDC-9569-15C070FD0D0C,2013-04-23 08:38:36.063,7D2721D6-D99C-18C4-5D07-17E31D45AAAA,49,0
2104,36E82117-B40C-9F95-FABC-CE2C62E01E6A,2013-04-23 08:39:42.617,D13A771C-EE07-B409-4CC5-691BAA016D90,49,0
2105,36E9660D-9FDA-606F-1501-E77442FA0BE4,2013-04-23 08:41:05.807,8FAEB0A4-E8C8-E0B2-4CB6-0B276BD466CB,49,0
2106,36F059D7-AC64-97E6-913B-5943812DF194,2013-04-23 08:48:41.433,871FA350-BA72-332F-0554-04DB8885052E,49,0
2107,36F3D186-B090-0760-660F-1B0BCDE804D0,2013-04-23 08:52:28.717,93E3022E-D37F-E99C-1578-85C715D85F25,49,0
2108,36F899DA-CE5A-52BB-6630-A281B5A91404,2013-04-23 08:57:42.110,0ED1FA94-F7BC-DF06-8822-9FA49FE09A09,49,0
2109,36FB1CE1-C8A9-EC69-3D07-B933FF86FF5E,2013-04-23 09:00:26.723,905F3812-0390-9CB8-CA68-A731102A1C12,49,0
2110,36FBAFF7-C7E3-C761-1ED8-7512E5EACA28,2013-04-23 09:01:04.377,AE541486-E4E0-9182-3227-42EE27F0447F,49,0
2111,36FC7264-D4E9-05D4-E902-4FD62D1DDB3F,2013-04-23 09:01:54.153,1600B2AE-B41E-C91D-0D21-4574C7714C58,49,0
2112,370091E2-F415-CA88-7ACE-6F2484A19125,2013-04-23 09:06:24.357,7C72FDB4-C793-B996-0FB3-093329B2FC34,49,0
2113,37014244-0B63-491F-DB3B-F181319522EB,2013-04-23 09:07:09.510,3D6CCCA2-F436-7D90-845B-DCD67BE6BB6A,49,0
2114,37014273-AD74-7F73-D96F-6C88E1C5F47F,2013-04-23 09:07:09.557,8EECD4B5-F54B-6DE3-839E-6C0BF6698739,49,0
2115,3702A06B-95AA-71AD-4D4C-2904AFFE4745,2013-04-23 09:08:39.153,37010A53-D4D5-6713-1137-1543E3C23F76,49,0
2116,3704C09A-D657-D77D-C81C-A0B6CE6463CD,2013-04-23 09:10:58.460,DEAFCC84-DAB3-A58F-9B4C-88A0A66787F0,49,0
2117,3705FB23-A832-AEA7-7385-C86241F86C4B,2013-04-23 09:12:18.980,1A429C3D-AECA-8A1E-4503-B439AE5D5C3F,49,0
2118,3706C7B3-D881-D47B-FF54-72F1AD77EC7B,2013-04-23 09:13:11.350,3DE5F55F-F4B1-6CCB-D26A-83B0A3FE69D3,49,0
2119,37085ED9-0150-8AD9-2F46-1EDBE12A88C6,2013-04-23 09:14:55.580,C89E2DF9-DF4E-2108-B2DA-5C4FD8404503,49,0
2120,370B1411-9499-4528-6B71-9860CA2EE2CC,2013-04-23 09:17:53.043,8F54B4A4-952F-5D2C-9903-B82609142242,49,0
2121,3710C9B7-FFF9-ECF9-B70B-0CF3E210B94D,2013-04-23 09:24:07.227,1060035D-FF34-BDD3-79F5-255AC47277E2,49,0
2122,371BC0E9-C3A8-E3ED-E8E2-BB3ED82007DF,2013-04-23 09:36:05.867,25495134-CCAB-FB6C-BA66-D41C991FB52B,49,0
2123,371FD63D-C677-1049-42F2-43D9BC32C552,2013-04-23 09:40:33.470,EDDDFC9E-E363-828F-DED6-C8EB0A63AA4F,49,0
2124,3720935F-B5BB-8560-0CBE-08416D060CBD,2013-04-23 09:41:21.890,0FB636AC-DC86-4D2A-93CE-1FF6A782A6E2,49,0
2125,37256C48-B70A-4F8B-D7A4-81A1ABE1B6DD,2013-04-23 09:46:39.563,73374CB8-F0A3-5C1E-2E92-FC63F46DF7C6,49,0
2126,372C63D8-C69A-3FC1-B767-93DFF00B8F94,2013-04-23 09:54:16.153,EB9E1167-F484-A8EE-4BFD-A0B394CCF57D,49,0
2127,3733A31D-D183-F6A6-09A1-11740B0D02BA,2013-04-23 10:02:11.107,936C02C8-DDC7-0C13-3FD1-0425A656048B,49,0
2128,37358922-D04A-3427-3568-B51AEA8964FE,2013-04-23 10:04:15.523,90232C38-BEDE-2087-3DD4-28539D129CA8,49,0
2129,373D91C7-92CC-55E3-D3E4-E05D09274AB9,2013-04-23 10:13:02.027,A3667148-93AD-FE54-C35F-A247520C7F01,49,0
2130,37511D9E-AC94-FC28-2CC2-D52E651A11FA,2013-04-23 10:34:23.010,89A4A9F9-A7DE-E797-E8BF-E137D4715405,49,0
2131,37578D7D-E24E-FA69-6D94-E81B57AE4D0D,2013-04-23 10:41:24.863,AABD0A8B-D3A9-EDA0-0838-FAC71598BF3D,49,0
2132,375A7711-D825-A5A1-6020-89452143D880,2013-04-23 10:44:35.733,D0203E4C-A874-1941-2118-292EAC0BAAD7,49,0
2133,375D74EC-0403-4F56-7475-F7648E7736C5,2013-04-23 10:47:51.793,6FCC1336-B47F-C258-64B0-6593D0118F54,49,0
2134,375FF53D-F9F8-5751-631A-252A59363B44,2013-04-23 10:50:35.710,2E321024-E9EC-F8E3-90F6-CABEC2E194BF,49,0
2135,37627C61-E76A-C96E-833B-94AF29EA3D58,2013-04-23 10:53:21.380,915132DC-A1AC-7282-50F0-76CF5BB5BC8F,49,0
2136,37653F3B-D6B0-5008-58B4-AEAF3E5FF5D9,2013-04-23 10:56:22.333,5BF4B9F1-D9C0-A493-FA62-05CD7D9B2AD5,49,0
2137,3766D507-C317-0C5B-B22C-1C909EA1561F,2013-04-23 10:58:06.217,20D59407-DEC7-E8C3-EE0D-D50B542F3FD0,49,0
2138,377978A1-034F-2B4A-5BC1-B1F7B8AC38E5,2013-04-23 11:18:27.747,EA2DF324-01CD-1A26-C046-5D81BF5E1C7D,49,0
2139,377BC9BA-AEC0-AD59-57B3-F6DBC334FE20,2013-04-23 11:20:59.583,EBC24EB6-A16F-34AB-1CEB-80646166A33B,49,0
2140,37815068-F44D-202D-09A5-DC21223C3C39,2013-04-23 11:27:01.740,8988B6FD-F40C-CB1D-177A-3FE805F4D0E5,49,0
2141,378D448C-F02C-017B-12D0-91BC62609080,2013-04-23 11:40:05.133,004995B4-DF93-FCE9-2289-0E05EA4F59A5,49,0
2142,3794201F-A4B2-139F-965E-4CD470D4FE38,2013-04-23 11:47:34.563,3BB3AEBD-F17A-77F5-090C-58C1DBED4037,49,0
2143,379498EC-CE9F-D4F5-7098-2A65E327E383,2013-04-23 11:48:05.487,E416F51B-D21F-8C9A-2E68-6D841D6BE2AA,49,0
2144,37A747DC-0087-4C7E-465E-A2A8EA394A82,2013-04-23 12:08:29.920,C7542065-B20B-D691-91AE-57486A000105,49,0
2145,37CFA230-F079-8C59-D0C1-00575B3E864D,2013-04-23 12:52:34.483,6A722F8F-C315-410E-E230-DB47ABD0910E,49,0
2146,37D774AF-BF57-6146-771B-0718C81E1821,2013-04-23 13:01:07.123,1DB806B2-9ABA-05DF-6292-686A6CD17876,49,0
2147,37F897B6-F31F-023C-D319-F29E22A68C5E,2013-04-23 13:37:20.347,6D064C9C-C429-A9D3-D314-DFA68BB71B9B,45,0
2148,3802C149-9E72-3BF5-298A-E7C8613AD824,2013-04-23 13:48:24.780,ECFB19FE-CB0B-7BC0-DBEA-44391CDF71F6,49,0
2149,382687B5-BE38-2644-76F6-CA88F06991F8,2013-04-23 14:27:29.337,A449DA4B-EE3B-8801-76DA-25F0C4DE63AD,49,0
2150,387C4E15-EB40-0E66-06AB-7376E4BD8146,2013-04-23 16:01:10.680,18496654-EE99-6BD6-A01A-C3381DBD8C9A,49,0
2151,3893D8A3-C350-EF12-22D6-4B4BE4A488C7,2013-04-23 16:26:53.480,968CA2A2-0B8B-46F2-4375-08C4E47E6DED,49,0
2152,38A23D90-DF13-1C82-8B9B-56942CF17DC3,2013-04-23 16:42:36.817,0E646A70-09F6-5AE3-387C-C4010E24D99B,49,0
2153,38A6BA99-B486-4C3B-8DA1-413FE67E1FE3,2013-04-23 16:47:30.970,9F4346D4-B0EC-9641-04BD-7BAA2D9716CE,49,0
2154,38BCFC8A-B702-437D-D60E-0FB9602AFE42,2013-04-23 17:11:49.643,00C4237F-FC16-78EF-F4A5-CF98F2285BC3,49,0
2155,38E14D5A-EBF9-6E8B-6D0D-109E625963A7,2013-04-23 17:51:29.630,A5034CAA-B732-2FC3-659D-50135A21957F,49,0
2156,390E5E11-9206-AFDC-FE86-143B62215B93,2013-04-23 18:40:43.053,4D017323-B2C2-6859-9509-51B81C06DD3E,49,0
2157,390E9999-E317-1641-5D93-4C2485D13CC7,2013-04-23 18:40:58.267,24084518-F66B-F62F-F2B0-87D008E0A30C,49,0
2158,39174F05-E1B1-03B7-0D3D-27E311E0A878,2013-04-23 18:50:29.000,90CBFDCC-CCC0-9B07-2F70-A48FC6569CE9,49,0
2159,3919E962-B461-16FE-C638-162A71BC4D88,2013-04-23 18:53:19.587,DBDB3424-A101-2A23-BC5B-FAB76B34BB22,49,0
2160,392410AA-EFA6-1F07-111A-BD679774D6DF,2013-04-23 19:04:25.007,B1EAA6FB-ED14-73FD-EE27-F0E1B0B29463,49,0
2161,394A8FD1-EC4C-9801-9B1A-7C7E09AA1CB1,2013-04-23 19:46:27.923,91BA9086-DED8-357C-FE2F-1988CCF2F649,49,0
2162,39524B6B-FBA4-22A3-D9DC-60CBF6E06DD2,2013-04-23 19:54:54.700,C3B04585-022E-C3CF-8A89-5B8A7F62E992,49,0
2163,39614E1C-BFB9-376A-C2B1-4B8DC50424D3,2013-04-23 20:11:18.430,8EF540F7-BDA2-722E-4530-09E78DE8281E,49,0
2164,39630963-CF0C-E584-7BC8-AFA3E009BED7,2013-04-23 20:13:11.910,B13EC734-C4E0-A3EA-2F8B-49F7EB13ECF5,49,0
2165,397FDFFB-9B9D-6F96-A4D7-D0C6EAA3F4BD,2013-04-23 20:44:41.853,30C8D84C-A8B7-578C-0B9A-ABD080DC10FB,49,0
2166,39886A3A-B9D7-5BB5-A07E-7B11959C091F,2013-04-23 20:54:01.533,B0D2B01C-9510-CDAA-896B-81BAF46250BB,49,0
2167,398F0C17-C65B-0076-1D20-CA0DA91F7179,2013-04-23 21:01:16.187,4ED85B1B-A148-17E1-D377-C1117E2ED3BB,49,0
2168,39952A12-CA1C-A5A4-AE82-9AE09426B2EA,2013-04-23 21:07:57.077,C06587BA-FC56-8B31-D04D-F6EE3DB09217,49,0
2169,39B06386-0F57-0C56-2974-99818543CC49,2013-04-23 21:37:41.257,9C82FC57-053F-CC7D-F8C5-81FD3FF5D75B,49,0
2170,39C705FA-ED3F-DED5-6496-055A68884107,2013-04-23 22:02:24.637,CE68FDC0-F0D0-0801-E117-63D149258526,49,0
2171,39E8B1BA-986C-65C4-2830-F416FC019044,2013-04-23 22:39:11.293,D60C8E31-0CF8-49E3-8A24-75348AC1FE09,49,0
2172,39EED070-E0C1-EB78-1782-3AA631BFA67D,2013-04-23 22:45:52.370,1B0CA030-0773-A51B-E428-EE9080C89220,49,0
2173,3A9FFA4A-CAE3-2D42-9EAA-FE34C0099087,2013-04-24 01:59:22.957,16278FDD-DD66-D124-11BC-42822606559F,49,0
2174,3ABADD3F-EA9B-FB9E-380D-4298AF22A3F1,2013-04-24 02:28:45.017,58203FB7-E111-CDB5-C314-749F3E073C25,49,0
2175,3ABBEF2F-95F0-A510-462B-FE3333A9E17D,2013-04-24 02:29:55.123,7468745F-DC0E-810F-852C-EC12B5C7E4FE,49,0
2176,3AD5AD9F-005C-E59D-7BE6-F2479D0159AE,2013-04-24 02:58:02.293,F45A62F2-C52D-BD1F-2B62-A395B908AF5B,49,0
2177,3BCD2752-0818-88E8-15DD-16D8834D2A5E,2013-04-24 07:28:20.820,EB06364A-B379-04C5-34AB-872791715997,49,0
2178,3BD23510-D42E-9468-E961-BB5921763D54,2013-04-24 07:33:52.047,BE067B04-BD63-8C08-9A7A-6FF883FD1B97,49,0
2179,3BDD8E0E-F0C4-2C02-F50F-FADCDFBC44E3,2013-04-24 07:46:15.740,1151442E-B476-8989-2576-552D7C96769D,49,0
2180,3C4ECE49-CA94-F317-AE6A-EB7546C534DE,2013-04-24 09:49:57.730,C2D83616-BF42-6445-0B4D-2CC852ABB7DA,49,0
2181,3C7222B3-BBF1-2340-7667-9CA0D2622A82,2013-04-24 10:28:33.077,BABC7749-DAC1-7611-BE72-9A883D782149,49,0
2182,3C7CA368-ADA7-7355-5BD2-11BA92B55A2A,2013-04-24 10:40:01.387,FB98DFE8-9B5D-A548-A7A5-BBEB135D1ECA,49,0
2183,3D5C6B1F-018A-EC5E-F37C-D408DCF9CF71,2013-04-24 14:44:27.040,AFB64B4E-9B9C-92C4-F978-B77BD46ACD2E,49,0
2184,3D777AB1-0D94-A822-EF40-917B118DB7FD,2013-04-24 15:14:00.500,8E618765-F8E3-D5B8-D01B-BC78BF45E229,49,0
2185,3E3ACCB5-BADC-DFAD-7B24-341EC03E6610,2013-04-24 18:47:21.013,9F52565C-DC4A-E2D3-A6E8-AE28515D1660,49,0
2186,3E42406F-DF4A-88B6-2930-1476F06E5DC9,2013-04-24 18:55:29.393,75AD534F-0D5A-F444-978C-D697B232B631,49,0
2187,3E68EC57-EC67-0BA3-8D98-7891A10E8592,2013-04-24 19:37:43.770,9CF2E353-E5B8-7A2D-3DB2-5785D0B47CE0,49,0
2188,426A19DF-F57C-FCE8-6432-38D0C7F22712,2013-04-25 14:17:29.827,3BE912C2-D1BA-C088-B7C2-56FB95BF7D82,49,0
2189,45AF22AA-AE30-231C-29E1-6B0696F5D517,2013-04-26 05:31:45.713,231B48F8-921D-7B6C-EDEE-A5E9D1F45663,49,0
2190,46292EF1-ED33-76D0-5555-F1006D9C3995,2013-04-26 07:45:04.263,12CF5A3E-05D7-56B2-554C-AF58A07C27F5,49,0
2191,477CCCEB-08BD-7D5F-126D-DAD3FC83040B,2013-04-26 13:56:01.403,ED3EB86F-95A3-C9CB-26A0-77F090203208,49,0
2192,50DA4DE2-0279-57FA-AE8E-D63F0F18A517,2013-04-28 09:34:44.197,1047A83A-A3EB-F534-2D37-3199FB3E5834,49,0
2193,53FC4C89-F672-1717-8381-2EA5FF347CBE,2013-04-29 00:10:43.723,2689ACC2-A8AC-5F8E-177F-9B90EFB4E604,49,0
2194,5755D41A-9995-491E-16D2-EA0F9C7B3918,2013-04-29 15:47:22.800,4D404D72-BF19-3FD6-230C-5CC5303E1E05,49,0
2195,57D6566F-055E-032F-F66B-D206D884034C,2013-04-29 18:07:44.757,FF2782A2-C60D-84FB-46BE-F8DBD257D402,49,0
2196,588F7424-EA99-7E0C-57C6-F83011BB027E,2013-04-29 21:29:56.517,F122CA13-B3D7-2BF5-50AF-533D1926674D,49,0
2197,5D335D76-B678-EC63-5D6B-C76DF8751BB4,2013-04-30 19:07:27.480,A33190C2-0249-FE3A-9469-DB01CDB04C6A,49,0
2198,5E34A619-937B-70F3-27D6-351EB1E58155,2013-04-30 23:48:28.830,FF9E0012-CFAE-D641-F5CE-E8C76A653CB2,49,0
2199,611E3C87-BAAF-5A89-153A-AFDB743C2AAC,2013-05-01 13:22:51.657,0945DF31-0F50-A3EC-B473-50D8856274E6,49,0
2200,6554B797-A5AD-C2C4-DC05-0493E3712201,2013-05-02 09:00:50.977,92E3AC5B-F1C8-B806-881D-251AA0C6D2BA,49,0
2201,76E05197-9A9D-B7BA-9A99-5E1E118C4742,2013-05-05 18:46:52.570,A8BA185B-E879-E972-A6D8-4D74EE685807,49,0
2202,76EADD7D-B994-0EBC-9ECC-B5039DFDF116,2013-05-05 18:58:23.810,5F8DFE8F-A84D-9EE9-E1F0-E70F29F176C7,22,0
2203,83481917-BF70-596D-F1EB-DF174B644898,2013-05-08 04:35:40.443,F4860CFF-BC84-0093-AFA8-38E21A677AB7,49,0
2204,940D0F14-F3E9-B5A6-8435-663EE12C98B6,2013-05-11 10:44:43.937,17F95B92-E24C-E3EA-4FE7-5665C1C7513C,49,0
2205,A0CD92C8-D9B0-7AD3-FF15-C66B5166FA86,2013-05-13 22:10:27.180,2B5FAB56-F4FB-D0E9-EEB1-FC52B5DCB2FB,45,0
2206,A71450E5-EAC1-23AC-1E83-01A4BBFCACF8,2013-05-15 03:25:26.650,A70EA3C5-C723-3083-7608-384A99073522,47,1
2207,C7A2F197-BA50-9610-325B-6668544D509E,2013-05-21 11:09:04.813,8F413807-A2C7-C4DA-C583-D45320C4F299,49,0
2208,D70360C3-9874-7D2A-3825-C4328581B3D2,2013-05-24 10:48:42.950,8516BB1E-EA68-43EA-4AA5-B7B8EED1D868,46,1
2209,DA108316-CC08-C647-4075-2D3D9B7E3E25,2013-05-25 01:01:55.400,CA96D803-F932-CF11-51AC-EEECF99C6271,49,0
2210,E325B6D6-FFC1-3651-51B0-31DDFED765F4,2013-05-26 19:21:39.800,CD3573AA-9C54-479E-C5B4-ADC42952CA61,49,0
2211,EB4C77A0-AC63-BB77-D9CD-60168F8F9317,2013-05-28 09:20:57.253,AC7228A9-F514-4254-215A-834E8D4B3BD4,49,0
2212,EB531026-C0B8-2DA0-28D1-5D294E162303,2013-05-28 09:28:09.517,AC7228A9-F514-4254-215A-834E8D4B3BD4,29,0
2213,F19CD64B-9BE3-7CB6-B293-2086A385D104,2013-05-29 14:46:27.667,F19C120E-E438-FF10-97B1-456939B4C9F3,49,0
2214,F1A36BD5-A465-939F-FAE5-309DDAA81392,2013-05-29 14:53:39.160,DD61C1EC-BD64-4A2A-0DDC-57CC0D49DB9A,49,0
2215,F2EB5384-C38C-CB00-9F9D-1E094B5B1ED7,2013-05-29 20:51:48.743,8F9C6A80-90D3-1B52-7F1B-9D7F553741FB,49,0
2216,F4278BBE-051A-4593-5B0A-11989A557405,2013-05-30 02:37:12.517,8AD021E7-9506-E0A2-DFFB-FEB71718AC60,49,0
2217,F435669D-FA9C-C077-FFEC-3941A970938C,2013-05-30 02:52:20.623,F1AB759A-054A-AF9F-C575-D795A7A8AC31,45,0
2218,FAADE14A-0870-4B2E-820E-97FF65B4BC9D,2013-05-31 09:01:39.537,E56A46B5-B1EE-9B33-01A8-646887EBC362,49,0
2219,0E92039E-E4E8-4FF4-EFFB-80B0CCC0CF84,2013-06-04 05:43:37.643,999C5392-F6F2-1080-0289-8709BA7A6C6C,49,0
2220,218FF4B3-DE70-120B-E4C1-E760E207A3F1,2013-06-07 22:14:09.903,1B0E90E1-A9A7-F69A-4D6A-82ACD5DDEF60,49,0
2221,5DD1616E-A760-ED4E-7162-3B96C9A0AD3D,2013-06-19 15:02:50.483,F17C2CDD-9785-F796-416B-5BD18E0C9FA6,49,0
2222,91A454D6-0A53-EF96-717D-7FE427A3AF68,2013-06-29 16:33:53.373,7320B89A-D2CC-642B-F567-F6E0372C7B01,49,0
2223,9526347B-9878-6E62-FE14-2AA2F4DAF1BB,2013-06-30 08:54:36.417,32514AAA-B205-ACAC-5149-03D30AAB22EF,49,0
2224,A0AD4826-B80E-0F49-EA63-3A3CD535EDC9,2013-07-02 14:37:58.187,5F97FD57-EDF4-7B47-5FCB-1531CDC188F3,29,0
2225,B67E6CD3-BF7A-CF17-E872-C652215E27F0,2013-07-06 20:18:26.137,0AD73E8E-A2BF-71CC-8F4C-43EA4563795E,49,0
2226,BD555D76-FC0B-ADFE-DC55-96F8CFDE4964,2013-07-08 04:10:55.737,E3D5ABA2-A356-FC5C-5684-344610461AFB,49,0
2227,F1A6AE0C-B11C-7370-E0A3-CC2B6419AF26,2013-07-18 08:00:00.023,10E098E9-AD1F-A3ED-835C-D846D303ECE4,49,0
2228,F510F68D-0295-4220-F768-BFF6CE45119A,2013-07-18 23:54:57.040,17D387AF-E70F-9109-E7F6-4C1CBC7E7352,49,0
2229,FBA30DE1-EDB8-7706-D4C0-07B5FAF8C62A,2013-07-20 06:32:14.563,A6562349-F33A-504A-9550-F2523DA85718,49,0
2230,1671C6AE-E271-4DF7-07C2-AAEF78B9CD26,2013-07-25 11:28:09.917,C7B7D1F7-A0B7-2033-25CD-B574C172E8D3,49,0
2231,225753BE-A45A-FC5A-66E7-171E5116DA8A,2013-07-27 18:54:43.137,AE2BAF66-B110-26C8-19EB-947A6794839E,49,0
2232,3F016278-9420-D948-198A-9E13B46F1DA9,2013-08-02 08:29:50.077,92EDC7E0-D3E2-974F-141B-E3CF877B7B88,26,0
2233,5BB26B5E-E24D-59B2-1D90-C0D2DCA98D61,2013-08-07 22:12:34.273,45238E42-DC7A-B604-8D13-04FBDEFA5DE0,49,0
2234,74B04A3A-F977-CD63-99F7-E3533CE32210,2013-08-12 18:40:45.117,754F3E97-BE51-C494-4F11-63F590233094,49,0
2235,7B2FAF48-916E-A7CE-9EDF-E51ACD0C317B,2013-08-14 00:57:37.473,7ACABBBC-E441-9D76-9B1D-797720BC3713,47,1
2236,8188F26D-93D5-7B18-9E56-1E6E08DE7654,2013-08-15 06:32:50.547,4290DA5C-C6B1-6C1D-F917-703BE9351071,49,0
2237,87AA0B33-D9D1-FE37-7281-AA9EEBBFD037,2013-08-16 11:06:42.870,17153E20-F8BA-276A-AAFE-CD6D92BF6849,49,0
2238,8AE83C13-00A0-862D-A39C-5573FD1297B8,2013-08-17 02:13:30.260,BB29F05E-E9E8-72D0-5DFA-C0BDE3F7530E,49,0
2239,8DB59AC2-9587-CE24-EDA7-DBBB141D5B09,2013-08-17 15:17:03.817,8AA4FFA3-0E41-C86D-67F6-A9F4F0B1BBA9,49,0
2240,B765DC26-D6FB-E9FC-A4E2-586E7E553145,2013-08-25 17:34:00.750,B112CD6D-C594-4890-F801-C166AC774E74,49,0
2241,F251F396-B784-8526-1DB0-6AFA633717CF,2013-09-06 04:09:51.770,ED36E59C-F65D-92CC-27C9-0D7372FECFFF,49,0
2242,F3191310-D549-68AD-68F4-B66292341F05,2013-09-06 07:47:21.560,C4B0E5D8-FD81-137B-CE0F-1F8B5A72CCE9,20,0
2243,F54CD526-DE32-3E61-5C63-097D557D6E57,2013-09-06 18:03:07.943,72F3D42A-D4FF-313F-5430-EB9F8DCFD105,49,0
2244,2C009D8E-E234-45EB-F3F9-DC0AF658C69F,2013-09-17 08:58:59.867,7573CE0D-F0FC-8F4C-C18A-6BFAB5712A4E,49,0
2245,2C3A8F31-C19F-B208-E26B-B9C6DEEFDF9D,2013-09-17 10:02:17.267,DBE0CF40-A743-AE46-65B7-EA4010A1462D,49,0
2246,3253D41D-946C-8CAD-7DAD-9935032038B7,2013-09-18 14:27:36.607,9133C45D-C173-5B3E-C570-B874CAF6E1A4,48,0
2247,4B32575D-A4EB-5BE3-2E56-B9CC32CF5F5A,2013-09-23 10:21:32.383,D182B72D-0FF6-C66F-2EA9-AB91E03C4EAA,49,0
2248,5BC36DF1-CBA2-1971-60A5-87119586A98F,2013-09-26 15:33:56.340,02500218-DAC2-453C-8D91-74E9ABFCA915,49,0
2249,73DB409C-B275-57FE-2349-31D794ACC404,2013-10-01 07:50:50.783,DE6E1514-A462-3BED-1DCB-13296D04A669,49,0
2250,743CD847-F676-7638-B417-E99E1DE6B971,2013-10-01 09:37:26.603,78D45A5A-AC29-8BBE-4F1D-B57670724B53,49,0
2251,76DB4863-A608-D08C-E6B8-A1255B01BDE4,2013-10-01 21:49:44.423,FC40D986-FC01-E628-408C-F0ABB96BF624,49,0
2252,7BD3A6FA-E6B7-11B7-FBB4-77346F1A84DF,2013-10-02 20:59:30.490,931112F8-9FA0-B52F-39E9-0E7010A049D9,45,0
2253,7D22F0FD-D737-777B-23DC-916C75EEC57E,2013-10-03 03:05:43.937,7CEE85EF-AFD4-7976-43BF-89DCF99F685B,49,0
2254,7EBA17DA-BFA7-BD7B-7167-2D2A64CBA7F2,2013-10-03 10:30:27.037,E4EF7B37-C8CB-4C5D-776E-746C29540F30,49,0
2255,81066E68-BB7B-B2A9-47BA-97896CCE8227,2013-10-03 21:13:04.363,75D8BFE4-F683-FF90-398C-6CB4A04F4540,49,0
2256,838F1EFD-E881-52F1-3CAB-9BFBB5987BBC,2013-10-04 09:01:36.897,F7897A52-F5FF-BE52-8E52-041F03009DA1,49,0
2257,8591E084-0A56-EE00-6B03-CF959CDEFC3C,2013-10-04 18:23:51.943,6855A3ED-AB07-3333-EBC3-6EEEC8F80824,33,0
2258,944BBF72-C516-7386-3763-D999CED78627,2013-10-07 15:01:34.197,86CDD2B3-BA3D-554C-C5C3-E65E902E8CEA,49,0
2259,A3870EE5-0A8F-4298-78CC-A37274C755CC,2013-10-10 14:00:39.407,CDF676B3-C0E8-5343-72C9-FF2EFD819CA7,45,0
2260,C34FB623-9B07-02CD-F3EF-7CE335A98D0F,2013-10-16 18:08:03.110,C34553EF-A404-BB20-03CD-1CF146B23C8B,49,0
2261,C88B1A8B-C042-14C2-AACD-22DEA6EC7A5C,2013-10-17 18:31:01.517,C48B9B93-F885-23F8-9A8C-D770B2A2D057,19,0
2262,D1540C13-0E28-1E28-DEE2-D5FC49967F4E,2013-10-19 11:27:28.323,1642DD35-BAC4-359F-D93F-432AF3F4DEAF,34,0
2263,EADAD926-DDD3-AEE2-B197-E18CB05B9DF7,2013-10-24 10:25:13.000,11EB5D6C-D9FB-9A8C-96ED-EFA27BEF434D,49,0
2264,ED4FFCEF-FA34-AF7F-93C9-2CB70A17688B,2013-10-24 21:52:24.307,5B2100A8-E66A-FE61-E4DA-66C8E5236DD5,49,0
2266,FBEC9F2D-A512-09B4-A57F-613027A4ECE0,2013-10-27 17:58:12.307,FBBFC691-D93C-5BA3-B6B3-51335CA59CE3,48,0
2267,010AE25F-E8C2-F148-06C9-D1339D256328,2013-10-28 17:49:19.847,D6233DFA-ECCF-499E-A886-C5140B118E3A,18,0
2268,041E38C9-EF8F-D939-2FA6-F17E0647D16C,2013-10-29 08:09:18.803,D0203E4C-A874-1941-2118-292EAC0BAAD7,50,1
2269,042CB88D-ACE9-EA85-FAAA-CA9835096080,2013-10-29 08:25:09.010,8F413807-A2C7-C4DA-C583-D45320C4F299,50,1
2270,0439A9FC-AB31-765D-D785-22FD88F69247,2013-10-29 08:39:17.247,D182B72D-0FF6-C66F-2EA9-AB91E03C4EAA,50,1
2271,06E5D5C7-F587-4C88-63B8-E548CC090E1E,2013-10-29 21:06:35.083,42EA3467-02D1-E6CA-4CE8-348E6B2B7D4E,50,1
2272,09A1C102-0DCE-9081-689A-0B596810A8D1,2013-10-30 09:51:04.980,0BBC569D-9E66-E7E6-FED1-4C121797A365,48,0
2273,0C2D4EFE-0E3D-4F3C-11AB-A9A0DEDA6213,2013-10-30 21:42:45.247,3B43FD8E-A9F3-4B1A-74CC-255ACCD77E11,50,1
2274,0CC37B8A-D09E-59A2-38D4-7CE4FAC7741B,2013-10-31 00:26:47.053,93626E92-93B2-5BB2-6981-C2640420AB77,50,1
2275,0D4E6F38-A2D9-B0E0-D06F-BD446CE356D7,2013-10-31 02:58:33.400,832A052C-C04E-43FB-448D-B67EB064D8EE,50,1
2276,0E279240-DC7D-D45E-772A-BD2BEF58FFB7,2013-10-31 06:55:43.683,7F1D73E6-0B2C-2CB3-30F6-BF2A4789B25D,50,1
2277,0E553576-E73F-92D8-0B7B-8EEF4F58781A,2013-10-31 07:45:34.583,EAB2EB7F-9261-8FF6-5A32-23A523638B5B,50,1
2278,0E5583B5-FB4F-74E8-3C30-03AF192C5FC0,2013-10-31 07:45:54.617,5CB04AA8-D04F-4C70-0E9A-31D162487D28,50,1
2279,0E59290B-BDED-1B34-82CD-A0DED00605FA,2013-10-31 07:49:53.550,15FA6EED-D811-28B4-AA06-7D6D8F5A134E,50,1
2280,0E5B6B65-9DA2-34DC-B0F3-D5B2613EFC65,2013-10-31 07:52:21.607,5E1E679C-DD5C-5D61-1C5A-44AA94B6A864,50,1
2281,0E5B7E39-B368-6F66-B5E4-E17615EF239F,2013-10-31 07:52:26.427,EC80EC5A-B39C-4D6F-A669-50598EFD0AD5,50,1
2282,0E5C98EB-B13A-3149-C2C0-F9F6CDDA5A7C,2013-10-31 07:53:38.797,ADC4B0AA-F291-8217-4173-51E3A91FA72D,50,1
2283,0E5FBDE8-02CF-9F30-CA59-3E7F20035C00,2013-10-31 07:57:04.877,8EECD4B5-F54B-6DE3-839E-6C0BF6698739,50,1
2284,0E5FD6AF-9963-5AD6-336E-2FC11A3F895E,2013-10-31 07:57:11.217,91414156-F4DE-4FAB-3319-71071893A225,50,1
2285,0E6277F7-AC34-22C5-E537-584DD7CF0D4F,2013-10-31 08:00:03.577,0FB636AC-DC86-4D2A-93CE-1FF6A782A6E2,50,1
2286,0E658994-C1C5-D313-5BFA-214AABB3DFF7,2013-10-31 08:03:24.697,A8BA185B-E879-E972-A6D8-4D74EE685807,50,1
2287,0E663066-EDDB-0CB2-40A7-898BD0AF9BC3,2013-10-31 08:04:07.400,CE68FDC0-F0D0-0801-E117-63D149258526,50,1
2288,0E6B3289-C300-95DB-6CFD-03DB0123B923,2013-10-31 08:09:35.627,0BBC569D-9E66-E7E6-FED1-4C121797A365,50,1
2289,0E6C7E9C-C2AE-0590-3488-FEFA52529EF8,2013-10-31 08:11:00.640,0FED8DB2-9A0E-A1AC-927D-3EC6D2D97D90,50,1
2290,0E6FAA74-BF9B-CC6A-9BB2-8C8F25955273,2013-10-31 08:14:28.470,CD3573AA-9C54-479E-C5B4-ADC42952CA61,50,1
2291,0E728521-D556-54A6-4A85-2B6049339914,2013-10-31 08:17:35.527,C8C883B2-D82F-AA6F-7681-DAA3D6B562B1,50,1
2292,0E76161B-F4EB-9896-78F6-0511AF6A18EC,2013-10-31 08:21:29.247,9DBA465A-CF63-349E-0407-98C88B75BB49,50,1
2293,0E76B897-C7DA-4968-3577-C67D1DA77728,2013-10-31 08:22:10.840,93A2D224-DC21-F638-F61A-73CBD4F420E8,50,1
2294,0E788E1D-E80C-5145-DF0F-A26134A80E68,2013-10-31 08:24:11.043,2E6AE822-92F1-EA4B-E9B0-7A45B4D0ACB7,50,1
2295,0E7953E8-F407-32BB-4F2B-E621EB0BE89F,2013-10-31 08:25:01.680,26B38A5A-0D68-DBEE-F5FE-F913D45EAA87,50,1
2296,0E7FC004-9C74-C908-9B4A-DB79744076F8,2013-10-31 08:32:02.567,7F2BDA93-E300-F85D-B81C-C45E6D7485F0,50,1
2297,0E81814F-FAE6-F400-EF3B-F53E7743D2A4,2013-10-31 08:33:57.587,7CF86122-B5CA-DCA4-EE83-12FF3D0CDC37,50,1
2298,0E81BBB0-A243-368D-0538-10A28DE4994F,2013-10-31 08:34:12.537,B8BE1F8A-EE75-7724-EB0F-5E5350FB4174,50,1
2299,0E8606B2-CAE7-4359-6A32-BACDB064E4CA,2013-10-31 08:38:53.877,AB0EBA0C-01F7-156D-9536-7EB905E75A64,50,1
2300,0E8D9BD4-B6DD-8CB3-2B61-0AB13F7E7C0F,2013-10-31 08:47:10.807,6E83A50B-9855-2166-ED95-846CD52D0E74,50,1
2301,0E97A8BC-A512-D38A-FB8A-361040B03F4E,2013-10-31 08:58:09.473,A581914A-B72D-DE3F-5925-7F8B30F2F0F5,50,1
2302,0E99BFB4-9902-0913-8950-D1C74EFF80EE,2013-10-31 09:00:26.423,58C59B4B-F2E2-2896-3FB2-2664B59F4FD5,50,1
2303,0E9ACA30-D22D-DABC-866E-81D2674E6F60,2013-10-31 09:01:34.640,38749111-AEBE-C4FD-0EFD-21C805F6F3CE,50,1
2304,0E9B3289-A7F9-EC73-B5EE-4875FFABBCDA,2013-10-31 09:02:01.357,4606F379-0071-2FA7-774A-23A6CCA13778,50,1
2305,0E9C1541-BADB-F5C6-30B4-482FCF79CAE9,2013-10-31 09:02:59.393,EAE207C5-A54C-21C5-C0A9-464411E737D6,50,1
2306,0E9C4FB3-DF97-C548-537D-0C7E582B80D3,2013-10-31 09:03:14.357,847CED70-E8E0-A4C7-8F62-F902ED32C379,50,1
2307,0E9D01F4-C4B5-A019-19EC-3FD66C9D03A5,2013-10-31 09:03:59.990,F52F0B90-C9B4-B548-C295-6B0A96CB7F17,50,1
2308,0EA28A3E-D17A-6569-7D3F-05DD205C35EA,2013-10-31 09:10:02.563,5A84F491-9E69-FAA6-5EAF-8A5D7776DF87,50,1
2309,0EA72DF3-D09D-60B1-CE49-134369474586,2013-10-31 09:15:06.613,FEC878F6-F0A2-433D-E94A-90214CDD0CF0,50,1
2310,0EABE0DB-A518-18A4-338B-DDF0ADD0CEF6,2013-10-31 09:20:14.557,1047A83A-A3EB-F534-2D37-3199FB3E5834,50,1
2311,0EAC0C8A-BB83-4CC3-CCCD-5DECF19CFAAC,2013-10-31 09:20:25.740,E07B1BFE-CAA4-CF33-BF62-54A9068CDC37,50,1
2312,0EADA4D0-AD0B-9F73-C03C-4BE33785BB74,2013-10-31 09:22:10.257,41F84CF1-ED16-B508-5EBB-76F152415EAF,50,1
2313,0EB1DA49-E509-EA48-D74F-5671BD908443,2013-10-31 09:26:46.093,9228AFC0-BD10-9B89-C2F3-35D956D733B6,50,1
2314,0EB2DF31-C8CD-3BE6-4D13-0C600A17C231,2013-10-31 09:27:52.883,F7897A52-F5FF-BE52-8E52-041F03009DA1,50,1
2315,0EBDBBEF-066B-45A8-B934-9E8654216FFD,2013-10-31 09:39:44.757,17597229-C8B6-CDE8-3E4F-7BA8F9CC2652,50,1
2316,0EC56674-0AEF-A6D2-4C59-86BB3F438C7F,2013-10-31 09:48:07.157,DBCB4865-A707-9A2D-0D90-498F9387D195,50,1
2317,0ECC5E79-AA75-1209-F553-E2B2FA814D95,2013-10-31 09:55:43.867,E8423775-A8BE-BE16-3050-B7B78E1656B4,50,1
2318,0ED10AC9-0F48-B92D-8E3B-63491ED07311,2013-10-31 10:00:50.123,8F9C6A80-90D3-1B52-7F1B-9D7F553741FB,50,1
2319,0ED2C339-0D01-51FF-C8A1-4DE6AAD7C88F,2013-10-31 10:02:42.877,DE6E1514-A462-3BED-1DCB-13296D04A669,50,1
2320,0ED90998-99D2-436E-ECB1-BD97110CAF85,2013-10-31 10:09:34.110,4E4C7B5B-E22A-F30C-ADC4-98BE9A1372D8,50,1
2321,0EDAFE0C-9A46-F949-B609-DBC3FAB6183F,2013-10-31 10:11:42.223,39E50FE8-0A7C-16DD-BAAC-9145A443D97B,50,1
2322,0EDB0B05-BC8E-862C-A989-D8A4E396E584,2013-10-31 10:11:45.543,89A4A9F9-A7DE-E797-E8BF-E137D4715405,50,1
2323,0EE1DC15-C423-A5F9-86A7-5CF389DFBD01,2013-10-31 10:19:12.280,4A7D34AC-A151-778D-9513-C2E0B52AFD3B,50,1
2324,0EE356DE-A8F5-1D2B-FA3A-00C2309C269F,2013-10-31 10:20:49.247,24A846DF-0E3F-5F9D-40B2-90B7824E3B34,50,1
2325,0EF1B278-F025-7385-0CFB-D709344184EA,2013-10-31 10:36:30.203,3D9AD5FF-098A-9208-9406-4D8B132AFD45,50,1
2326,0EFA26B7-C438-4526-F060-762A5A569802,2013-10-31 10:45:44.250,8E95C259-FC16-F130-C487-C733551382AD,50,1
2327,0F0CE57D-B45B-ABE9-5E4F-E48A1932C255,2013-10-31 11:06:12.737,F7813D7A-A715-DB7B-5E01-782FF5EC0FED,50,1
2328,0F1665C9-079B-7A36-0E76-4174BAFD325E,2013-10-31 11:16:35.407,A5B8FFF9-B303-778F-EBAF-6C0357F6DFB6,50,1
2329,0F176A22-CB9C-E34C-C9E2-F53A19D64448,2013-10-31 11:17:42.057,9A687E1A-0979-7B67-3767-D7B0D9D1FBD8,50,1
2330,0F1ED318-97A0-B3A3-B8FA-64E03AE3C682,2013-10-31 11:25:47.677,77B3A46C-9FF7-7E18-ADA1-2827DAFF79F5,50,1
2331,0F24AAA5-9743-2FFD-A6C8-83158A6B696E,2013-10-31 11:32:10.537,EC665B3B-9570-E5D3-FC78-4250E4C79916,50,1
2332,0F25FEFF-00D8-003B-03BD-EBD4C45F16C2,2013-10-31 11:33:37.667,090CE16D-0E55-3988-8CBB-01B7F56E5791,50,1
2333,0F26806B-DFDC-22B4-346B-1796D55F1DCE,2013-10-31 11:34:10.797,AFB9E62A-F0A1-E00D-3916-2BB4FFFC5025,50,1
2334,0F33C008-A168-E649-951D-69A8C219083D,2013-10-31 11:48:39.050,8881FB90-FB08-E81B-55ED-CA735AE8D424,50,1
2335,0F3833EF-D0F8-8CBD-6F08-35E9686E077F,2013-10-31 11:53:30.867,AEBCEF05-D401-9916-A8F1-817E5EDB6B18,50,1
2336,0F39C304-C362-4079-43B0-9C4EFBE44E7C,2013-10-31 11:55:13.040,DED01CA8-90C9-77CE-18F4-5281B4A83192,50,1
2337,0F3B4E30-0723-3B5D-4F45-179629F3F391,2013-10-31 11:56:54.197,D32C22CF-C739-690A-F79F-B3B16B0A8B8D,50,1
2338,0F3CE622-0B36-2752-808A-C87D179AC8C3,2013-10-31 11:58:38.630,DDC9CCA6-AD6F-4519-45E5-8F7957B9098B,50,1
2339,0F3D8863-C556-BC3F-CEBB-9780B2496F14,2013-10-31 11:59:20.167,E1FCFDC0-BEE2-40A3-2AAA-0DCC96549D63,50,1
2340,0F43A6B7-C577-575C-ADAE-FA0CB86DD7AE,2013-10-31 12:06:01.150,95DF6E8C-0F1D-3EE6-88AE-BEA098FF99B6,50,1
2341,0F4A0863-B147-9DA8-5C99-2BE44BE831FE,2013-10-31 12:12:59.367,6C6DC3D7-0DEA-C4EA-B469-2A1C4BC86135,50,1
2342,0F52D8C7-9CC4-4467-5568-9EFD49D97F6B,2013-10-31 12:22:37.000,8FAEB0A4-E8C8-E0B2-4CB6-0B276BD466CB,50,1
2343,0F57970E-0D9D-F329-6F85-EB3E345AC41C,2013-10-31 12:27:47.857,AA0D238C-B350-E889-A317-AB6EFD99489F,50,1
2344,0F5CE9CA-D7A4-DB63-03D1-E4E32B6FDE66,2013-10-31 12:33:36.717,F45A62F2-C52D-BD1F-2B62-A395B908AF5B,50,1
2345,0F5CF9E2-D210-FA72-868F-71B86DC403D3,2013-10-31 12:33:40.837,DD61C1EC-BD64-4A2A-0DDC-57CC0D49DB9A,50,1
2346,0F68C741-A91F-6437-55D4-8F5564FCEF17,2013-10-31 12:46:34.310,3DA47263-00FD-0434-1151-E15B1B8F0809,50,1
2347,0F6B90D1-0EB6-7F25-400A-5238E3775754,2013-10-31 12:49:36.980,63496163-E375-E240-FBE6-F35D6ADAA60D,50,1
2348,0F6BF7AB-EDC9-71FD-0AB8-6B5004819ADE,2013-10-31 12:50:03.310,94196360-AFD0-C6A4-089D-8107305339B9,50,1
2349,0F6E8D3D-F81E-9356-BD0D-CD8D65F84E67,2013-10-31 12:52:52.670,48B8AED1-AD27-B4A9-C24A-2EA46F62FD3E,50,1
2350,0F749763-95CA-1DF8-05C0-2E30EEF64215,2013-10-31 12:59:28.487,D6DF7736-90FA-C6A0-0AAD-3490B63943EA,50,1
2351,0F83DE48-AE87-C4F6-DADD-76B5278C717E,2013-10-31 13:16:09.677,19923DAA-B71D-4650-5AE5-9987FF71B4F9,47,1
2352,0F88316D-9E72-065A-5F95-DE6E34402FD0,2013-10-31 13:20:53.110,0CBEBC43-04F3-806F-4EC2-B41A486B60A3,50,1
2353,0F9CE3E8-A76B-E443-1038-3412987CC6C4,2013-10-31 13:43:29.517,379EC9C2-DB81-90F6-F274-A5EAC03A97B4,50,1
2354,0FA06062-9DCF-BAAB-D378-66F553A7E87B,2013-10-31 13:47:17.987,AABD0A8B-D3A9-EDA0-0838-FAC71598BF3D,50,1
2355,0FB4C31B-D672-F509-BDB5-3D60B242B2E4,2013-10-31 14:09:33.990,23D93462-0668-8BAC-E0D0-9154D36EB96F,50,1
2356,0FB7BED0-C47B-2B74-CCC8-56649D2F631F,2013-10-31 14:12:49.490,34EBAE6C-D6D5-51FD-7CF4-4F1C8A5D520D,50,1
2357,0FCEE094-AA0A-6ABE-8E09-BDD453FAE3FA,2013-10-31 14:38:05.463,C85B7456-EDC7-0BD2-099B-ED6998E61CC3,50,1
2358,0FEAA83B-FA4C-BFD4-7436-C54864F8B0EF,2013-10-31 15:08:26.043,7CF7DCD4-BD25-E713-DC0E-0C4E2CB5C71C,50,1
2359,0FEBD67C-CB12-BA24-505D-01BB2A9DB441,2013-10-31 15:09:43.423,D60C8E31-0CF8-49E3-8A24-75348AC1FE09,50,1
2360,0FEFF921-0531-9EE4-7D27-9C1390D9432B,2013-10-31 15:14:14.437,E561AF77-B84D-A95E-525D-8063477D04C6,50,1
2361,10187BDA-E7DC-7425-D653-0E19A33EC50A,2013-10-31 15:58:29.343,A7021747-DE43-2EE8-6C15-69587084AAA4,50,1
2362,101999B8-D311-B3AE-0779-5A80122F433A,2013-10-31 15:59:42.523,DC237190-DAE8-5484-B88B-01A99AD18AA8,50,1
2363,10238385-E70E-0CA6-033E-E7EDFF1812F6,2013-10-31 16:10:32.203,14183AE9-9BE9-9A00-4D79-6F2622106686,50,1
2364,102D42D5-9FE7-E0CA-976D-A470498D595C,2013-10-31 16:21:11.003,F2B66AC1-C2D0-2573-7648-EF20AF11F70F,50,1
2365,1050D033-9EC2-8AE6-35C8-2081D6AE406F,2013-10-31 17:00:00.950,BABC7749-DAC1-7611-BE72-9A883D782149,50,1
2366,105A115D-09B1-A177-3D8E-170F8537FDF3,2013-10-31 17:10:07.463,5E071A59-F829-AA85-8848-96F3810E9CE8,50,1
2367,105BECBC-D40C-3842-46D6-3CA1D09C1C24,2013-10-31 17:12:09.150,F149E235-F9F9-8A55-75B2-A2E18B17AD5F,50,1
2368,106F13BA-05A5-D820-FF32-5EA13173F004,2013-10-31 17:33:04.317,AAE9D5A2-F666-23F6-E42B-30811578C466,50,1
2369,10822E3D-B7FB-A592-6609-8FDE54F374C6,2013-10-31 17:53:56.287,107084D6-B5B0-9CFF-1313-02D1E5AA7D91,50,1
2370,1093A8C1-94A0-A84F-665F-ECCB2DA28727,2013-10-31 18:13:01.763,2FCDA448-ED8E-B831-F615-B0D611B65116,50,1
2371,1095F051-A21D-EC27-9FFC-14726FF9284F,2013-10-31 18:15:31.157,90AADB92-C23F-D2CE-5BB2-4C0A36A405FA,50,1
2372,1097CAC1-CBBD-509E-90E8-EC0CA7408600,2013-10-31 18:17:32.620,8EF540F7-BDA2-722E-4530-09E78DE8281E,50,1
2373,109A8E6B-9567-E89B-1BA9-0142D61DDBEB,2013-10-31 18:20:33.777,C0C2B499-92FD-3C04-1836-A0213551BFA9,50,1
2374,10A16C2B-E764-997A-ED2E-A700253A19D5,2013-10-31 18:28:03.757,10290F9A-E987-3433-3F25-03A869EB0F03,50,1
2375,10B1A77D-9D19-32B7-09E3-99016D7711B3,2013-10-31 18:45:47.520,839A4519-A6D6-1B72-36EC-28918F45C19D,50,1
2376,10C06DC3-0097-0FC1-3EAF-41E82C9014AB,2013-10-31 19:01:55.780,10BFA3C3-EBED-DF2A-7E14-E85C80A1B8BA,50,1
2377,10CCE99E-D688-30BA-8257-A3A1431430F3,2013-10-31 19:15:33.920,FF87FF49-9BCC-0278-20F1-8F3ACD56B45E,50,1
2378,10CDB9DD-0896-C92A-16F2-9BA3956E46DB,2013-10-31 19:16:27.233,3CA605C8-CE30-43D1-19E4-FA7B5F909B86,50,1
2379,10DF7C33-9A53-011D-F3BC-C73845597C11,2013-10-31 19:35:51.107,114433DB-D717-89BA-6E8C-3E103D9F54DB,50,1
2380,10F876FD-A16A-4831-FBC8-D67DCF3CD7B9,2013-10-31 20:03:08.160,AA81EC2D-CB7A-00C8-A4B3-680CF687AF37,50,1
2381,11104C91-F143-3CB2-DCB8-ACF80B603DDF,2013-10-31 20:29:10.163,ADCFDA97-9A89-A762-6601-B5D33C0E165C,50,1
2382,11237F96-06F3-8F12-FC0F-450FEF937028,2013-10-31 20:50:08.420,F3264B96-0283-9295-ED3C-D64208FC83A2,50,1
2383,1124768F-FA32-EC87-2557-EB5EA80D1E6A,2013-10-31 20:51:11.633,E6498647-B5CC-C4BE-EF04-DEF82567681E,50,1
2384,11745525-A288-B315-270C-E332732833FC,2013-10-31 22:18:25.960,9F5E7EDF-D14B-9C8D-63BE-A38B43BFDC62,50,1
2385,11756426-942D-C901-EE4E-A56F39A83C07,2013-10-31 22:19:35.337,D5F2D339-FF9D-F452-C92B-8B8553533868,50,1
2386,119BCB27-9E60-5A19-4A3E-D01A9A477A8A,2013-10-31 23:01:32.073,CD4BC6C2-0A0A-48D1-ECF6-678D173EE06F,50,1
2387,11B4D3BE-F1DA-51D3-D986-197F6E89F71B,2013-10-31 23:28:52.673,E20D419C-EEEA-FAF1-EBE1-D081D810D2A3,50,1
2388,11E283F2-F79C-A42A-B210-4953AC866DA5,2013-11-01 00:18:46.900,C06587BA-FC56-8B31-D04D-F6EE3DB09217,50,1
2389,11E66443-07D7-F9A7-B09D-47ADB05F1661,2013-11-01 00:23:00.937,03B870BD-C238-1858-8858-A88B9E8C3E96,50,1
2390,120CD7E2-B6A9-EFF1-E99A-91B1DC8D113F,2013-11-01 01:05:00.900,EE601E31-BF3B-9C4E-71F1-A8146FA44246,50,1
2391,121F85B6-A767-FA13-5ED5-AD57D35F874E,2013-11-01 01:25:25.047,21A7DED9-95C6-0C2E-431E-E317487FF158,50,1
2392,12A8E94A-CF39-E5DC-4BCE-B24572964D18,2013-11-01 03:55:28.973,017D9B71-E357-E2FC-5DF5-EBF5BD36537D,50,1
2393,12CCFEDA-A6D0-D6CD-7BBB-768C96FC4825,2013-11-01 04:34:53.787,346F91F5-D461-7364-A964-D9EEA2569300,50,1
2394,12F7CB2E-CCF3-DFB1-9CA3-989EC5E40FA6,2013-11-01 05:21:38.613,7BDE24CB-D2C9-1701-0B88-E03CC03FD91A,50,1
2395,136CC5F2-EEF6-3803-B79E-4A9E211E214C,2013-11-01 07:29:24.980,136B0812-CDA6-6170-A286-5B6EF2246B3A,50,1
2396,139FECAB-97C8-E49B-3C87-750CDD910786,2013-11-01 08:25:17.230,6B79D121-0CBC-BF2B-00AB-F9C0B0F0B56F,50,1
2397,13A4E7DB-CA27-B024-7DC5-DA1B199C339D,2013-11-01 08:30:43.680,262EF7B4-B70D-7B6F-1F8E-A7E2B6AAD0C9,50,1
2398,13D4DE9F-A105-8AE8-094E-3693EED2B86F,2013-11-01 09:23:07.040,13CF030A-0AC0-8E4A-699C-8CA12D65B858,50,1
2399,13E2AF75-D7A5-07F2-85AD-42D6D2E44EF1,2013-11-01 09:38:12.477,BA7336FE-A1BD-DA2E-7874-99F2FF64F730,50,1
2400,1455F7AB-9549-D357-123E-5ED9245F378E,2013-11-01 11:44:07.617,EC6E744E-FA95-E8F5-0596-5AF0E827DE0F,50,1
2401,1488892E-A1C9-0194-CC45-25BC02A595B2,2013-11-01 12:39:21.657,AB5796D9-B453-9CE6-20DA-0C421CE92D56,50,1
2402,14CEE9A9-EAAF-F34B-1C94-FC909C4937F6,2013-11-01 13:56:13.867,00C4237F-FC16-78EF-F4A5-CF98F2285BC3,50,1
2403,14D80FA7-F3B6-34B6-F8EC-DFDA289DB1F8,2013-11-01 14:06:13.417,1F1B6CB1-A166-685E-7CB2-7EA90A58B823,50,1
2404,150F4CED-A19C-D398-43EB-8347BE1BCD2E,2013-11-01 15:06:33.587,1AFEC36F-053F-4922-16F0-F26E21D9FF5C,50,1
2405,152437E0-F7EA-17E4-67A9-CF713EE1FC7B,2013-11-01 15:29:24.450,22C1B66B-A529-1E6E-7CD0-3A4F9FCF526D,50,1
2406,153B08AC-B884-257A-6FB9-E698D6D83EB3,2013-11-01 15:54:19.693,9EE2A909-E0CE-2720-24CE-DABBC02032D7,50,1
2407,154FF74F-E564-A5C2-75C0-0B0705D663C8,2013-11-01 16:17:11.503,84754729-9005-7C0C-0B18-0B5CCB33C89A,50,1
2408,155ACF2C-F056-0428-C441-CE3F7F94FB43,2013-11-01 16:29:02.127,A63A3C6B-BEE9-F57F-BA1F-79D978E0B8C2,50,1
2409,155F7EA1-94A0-F85C-7A95-EA843B0EBA87,2013-11-01 16:34:09.187,9814E58D-BB4B-D692-FABC-2E6240D5C0BF,50,1
2410,1562A360-B54A-DB6B-73C4-BED0BBB2235A,2013-11-01 16:37:35.203,04612851-A9F6-4373-03FA-57A2DE4649FF,50,1
2411,157DA68E-C932-53FE-68A3-0502BA9D35A0,2013-11-01 17:07:05.487,A3FD086B-B69F-3BDE-E7C4-C2AA6524E621,50,1
2412,15863A36-F1EB-0857-6561-E59D6DC5645F,2013-11-01 17:16:27.577,441FC6B3-EABF-2802-1C65-7202284520D0,50,1
2413,1598ABA3-D862-C714-1950-7485A734F5E1,2013-11-01 17:36:36.260,70FF8501-C8AB-2E8B-BE39-27B93FFD0239,50,1
2414,15C10EF2-F2C8-F0FF-609E-A1761F4D31F9,2013-11-01 18:20:43.123,F642BDE1-F17C-0B38-0946-200D16DD21EF,50,1
2415,15D4A036-E345-D773-CAD1-97A83FC21049,2013-11-01 18:42:05.497,BC3F026C-9B03-DD1E-DB10-C5D4611CC009,50,1
2416,16229194-E139-4D6F-1E5A-D6836DA27D31,2013-11-01 20:07:13.563,4E40EDB4-DCC0-9593-7328-A569229A71C8,50,1
2417,16AA2542-F2D9-9BB7-1F46-1CDC4AEBBBD9,2013-11-01 22:35:18.723,A13D8C7C-DE68-4983-F2D7-2A056435A55B,50,1
2418,16E1A2B4-DC33-2D07-6A0F-C2E1622288B0,2013-11-01 23:35:55.317,17D387AF-E70F-9109-E7F6-4C1CBC7E7352,50,1
2419,1821ED32-EDBC-1C01-CA3F-9544D2ECE489,2013-11-02 05:25:45.913,696C4C86-B793-2877-317B-C72E9A78A925,50,1
2420,1848E74F-03A5-7560-5070-2B0BCBF28C53,2013-11-02 06:08:20.310,7320B89A-D2CC-642B-F567-F6E0372C7B01,50,1
2421,18C64D83-DD57-A1D6-50FA-AB0E3374F8E8,2013-11-02 08:25:18.470,9A160535-C59A-DE3C-7406-D1C44A08A5A5,50,1
2422,191B32F1-B20C-5CE0-3AE6-DB18D4EA9503,2013-11-02 09:58:02.230,8F6599CC-9129-2818-B2BA-A16CEEE9095D,50,1
2423,19AABED4-EC1E-E822-045B-E94EDA65BDB7,2013-11-02 12:34:49.687,F77F0544-E0D3-C910-C8AC-256F7CEBCC0A,50,1
2424,19ED6801-E6E4-AF4A-F997-D856F1533412,2013-11-02 13:47:38.373,C0AAFDC3-CCD9-55C0-F4A9-5C5A17DAFD04,50,1
2425,1A05D787-9FA4-4BAB-BAD3-9197CF727601,2013-11-02 14:14:19.787,395FFADD-EF06-EF0E-BA5B-85BDA419514D,50,1
2426,1A2FAE4F-E271-DD37-A818-FF751DDBA77B,2013-11-02 15:00:01.747,A4F93C47-FE21-D880-030D-9DA0E82A4481,50,1
2427,1A6BD1E0-F8C7-0413-DBE7-D2CD9712EEC3,2013-11-02 16:05:43.010,DFACC983-E544-2B1B-8CE1-9D38411B3BC6,50,1
2428,1A910F46-08A0-43F0-A633-C3A3CEFC7963,2013-11-02 16:46:23.560,C931BB14-AC34-0BEF-616B-009FC3581FC1,50,1
2429,1A9D5E7B-B058-F586-F662-782272A24E85,2013-11-02 16:59:50.270,9F52565C-DC4A-E2D3-A6E8-AE28515D1660,50,1
2430,1B03B1E9-BD07-A59A-BCA3-9D749970DD16,2013-11-02 18:51:36.297,5753D463-E811-723C-2271-4D9BF6EF0D83,50,1
2431,1B338245-D14E-9690-C6F9-3C40958123DA,2013-11-02 19:43:49.837,CF98C504-E07D-D2C3-B4C0-5FB95EF0EB15,50,1
2432,1C04A04F-E1C9-66C6-C948-0C6536056A0F,2013-11-02 23:32:14.547,FBE9F3A8-ED23-D646-10EB-4E174C4F2CFF,50,1
2433,1F62774F-F61B-3BEE-1CA5-AD61EFD04734,2013-11-03 14:13:36.080,D8882AA6-A56F-F1D4-6A20-5A8729444969,50,1
2434,1F664F2F-90D7-9C9B-2481-87C32B3606B5,2013-11-03 14:17:47.953,9192CDA0-FAB0-16AD-72C7-16B0B4BD90E2,50,1
2435,1F97E4B0-059D-8F8C-4946-D74C657EE46A,2013-11-03 15:11:57.490,3404535B-FEB6-DAC3-6436-2C934797324E,50,1
2436,1FABCCEF-0225-619E-CFBE-6F27CC112A19,2013-11-03 15:33:42.130,18A6099F-C534-E090-2052-0E0D925C720B,50,1
2437,210ABB5E-09DC-FDBF-90CF-53BE3879DDED,2013-11-03 21:57:00.770,0643E074-A042-814C-9F1D-75754008DA33,50,1
2438,2164DFF6-E359-DD5D-3E72-84D34E13BA63,2013-11-03 23:35:28.377,18139689-96BA-A717-DACE-1CA0870B2482,50,1
2439,21EA6D63-DF60-CF26-0B81-6099A64AE33F,2013-11-04 02:01:20.870,8EBABBF8-C373-9DF8-12A3-3128AA2AA01D,50,1
2440,237FA6A7-ADC4-988E-635E-992CFF43DCD4,2013-11-04 09:23:57.610,237D86FB-F849-FEAB-64C1-CB480D591409,50,1
2441,2394B03A-FE05-4D18-8EB8-ECE1A6EEF0B9,2013-11-04 09:46:56.320,6FCC1336-B47F-C258-64B0-6593D0118F54,50,1
2442,23958552-F939-CFA4-CB52-34484B539E24,2013-11-04 09:47:50.867,1E3AD4C4-F3E6-781C-BF65-C8DD4917D5AB,50,1
2443,23E52601-BB03-551D-FEC6-18E45BCF5959,2013-11-04 11:14:49.347,9A52B0D1-D4AA-509E-4C54-EEC578763C3A,50,1
2444,24863FD4-E36A-25BC-BEBD-467F219BDD1A,2013-11-04 14:10:47.253,24813B5B-BD50-99B6-1D54-EC968E3B081F,50,1
2445,24C67FB2-A744-4A60-996E-3B8DE74F3555,2013-11-04 15:20:57.907,86B1CD79-9DA8-D036-E4E5-C6A7A8F0DD54,50,1
2446,250C89D7-E135-25E7-1470-4D4CD1961368,2013-11-04 16:37:28.027,B88F0B26-F5C9-F55C-F2B1-FB159A7BC2DD,50,1
2447,253BEE8F-F854-8D9D-0559-A3097F693CA0,2013-11-04 17:29:14.000,050ACAC7-92BB-4ECC-1B07-8E5F9C8ADE5E,50,1
2448,26435D6A-9CF0-A3D6-F011-6351CE7948B0,2013-11-04 22:16:58.350,9F7DAB6C-B895-BC9D-51E1-76FFAB59BE4B,50,1
2449,27000E53-CE94-6D94-F6CB-68DA915B3E17,2013-11-05 01:43:04.407,26FFB96B-9528-86E4-66DC-FA0B18421F4F,50,1
2450,2708141E-CF93-F0FB-9A71-B4AF1154B18A,2013-11-05 01:51:50.177,67DF3E34-EA34-E892-25B3-EC5CDCAE7B7E,50,1
2451,27829500-0401-B674-1939-F70ECCAB42F5,2013-11-05 04:05:38.563,B7034DDE-DC08-31C4-6087-63E4049BB101,50,1
2452,27DECD1D-E645-0A36-8EC0-0CA67DA29BD9,2013-11-05 05:46:22.240,708B75B8-DEED-3BFE-BFE8-5DAB9ACC703A,50,1
2453,2866B2E7-F1CC-EFCD-8557-FA82CA33FEF8,2013-11-05 08:14:48.427,F1E4B8BE-97DD-FE11-11C6-1602E38B656F,48,0
2454,286E55F1-C4F5-55FA-32CA-D66DD8BDDCA8,2013-11-05 08:23:08.917,0FA5E46B-9866-0D60-AC3D-A945FB7CE3F4,50,1
2455,28ED07EB-F8D4-C1B6-C236-D61AE8246515,2013-11-05 10:41:32.013,28E697E2-E50C-202A-B2EF-81848354218A,50,1
2456,28FCE5B1-F315-B9C2-F436-2EC1B1A4B546,2013-11-05 10:58:51.827,A959A594-F122-8620-F6F9-D38C706EA21C,50,1
2457,29056FAF-A015-AD99-3E1E-B65FFD7278E5,2013-11-05 11:08:11.440,70840215-93F8-E100-3619-FFE97D1A9270,50,1
2458,2913A9AA-948F-2247-00A6-C77249246CB9,2013-11-05 11:23:43.790,EB9E1167-F484-A8EE-4BFD-A0B394CCF57D,50,1
2459,294D9174-BC96-0A4C-EBF7-7B8051035889,2013-11-05 12:26:58.680,95C05C0B-D99A-5756-C209-FB739D2944DE,50,1
2460,29503CBF-A6BB-F746-BB6C-5FD7DA8A2639,2013-11-05 12:29:53.600,BAAB7DBD-D62E-8527-7DAA-AC4B9D33D999,50,1
2461,29D4CD40-A710-C858-6B4C-D7568219629B,2013-11-05 14:54:41.347,99E153F5-B5EA-1755-7879-DF707F8F2D84,50,1
2462,29D754D9-FC7A-F96D-726F-CA72075390D3,2013-11-05 14:57:27.133,B3A42A9D-E982-4DBE-7B5C-8EB2085FDCF8,50,1
2463,29E18E47-E196-D68B-D069-06CF7BC852D6,2013-11-05 15:08:37.193,9667FA2F-E00C-5779-1B6C-2386A05CEF2F,50,1
2464,2ACBE8DA-BF1C-BDA6-3477-450B04D8A49E,2013-11-05 19:24:35.807,63771888-CA8C-47D0-CB09-0A10DB8B842D,50,1
2465,2AFBD732-C7DA-8FFE-6A85-1EBCBA85C7F9,2013-11-05 20:16:57.017,03BCF6BB-E9AD-7A79-58F0-09B626331CE4,50,1
2466,2C27502F-07A3-F317-4A5B-9011E37EC47D,2013-11-06 01:44:03.250,8EEE2B1E-AA98-291B-5487-5A95CB9C56A4,50,1
2467,2C61E57F-D59E-D8A8-8132-70D9D9D888ED,2013-11-06 02:48:02.563,7468745F-DC0E-810F-852C-EC12B5C7E4FE,50,1
2468,2C7F2942-D28C-C051-11A3-0E420D2E39DB,2013-11-06 03:20:00.453,62CEE18A-E9BA-B993-F48C-072353643305,50,1
2469,2C91B2CB-B704-1252-3399-174A83790CA7,2013-11-06 03:40:15.310,77A589C6-B3AE-D4C9-C4B1-AB47838B6BCC,50,1
2470,2E02AE85-014A-A0C8-283A-F874E2A442E6,2013-11-06 10:23:17.003,EBC24EB6-A16F-34AB-1CEB-80646166A33B,50,1
2471,2E592F72-B045-66A2-E120-83D419B31C7F,2013-11-06 11:57:46.187,4D5145F4-963A-C412-F43C-E19BC99567B6,48,0
2472,2EC349DB-9CDC-1418-F511-6764BA9B3D06,2013-11-06 13:53:39.677,2DF0BA91-CD8F-285B-24A1-975AB8F83FE2,50,1
2473,2ECB5B0D-B3A6-EFE1-E80D-C70716CE4CBD,2013-11-06 14:02:28.373,79B4571D-F5A9-38A1-EE1F-C0932AC88E94,50,1
2474,2EF1C83A-C50F-459E-B16E-4CFFEC91FFCB,2013-11-06 14:44:26.687,7B83ECDF-FBF4-98D1-8435-7B5DE9F9D50B,50,1
2475,2F23E67D-B7AB-5727-9DE6-D5C0062A7D93,2013-11-06 15:39:11.230,064FDF68-BDC0-3375-8C5D-F0E34A4F08F7,50,1
2476,3027219B-FD96-9668-8356-EBCC1520CF85,2013-11-06 20:22:20.193,7C80813D-BC2E-8C4E-742C-5B6B8598E3E5,50,1
2477,30872B45-9D93-DDD2-4883-69D1EAAFFB28,2013-11-06 22:07:14.120,AC676AC3-B122-C182-B30A-2F10859986D6,50,1
2478,331121F8-F930-ABDE-7A7F-F3C4DFA3B100,2013-11-07 09:57:10.137,9A40B872-DEDA-91E4-2069-5806DB834686,50,1
2479,33355CFF-A438-8B19-006E-FBFE1A7CFF5E,2013-11-07 10:36:44.547,84C077B7-B4B3-D7D2-67DE-C9AB5F32E427,50,1
2480,3346C78B-E8FF-6BAF-67D0-C6B596F6DEFD,2013-11-07 10:55:45.933,84C077B7-B4B3-D7D2-67DE-C9AB5F32E427,49,0
2481,337679A0-0E18-0DE4-8A68-AF34A1987E7A,2013-11-07 11:47:51.713,555EBDD2-C37B-79C1-9EB7-1D4E9EF37A63,50,1
2482,3465A4F7-C5FB-0878-D8E2-841EE31C210C,2013-11-07 16:09:05.913,91BA9086-DED8-357C-FE2F-1988CCF2F649,50,1
2483,34BF69BD-0704-DC20-9183-D018A12F0A38,2013-11-07 17:47:08.993,AE52DEC9-94A9-C15C-5D77-9D0BE5FF35E2,49,0
2484,3BA01CF6-0E54-87F8-BB1E-38FCC82EB733,2013-11-09 01:50:20.433,76BD782B-BCC2-2A95-C89A-F83320D054D5,47,1
2485,3DBD0BD4-F055-1AE4-D1A9-326B1695FD50,2013-11-09 11:41:08.823,FDDEEB09-0294-948C-4E56-C7C96AFFE523,50,1
2486,44174866-CBCB-45FB-38EF-E84FD483AE6A,2013-11-10 17:17:25.867,440F7024-9137-C05C-CC6D-0AEEFCA069E6,50,1
2487,49DE79A2-AA9B-C199-578A-37C49AC255B9,2013-11-11 20:13:06.213,4C8B12AD-C77B-8448-44A8-3A01DC83EC4D,50,1
2488,4A295249-A7A0-369E-A53D-50B9C85A7CFB,2013-11-11 21:34:51.340,43E46150-C4F5-0973-831F-FDF3BAB85C5E,50,1
2489,4ADF95DA-96A2-3E70-2C68-4DFC0DE99397,2013-11-12 00:53:56.190,A16288F6-B14E-811F-7499-230D0DAC0601,50,1
2490,4D6B9B0B-9954-9D5E-CCF8-483E579CA1C0,2013-11-12 12:46:06.990,86ADEF6B-0872-3927-9F42-D21C84371F8C,50,1
2491,5CA563DB-C6F2-4A4F-44AA-F441C41F2FA2,2013-11-15 11:43:32.190,3BE912C2-D1BA-C088-B7C2-56FB95BF7D82,50,1
2492,5D44924A-DCB7-2F65-72AC-2D0C8F9C2570,2013-11-15 14:37:24.300,7DEBE96D-D245-2979-EC40-1309DB624D31,50,1
2493,60890789-D2E7-B130-6434-41002D7F03F6,2013-11-16 05:51:02.413,8D798C5F-D332-7309-2D7A-E50E3B629061,51,0
2494,610EEB9A-C37D-E41C-DEF3-9735691059D2,2013-11-16 08:17:17.127,EB94B20D-E5BC-736C-2C2D-7974B21EBBA7,51,0
2495,613B03F9-F35D-DD64-5302-5574B917E5A0,2013-11-16 09:05:26.910,93626E92-93B2-5BB2-6981-C2640420AB77,51,0
2496,61580EE8-A01E-0356-2D24-5164D15372BE,2013-11-16 09:37:10.250,AE73636D-EA07-F615-2CB8-C9C77A86B25B,51,0
2497,616FEC39-F822-9189-C583-F22ECD87F7DF,2013-11-16 10:03:14.237,868CD038-CA1C-4251-5E62-4E7AAAE547CD,51,0
2498,617ABB24-EAE4-FD8B-9A41-75A8DB2B93B5,2013-11-16 10:15:02.567,9BBDD5A6-C1F7-C889-0CAB-5065DD5C4FF4,51,0
2499,61A3E612-9E4F-CEFD-30BF-E533B8260647,2013-11-16 11:00:00.557,B4150ECE-D38E-11FC-621E-460DA3564904,51,0
2500,61C7E271-0CDB-28C3-12B1-860C8F699BA1,2013-11-16 11:39:18.900,60CDFDD3-AD84-C040-D976-D815FAB19C41,51,0
2501,624367D1-A6AE-1F31-0670-2A6838F52B63,2013-11-16 13:54:13.973,CEC1AABB-B899-1C1E-2EF1-1A68A2424051,51,0
2502,626A30DF-0A8A-5BA3-CF26-838BD19A58A8,2013-11-16 14:36:35.810,DE6E1514-A462-3BED-1DCB-13296D04A669,51,0
2503,6712DBB3-DA54-39F4-364A-5041273B4D0A,2013-11-17 12:19:18.457,270CC343-05C2-015A-AFC1-9F763E3BA0DE,51,0
2504,6739F2D1-C330-ABA6-0347-10586DE2A1C1,2013-11-17 13:02:00.277,93CE390B-00B5-8E4D-512D-571E83D2AB48,51,0
2505,684258B8-B400-52F5-65CA-86B16C382E04,2013-11-17 17:50:47.873,D8789B92-A6D9-6424-9A7C-AC8113AC0BFE,49,0
2506,68FC8EDC-E9E9-6640-2C8C-609478FAB014,2013-11-17 21:14:11.423,B4A0949C-F4B1-7F91-21D5-727706DDBF09,51,0
2507,6B746F4E-E6D0-ECF0-121D-DC845B8A3642,2013-11-18 08:44:22.110,AA0D238C-B350-E889-A317-AB6EFD99489F,51,0
2508,6D0B4E16-FCBE-E7E3-CF11-2A61408142B7,2013-11-18 16:08:46.803,75D8BFE4-F683-FF90-398C-6CB4A04F4540,45,0
2509,70CD536E-E561-B4CC-FCF4-67AF4B783449,2013-11-19 09:39:33.747,812FD21D-BD45-E818-FB7C-D8CA5C54F9C0,49,0
2510,70CE4218-EBC2-C2A9-BD8B-DB811B8CD60F,2013-11-19 09:40:34.843,812FD21D-BD45-E818-FB7C-D8CA5C54F9C0,50,1
2511,71018CEC-FB76-4545-CE50-1018F86473FE,2013-11-19 10:36:36.340,81161062-EC73-9C85-3B54-8DD52E641047,51,0
2512,711C0E39-DFC4-934D-D846-333B5CAEB800,2013-11-19 11:05:33.373,3404535B-FEB6-DAC3-6436-2C934797324E,51,0
2513,768DF3D8-D97A-6DF9-EA91-5D61197D2465,2013-11-20 12:28:03.803,D171B785-EBDD-BFAC-050F-A9E58C794F14,50,1
2514,77052114-E188-8F82-EB3C-0FFBD28E4E88,2013-11-20 14:38:14.170,2DF0BA91-CD8F-285B-24A1-975AB8F83FE2,51,0
2515,77461510-A2DE-CF59-BE74-29554DC11E25,2013-11-20 15:49:10.930,77302919-0BDA-D6BE-243D-6D99FBF34CA5,49,0
2516,7A732856-9254-0AD6-E01A-F9B345AC05FC,2013-11-21 06:37:16.633,597F3D50-0C9F-3D24-1963-88B360BF4FB4,50,1
2517,7AD8F230-C49C-E3DC-2AA3-4926B46621CD,2013-11-21 08:28:27.443,DE11D5AF-FE3F-D8C7-ABFB-EB6D3118BC46,51,0
2518,81310D30-DBE2-34E4-CE99-012EE508E9B7,2013-11-22 14:02:24.820,0C8E0919-BD96-35CD-A084-9C2515BF3C10,50,1
2519,84D2F234-FC2F-9289-E8A0-E3586D21461C,2013-11-23 06:58:06.390,14988A13-09B7-B412-ACBE-C4FE830D3E3F,50,1
2520,85D3FBB0-C879-72A5-CEA7-DF0333A7C787,2013-11-23 11:38:51.573,90632607-0B57-52B5-EE80-0FDA2A02F35F,51,0
2521,8A4AE54B-B752-1CC8-8A0F-9823BB3F111C,2013-11-24 08:27:13.517,CC976EBF-AF66-81D1-8CC0-61CAFC771A39,50,1
2522,8AEA3E1E-D22B-5455-B47B-1531DEAD2112,2013-11-24 11:21:16.447,F9AA26CB-FCC6-9ADB-63AB-9FA9186530C5,51,0
2523,934C4ACA-D56B-C6D5-E000-5B5DF853ECC5,2013-11-26 02:25:19.963,168F1455-E41E-9D13-2B0E-D154BCEF8FB5,50,1
2524,96DFC713-E143-B2CC-1F78-C603718954D7,2013-11-26 19:05:17.210,29DD8A76-FC1E-DDC6-8B48-8436233A8F96,49,0
2525,97A49FC7-E815-0797-1710-1D7A69DA56E3,2013-11-26 22:40:17.737,445B0841-EBFA-78F6-7AB9-7E3E8F434E19,51,0
2526,A2549849-9EA2-C91C-C3BE-14AFE10B05A1,2013-11-29 00:28:42.313,AB8F198E-AA57-B9E7-CE98-A669519F47A4,50,1
2527,A5CD8156-AC0C-7CED-DDF4-45752CB9A591,2013-11-29 16:39:37.943,CD2FC7E5-0E86-8562-F0BB-5079500E7ADC,50,1
2528,A9634F56-D3D4-5287-8476-88C25593669A,2013-11-30 09:22:07.197,A16F0295-FE91-53A6-BBEF-E1574EBDDBAD,50,1
2529,A97CC785-9513-240D-3FA6-0E45B4B6131D,2013-11-30 09:49:56.360,FDDEEB09-0294-948C-4E56-C7C96AFFE523,49,0
2530,AC34BF3B-A4F6-8A86-7462-38627248B205,2013-11-30 22:30:07.293,ABD67862-EA12-4702-DE0B-8824E139F4ED,50,1
2531,B4204962-FF57-588B-372F-5A1411B068A1,2013-12-02 11:24:44.133,8EB529BF-FF32-D0FD-72E8-E7E55FF55F6A,50,1
2532,B526303F-EFC2-65DD-EC3F-2FEF7E5062F1,2013-12-02 16:10:48.130,1126FCDD-9BE3-B1BF-0DFF-3EF4ED702B92,50,1
2533,BAA3FD3B-E1DC-0E21-1EA6-319514732F1B,2013-12-03 17:46:18.687,1F9E4DAE-A105-603A-D4DB-27896FDBABD5,49,0
2534,BF842D0F-9305-A3E7-9DA5-28DD567AA801,2013-12-04 16:29:39.857,8EBB4E17-BAC8-A7F9-1FAB-4BE406C57110,50,1
2535,C8EB85F3-B51A-9115-6D32-E8E3F6CC706E,2013-12-06 12:19:07.767,C8E5AA1F-CE56-9C4E-ABFA-3608F4D3332C,50,1
2536,CEE42A25-90C3-3E65-2C34-4FB7DAE60E5C,2013-12-07 16:08:48.807,04316F74-E215-6174-AB66-5DA22012B949,50,1
2537,D54080A2-E44D-527B-E989-306727843E93,2013-12-08 21:47:23.557,123FF156-CAD2-BD6A-2BE7-7A05E72A374A,49,0
2538,D54F4BAF-B578-4DF4-8C9A-84F9CC3274BA,2013-12-08 22:03:33.043,32287AE7-D962-C460-C287-49CCF1119C23,45,0
2539,D9E27C7D-0D7A-0961-D82B-2FE40A924B64,2013-12-09 19:22:48.190,4981BB70-D569-2107-4C22-9D95A50C031C,50,1
2540,E6F4A333-B37A-459C-5F0D-D59C3404085E,2013-12-12 08:17:41.560,B5AD00DB-F53D-75AD-6013-7F94000FDB10,52,0
2541,E731943C-B2EA-4B5A-B11D-E8A25CDDFA2D,2013-12-12 09:24:15.423,9B15F2FC-C3B0-A423-48EA-48BFFB0244EA,52,0
2542,E8A10663-FA0D-0D1F-2CF4-B50D9EF377E7,2013-12-12 16:05:36.357,3404535B-FEB6-DAC3-6436-2C934797324E,52,0
2543,EA278C84-E04A-E809-C3E8-3C0A71146F68,2013-12-12 23:12:09.737,CEC1AABB-B899-1C1E-2EF1-1A68A2424051,52,0
2544,ECB027D4-FD32-0CA3-61F8-5E1403EAF801,2013-12-13 11:00:36.823,787ABE7C-06E8-2B7B-BBE4-59E13CA00456,52,0
2545,F37A75B5-B296-6686-5D4F-4ACF6E8561E9,2013-12-14 18:39:18.327,9024E1B2-C52C-88DE-DE30-86C3D57870E2,49,0
2546,00AAC58A-FCDA-60F8-D64A-9917EE91A4C2,2013-12-17 08:07:08.303,36C8D3C3-B5E6-8894-FE70-E3CC26A88370,52,0
2547,00AC0CFF-F580-E444-511A-6CACFFE678B0,2013-12-17 08:08:32.130,CE68FDC0-F0D0-0801-E117-63D149258526,52,0
2548,00ACA3B3-E2C5-4BAE-C83A-C4B33A1E4DDF,2013-12-17 08:09:10.710,6BAC2BCD-0D99-F878-B0B2-DDC6901AD2E8,52,0
2549,00AD43FD-95C7-7DC4-B5BF-C1B06B292F75,2013-12-17 08:09:51.743,42FCB0B8-AB7F-E349-57B9-4ABF04FF6809,52,0
2550,00AE1EA8-EFD7-668F-492F-658EEB06C0E2,2013-12-17 08:10:47.723,53E11091-DD26-C2E9-3542-B63976767B39,52,0
2551,00AECAAD-9E1B-4924-CE0D-E9EBAC4E3A56,2013-12-17 08:11:31.760,4ED85B1B-A148-17E1-D377-C1117E2ED3BB,52,0
2552,00B00937-0FEB-0BAD-3854-EC5DE20B5E45,2013-12-17 08:12:53.307,AFD06FBE-B916-ED11-A442-237B2FA01F11,52,0
2553,00B0FD8F-AD11-4D90-F72E-C2A296400155,2013-12-17 08:13:55.857,D13A771C-EE07-B409-4CC5-691BAA016D90,52,0
2554,00B18EB3-98BC-C048-F2CC-A05B5DC0A759,2013-12-17 08:14:33.013,65844084-F11C-B698-47AA-BF2BB0A6E138,52,0
2555,00B2205F-9629-13A9-A289-39D33ED054B8,2013-12-17 08:15:10.307,DBCB4865-A707-9A2D-0D90-498F9387D195,52,0
2556,00B2BA44-CACD-0D3C-59BD-A62632AB5665,2013-12-17 08:15:49.703,93CE390B-00B5-8E4D-512D-571E83D2AB48,52,0
2557,00B373F1-CA6C-0939-AD1D-5AB5DCF7DB2B,2013-12-17 08:16:37.237,EAE207C5-A54C-21C5-C0A9-464411E737D6,52,0
2558,00B3EE3D-F632-A836-19C0-3B7C16F32FA6,2013-12-17 08:17:08.543,8C545B85-DA23-1E9D-6650-DA1843AB0996,52,0
2559,00B55CB0-9349-338E-4408-D21011E304E5,2013-12-17 08:18:42.353,B5AD00DB-F53D-75AD-6013-7F94000FDB10,52,0
2560,0214AABB-F599-6A81-E8F3-25772FF024FA,2013-12-17 14:42:25.473,DE6E1514-A462-3BED-1DCB-13296D04A669,52,0
2561,04037E0D-B82B-50CF-7DC4-6E8316971348,2013-12-17 23:42:54.353,E2262DE4-FC4A-DEFE-E18C-55BF72F8D950,50,1
2562,0B196350-E909-11B7-9BA3-F7C0AE742F01,2013-12-19 08:44:09.817,3BB3AEBD-F17A-77F5-090C-58C1DBED4037,50,1
2563,0B6D9B53-C9C0-97AD-08D6-4A87EBA92982,2013-12-19 10:16:09.177,B5448CE3-B8EA-874E-E3A0-34C47A3EA44F,52,0
2564,0CB4196D-D643-4FFD-5633-78ECC8937AF3,2013-12-19 16:12:46.190,EDAE046B-B4DF-362A-D4B3-6629EB450A86,49,0
2565,135F5C1A-D0CA-50B2-1564-CF06680B44CE,2013-12-20 23:17:33.213,97209AA5-EA17-3949-150E-324B9580C63C,50,1
2566,13684728-0D90-A059-47F6-6B6D66D3F297,2013-12-20 23:27:17.673,97209AA5-EA17-3949-150E-324B9580C63C,49,0
2568,1CE0D8CD-93F0-DF81-A556-B60BE9E17339,2013-12-22 19:35:34.230,0C01A668-D1AF-471C-B0D7-6CA043137E5A,51,0
2569,2FAD9892-063F-DC05-AD9C-8791BF8F2201,2013-12-26 11:12:22.547,3CA6DB7A-9493-774E-BD52-FA2A71095F43,49,0
2570,2FBB2334-F59E-07D7-87B2-7019CB8B5611,2013-12-26 11:27:10.007,3CA6DB7A-9493-774E-BD52-FA2A71095F43,50,1
2571,3537C6AE-F276-20C1-39A9-A66CAE439FEF,2013-12-27 13:01:24.400,34EA466D-C45D-945B-17E6-1FC5D9D09656,50,1
2572,3974E560-9755-C837-C692-A7C64C0384AB,2013-12-28 08:46:38.820,396FD862-D97D-9FD6-B73D-95062CB5CB5C,49,0
2573,3A202577-DEDE-D9D1-D328-66105527FFA6,2013-12-28 11:53:41.880,F9C8E22F-B8BA-538A-960E-546A90F62742,49,0
2574,3A5A387A-A8C5-C24C-050A-5C2F3E38C89F,2013-12-28 12:57:07.837,42EA3467-02D1-E6CA-4CE8-348E6B2B7D4E,49,0
2575,3A96A343-F1DA-BC86-08A9-F2FCD01AAD55,2013-12-28 14:03:07.333,BAAB2922-F03D-8001-4D40-12B69B1F042E,49,0
2576,401CBDD8-EF26-2F14-A469-2D42118270A6,2013-12-29 15:47:42.043,EAE3E05A-F7EA-52BB-1C0E-6FCB71727CB4,49,0
2577,4D9AD4D1-D90D-C25C-5975-21D9669F2DFB,2014-01-01 06:40:29.267,EE3B1917-FC52-4732-8C05-37EABFEF8B2A,50,1
2578,4E943F54-AB6A-84D3-1399-83352851667F,2014-01-01 11:12:54.997,AEBCEF05-D401-9916-A8F1-817E5EDB6B18,49,0
2579,52E80FF5-BE6D-C4C0-6465-2C7BC219DE55,2014-01-02 07:22:56.803,FE7CF37A-B63D-0531-4035-D931CCE8FF6D,20,0
2580,542B0912-FC1F-3F3D-79D5-C225A59B180B,2014-01-02 13:15:43.127,1020404D-A328-CBFA-994E-75057E2882EF,51,0
2581,553EAA45-EAA3-7072-5D8B-D3CEC9D5214F,2014-01-02 18:16:46.793,6F9F6371-B0A0-3BC6-CE90-8203D4B23742,49,0
2582,5BF922CA-F6EC-4F51-512F-80F744BB0EDE,2014-01-04 01:38:10.637,A6562349-F33A-504A-9550-F2523DA85718,50,1
2583,659B271A-0ADC-DD3A-07FD-B331EB1526BA,2014-01-05 22:31:43.523,2F37E801-BE06-3DF0-7D3F-8071D29EC1DC,16,0
2584,6D5A76F0-A7FD-E5DC-678E-EA1238983B5A,2014-01-07 10:38:01.843,D4648465-060E-C466-4101-3304A57E68D4,49,0
2585,6DD7B5FC-04DA-C117-3FB0-2FBAF73239E8,2014-01-07 12:54:49.983,A88BCE5F-BE68-D589-52A6-DB92C3DFAC33,50,1
2586,73D0FF7E-A5CC-1B1A-949C-7A647A2B2FC4,2014-01-08 16:45:13.343,4FEA01C5-E827-F39C-0F8B-3027140A50CA,49,0
2587,7742B8C5-FA95-8DFE-AFA6-6C7B731808F5,2014-01-09 08:48:17.993,F0D77EB8-B149-41A3-FAE9-BE6BF9720B05,50,1
2588,7E7BEA87-EEF2-AD0E-3154-75497BA1102C,2014-01-10 18:28:06.793,50E290AC-E612-9AB6-A53D-A9908E825C5A,50,1
2589,905F954C-DE5B-74D6-34FD-511F39884753,2014-01-14 05:50:19.860,BA621619-F1FE-D35C-93FE-34E000C6315F,50,1
2590,9BCE151F-F5DE-231D-25D3-E9443F3B94C2,2014-01-16 11:06:50.913,5A8E1AAE-0828-95DE-D06B-5CE2A7FBD2E5,50,1
2591,9BD4EC7C-EF55-6F23-2C61-9F433CFE78E5,2014-01-16 11:14:19.263,5A8E1AAE-0828-95DE-D06B-5CE2A7FBD2E5,49,0
2592,9C238775-AC3D-DE0B-4D3F-E67A8FE834DA,2014-01-16 12:40:10.747,F1C265DC-DD9A-21E7-592F-328BAED5EEAE,50,1
2593,9D7A10AB-CF48-234E-BE20-60FBD71D3275,2014-01-16 18:54:19.180,29AFC6E1-E7DE-7202-B7FC-324CF8A96F9A,49,0
2594,A72324A9-DA6C-A63B-07A1-BECDA3762877,2014-01-18 15:55:34.827,E714141A-05DA-AC9D-CC86-0DA6D27F0DA9,50,1
2595,AFE5B656-C237-89B8-179D-DD845F0120B2,2014-01-20 08:45:03.833,AFDDFCBE-07FC-DEF9-2EEF-F186E3AA55C1,50,1
2596,B0985C87-0C15-AB4C-40AA-53988DCA5812,2014-01-20 12:00:11.787,A4C7E5E9-FD14-E642-79F1-3BC647214DA3,49,0
2597,B747E80A-E64A-6EA7-3AC3-0EAC223ED503,2014-01-21 19:09:39.597,81F7F555-CE39-A3A3-1C05-F2131F0B6CD6,50,1
2598,BC2B3976-91A1-AB52-E783-56EF645DADED,2014-01-22 17:56:25.977,4981BB70-D569-2107-4C22-9D95A50C031C,49,0
2599,BF61D3E3-F959-1E20-C580-6AB87C08F7ED,2014-01-23 08:54:56.103,4A77C5E9-95E2-11E6-F38B-FE3B33AA6290,49,0
2600,C01FEB1E-B036-EE41-5677-00B8B3982733,2014-01-23 12:22:33.887,A9301FA6-9832-BA5B-FA99-80FA8213523A,49,0
2601,C3B7CCB8-F2EC-D6B6-7114-13707136FD08,2014-01-24 05:07:19.230,A6691A88-D2B4-0212-E12E-0453F23DD120,50,1
2602,C53D9C53-C773-891E-6D77-5A2518A325E7,2014-01-24 12:13:05.877,FA9E6300-F716-4ADE-34DC-E42ADE3609D7,49,0
2603,C9F4C802-A47F-0B26-8BA9-E6E1953CF20C,2014-01-25 10:11:39.010,775240E8-93A7-87FB-4183-80295E3B93AE,50,1
2604,CA656E62-F3B3-4DDF-3EA4-8A038F538A84,2014-01-25 12:14:41.637,D5123985-C931-3D55-5AA0-D47299DD433A,50,1
2605,CD37CAF8-B9A2-0C39-A790-982644610F4D,2014-01-26 01:23:42.333,BA2007F9-957C-7A9A-7698-42BBE14CDA49,50,1
2606,D40E65A3-041D-2560-196C-5559591A5119,2014-01-27 09:15:51.850,AC93E7B2-A43F-51E6-2299-BB1AD3A0920E,46,1
2607,D4146841-C3D7-CBC1-80CF-114565C8B653,2014-01-27 09:22:23.813,AC93E7B2-A43F-51E6-2299-BB1AD3A0920E,50,1
2608,D9A1BFA1-A33A-DDE8-D052-84FC9F05FC41,2014-01-28 11:14:52.837,DEA60DAD-9ED7-0091-0715-DE8734273B3A,50,1
2609,F1A033EF-92F9-11B0-DCAB-6F9A564E2F63,2014-02-02 03:04:04.723,F0D77EB8-B149-41A3-FAE9-BE6BF9720B05,29,0
2610,F2772FC3-EFA4-87ED-5C94-564157248230,2014-02-02 06:58:53.893,F26F30C0-D65F-FC97-E460-331208B9492C,50,1
2611,F2C2FAFE-EF43-AF41-E9B8-6473E379CEB9,2014-02-02 08:21:41.120,F07BAEE0-9A32-11DE-AB98-C33B956E1362,50,1
2612,F4BC876A-D906-56F4-D17D-6B86CA8380B5,2014-02-02 17:33:52.747,F4A3DC53-BC5F-E473-135C-B84F28DDA369,50,1
2613,F5C23002-07D2-C9E9-55DB-FFBDEFC25965,2014-02-02 22:19:40.803,444886E9-A7AA-879B-E6C6-2805F26F6D80,49,0
2614,F94BA0F9-ECC3-74FE-688C-253B7C37306D,2014-02-03 14:48:39.807,A6F821C2-A82E-A774-0B6F-427DB5606BC5,50,1
2616,FF3AA814-A384-18A4-7764-EB1B2711010E,2014-02-04 18:27:50.807,4F22CFDE-0A66-5C24-D0AA-AFF10BE5D761,49,0
2617,005BDF29-C6B7-7C02-8C7C-549184BFF433,2014-02-04 23:43:44.810,2CD5F9E0-D558-5164-A153-E9627965112F,50,1
2618,0177F41F-F5EA-32CF-AB81-A1557B1B1975,2014-02-05 04:54:02.403,D391A664-AE1D-800F-1791-D2A7DB375E68,49,0
2619,018FF6B8-0B1B-5AE6-6D8D-AB2F675D7671,2014-02-05 05:20:15.930,D391A664-AE1D-800F-1791-D2A7DB375E68,50,1
2620,07B2C31D-D747-470B-D22D-07F44F68FC3D,2014-02-06 09:55:59.777,78EBCA38-BE30-3BC8-0BCD-4B22831DD5BB,50,1
2621,08080EED-FB4B-B2E0-A945-045814E412A1,2014-02-06 11:29:09.743,C0D281BB-DB34-EB98-0FC1-26FBB8EC9444,50,1
2622,12897BCF-E100-83DF-3D2D-D943FF9D1DC7,2014-02-08 12:26:43.920,64006AE9-D8C7-0C6E-E557-1E00470E20D3,49,0
2623,272A2703-90A8-83AA-F08B-AB32B56994F1,2014-02-12 12:34:37.833,A1284AFB-F335-56E4-A240-93BB69C09D57,50,1
2624,375C7927-B245-EB35-028F-D197331869CC,2014-02-15 16:03:31.113,36E7E7FB-0DDD-03B8-63BB-3F9E0F643F9F,50,1
2625,3774B73B-AC72-B585-A005-8E4BC5785B24,2014-02-15 16:29:59.870,1524DCF4-E040-B4A8-6B0F-6CF20923221B,50,1
2626,4F826B68-A104-6046-893D-267CC5B9A8DE,2014-02-20 08:35:51.150,BB457E33-D771-6594-5DE4-5AA53A918968,49,0
2627,57C6DED4-CD8E-1EE2-D4DE-202DB5338AA8,2014-02-21 23:07:34.870,57C6B111-B330-E4AC-B51F-36168D9BFA60,50,1
2628,599B8D4D-9A54-1230-C6CD-06937CF9DC22,2014-02-22 07:39:30.383,BB457E33-D771-6594-5DE4-5AA53A918968,50,1
2629,5D3EFEB3-9B77-9E98-EBCD-8CFE90809EE4,2014-02-23 00:36:53.433,5D24055C-A05A-0D55-3B58-BA4F3CBDFD20,50,1
2630,5D5A5DE8-A026-AA97-5BBF-C0D24D52DCDB,2014-02-23 01:06:47.273,5D24055C-A05A-0D55-3B58-BA4F3CBDFD20,49,0
2631,6A285513-0AB5-FCF2-3D39-F1CD35A955F7,2014-02-25 12:47:12.027,6A25EEC3-079B-2B25-5465-152A62C582F2,50,1
2632,7AB3B9CD-B6F8-2D69-6266-4EB479287927,2014-02-28 17:53:22.773,81F7F555-CE39-A3A3-1C05-F2131F0B6CD6,49,0
2633,84C1BC93-D3F8-23A2-861B-81C71089CEA5,2014-03-02 16:44:53.140,7AC7FE57-08FB-97A0-F23F-C7E377D6FC84,50,1
2634,8F2F3A92-BFD3-B048-FE85-ED7156EE8038,2014-03-04 17:20:40.983,5A07BFAB-D464-6D53-A654-459C54FF4349,20,0
2635,92A291E2-E5BB-9608-E4D0-9220FED528E0,2014-03-05 09:25:31.623,6B79D121-0CBC-BF2B-00AB-F9C0B0F0B56F,51,0
2636,97C435DA-E160-B975-56EF-886BF88DFAD6,2014-03-06 09:20:22.367,8D7F8F10-E43C-2545-28CD-71F59DE941E1,50,1
2637,9D8E666E-DDDA-BF3B-DED9-C87C5447786B,2014-03-07 12:19:19.153,8EB529BF-FF32-D0FD-72E8-E7E55FF55F6A,49,0
2638,A0F46629-C504-7136-131F-BAD44DD38F75,2014-03-08 04:09:35.490,A0ED8047-015F-E792-A88A-E30AF189BA4C,47,1
2639,A33F7261-C1A7-38E5-95E6-29E4FB4AA0F7,2014-03-08 14:50:48.173,B2584190-0588-D59F-55C7-B366B2073D2C,49,0
2640,AAB9C49A-C58F-6841-7329-3F7EF35B1CB5,2014-03-10 02:41:45.123,E9F5457B-EEC2-BD1D-D0BA-BD49A0150020,50,1
2641,B7DC3707-B0DC-8251-64D2-690F99A126FB,2014-03-12 15:54:26.440,A1284AFB-F335-56E4-A240-93BB69C09D57,49,0
2642,BF23ECF6-E059-0C1D-06B8-5838BFCDF858,2014-03-14 01:50:06.583,DF19D101-E865-1466-7414-BAD0F4119FA1,50,1
2643,C51DFC5D-B79A-00EA-390B-34282AEF084E,2014-03-15 05:41:20.617,C508B278-C6CB-B2F6-6629-D1A9044FBEE9,20,0
2644,C9CA3580-CD04-A804-9367-3EB92AAA2088,2014-03-16 03:27:56.293,2A06BB89-D571-A671-ADF8-0C1DAF19BDBF,50,1
2645,CBE548FB-FA56-265E-3A80-C2A4731A1D94,2014-03-16 13:16:45.190,F86650C0-BC35-A825-9730-CA4C18EA7A1D,46,1
2646,CC896DDB-0A18-696F-9A09-6321FC140CB3,2014-03-16 16:16:02.527,C7895770-E7EA-C34D-4345-D6C0D2800A81,50,1
2647,D5641310-9B91-FBAF-FE7D-2ADCD0003C24,2014-03-18 09:31:49.397,8AF0FB11-E942-5987-9DC5-FF7CDEC27F94,50,1
2648,D9D04F26-EE8E-C7A4-EE90-70E45A00951D,2014-03-19 06:08:31.533,0F9671E1-B129-7BF2-E281-CDC2257E6DCD,50,1
2649,DD55A377-9E54-9D08-B637-B069A56D7337,2014-03-19 22:33:01.050,9AEF03E6-B91B-0C84-DE27-5AE957C7BF3A,49,0
2650,DD5722CD-07D7-8822-F554-3F62A5920778,2014-03-19 22:34:39.183,9AEF03E6-B91B-0C84-DE27-5AE957C7BF3A,50,1
2651,DF96ADA6-9FEF-D543-4A9C-52611A62BF15,2014-03-20 09:03:17.930,DF956BA6-BC4D-CDD4-4F42-01A12AF2CFCE,50,1
2652,DFBFCF17-F7AB-C858-8B84-787C63518336,2014-03-20 09:48:13.467,3540362B-0954-6DB7-066B-C667BDE42779,50,1
2653,E0DDEEC3-D136-27BB-952C-C28FC1F7B6E9,2014-03-20 15:00:44.870,EACF5602-B8A0-C340-C9B1-323422773988,50,1
2654,E9A2676A-C5BA-B091-5304-593271F4A563,2014-03-22 07:52:18.560,C73DBD52-EFAA-15D7-3F91-AC05DB056CB3,50,1
2655,F6EBA2C6-0BD1-2694-8E32-CDB73338A9D6,2014-03-24 21:47:21.673,BA2007F9-957C-7A9A-7698-42BBE14CDA49,49,0
2656,FE816B6C-C6C3-2D48-D0CD-740855A49EA8,2014-03-26 09:08:18.420,F947A621-FCE5-60B7-D19C-2A758AA6ADE6,50,1
2657,FEC89E7C-B7E9-2E28-5B52-88E099F3293A,2014-03-26 10:26:06.473,FEC77136-C119-2976-8AED-5457D942E1C4,25,0
2658,05187891-D5E1-B1C7-F203-9A2BE997860E,2014-03-27 15:51:01.013,0517F971-0B6F-21A5-5771-9B5B80B84C79,49,0
2659,1143C8A6-FE16-8E72-CAA0-218F0A4B39D5,2014-03-30 00:33:46.157,20D07A3B-CD7D-103B-2FF3-A61C9A04F146,50,1
2660,1DB727A3-A3D9-32B3-FC26-1CB2EF372A42,2014-04-01 10:35:13.703,20D07A3B-CD7D-103B-2FF3-A61C9A04F146,49,0
2661,1EBF9E1F-D771-B273-9F42-ECF1062CFCAC,2014-04-01 15:24:05.537,F149E235-F9F9-8A55-75B2-A2E18B17AD5F,49,0
2662,1F8F5350-9607-58FA-EF02-593D455DDF1B,2014-04-01 19:10:57.930,79B74694-B1D4-56A2-A847-DBD595C048FF,47,1
2663,27FB2641-AEA0-045D-AD6A-3C2A2935DA24,2014-04-03 10:25:41.957,30C8D84C-A8B7-578C-0B9A-ABD080DC10FB,35,0
2664,2E6F4114-B01E-4393-EA4B-393B4790A854,2014-04-04 16:30:14.293,FECC5986-EB8D-D5CB-DBE9-E2106F59BCEB,50,1
2665,3CDAE5DF-DD7F-5F81-71B8-E63C9A9AEE09,2014-04-07 11:42:29.857,8EDA84F6-BB18-575B-4116-2D41CB0FB4F0,49,0
2666,3F13FF14-E778-F5DC-A0A2-258D75A9B369,2014-04-07 22:04:06.303,49F5D405-0912-A0F1-1192-D249D5C8BDE9,41,0
2667,3F141875-93AD-4EF4-DED8-1BDBC24CFE61,2014-04-07 22:04:12.793,49F5D405-0912-A0F1-1192-D249D5C8BDE9,41,0
2668,492FB8F2-D1F1-D80A-4ADD-CF20DD6C69CF,2014-04-09 21:10:35.523,D78EDC7D-E34D-3C93-638C-84F40B957B4B,49,0
2669,4DB9740B-CAAF-13E2-7711-97EAF71EDD47,2014-04-10 18:19:30.700,6C02AFC4-05CE-661A-0744-2AF86B23E88F,49,0
2670,583E237C-B05F-BC69-C3C8-B04600C61CB3,2014-04-12 19:20:38.527,9E12CD1A-BEAA-85D5-A566-E2D4830C3D12,49,0
2671,6C799052-D121-A090-A914-D669799678A9,2014-04-16 17:37:57.333,6C77D8D6-0BA9-25D9-9724-7BC9B2EDBBFD,50,1
2672,6F84316F-9E3E-B512-9C02-F6A81FBE99E9,2014-04-17 07:48:25.587,33A1A7BC-B6B5-C02A-8B04-551A881EE6AC,49,0
2673,7644112F-C420-1C19-5D08-FCB650032586,2014-04-18 15:15:43.567,215B3FC1-A494-EE84-0445-C046CDD46F12,50,1
2674,78F9694E-AE32-9BF4-93D9-56D3DCC3453F,2014-04-19 03:53:02.547,76CAC793-B5BC-7DDE-ADA9-214AC79C333B,50,1
2675,7B163E75-DAA4-A789-8E65-DD17CF8BEEC1,2014-04-19 13:43:46.553,30E8B407-A16C-745B-2558-98407BFABC9A,51,0
2676,7B3744B4-0826-D4A5-E14F-135992254E9B,2014-04-19 14:19:50.837,576AE965-BEF3-F080-641E-CF952F7D4AF2,50,1
2677,81C23DD0-D68D-A94C-8D49-3FB39BD69C1E,2014-04-20 20:49:21.877,94F2D106-B22C-B16D-7AE8-E565E778CD6C,50,1
2678,85EBC232-9844-DFC9-C353-7ED1F50C7C5C,2014-04-21 16:13:11.607,8676584E-C5EF-1A70-78EE-0A861FB4B372,49,0
2679,8B39A276-DA64-EBC1-9D85-544CA99BE7BD,2014-04-22 16:56:21.370,7E111228-BBC8-3D5D-E564-0743AF4870A8,50,1
2680,99166705-ABDC-7796-FF2E-3225556EE3AD,2014-04-25 09:32:33.430,47778DB8-B8C8-7FE9-D03D-59636F31D724,53,1
2681,992D7692-C234-0C3B-9924-13597EE857F4,2014-04-25 09:57:44.727,59DD15FC-E00F-778C-24E7-5E5D91FB5A38,53,1
2682,99D2E8FC-D8ED-61F9-65B7-F04EEFF7922C,2014-04-25 12:58:27.457,B8D031CA-9741-3049-7D4A-6416E4A665F4,50,1
2683,A8409829-AFC4-7404-95D8-2229B4677C20,2014-04-28 08:12:56.750,C9E83D71-9CD6-73F7-AACA-4CD20ECF04C7,50,1
2684,A8465E6C-D5B3-F11C-370C-3ED9389F6D7C,2014-04-28 08:19:15.183,C9E83D71-9CD6-73F7-AACA-4CD20ECF04C7,49,0
2685,ADA2B39D-EC2C-B06B-655E-144DB157111E,2014-04-29 09:18:12.457,EB94B20D-E5BC-736C-2C2D-7974B21EBBA7,53,1
2686,ADA60EDE-E100-AF62-DE84-099379E5D3AC,2014-04-29 09:21:52.353,4E4C7B5B-E22A-F30C-ADC4-98BE9A1372D8,53,1
2687,ADCE876C-90DA-1511-6A29-490D22ABD63F,2014-04-29 10:06:04.660,4A7D34AC-A151-778D-9513-C2E0B52AFD3B,53,1
2688,ADD6CA80-C4D9-E9DB-CEB1-FCDC2DEF5A32,2014-04-29 10:15:06.123,15FA6EED-D811-28B4-AA06-7D6D8F5A134E,53,1
2689,AE611102-BFB7-3C58-670A-D1F1534AD5EA,2014-04-29 12:46:08.140,7FEF2278-D9A8-1E22-6CAE-7828FD65B64A,53,1
2690,AE661228-EE0D-43CE-06D5-A9A1815A626F,2014-04-29 12:51:36.110,905F3812-0390-9CB8-CA68-A731102A1C12,53,1
2691,AE699648-CC57-AE08-9E8C-85C8B4E87FAA,2014-04-29 12:55:26.537,19923DAA-B71D-4650-5AE5-9987FF71B4F9,53,1
2692,AE69D8AF-E7A1-7AC6-BCBC-04365E444AB2,2014-04-29 12:55:43.543,3404535B-FEB6-DAC3-6436-2C934797324E,53,1
2693,AE6A2ABD-B593-8A2D-693C-6609E00DE75A,2014-04-29 12:56:04.543,664C3476-FB6F-09D5-7C21-FB8D1BF60594,53,1
2694,AE6A6491-C5DF-1F5F-C61D-24B0C668E202,2014-04-29 12:56:19.347,F4478A4D-E65F-4822-6DA3-012ED043AF65,53,1
2695,AEBCA21A-BF84-2CB1-D4BC-E43598AF4584,2014-04-29 14:26:10.577,9D7A14F0-C0E9-78F8-5DA3-0839F5464254,53,1
2696,B04AD627-E060-E983-9A43-646775B73990,2014-04-29 21:41:05.713,3D5F069D-AED5-F160-38B1-C999A9D8B3F1,53,1
2697,B23B344C-93E6-2EBF-1129-215E92861993,2014-04-30 06:43:15.673,C2A739CD-FE64-FA73-01AC-34B16A362FFE,53,1
2698,B2BD4C78-B782-8E94-4407-F54C0ED09D2F,2014-04-30 09:05:21.537,BA2007F9-957C-7A9A-7698-42BBE14CDA49,39,0
2699,B40E036E-056B-047F-E37D-7489F5745084,2014-04-30 15:13:08.467,8F2FA444-017E-4068-866F-F3F6EAFAF45C,50,1
2700,B4957510-CABC-7AD7-B0F0-590552A6FB2C,2014-04-30 17:41:04.920,098E537B-C4BC-B7ED-5495-64619463C63E,53,1
2701,B4FFE5F7-B0DA-23E4-264E-3DBF2C41F1A3,2014-04-30 19:37:20.637,BC66593F-FCFD-4A12-117E-CB8B9842D8BB,53,1
2702,B5003DBD-DD52-A565-BEC5-7E0A75A60905,2014-04-30 19:37:43.107,BA2007F9-957C-7A9A-7698-42BBE14CDA49,53,1
2703,B75B47BD-9941-43CF-E6AD-F006CE414327,2014-05-01 06:36:23.880,9C02177A-02FD-74FE-330D-4B4DA3CCE282,53,1
2704,B9089D88-E5B6-7ED2-6BAE-733034AF702C,2014-05-01 14:25:20.783,C6BC5810-C0A0-75DC-E3B2-493B7FFC5864,50,1
2705,B9732C7D-B1AC-6E78-D622-7E548E62E6D2,2014-05-01 16:21:44.193,8FAF8132-AEFC-23F4-E817-7978D800115A,50,1
2706,BC867C18-9EF4-D116-1634-7920BE015C47,2014-05-02 06:41:41.413,514C77A3-F043-51FD-67D1-28AB35B1BD2B,53,1
2707,BEDEEA9A-D0D6-8A84-8E54-6C57F9892E3C,2014-05-02 17:37:33.070,2F1837C7-F199-3CA6-8857-26EC0A97C834,53,1
2708,BF751B23-D3B8-60E9-D2BC-B45A1BD61899,2014-05-02 20:21:34.117,A03E0411-BCC1-2FEA-3F7C-B2033109D486,49,0
2709,C42447E8-0E08-2A3C-43A3-31EFDEECD4BE,2014-05-03 18:11:24.560,18BFE4A8-05BD-FE95-E3FF-42E090B373B1,53,1
2710,C8BDD0A2-BC81-820E-E382-FAC5C95EAEFB,2014-05-04 15:37:34.117,6EE6E2A8-DDC2-21BF-3F7F-CB13BBCE50EB,49,0
2711,CD09C451-D2FB-F03A-F94C-C17EC1F232BB,2014-05-05 11:39:00.650,CD06FE0E-9BE4-3C1A-7CE4-18E8A306977B,50,1
2712,CF898B84-EECE-2533-9858-09BEC07D2CE2,2014-05-05 23:17:49.063,CF844C0A-0F42-8FE5-C4B9-15788EDBC17E,50,1
2713,D39E1792-F857-0330-7D07-B2AB819D6B3E,2014-05-06 18:18:44.500,7D83E646-04B9-A27F-7546-22F5DD2B8024,50,1
2714,D3A93429-D7F8-11F8-39C8-740D368D1362,2014-05-06 18:30:52.717,8EC93DDD-E9B4-D837-4028-DC6D9A1060BB,50,1
2715,D3D59404-B85A-0BF8-8B63-9A06A0AEC226,2014-05-06 19:19:20.837,85641B1A-DF35-E930-5EA2-57E903EA870B,50,1
2716,D405D373-0824-E2FE-582B-1E8A11E36C9A,2014-05-06 20:12:02.810,F6DDE75C-9465-8FBE-703C-1A307FA4D3C6,49,0
2717,F68B91DE-F0F6-3123-0D40-F64F5A2AD758,2014-05-13 13:05:13.193,F68AF815-9ACE-55F3-98A2-C308A6821C77,50,1
2718,F748389B-C276-5854-D3B1-E888A41DE319,2014-05-13 16:31:16.637,9B15F2FC-C3B0-A423-48EA-48BFFB0244EA,50,1
2719,F7EBE634-0549-226A-0AB6-5C5F672ED22D,2014-05-13 19:30:03.613,E854F72A-FC10-470E-884B-DB325B88C7E6,45,0
2720,F8023201-0823-E44B-3CD8-31C61FD524D8,2014-05-13 19:54:24.650,E854F72A-FC10-470E-884B-DB325B88C7E6,41,0
2721,00EAC6AA-AC53-E35D-B5F6-02D2601A1E19,2014-05-15 13:25:24.780,B5225E9E-E6E5-D883-2C2D-D18E3BAB6264,49,0
2722,10FC36B2-EC31-B3BA-0818-9CB003A3A4C1,2014-05-18 16:18:23.027,10FA72EF-9C9B-F737-45F8-38529645A078,50,1
2723,127AA3DA-E02C-01C1-390D-EEA739F256E6,2014-05-18 23:16:05.730,C7DAD34B-ED9F-8826-8425-7308CDC0B364,50,1
2724,24700260-DD06-9A4F-9797-7954E972DB49,2014-05-22 10:57:38.923,3A440751-F2F9-2661-5731-43F03B6DF4CE,50,1
2725,26D02EAE-F9A4-E1BF-48B6-1FBB3F706308,2014-05-22 22:01:56.147,DED01CA8-90C9-77CE-18F4-5281B4A83192,49,0
2726,26F475C0-D40F-1B2F-5724-F6758A5AD65E,2014-05-22 22:41:33.637,C9954B78-A346-D604-025E-C82BBBB3DD0A,50,1
2727,29321F3B-BFC0-980F-EBB6-09C54199096E,2014-05-23 09:08:09.153,9D44A092-F2CB-B9F0-D868-939B4A85C446,50,1
2728,29A3C8E1-995C-C41F-840B-CD990A2BC2F1,2014-05-23 11:12:18.157,BC3D06F1-A528-0322-6DD6-D06255858A3D,50,1
2729,31B2F90C-DABC-6B8F-42BF-2DD214AF6E76,2014-05-25 00:45:51.250,64EEACBA-CACC-572E-1CA3-F809C012258B,50,1
2730,32CBCDD5-0061-E058-F29E-AC30F5D833EF,2014-05-25 05:52:35.810,32B09D64-B585-1249-D794-6CF34C4CA1C5,50,1
2731,33751D90-CB42-C1B8-854E-BE134F923CB2,2014-05-25 08:57:31.813,DD0CBF37-A09B-78FC-7608-E7E7066208CE,51,0
2732,35830C8C-F5BF-FD1B-9002-785C969E3FA1,2014-05-25 18:31:59.377,992FC0A4-D6E0-C460-AC9C-D9ECDCF067D5,20,0
2733,40DCB10B-0FF8-12D4-E152-78014D395E25,2014-05-27 23:25:43.567,3DA00CBC-ECA1-34E3-8C5D-45298285C665,50,1
2734,49317BE6-A47B-71D4-49F5-72D48E7750BE,2014-05-29 14:15:18.250,40441F40-93A6-AB01-8DD5-2126CB9A54A2,50,1
2735,5B43E33F-92A2-C7FC-9EB2-455841178169,2014-06-02 02:28:34.243,90632607-0B57-52B5-EE80-0FDA2A02F35F,50,1
2736,64485B3E-EEF5-3A95-1DE9-26619A11C934,2014-06-03 20:30:02.047,764A6713-0CC5-8DBF-7BB1-A6497A98E5DA,50,1
2737,678EA2D2-E230-19FE-1BBF-083C23BE0960,2014-06-04 11:45:39.540,678DE969-0EE3-490B-4F06-00CBBFCC44D1,50,1
2738,724779E6-BAA3-079F-7AEB-39BEA332EC8F,2014-06-06 13:43:45.387,0CBEBC43-04F3-806F-4EC2-B41A486B60A3,49,0
2739,8CF589AF-AD68-8C98-D185-9961485C3335,2014-06-11 18:04:00.317,8CF2DE1F-A94B-8199-95A4-6D974055D6A5,50,1
2740,924DF10C-9AE3-CC74-AD2C-C76A649BC059,2014-06-12 18:58:40.033,A9BC52EB-F588-D290-3AD7-DD3149527595,50,1
2741,97439825-C930-9393-CD56-AD95B9BED135,2014-06-13 18:05:27.980,7159708A-A558-50D9-5B2C-8E92E805228E,50,1
2742,B235D5B1-BC27-8D28-D188-4346A07E4D8E,2014-06-18 23:40:11.060,33EBE749-F29F-1220-0E93-255D3AE0DF13,50,1
2743,C478D493-D268-A0E3-5E7D-84C60F67D4E5,2014-06-22 12:46:31.573,8FF4D09C-015C-9E4C-A1AB-5073CA1280D7,49,0
2744,C6A2CE1F-00B3-150D-82B1-A13C89BD8247,2014-06-22 22:51:36.867,9F7DAB6C-B895-BC9D-51E1-76FFAB59BE4B,52,0
2745,CA561715-F4B0-F642-AB00-1EB78DCC79A3,2014-06-23 16:06:18.137,CA559E2E-A932-82A9-B7CA-933E12B32A0C,50,1
2746,CC19A92D-AC35-0E4E-750C-3A3BFACF7CBF,2014-06-24 00:19:32.340,55EC4545-A1E7-BFC9-1F63-DA0D868761E4,47,1
2747,F26DFB37-C115-7F7A-E8BE-B539E4E9AD2F,2014-07-01 10:57:12.513,491361B0-EBFE-C6CB-4324-DD3F641A14AA,49,0
2748,F80D956F-0828-C460-851B-3ADDF6B32CC1,2014-07-02 13:09:38.290,952D58CA-9E6F-598D-1A4A-EF2140E9D6F2,49,0
2749,FC19D292-05A8-56CF-5025-2F003F2D7527,2014-07-03 08:01:29.237,07DB09E2-9528-71BB-5E11-32BB5EE8ABA9,50,1
2750,FC1AA5C4-AC06-F88C-76B4-467996C9E9A8,2014-07-03 08:02:23.303,6957E81D-01A6-6C80-349B-9E1FF5212E0F,50,1
2751,FD38482C-B31D-B14D-1035-7661C4A4C164,2014-07-03 13:14:22.637,9D37D419-E3CE-BE6B-7DD7-4EF3FA8DB76D,50,1
2752,019B2316-FA0B-4344-2C44-88B6BAA89812,2014-07-04 09:40:50.077,5821204A-EF77-4291-53E0-130241D6A81F,50,1
2753,0D19FC86-A119-EB44-FF36-EAFE05261DF3,2014-07-06 15:15:12.793,B55B6879-03E9-C5AC-9661-2664E1CC6EDA,27,0
2754,1031E158-0EC1-4F79-87CE-F750DE8F0664,2014-07-07 05:40:10.207,102F2D45-E2F0-928C-B957-ECFA3F57F518,50,1
2755,11A0DDAF-0256-2E65-7E21-DDB4CC5DFAD4,2014-07-07 12:21:00.977,11A05637-087B-2F48-659F-54C5F0F9DEA2,50,1
2756,19323158-9197-CBC5-0B60-CE251C25BAF1,2014-07-08 23:37:05.627,78926463-F31D-5FD7-DB6D-CA4150AABA18,50,1
2757,1C46C273-A20B-4EAE-EFFF-BC9A7929ABF1,2014-07-09 13:58:25.140,27C72AF1-ACE6-F018-6E32-E465EC1F8585,50,1
2758,1DDF43DB-B0CD-C05B-2E87-23F07287D9FA,2014-07-09 21:24:36.957,1DDCB912-EFD5-ED2E-5061-58FD8A8103CB,50,1
2759,21D697D3-B084-150C-2CC8-FAC908FE3EB2,2014-07-10 15:53:37.497,7002906D-DD44-C709-0817-5C8ECCF8DD60,46,1
2760,29127A2E-D3AA-4DAC-749C-66981C95007E,2014-07-12 01:36:22.580,ACB75BE3-F03F-5AD7-5B03-D9DF92749A42,50,1
2761,30F13DAF-F928-A399-D39E-4902DB1C2EE8,2014-07-13 14:17:02.133,30F08A3A-E3D7-B86D-6DA2-83D6B3F68160,50,1
2762,37FF5799-BAF2-132B-CE27-724BC973A299,2014-07-14 23:09:46.780,3E4C8598-FB15-2E24-6F5C-8BF87BD3E1B5,50,1
2763,405B21E3-EBFA-384A-A564-EE62D4092197,2014-07-16 14:07:00.070,B822F11B-C283-646E-7725-C8D790484CAD,50,1
2764,40C5BE09-0C67-F183-D234-2A11F46F4C15,2014-07-16 16:03:26.937,63EECD49-DA71-90DC-2B11-139254D7974E,33,0
2765,44C61946-E3E6-0973-BAA1-C252A781A7DC,2014-07-17 10:42:19.087,6C572B4E-D65C-3E3E-BA67-6F4AD14E6285,49,0
2766,4F9B9635-BC16-4F9B-61C5-C1C698416239,2014-07-19 13:11:42.390,9ACE5316-C5F3-6AEE-74A1-6C5249737C10,50,1
2767,5A59753B-D5FF-3D38-BBA5-BD76CFCDFD04,2014-07-21 15:15:17.950,8F54B4A4-952F-5D2C-9903-B82609142242,50,1
2768,5EF28F39-A5AE-E1ED-3829-DC85DF3F2868,2014-07-22 12:41:00.477,6EE6E2A8-DDC2-21BF-3F7F-CB13BBCE50EB,50,1
2769,65096B55-F9A4-1C79-CD29-EC0FD2786026,2014-07-23 17:03:41.910,4713BF16-B297-0C48-549E-A7767CD784E6,50,1
2770,6562EFF6-E4F5-C58F-80DD-745490CDB19C,2014-07-23 18:41:28.580,D13A771C-EE07-B409-4CC5-691BAA016D90,38,0
2771,660B19F1-D29B-339B-7EE4-783D2CA31FF3,2014-07-23 21:45:09.367,B00C48EB-AA7F-779B-7858-186BAEAD6B62,50,1
2772,733D8ADB-07A9-320A-F098-2BB167D313FB,2014-07-26 11:15:18.877,4A7F4792-BDEB-AB48-7A94-0323B42B0B67,49,0
2773,79E9573E-BF0C-788E-3807-8EBFD27A2901,2014-07-27 18:20:41.153,0C7117A8-0CCB-9A78-81C3-EE06E846EBBB,50,1
2774,7C9FD1CF-C3F0-4C30-B449-787F2526F733,2014-07-28 06:59:14.517,66557AE2-F5E2-20D6-2FAF-95D4AF2D3E69,51,0
2775,7DE4E1B7-FCC0-9428-80FE-4214DFF7B826,2014-07-28 12:54:17.787,4C77D268-B447-B693-3A80-AF143D71A1A2,49,0
2776,8AD31647-AFBA-17A4-7ACF-812ADD613EA9,2014-07-31 01:09:55.403,415DA75E-9DFE-C316-D2B2-34F5F2F2CE48,49,0
2777,8C96864C-E0A6-E352-53E7-B2AA15A10310,2014-07-31 09:23:00.817,64585D55-C3DC-A701-8412-26CE6A900E5D,50,1
2778,A63E8DF5-EAA9-CF1F-807C-EE8C0B85EB4A,2014-08-05 08:57:03.223,7ACABBBC-E441-9D76-9B1D-797720BC3713,50,1
2779,AE249941-F004-4A3A-B384-25CA85A79043,2014-08-06 21:45:39.960,7489E67B-F2A3-81C7-6266-DADA7E25E313,51,0
2780,C63B12A6-9D2A-9313-172A-E1D281BAE52F,2014-08-11 14:01:05.960,0BBC569D-9E66-E7E6-FED1-4C121797A365,52,0
2781,C77A82DE-9368-A127-D708-2FAF2D468FE7,2014-08-11 19:50:00.677,94F2D106-B22C-B16D-7AE8-E565E778CD6C,52,0
2782,D4653A89-FCD8-891D-F277-B0E7EE429565,2014-08-14 08:01:49.707,AA4173F4-C5BF-028D-03A1-8143F621B131,50,1
2783,DB3B097B-E22C-8EAC-AD3C-E9D86B44A553,2014-08-15 15:53:05.150,19923DAA-B71D-4650-5AE5-9987FF71B4F9,29,0
2784,E5B48F71-984C-9B2B-A0C9-FA7BB8D6B145,2014-08-17 16:42:01.460,29D7E57D-A132-5260-440B-36B10ACBA2F0,49,0
2785,ECCC7A0E-019B-E41E-551A-23295263EED6,2014-08-19 01:45:29.360,EB5729C0-B645-C137-9043-0702CB33AB7E,50,1
2786,00326563-EB14-64C7-906B-8318C0E0BEA5,2014-08-22 20:09:35.967,7002906D-DD44-C709-0817-5C8ECCF8DD60,20,0
2787,00326563-EB14-64C7-906B-8318C0E0BEA5,2014-08-22 20:09:35.970,7002906D-DD44-C709-0817-5C8ECCF8DD60,47,1
2788,07516153-9339-2013-8EDD-B580B8F14345,2014-08-24 05:20:46.940,9D7A8794-CAEC-E58D-5328-F3AC5351213C,52,0
2789,0F4370BF-0FE2-8E65-CB73-D26E658FAF40,2014-08-25 18:22:31.107,0F41E5BC-E00C-4834-D7EB-5BB20A78B6E8,50,1
2790,14FA2A41-0BDD-E780-2C17-3D0848FA4416,2014-08-26 21:00:12.233,EAD713EE-ACEA-17FF-E159-767F9B08B750,52,0
2791,177F916C-E2F8-38C2-01FE-1BB19CBEB050,2014-08-27 08:45:09.363,8DAFDC1E-DFCA-95AA-2584-87B678AA0987,49,0
2792,1BFDBCA3-A5BE-5A32-712F-43038D252BAE,2014-08-28 05:41:26.823,1BFAC7B8-D205-A682-331E-3499DFDB2BD7,50,1
2793,1D234C9B-CA84-D569-99F7-34E500454FC8,2014-08-28 11:02:05.820,5534D9D6-E011-CAA6-5C39-52600A8F5E4E,35,0
2794,33463825-9E26-1B41-C1D3-389FBF2BC4B5,2014-09-01 18:11:53.003,EE44880F-F2FD-D781-44B0-5A8E97745393,50,1
2795,370E45A9-0D5F-A6E6-32C2-FFE5495CAABE,2014-09-02 11:49:15.313,C631A8AD-F2D9-3887-70CD-CF396CB97879,50,1
2796,415F9BDD-DA42-9F3D-FF75-A057DBBC9EDC,2014-09-04 11:54:17.957,3CA56F47-A5FE-DA5E-7A0F-BC874E3DDB28,50,1
2797,45ED27E9-FF43-1A5E-D932-686E018ECCB6,2014-09-05 09:07:23.243,45E85221-0621-0EF3-180F-A713A8BE8EC2,50,1
2798,4D1C7F78-C335-0EF9-C857-CE6BF1D3B305,2014-09-06 18:36:26.363,5721A279-9510-3C41-BC95-A7ACEC861274,50,1
2799,52095B62-A979-77A8-DD41-BF1C8763B7E0,2014-09-07 17:33:38.020,5209085B-FA52-117D-7D25-149A65B208BC,50,1
2800,6496677B-DA4A-AB67-455A-19043712CB28,2014-09-11 08:00:51.583,6CDE3A6B-C894-D5F3-1221-79971BD3BA4A,46,1
2801,64F07BE5-E07A-9483-061D-966F9520D181,2014-09-11 09:39:15.047,64EF1336-B7A0-3DF0-8A40-DCA91D91FB0D,50,1
2802,65458D65-B3C9-CF4A-F484-B3B912603F28,2014-09-11 11:12:10.087,5F97FD57-EDF4-7B47-5FCB-1531CDC188F3,46,1
2803,658370C3-95AF-92B9-0308-3D1F33C0B85C,2014-09-11 12:19:45.990,0609307D-D57F-9B62-80CF-94836C91CD34,46,1
2804,659191FF-CC3D-E5A5-8689-19AE7A358156,2014-09-11 12:35:12.000,A070C166-010D-8235-D873-51762F23C533,50,1
2805,65AAD35B-C3CE-A7D0-5DF1-F1699FE92357,2014-09-11 13:02:48.417,421E8479-B689-4777-133C-F5583F195DF1,46,1
2806,6A2377FC-90DB-7867-B80F-53270AD9AC3E,2014-09-12 09:53:02.467,0CCDED32-C56E-805C-E4F8-9A2B4C412058,46,1
2807,6F8E902E-0596-4B6C-2D02-5006D2948C8A,2014-09-13 11:08:07.090,3CAF3D84-F75C-8373-63C7-FFB13E3D04E7,49,0
2808,74505538-9533-B971-A6DE-4812B20F2FEF,2014-09-14 09:18:14.843,744FF5FB-DB17-F01C-605C-1D5EFC2BCABD,50,1
2809,782B6557-A027-E0E4-EDB6-35573558F3A2,2014-09-15 03:16:23.000,91C21552-DDDD-4517-1C94-256EE93F5014,50,1
2810,7FE517A2-CBC4-CEE9-B295-FF120D02965E,2014-09-16 15:16:33.317,FD8FD494-D176-931C-98B5-4345616D2407,50,1
2811,93407862-A716-10AE-1831-1F82EA5883A2,2014-09-20 09:29:08.967,3DEF71B6-F75D-3461-8364-93AA4C3E517F,50,1
2812,935310D9-D4B9-1DFF-3A71-2C72CDCFF499,2014-09-20 09:49:27.643,3DEF71B6-F75D-3461-8364-93AA4C3E517F,49,0
2813,AE0C00B1-EF11-0BDD-E788-4FEE58E73FAC,2014-09-25 14:21:35.287,26A32F55-F2D4-FC17-7443-7F0CBF56BC32,50,1
2814,AE86F158-E2F3-17C0-720A-0BC3A21D750D,2014-09-25 16:35:52.283,5FEE4516-A28C-E638-E5F0-BA93346A0E81,50,1
2815,B22A171F-FBE8-C354-8B92-4563105A4318,2014-09-26 09:32:57.853,710027C4-C59D-01B8-9B42-2C2EBD4BA5E6,45,0
2816,B3F6D7D7-90F4-4903-99CA-FB3CC63902AD,2014-09-26 17:56:11.867,A3723494-0957-C052-AA9C-8832C23E7E2F,50,1
2817,BC6B609B-ED2B-07E2-0860-4AEF075EC426,2014-09-28 09:20:26.790,40803031-F972-02A5-934A-0EE2D7E8CF68,49,0
2818,BDB17CEE-EB2B-7694-8407-3193C3FBBBA3,2014-09-28 15:16:38.767,76917206-F098-6E53-8654-ED9B488D0302,50,1
2819,C153B705-C044-D03E-AC42-036E16B1696C,2014-09-29 08:12:42.120,5E0142D7-D0F0-B328-8760-F936621EF9A1,49,0
2820,CBEA8110-E2D7-1874-E54B-128B876F6624,2014-10-01 09:33:36.403,DBEED2B4-CA7C-9A84-840A-66A9FAFC333A,50,1
2821,CC1790F4-9381-B591-7BDB-B2F2AC99B502,2014-10-01 10:22:49.603,56A63829-AB56-2DB5-6D32-DEE93786B318,49,0
2822,CDDAA10F-99B1-76B3-98FA-33B6640C2CD0,2014-10-01 18:35:30.447,9D91BE65-C7D8-B7EB-99A6-D78BC7E87B6F,50,1
2823,CE069FEC-A8CE-0A94-419D-1C88A49359DA,2014-10-01 19:23:36.610,DBEED2B4-CA7C-9A84-840A-66A9FAFC333A,47,1
2824,CE16A22E-DCBF-6F70-E139-876653B4DEB6,2014-10-01 19:41:05.663,DBEED2B4-CA7C-9A84-840A-66A9FAFC333A,52,0
2825,CECFB8F6-B1BC-171B-BFD4-F97B88705E04,2014-10-01 23:03:12.990,853E00F7-E2BC-352D-6EC1-353D78E10F97,50,1
2826,D07FD42B-010B-CA72-A0CE-B009FBB34B45,2014-10-02 06:55:11.407,8EF96E9A-D66F-0121-9B8F-72D44F895401,50,1
2827,D1EAEB5C-F5E2-5430-A837-E490F28B2EC2,2014-10-02 13:31:46.910,0F02155E-B47E-2C74-E024-8172059A89C0,49,0
2828,E2981EAC-0536-FFF8-DABD-FDCC1FE3CFF6,2014-10-05 19:14:53.547,8EE5090C-EA45-AB82-7A4A-47544F384A2B,47,1
2829,E2981EAC-0536-FFF8-DABD-FDCC1FE3CFF6,2014-10-05 19:14:53.550,8EE5090C-EA45-AB82-7A4A-47544F384A2B,35,0
2830,F206B605-E210-694B-4513-85B4FBA9B880,2014-10-08 19:09:59.177,F1FC3032-EBF9-FD34-948B-540AF7878127,50,1
2831,006C5F03-FD0D-7BC4-B051-9BFD1A0097B5,2014-10-11 14:15:42.603,003DFD90-E1EB-2BB0-FFEF-D77FE3D9D855,50,1
2832,025F485B-AE2C-07B5-A7DF-E5D0C761AF45,2014-10-11 23:20:39.263,00EF7663-ED74-37BD-0DAC-60596A51C906,50,1
2833,02694CEC-EE48-1F3B-F414-C9CF1BCE5EEC,2014-10-11 23:31:35.797,00EF7663-ED74-37BD-0DAC-60596A51C906,49,0
2834,09831037-DCA1-2B77-686F-9D9DFFE44AA5,2014-10-13 08:37:04.697,C508B278-C6CB-B2F6-6629-D1A9044FBEE9,49,0
2835,1875D492-9773-E26E-F8AD-303BE12564DB,2014-10-16 06:16:55.703,03DF5F1F-0B32-0143-0789-B7FFD27E8E27,50,1
2836,187A32DA-AEFB-E142-BB3B-32089817E4D1,2014-10-16 06:21:41.980,03DF5F1F-0B32-0143-0789-B7FFD27E8E27,49,0
2837,198438A2-A247-CAF4-C6C0-8539AF3FC0B3,2014-10-16 11:12:16.037,F29E9523-BA00-F1DD-C74F-2EE6B8B6621D,49,0
2838,1BB81337-092F-659A-FA5C-7D6D2BB7706D,2014-10-16 21:28:08.760,8EFC1FAD-BA4D-85FD-E502-C2152E8FF001,50,1
2839,20296A30-FEDD-9322-4721-2AC2B98ECE1F,2014-10-17 18:10:25.460,0ED30365-A995-2FF2-584C-78D9EB64D4C5,50,1
2840,244C6844-0677-8167-B33C-D067372BB46E,2014-10-18 13:27:07.590,244BB155-06EC-2D93-4E36-97D579BFC1B0,50,1
2841,299FFD89-B1CC-22EC-E818-7985383FA38F,2014-10-19 14:16:31.370,D26F0B07-9FF1-985B-800C-E201160BF77E,49,0
2842,2E95F2FB-F129-05FB-9179-FB3F4B28A8E1,2014-10-20 13:23:39.390,1F1CDA20-C903-E8D3-7389-784E9F80273B,49,0
2843,3235EFB6-B90F-C800-3A76-32BDF1973DC2,2014-10-21 06:17:15.960,B1076F12-0F6B-1A46-FDAE-92E3A4111CD8,50,1
2844,326BEB1C-0C9D-84AA-2369-FB4442345340,2014-10-21 07:16:13.727,BD0C7B06-BC75-8578-2AD5-CB32953FC3BE,48,0
2845,42A69FAF-FBC4-873C-49D9-BA4041FA90D6,2014-10-24 10:54:17.180,2E70C483-D2A3-7A86-DFF2-8C19386C8B4C,50,1
2846,4E718C4A-973A-5D90-DD0E-5B4B7833E994,2014-10-26 17:51:44.717,21962069-B347-E61E-55D2-4574186DAC19,50,1
2847,4FBAF5E1-A9E9-5EF7-5574-2EC0322D216D,2014-10-26 23:51:33.093,FC891097-98DD-A675-8261-534C97C54C50,49,0
2848,5305FBFD-9711-9403-56FB-D1B5AAF151FB,2014-10-27 15:12:21.507,5301ECD9-0F04-7CDD-C4EE-E3E4EEF42D9D,50,1
2849,534C0BB3-BFD5-1481-87D0-F7717A732894,2014-10-27 16:28:53.047,AC464825-A489-A621-65DA-620ED486E313,51,0
2850,57522DB3-CA81-5352-4877-08B5E0647F2A,2014-10-28 11:14:03.830,FE397B61-069E-B752-499C-27EE90D4E2E4,50,1
2851,5D2220DB-F4F7-D166-F892-BD488C581027,2014-10-29 14:19:18.113,1C720C63-0B86-786C-B4A0-97B6D891367D,50,1
2852,5ECD36E1-FC17-2E44-5CE4-F85BC779A95E,2014-10-29 22:05:47.690,B46E33AF-CBFC-A801-C72B-B89B0E654647,39,0
2853,68C6FE25-DBC6-1DBE-A1D9-21C5619D94AA,2014-10-31 20:35:12.043,68C5F4A4-F7D0-6CD5-C45B-AA2E7A092EC5,50,1
2854,6E6DEFA4-D9E2-C4C5-5B2B-3DB8CA043BA0,2014-11-01 22:55:38.917,B3C774A6-9248-FAB7-D92A-8B402FF67318,50,1
2855,719D6B31-F058-3BA9-F75A-53C555E8B896,2014-11-02 12:46:22.393,C3AC9AD7-EB55-1BEE-FC8A-5A13207F5D30,46,1
2856,74243139-A53F-8029-A32B-25340964F581,2014-11-03 00:32:49.373,96CD87EC-E985-5130-B7CF-B28AA113E9DE,22,0
2857,7A9120F7-E46C-9E0F-4200-D42288F3CAE0,2014-11-04 06:29:31.907,7AFE792C-9DB8-9357-FBAF-42F183254BDD,50,1
2858,9ABB8619-EBC8-0D75-494F-54343EF15A23,2014-11-10 12:23:41.210,A73261A5-CBD2-6AE4-168B-CD2CCADD8FC7,50,1
2859,A54E56A3-FFCE-7A77-0F8D-F456F4D3DE3D,2014-11-12 13:40:15.013,20D59407-DEC7-E8C3-EE0D-D50B542F3FD0,48,0
2860,A9BFB81B-F1AF-82B7-769C-0655049F0A63,2014-11-13 10:22:34.397,A9BF24B0-A21F-C7D0-E200-700EF313297B,49,0
2861,ACDB77DA-CA4E-58C1-32EC-D5E0600D3F0E,2014-11-14 00:51:44.607,ACD2B78C-E3FB-5D0C-C393-4ECA9B2BE258,50,1
2862,AF6DF40D-CF5D-E900-E8C6-F02B9DF8BFD1,2014-11-14 12:50:59.090,0FA5E46B-9866-0D60-AC3D-A945FB7CE3F4,49,0
2863,B0C53026-C378-470B-26EE-BC43C09D8107,2014-11-14 19:05:53.327,4EC63D12-0052-5458-55F2-6110D07B6163,50,1
2864,B92006A7-FF01-35F3-0899-2EA3F5587B8F,2014-11-16 10:02:04.203,8DF7EE35-EAF1-C219-EE9B-4018E66B3DEF,49,0
2865,BAB52C7A-AC2E-8C39-08A6-5721B7E33FE3,2014-11-16 17:24:36.990,BAAD91DC-F43B-10DC-9395-A533A65B8876,48,0
2866,BCD19904-A76F-3012-5EFF-C3A953F2BBE5,2014-11-17 03:14:53.190,BCD0D487-AC7C-88AA-93F8-647454629842,50,1
2867,C3CB3EB5-9090-89C5-6471-D0E2149FD1C7,2014-11-18 11:45:17.367,C3CA3438-FB73-1603-BED3-FAB25CB08E60,50,1
2868,C3F55BD0-014F-2D4C-B3C3-C8FD5D3288BF,2014-11-18 12:31:17.357,5F97FD57-EDF4-7B47-5FCB-1531CDC188F3,54,1
2869,C3FA82BD-D8A4-0EF3-D4F0-200DED32813D,2014-11-18 12:36:54.977,491361B0-EBFE-C6CB-4324-DD3F641A14AA,54,1
2870,C3FFF26B-E6D0-C521-3C82-5905D2D3DBF9,2014-11-18 12:42:51.247,60CDFDD3-AD84-C040-D976-D815FAB19C41,54,1
2871,C40169CB-D0C1-CA90-B0CF-B241BB7F6963,2014-11-18 12:44:27.343,72F3D42A-D4FF-313F-5430-EB9F8DCFD105,54,1
2872,C423242B-EE11-D1CC-466F-CC74D0595A83,2014-11-18 13:21:17.743,FB05B4D8-EF7D-D47E-AABE-959C0D78A410,54,1
2873,C426AC61-A1BD-E262-6FB2-A43A5141379E,2014-11-18 13:25:09.220,AE73636D-EA07-F615-2CB8-C9C77A86B25B,54,1
2874,C42FFDA0-05A4-F138-4778-34A18D9C3DCE,2014-11-18 13:35:19.840,E390C879-CECF-79EB-1E85-9C7D2A1E3635,54,1
2875,C435979D-D54D-4A04-A66B-041DC685B64E,2014-11-18 13:41:26.943,9D9328B9-0B67-1E62-F940-FED52E08A965,54,1
2876,C43A91DD-C7F0-7CAF-D8E3-070EE44F9BF5,2014-11-18 13:46:53.157,171B746D-0D7B-48A0-9FC2-EE680646C46F,54,1
2877,C44FB793-DC50-03FA-499D-2D18AFE6897C,2014-11-18 14:09:59.063,3CCCF2F2-FBE4-E1BA-0E92-4ED01B67828D,54,1
2878,C45755E8-997E-7205-C7E2-A474BACAF753,2014-11-18 14:18:18.347,15FA6EED-D811-28B4-AA06-7D6D8F5A134E,54,1
2879,C4587F24-C5FF-3546-B7AE-08A6606011FE,2014-11-18 14:19:35.367,86F331D0-B7BA-8EA9-3AF3-797BB0AC9E53,54,1
2880,C45B309C-9321-6259-77EA-B62B4430D694,2014-11-18 14:22:32.230,9024E1B2-C52C-88DE-DE30-86C3D57870E2,54,1
2881,C46752E8-932A-1D12-1EE9-8D6F39AE6CAF,2014-11-18 14:35:46.157,86F554F0-AAEE-3FED-52A7-A307CF7A5614,54,1
2882,C47406C0-FED4-4F2D-0EF1-BEDCF7ABE3DA,2014-11-18 14:49:38.627,C25FE45B-CA1C-C284-5179-BE8FFF9FE175,54,1
2883,C47B98A6-0154-E605-3E59-5D28559CE801,2014-11-18 14:57:54.733,30F3019C-BCF9-4777-82F0-CC091994FD45,54,1
2884,C47F2F7F-F939-5EBB-5290-771B0D45A64E,2014-11-18 15:01:49.957,A7CD2545-ACCF-0DF5-E5DE-7EE97CA676FB,54,1
2885,C4854872-E1D5-AC00-EB4A-5A1326B42609,2014-11-18 15:08:29.563,8EDF10ED-057D-6395-49A9-72C14463F8B6,54,1
2886,C4ABD9EB-A7F7-4722-C611-B5B5B951EE07,2014-11-18 15:50:37.167,9A687E1A-0979-7B67-3767-D7B0D9D1FBD8,54,1
2887,C4CFEDA8-BA69-F95F-63C3-2D5A2955E99B,2014-11-18 16:30:02.840,6EEAECF6-0F7E-E9C0-ABEA-1D94FAF485E9,54,1
2888,C4F2B4EE-DEB5-BA7E-B5D7-EAA3CE7E00D2,2014-11-18 17:08:00.753,1B8A8D51-F1FD-2692-54AC-A1A618AF5C7A,54,1
2889,C5019C86-C25D-D068-F087-45FB4759B7A2,2014-11-18 17:24:17.550,A3FD086B-B69F-3BDE-E7C4-C2AA6524E621,54,1
2890,C537807C-D5BC-FFB3-9E8A-0E35F34452DF,2014-11-18 18:23:09.317,6ECD81B4-B172-04D6-2FDF-9D46FFB6B909,54,1
2891,C56A46A4-BCB7-D38C-FD9C-F416519580BE,2014-11-18 19:18:36.840,DBCB4865-A707-9A2D-0D90-498F9387D195,54,1
2892,C59EC663-A032-229A-5DFE-96983FF504AF,2014-11-18 20:15:57.420,6B79D121-0CBC-BF2B-00AB-F9C0B0F0B56F,54,1
2893,C5DC6BD4-CCD8-6C95-58A1-5D4582F76B6C,2014-11-18 21:23:17.467,90D5FABA-BA45-7535-23FF-EA2A0800F058,54,1
2894,C60393FE-C1EE-7AC8-53AB-9687176577F7,2014-11-18 22:06:03.653,8283B184-A895-1161-511A-B4031F4DFBF9,49,0
2895,C615F0CC-0DA3-451C-9584-E6D5A53DB571,2014-11-18 22:26:07.057,E50B975D-0648-25D4-F0F7-5F0A7B1916A1,50,1
2896,C6B6CB31-A710-760D-1709-1FCF9BBF9E60,2014-11-19 01:21:48.890,6D94E083-92DB-A1C4-A0D3-B5D51C94354D,54,1
2897,C6FC68CA-D474-122B-6487-C983466D6690,2014-11-19 02:37:51.063,90632607-0B57-52B5-EE80-0FDA2A02F35F,54,1
2898,C777D4C1-BA35-54C1-5814-1868A643BAD1,2014-11-19 04:52:39.623,14B51B72-BA0F-3945-6236-A48DD76076DE,54,1
2899,C79277FF-95E8-3092-4005-6824E00C10A1,2014-11-19 05:21:45.350,53181B04-EDA6-14D1-0B32-0068F276F8AB,54,1
2900,C79C2DCD-02AD-D25C-AADC-46A2C46C7FF7,2014-11-19 05:32:21.713,9F5E7EDF-D14B-9C8D-63BE-A38B43BFDC62,54,1
2901,C7B60D44-BFB3-42DB-A26F-E72A9B098460,2014-11-19 06:00:37.320,C7B1115D-9D63-FD11-A7EA-52780B487CCD,49,0
2902,C802FC0B-C828-EDCC-9BB4-266E7993BCAC,2014-11-19 07:24:39.197,2778330A-BC33-AD62-3F86-3CCEA9E31BD4,54,1
2903,C864AE2D-FCC8-1040-C2DD-59AFBBF0CD65,2014-11-19 09:11:21.783,AA7496DB-DD5A-4521-D342-CDDDCDD36DF3,54,1
2904,C89BE82B-0572-7441-0BFF-7DDF5E9877BA,2014-11-19 10:11:41.103,58AEE3BA-E72B-00CD-51E5-631F2B67FC14,54,1
2905,C92199B9-A60F-4BF6-4C6C-F2B47BBA0581,2014-11-19 12:37:43.977,AC5346A2-FBD1-C984-7488-5135BBD4D678,54,1
2906,C995D103-FB7E-A3FD-8D6D-6211FA12DB76,2014-11-19 14:44:39.180,DBBBB468-D698-F97C-C715-A8D1FB67238A,54,1
2907,CA41E1AC-AD85-F28A-5854-13F992C24E9D,2014-11-19 17:52:35.650,0C3B628B-9133-E70E-2169-C416CCCF031C,54,1
2908,CB25AC06-0975-0C58-9DA0-26B25B71287E,2014-11-19 22:01:25.203,722D0E18-D9D8-57B3-CEC1-867B3F7A649A,54,1
2909,CB41A05A-0B8A-2A13-B585-3AC3BEE824A4,2014-11-19 22:31:56.127,8FD8E8E5-96B1-4A2E-13AD-877575241774,54,1
2910,CDB7F23B-EDE5-2ADE-EBC0-9D7CA0224946,2014-11-20 10:00:24.767,79E732A7-F916-2C74-E250-A24A044D0044,51,0
2911,CE81F66B-C332-F25C-5DA7-DC6F7A9C3036,2014-11-20 13:41:04.113,7DAE88D8-FEC0-26DE-C3D9-0B6DFD75DC95,54,1
2912,CEE4562F-DF7F-E183-FAD2-AA8EC5119493,2014-11-20 15:28:31.153,17F95B92-E24C-E3EA-4FE7-5665C1C7513C,54,1
2913,CF524A78-AE28-550F-4136-082AC9B86824,2014-11-20 17:28:37.120,3FA97B67-CE59-5B26-8B7B-60C591E3698A,54,1
2915,D07A3AEB-9F9E-6E3B-838B-8CFF79019726,2014-11-20 22:51:51.793,931112F8-9FA0-B52F-39E9-0E7010A049D9,54,1
2916,D1E03A83-0876-E71C-5508-B0AE4A9382A0,2014-11-21 05:22:54.587,577D21D8-D29F-F519-DECC-A0955F229D32,54,1
2917,D6238653-BCE0-3B6D-08F5-BAC4296BDE7E,2014-11-22 01:14:52.763,8411D650-A70C-EF6D-7922-3AB37B6DDC26,54,1
2918,D7DAE357-0B45-3347-831E-1340E215287B,2014-11-22 09:14:46.877,4B77E268-BA10-712D-4F90-57B97F969CB8,54,1
2919,D824C2DB-EFC8-3462-0CCE-8564C613BDF4,2014-11-22 10:35:28.220,8B0D53AB-BB37-CAE6-3ECD-CB22E1F16540,49,0
2920,D8507799-B2B1-B6CA-1AFC-3B1A3A57F84F,2014-11-22 11:23:13.950,9AEF03E6-B91B-0C84-DE27-5AE957C7BF3A,54,1
2921,D8E664EB-D12A-F29B-7315-C82C4E75ABBB,2014-11-22 14:06:58.157,D8E21126-E6CB-0879-D085-A74F0A55E606,50,1
2922,D9158B6A-E18B-EAA0-79BF-EFD85F85D2FE,2014-11-22 14:58:28.207,D90EBA00-B0F5-630A-FF8F-538475D328A1,50,1
2923,DAB1D63F-FDEB-D31A-FFED-B022C9C2BC68,2014-11-22 22:28:48.317,6136BD77-FF55-89C0-7AD4-2C124353CEA7,54,1
2925,E22E1530-CF62-68C2-6BF0-8132DF2EB4B8,2014-11-24 09:21:51.290,8C545B85-DA23-1E9D-6650-DA1843AB0996,54,1
2926,E41A5035-BA96-55B4-29BF-0266695228F0,2014-11-24 18:19:30.107,47778DB8-B8C8-7FE9-D03D-59636F31D724,54,1
2927,E882D7D6-C030-5BAD-820F-0887D1C62DB6,2014-11-25 14:52:10.417,DF963195-E442-D0B7-D991-03D3EE5484C4,54,1
2928,ED3E8D94-C640-938A-7645-0433A5F80864,2014-11-26 12:55:40.993,AA292DD3-0F43-FE62-CEB8-59E0C099BCC2,54,1
2929,ED948712-95C3-614F-0C17-8C7109A86CD7,2014-11-26 14:29:35.257,8F9C6A80-90D3-1B52-7F1B-9D7F553741FB,54,1
2930,F1D2F62E-AB4F-8608-B077-DB9C1FB638F0,2014-11-27 10:16:15.120,F23EE9BD-E3AC-FE1E-5F31-436002841C42,54,1
2931,F5C26265-973E-22AE-C41F-5D94CD3E1B9C,2014-11-28 04:36:37.493,BDA9B684-F114-D8A3-6480-F7F1B6627EF1,49,0
2932,03217CB1-DC1E-E384-7A1C-D5F5547D492B,2014-11-30 18:55:33.943,EA11FA99-EDD3-72B8-46B3-13E7CD31EB23,51,0
2933,03C57FBF-F991-502E-2E4A-EDFF61FCCB8F,2014-11-30 21:54:42.633,EAD713EE-ACEA-17FF-E159-767F9B08B750,49,0
2934,067DC721-94C3-C0ED-2872-E04733FDA7BA,2014-12-01 10:35:14.127,3404535B-FEB6-DAC3-6436-2C934797324E,54,1
2935,0C52A975-D947-3696-2B7E-C24C1F1A1249,2014-12-02 13:45:51.623,977A97E7-AA4E-070D-05F4-B77BB5235052,54,1
2936,0C5479A6-DD2B-5583-74F2-E595191C7F00,2014-12-02 13:47:52.553,7D206D24-98FF-CA4B-1C79-DF6C04FACFAF,54,1
2937,0EC4883D-E086-68A8-0B3D-27E8AF947F50,2014-12-03 01:09:28.640,830AFEFD-A147-42B0-CF63-FBB7A66AD2EF,49,0
2938,11C25E47-09EF-77D3-A55C-A589E82C9F12,2014-12-03 15:05:58.473,11C147B5-0A4C-433C-7C0B-E9B10778C8A0,50,1
2939,12474710-DB6A-CFD5-0A2C-487430C1D48C,2014-12-03 17:31:08.820,B6793162-B537-F6B6-A9EA-B9DAC35DE0E9,50,1
2940,1597E21E-F728-9F8E-B3D2-3B45C0EA7A45,2014-12-04 08:58:03.047,B46E33AF-CBFC-A801-C72B-B89B0E654647,41,0
2941,1628F91A-AE56-919B-91AC-CDD7D2DE704E,2014-12-04 11:36:32.983,9E3214A6-BDDE-E0C6-2451-7C6D60F044AD,54,1
2942,17A36094-EFDC-F711-3D34-967274491ABD,2014-12-04 18:29:50.747,DF963195-E442-D0B7-D991-03D3EE5484C4,36,0
2943,2247BB7D-F060-EAF3-2290-60BD7C6CE5B0,2014-12-06 20:05:34.090,B46E33AF-CBFC-A801-C72B-B89B0E654647,45,0
2944,2D7070FD-CF7A-CD48-4725-45B9CADB24A4,2014-12-09 00:05:51.370,B46E33AF-CBFC-A801-C72B-B89B0E654647,38,0
2945,3948D79E-F83B-FAF6-46F7-5BA7B98DDBDD,2014-12-11 07:18:02.783,FDCA1BB6-9AFC-A43A-3A77-4C5B96C4AAC6,50,1
2946,394C52D1-A62E-B21D-066B-373323A5E23D,2014-12-11 07:21:50.933,A9F93AE9-0181-014F-4A6C-3D326EFE3152,49,0
2947,399AA5C1-9DBE-1E43-82EA-122DD19A4F45,2014-12-11 08:47:23.970,8411D650-A70C-EF6D-7922-3AB37B6DDC26,49,0
2948,3BF82A17-9DCC-F843-B44D-47E3D0960438,2014-12-11 19:48:47.133,297FF043-A3FD-EA9B-1E6A-EB06D8D652A5,51,0
2949,492B0B67-9685-553E-C6A6-DBD0911B21B1,2014-12-14 09:19:25.443,E9F5457B-EEC2-BD1D-D0BA-BD49A0150020,49,0
2950,5BDF7C62-D5C3-28A6-5CD4-DC0A8A159EB1,2014-12-18 00:29:40.750,0E7CC327-B28A-F4B0-89EB-EFF9645B99EB,49,0
2951,5FD48CA4-E0D3-9599-6016-CA758A15A13E,2014-12-18 18:56:14.157,5FCB43C1-A3B8-A6F6-2997-1EEA90EB3598,48,0
2952,6238EB0D-B263-788C-8BAA-53C698044C4B,2014-12-19 06:05:05.047,FBEC7905-06AD-7A04-098A-DAEC9B9760B0,54,1
2953,68DEEC43-E464-DD20-F959-3A14A8011970,2014-12-20 13:04:09.180,B3C774A6-9248-FAB7-D92A-8B402FF67318,51,0
2954,6EA61513-C809-5FAC-1BC9-9F4B86CDAAD7,2014-12-21 15:59:45.817,737A66E9-DF00-6069-567B-7C92A7863666,49,0
2955,8C28616F-CBA8-4658-849B-3166270B105E,2014-12-27 09:31:05.663,7B17BD48-AD38-7651-107A-065CCC76C5FE,20,0
2956,92AC07AE-94D1-09BC-DA52-B1591BF47714,2014-12-28 15:52:35.380,977A97E7-AA4E-070D-05F4-B77BB5235052,47,1
2957,96A3F524-B7DE-0575-49A3-50106DA3A22F,2014-12-29 10:22:15.210,F52F0B90-C9B4-B548-C295-6B0A96CB7F17,35,0
2958,975D3C28-DD21-4813-AC81-D345B09A7B16,2014-12-29 13:44:37.547,EE23CF4B-E75C-F6B6-A653-A5F99A07D57C,50,1
2959,97639BF0-D8AD-122E-36D3-9A17B5C65019,2014-12-29 13:51:35.283,EE23CF4B-E75C-F6B6-A653-A5F99A07D57C,49,0
2960,987F75B3-D8CB-839D-045D-31225384B79E,2014-12-29 19:01:37.717,0B23765A-BC7C-5995-48E0-B3A22792B2AE,50,1
2961,9A441660-AAD6-E823-7BCF-438765CDD3E7,2014-12-30 03:16:01.127,97876D37-F0E6-EA0D-90FC-BF761CE8882A,50,1
2962,9B2A3285-F31D-089F-F1C4-E14FAA5656C5,2014-12-30 07:27:21.610,46D3B640-9FCB-DABF-49B2-7F06CB661C14,50,1
2963,A6AD647A-ACA6-2C76-C447-2CEAC5FD7A3B,2015-01-01 13:06:28.990,473C7E61-0159-E4FB-96C0-D938CE0B5044,50,1
2964,A6B302D8-B08E-8ED0-BA05-63CB10272C04,2015-01-01 13:12:37.210,18BFE4A8-05BD-FE95-E3FF-42E090B373B1,46,1
2965,A7A86E67-CD6C-874B-D3E1-1AB34B624FAF,2015-01-01 17:40:41.067,B3E3036D-AB0A-CD20-48BA-C43DD5ACB0FD,51,0
2966,AB2749EB-08FA-30D3-FC13-7AC2658A9B2E,2015-01-02 09:58:06.447,FC40D986-FC01-E628-408C-F0ABB96BF624,47,1
2967,AB517738-AB5F-27AE-96B8-F88C3FD46AB1,2015-01-02 10:44:10.553,AB4F6636-0B06-7B34-A822-4432CE1631C6,49,0
2968,BAA9F8D2-F25F-23A5-D088-A524A4B61C89,2015-01-05 10:15:09.250,7F1D73E6-0B2C-2CB3-30F6-BF2A4789B25D,52,0
2969,C1297846-0313-7938-ABC9-468ACBDA1BC7,2015-01-06 16:32:08.137,C127ADED-DF38-8C0E-C58E-FBEFB20033EF,50,1
2970,C15FD7B0-AD2F-B121-FCD9-273911647370,2015-01-06 17:31:31.507,CB2CDD58-CB8B-1841-EF83-9E3DFDB7813D,52,0
2971,C9B4666D-AFEC-6583-40A4-ACEA39B908AE,2015-01-08 08:20:50.803,2E6AE822-92F1-EA4B-E9B0-7A45B4D0ACB7,49,0
2972,C9FBB524-D821-32AB-4609-F595EB4390A3,2015-01-08 09:38:44.007,936C02C8-DDC7-0C13-3FD1-0425A656048B,54,1
2973,CF211C9E-9A2E-CCE7-64E2-45B904D0C09F,2015-01-09 09:37:41.407,CF00862A-0A4C-573B-490E-DADA237B2251,50,1
2974,D57034B2-A83F-AAD7-D308-078CECD42EAB,2015-01-10 15:01:48.213,6E6A4379-B9CB-32F4-D4BF-3D0332F9F15A,50,1
2975,DEB4CC1E-FCF1-DD45-2E53-CAEF5DF11B7A,2015-01-12 10:13:18.370,423CEB58-C995-1543-D8DA-4931FBC4EA64,50,1
2976,E14FF9E2-BA02-475A-C2C2-CC887EEF8D03,2015-01-12 22:22:02.597,38808A4D-D63F-2C0C-9A77-E1FED3A12301,50,1
2977,ECA88A66-D234-5B9D-1993-818CAA99607A,2015-01-15 03:14:36.143,AFDF020E-0970-4F34-1731-A2C29BF3E015,49,0
2978,EDD3C133-0405-FA04-F93C-2D113D329059,2015-01-15 08:41:25.430,8D7F8F10-E43C-2545-28CD-71F59DE941E1,49,0
2979,F53665AC-FC8D-DC27-0B7F-098BAE06A78E,2015-01-16 19:06:30.573,C7516F5C-A0C2-5416-9DC0-C04193C6B692,50,1
2980,0D1C8A4C-F0D2-22F9-F674-932C383613B9,2015-01-21 10:29:09.203,47778DB8-B8C8-7FE9-D03D-59636F31D724,46,1
2981,0D1DB603-DB08-1D2B-A506-CD283767B1D1,2015-01-21 10:30:25.930,0CE83535-B358-E00B-ABEB-BA48EF14DA29,46,1
2982,144D1B7D-F667-E0DC-DCFF-F5868E1ECD50,2015-01-22 19:59:32.610,93C16EF1-C0D4-57F1-0678-FD15677E523D,49,0
2983,1CDCDBB4-C0DF-7542-E24E-8AD763420FA0,2015-01-24 11:53:31.190,A6DFBCF3-02E1-019B-F163-D7D2488EB12B,50,1
2984,1FB899A8-C1CA-F187-8390-D063D4F273BD,2015-01-25 01:12:46.857,DF19D101-E865-1466-7414-BAD0F4119FA1,46,1
2985,1FC2A81A-0232-CD82-865B-D64E42C7A0F6,2015-01-25 01:23:45.703,DF19D101-E865-1466-7414-BAD0F4119FA1,52,0
2986,1FEE5F6A-D8D9-7ABC-8C16-206856C80329,2015-01-25 02:11:30.677,7266B2EA-A5B5-8F78-063F-3424E488CAA3,49,0
2987,225B0888-04FF-8BCF-1BCF-B8B7F1CE0166,2015-01-25 13:29:26.287,92E54EED-CBBE-A6EB-6398-85B84F17B795,47,1
2988,269907B0-CC6A-9124-730F-4A7C1D4DDFD2,2015-01-26 09:15:38.167,3D598959-03F8-3C64-9C27-75AD502155D1,52,0
2989,2C3194BF-E727-5989-E88D-54F9812443E5,2015-01-27 11:20:21.827,2C30BC9C-FB79-20D1-EA3D-6051B6240A4E,49,0
2990,360D0018-A702-30DE-4B61-1A2F3BBB58F0,2015-01-29 09:16:36.637,3544B77B-DF8D-4028-2953-DC4D30F2DD19,49,0
2991,3C212DAC-0167-0B82-50A7-04843513F52B,2015-01-30 13:36:22.337,92E54EED-CBBE-A6EB-6398-85B84F17B795,50,1
2992,451603BC-E1C3-F584-69E6-A3F68A10743F,2015-02-01 07:20:45.633,AFDF020E-0970-4F34-1731-A2C29BF3E015,50,1
2993,45A5C534-BE15-50CB-3D28-FB0EC366CC98,2015-02-01 09:57:46.807,10E098E9-AD1F-A3ED-835C-D846D303ECE4,52,0
2994,467F957D-CB12-5B36-E483-75B605E43034,2015-02-01 13:55:41.440,E616C397-B664-8A10-F569-4951F9BDF1EA,38,0
2995,51E5F083-9222-99EE-F161-821F9C96D462,2015-02-03 19:03:18.823,8B05C8B2-A520-1CFA-A10F-A9A417DCD51C,20,0
2996,597E81F1-F1B1-CBBB-714D-1C0031E190AA,2015-02-05 06:27:18.003,4462AF4E-9759-4EE1-F1A3-9E7E1C876C2C,50,1
2997,5A05F9DF-DC78-8286-F7DE-C95331A9DD50,2015-02-05 08:55:16.067,8411D650-A70C-EF6D-7922-3AB37B6DDC26,50,1
2998,5AE699BD-A408-FA5B-8C11-CB42805D201A,2015-02-05 13:00:37.057,64F86A5B-F1DA-B545-9C5C-3DE404CF29DA,50,1
2999,5E2924FB-EAD9-A1D3-A716-5C23325AED29,2015-02-06 04:12:09.727,7797BC91-911A-06C9-CD71-8F008FEF2BFC,50,1
3000,6598C6BD-9C0D-D999-1E8B-F6E007C37510,2015-02-07 14:51:26.143,A7821614-C439-5F09-8F13-666020E8EB75,50,1
3001,744F4025-088D-FA9C-74B6-7E6FA5F2E9C4,2015-02-10 11:25:25.800,7DAE88D8-FEC0-26DE-C3D9-0B6DFD75DC95,36,0
3002,856C0620-C00F-3AAD-20EC-97CEC640FA25,2015-02-13 19:10:24.163,10A97607-A37D-EC30-1E20-2E4D89D61C51,50,1
3003,9CCD470A-C4C4-418B-5067-89B9559001A5,2015-02-18 08:07:53.743,E1A70F61-A423-BD03-00D4-BA88FE778193,50,1
3004,A846002B-9BD5-5E38-4252-2C8BEAA74343,2015-02-20 13:35:34.827,3CAF3D84-F75C-8373-63C7-FFB13E3D04E7,50,1
3005,A8475E1F-D1FE-49E8-DD78-5A9E3853574B,2015-02-20 13:37:04.420,A83BFD36-9AAE-63DA-6747-57109A5D7E1D,50,1
3006,B1E3101A-046E-AA5D-AA7D-8B9BFC993F2F,2015-02-22 10:23:43.347,AE562B42-FBFE-4E2D-86C0-2732F20A362E,45,0
3007,B2C810C5-A569-6B67-FC68-B27D06343BFD,2015-02-22 14:33:50.920,3CD7D0C1-91C1-5628-487E-2303DC7C27DD,49,0
3008,B2E02C3A-C5AC-A744-0ED4-3F9BF3DB570D,2015-02-22 15:00:10.813,F2883E77-E4FC-F112-C7E3-DE17B7163888,50,1
3009,BC2223A8-94C4-E5AE-0A8C-2454886B74D9,2015-02-24 10:08:48.943,BB814997-91AC-2D2A-7185-F13279ED789E,54,1
3010,BF429F8E-F1A4-E0FE-357F-1CFC08EFA95C,2015-02-25 00:43:09.467,FEA606E1-F973-799E-8C16-779BE28ED30D,45,0
3011,C22C0889-0AD6-9888-97AE-B013629014B3,2015-02-25 14:17:20.657,11041567-C874-A51B-D4ED-4C33FD5FDC0F,54,1
3012,CBDA9605-ABCA-9559-0A7C-EDCB8EF0874E,2015-02-27 11:24:35.143,A93DEC57-0DB3-537A-18CE-6E261749AA43,45,0
3013,D252C012-0D62-6AE5-B4EE-7F68B70299E4,2015-02-28 17:33:33.460,8CAF5CCF-F4E6-6567-3CD7-B9156557C79F,50,1
3014,DFEC8617-CC53-FD7D-C0B9-36783870FF10,2015-03-03 08:56:34.970,99183ADC-A2C1-DE7C-FDC3-3FF539B2CDC7,46,1
3015,E52D1E67-FAB1-7DD6-A9FD-4B3FE3B7EED4,2015-03-04 09:25:14.347,D6A2F3C0-ADC0-C963-9CF6-642B71806F28,50,1
3016,E96E3D2A-C3E8-8CE7-338D-442C684BC4D3,2015-03-05 05:14:50.923,C3A97640-D4FE-DA8D-468A-DA2A7CE2FB79,49,0
3017,F147D62A-ABED-3574-1EF4-59E209586EA1,2015-03-06 17:49:51.930,AEB6C440-F7F3-589A-B532-29114FB60F03,50,1
3018,013C10A2-F006-BDCE-AFE3-C965BFB801CF,2015-03-09 21:10:55.910,7F6159E0-F128-2E42-3745-53BB6E988E52,57,1
3019,013C11B8-BB6A-FF35-97FA-0EB7287F3943,2015-03-09 21:10:56.187,7F6159E0-F128-2E42-3745-53BB6E988E52,57,1
3020,0141666D-9B7A-437A-8970-4ED276466DEE,2015-03-09 21:16:45.553,3B43FD8E-A9F3-4B1A-74CC-255ACCD77E11,57,1
3021,0141708B-09E5-0AAD-BD6B-CCB20E51951A,2015-03-09 21:16:48.147,3B43FD8E-A9F3-4B1A-74CC-255ACCD77E11,57,1
3022,0173804A-E7AE-14B6-4719-D43F75C96E63,2015-03-09 22:11:28.980,3B43FD8E-A9F3-4B1A-74CC-255ACCD77E11,56,0
3023,03399568-B5C7-27ED-1675-897C1C3F28D8,2015-03-10 06:27:27.827,DC237190-DAE8-5484-B88B-01A99AD18AA8,57,1
3024,033CD7EB-FC34-203C-8088-2ECDD21059D4,2015-03-10 06:31:01.357,A298EE3C-9968-967B-91FE-83584AB112F1,57,1
3025,03452210-E334-7891-ADA4-25068DF06248,2015-03-10 06:40:04.627,0EEA6D9C-DCF8-3071-B940-E7469328669E,57,1
3026,037C5E42-F7A3-7B98-934F-43B7898DE39F,2015-03-10 07:40:24.517,428A9F31-95D6-DC48-4A70-B66D58E2A208,57,1
3027,037FA39B-D2E2-6432-7AEA-319557215162,2015-03-10 07:43:58.897,3404535B-FEB6-DAC3-6436-2C934797324E,57,1
3028,03AC1D21-C7E4-1692-B389-15C337A9CD06,2015-03-10 08:32:35.073,B629F935-F795-0631-3BE9-387E93E622E8,57,1
3029,03EBA0F4-D907-754A-676B-AFD336245E59,2015-03-10 09:41:56.093,15FA6EED-D811-28B4-AA06-7D6D8F5A134E,57,1
3030,03F0D7CC-E91E-EF5B-1568-7DD42B09A0BF,2015-03-10 09:47:37.813,F0D77EB8-B149-41A3-FAE9-BE6BF9720B05,57,1
3031,040B78C2-AE38-E545-0E17-B64767D6B24A,2015-03-10 10:16:42.987,FC40D986-FC01-E628-408C-F0ABB96BF624,57,1
3032,043434BE-AD78-02C9-D6D4-79DCF84B73CC,2015-03-10 11:01:12.513,8F8681AB-F0BC-27B2-704D-DE2D57B7378B,57,1
3033,0471B9D2-9EE9-6ACF-9E6D-9ECAB88D0C5C,2015-03-10 12:08:25.410,E0E48E16-F2F6-AC64-A932-6EF38CC94CA9,57,1
3034,04835DDE-9AE1-1CE3-17FB-D36BDC41AFAA,2015-03-10 12:27:40.383,3405A67B-986D-63C2-4FF2-15A667DFDA8D,50,1
3035,04CB8B59-EA6E-8219-BD68-FF46D55C382E,2015-03-10 13:46:30.620,DBCB4865-A707-9A2D-0D90-498F9387D195,57,1
3036,04DFAA20-A563-96B0-F17C-588CD5D79E58,2015-03-10 14:08:30.497,6EEAECF6-0F7E-E9C0-ABEA-1D94FAF485E9,57,1
3037,04F5E2F3-CD35-95D3-6193-E402EE334DB4,2015-03-10 14:32:45.560,A0266306-BBA4-9814-C637-997254F824D6,57,1
3038,067B5E18-0B3E-6A08-08C2-F591DC4E9FE6,2015-03-10 21:38:11.480,B24D8C71-EFC0-48FE-0603-7700EA7984CF,57,1
3039,06821A26-F2E7-E5E7-C691-4242C676047C,2015-03-10 21:45:31.947,AFFDC86F-B63F-AF5A-3AFA-0C24D54F94DA,57,1
3040,090EEBD0-9A55-850D-573A-2F72A5CC5D81,2015-03-11 09:38:35.090,423CEB58-C995-1543-D8DA-4931FBC4EA64,49,0
3041,0B2028BF-0CC9-0D2D-4AB7-B49CAA69A12F,2015-03-11 19:16:39.233,7C80813D-BC2E-8C4E-742C-5B6B8598E3E5,49,0
3042,0B82A262-D5F2-F5D0-D171-EB0E2980ED4E,2015-03-11 21:04:12.903,7983CAF9-DA04-D4CA-E2C2-A03483F29980,49,0
3043,195FFFD5-CB14-D796-75DF-512E6545C007,2015-03-14 13:41:04.110,B4A0949C-F4B1-7F91-21D5-727706DDBF09,57,1
3044,2398896F-E6F2-37FB-1C89-755CFC94C93E,2015-03-16 13:19:06.017,FBD149D0-CF24-3887-D64C-1B200433800B,57,1
3045,28CF4EDF-DCA1-76CC-0DA5-4C2545CF5E0A,2015-03-17 13:36:57.090,19923DAA-B71D-4650-5AE5-9987FF71B4F9,57,1
3046,2F59A0FF-E2C0-9C12-577D-ABF0C4F01FFD,2015-03-18 20:05:45.353,60CDFDD3-AD84-C040-D976-D815FAB19C41,57,1
3047,378D23D9-C30A-3FAB-1082-7FC17E763A56,2015-03-20 10:18:58.910,E962BE82-0416-C852-96FF-971B88802093,52,0
3048,3811FCE9-FA64-1D9A-0911-61CE4FE4A5C2,2015-03-20 12:44:06.680,B2A4E309-EAD8-B53C-D05C-92EEB99432B1,57,1
3049,42FA2804-95F6-E389-3298-2D534AC61D11,2015-03-22 15:33:52.773,42F68D83-9169-C083-3B42-397358CAABF8,49,0
3050,4473730C-E86D-5640-8166-0BB996DA0126,2015-03-22 22:25:59.057,2ABF496D-FAD1-7225-B244-E6973DA8630E,49,0
3051,472F81BE-96C5-D248-4578-9F500B42F3E6,2015-03-23 11:10:38.017,DD61C1EC-BD64-4A2A-0DDC-57CC0D49DB9A,52,0
3052,49106FB6-A8BA-34C9-DEE7-C2B57E8AD47C,2015-03-23 19:55:56.217,5F97FD57-EDF4-7B47-5FCB-1531CDC188F3,51,0
3053,4D24BA91-F956-4DD0-6322-D1D6BF2AC634,2015-03-24 14:56:34.963,5D6EB8BD-DE55-0BBA-9BF4-32F3AAFDD5C5,50,1
3054,4D2D6F04-9A5D-CB9B-4B92-8A7AAAFD9198,2015-03-24 15:06:05.520,5D6EB8BD-DE55-0BBA-9BF4-32F3AAFDD5C5,57,1
3055,4D3D9E54-9160-0CE1-A505-BC9C96A012B4,2015-03-24 15:23:46.137,5D6EB8BD-DE55-0BBA-9BF4-32F3AAFDD5C5,52,0
3056,5814EDA8-C2B5-34F5-3419-3658C308A2EF,2015-03-26 17:55:08.843,8CAF5CCF-F4E6-6567-3CD7-B9156557C79F,49,0
3057,5D223821-CDF4-4FEF-424A-05D5376DD1C0,2015-03-27 17:27:45.957,46F79F37-9E6C-4530-8105-2B9212290506,50,1
3058,67BC9D77-D726-9CBC-7A5C-4D79879E9A5C,2015-03-29 18:52:36.600,A9F27BF3-EF41-E818-8AA5-899D1FF90E9F,49,0
3059,6A6CC13C-F1F5-91D0-7566-48906FA359EC,2015-03-30 07:24:14.533,605988B8-B27A-A780-A43A-BFAC557BDA4F,50,1
3060,6A6F613C-0A13-1604-B766-24CEAA461FBD,2015-03-30 07:27:06.557,605988B8-B27A-A780-A43A-BFAC557BDA4F,49,0
3061,7392069A-F78F-DBDC-A3AE-C91A6E0481B9,2015-04-01 02:01:32.070,6E3EAD87-CCFE-D18B-8566-56C1BB749A95,49,0
3062,746CDEC3-0E5D-AF3F-BDD1-A4629118FCEA,2015-04-01 06:00:34.247,5FB36BD1-F811-EE23-CC5E-0C7DDCEC382C,49,0
3063,746FFEBC-D773-8E9F-6F07-1140AD358827,2015-04-01 06:03:59.040,5FB36BD1-F811-EE23-CC5E-0C7DDCEC382C,50,1
3064,761627F5-C887-C0C1-E7C7-13434FA8B298,2015-04-01 13:45:05.783,74A6912B-9796-B6D6-B9B8-E00AB62B624B,50,1
3065,76CAC9F5-BC14-D111-8E34-18E6BB26A947,2015-04-01 17:02:23.737,CB2CDD58-CB8B-1841-EF83-9E3DFDB7813D,50,1
3066,7937238D-0E27-49DC-618F-AE212202F2D4,2015-04-02 04:19:59.137,7934D17A-9C2E-C8F4-1605-2391AF7687A9,46,1
3067,79F7383A-0260-4208-4071-3CBC09B73979,2015-04-02 07:49:47.200,D061D34A-FD93-7DB0-2735-F68F2739B425,50,1
3068,7C4245D8-C19E-2EE4-BC46-E8FB2F106798,2015-04-02 18:31:00.313,D0D51569-BCA5-E412-6DA1-CCDD0D2C55F3,50,1
3069,80D3DC84-06EB-1C07-42A8-AA8F2CE7CE28,2015-04-03 15:48:30.470,2A01010E-C928-F9E2-9F15-5845DC45EC30,50,1
3070,80E04905-916C-8EA5-BE0D-D6E540D46027,2015-04-03 16:02:04.680,2A01010E-C928-F9E2-9F15-5845DC45EC30,49,0
3071,84C070CB-948D-E0E4-250B-6E6E3A0FD557,2015-04-04 10:05:46.573,11931F45-F3D0-E928-CA0E-598D1EC8D79B,52,0
3072,84FB9F85-D94A-327E-8637-D0E4FAE7FF39,2015-04-04 11:10:25.170,EAE3E05A-F7EA-52BB-1C0E-6FCB71727CB4,57,1
3073,853BC0EF-0F9D-B7C0-3386-B3AA991AA74C,2015-04-04 12:20:28.017,0945DF31-0F50-A3EC-B473-50D8856274E6,52,0
3074,86131509-F642-F0AF-8CB4-E31E2E96BBD1,2015-04-04 16:15:39.787,742D266B-E57E-A773-BF4E-D4D913C09150,52,0
3075,869C1B62-CC1D-8C80-EAF5-0E8415F36922,2015-04-04 18:45:19.843,992C636C-A153-DDEA-CB25-1E2FCD7D9494,50,1
3076,8A47FB91-AB76-DD37-2927-866F937D07AB,2015-04-05 11:51:55.540,CD2FC7E5-0E86-8562-F0BB-5079500E7ADC,49,0
3077,8D16D03A-E9E0-B042-0C90-C8A9E953C590,2015-04-06 00:57:05.800,EE601E31-BF3B-9C4E-71F1-A8146FA44246,52,0
3078,916A8FA5-FF5F-3961-ED43-95B155CB65CC,2015-04-06 21:07:02.187,DA7107F5-0BF0-02F5-6EAE-EB19A0018672,52,0
3079,966242DA-A61E-714D-1758-9F0C53FC2E33,2015-04-07 20:16:04.317,912F2CF5-DD39-C22F-27A8-62BAC9B73962,50,1
3080,9AC1B26B-B8A8-CAA6-5707-C605CE679DCC,2015-04-08 16:38:47.663,9ABD4152-03E6-5458-D0C5-AC1BB99178CF,50,1
3081,A85F0E99-B806-B86F-2F75-48A4AA0703CF,2015-04-11 08:05:44.220,A85B06BE-0FDE-CD34-C953-05DCD9EB5AF1,49,0
3082,A8DFDE6D-9861-1A60-909E-8A7CD71584E5,2015-04-11 10:26:26.127,763AEFF5-0420-4DD5-32D1-80CE6D5DD63B,57,1
3083,AA0A3078-A45D-0528-263E-E47631654341,2015-04-11 15:52:16.763,0945DF31-0F50-A3EC-B473-50D8856274E6,50,1
3084,AABF1B2F-B0FD-7D1A-4A81-922391B0AEF2,2015-04-11 19:09:53.330,A8BA185B-E879-E972-A6D8-4D74EE685807,52,0
3085,B2B54A69-D825-781F-89BA-0AD304809CBF,2015-04-13 08:16:07.793,DBC76118-F20F-B7DC-8CF6-3B0F843921F2,45,0
3086,B8CC3DE3-0A49-A084-6FD5-D4D6F27E8C34,2015-04-14 12:38:55.223,B8C845D2-BC46-FC22-8A82-F24B73ED2F44,38,0
3087,B8CC3DE3-0A49-A084-6FD5-D4D6F27E8C34,2015-04-14 12:38:55.227,B8C845D2-BC46-FC22-8A82-F24B73ED2F44,39,0
3088,C3A8459C-CA3F-18B6-BA71-5FB220CDD719,2015-04-16 15:15:27.263,885D4521-B4BE-BD60-FE51-F3766EBA844F,50,1
3089,CB76E5C7-B0FD-3303-8776-DBE997FC6A19,2015-04-18 03:38:29.310,CB7566A4-D7C3-C069-D5C2-145F15600805,20,0
3090,CF1FB2E1-CF6E-2167-60D5-508CB74C534C,2015-04-18 20:41:43.403,0532DBC9-B186-36C0-A295-91C5AEC94A33,35,0
3091,D61DAE82-CC0D-3900-3C29-11C19FED1F1D,2015-04-20 05:16:51.720,D6146344-AB65-650D-40AC-AD386E6E2C1F,49,0
3092,D8D901EB-CC27-AE2C-60D2-D82F6381FD9E,2015-04-20 18:00:42.733,D8D8075D-C774-3908-CCF1-A73D151B59B9,50,1
3093,DB7D8A31-E97F-A985-F1D7-4259405AC877,2015-04-21 06:19:39.963,1C720C63-0B86-786C-B4A0-97B6D891367D,46,1
3094,0135C0B9-DBB3-A68A-EFA1-960A725044CC,2015-04-28 14:06:49.540,0130CE1E-F860-62AE-4C5D-01AC362D63FE,50,1
3095,06B3855B-D8B1-3989-84CB-2633D5800B11,2015-04-29 15:42:17.950,06AF4306-B27B-2C59-1826-3137300AF69A,49,0
3096,0B2399F7-CAF2-CC39-2917-44B81FFE33D5,2015-04-30 12:23:12.120,EC36DA11-9968-5611-CB5F-989CB69BBBBC,50,1
3097,16134362-EEB7-E0C1-DC7D-8F046DD66967,2015-05-02 15:21:11.660,160E9F16-92D6-A8EE-B0E5-EB40129A46A5,47,1
3098,25B4B19C-D205-DB2A-B09B-8F10A7F50250,2015-05-05 16:11:48.513,1EEB6296-0C0B-7BD1-4A06-4F2365D894A8,49,0
3099,2EA8B438-0635-D536-89B6-C94B6FD88E93,2015-05-07 09:55:17.690,9C44F80B-A3F0-C570-822A-8D3C0CA62C3D,50,1
3100,2FBF310A-0AC1-DE2B-6905-21CF1FA620C3,2015-05-07 14:59:28.653,CB32CA9F-D665-3302-6672-E09D93A3B16C,49,0
3101,2FCF048C-E783-DD12-97FB-EEC03109616A,2015-05-07 15:16:45.860,B744EEBD-A188-E1EB-E7DD-251E53AADFD2,49,0
3102,3AFC8EDD-E642-B989-9205-3744B16C1D24,2015-05-09 19:22:19.747,DD61C1EC-BD64-4A2A-0DDC-57CC0D49DB9A,46,1
3103,5E79C2DC-F146-E111-B851-676CF5F8CDEB,2015-05-16 16:45:47.613,E8E8FFB3-ED21-7898-CC7E-782AE756758F,50,1
3104,5F1570F6-012C-66E3-6ACB-AAE80BCE6F9E,2015-05-16 19:35:50.263,E81DD8C5-E1B4-172F-5CAC-F5576BBDDB8F,49,0
3105,610EA747-08C9-0C82-D458-46CA50BEAF44,2015-05-17 04:47:39.850,610CD154-A523-6DBE-D5F4-7A0CCF9CCB9A,50,1
3106,6E304224-DCF0-D90F-7857-E3A1F52A8CAF,2015-05-19 17:59:25.990,B578376D-0243-C5FF-F8DC-DE37B58B2929,50,1
3107,720B46BF-E13D-AE21-550F-43AF78048386,2015-05-20 11:57:31.203,36F661E3-E9D0-6065-A8A9-98B9192094F4,49,0
3108,7279CBA0-EAF1-F39C-683E-EE2AAAB43CAC,2015-05-20 13:58:14.177,B5C7A676-D701-10D3-C36F-4D7FB7AF0E48,52,0
3109,7BA8ABE6-0FC8-FD06-A975-BD5C7BC32F9D,2015-05-22 08:46:02.833,B48F9E94-A48D-4095-60BD-2A542A2173AD,38,0
3110,7BA8ABE6-0FC8-FD06-A975-BD5C7BC32F9D,2015-05-22 08:46:02.843,B48F9E94-A48D-4095-60BD-2A542A2173AD,39,0
3111,7BA8ABE6-0FC8-FD06-A975-BD5C7BC32F9D,2015-05-22 08:46:02.847,B48F9E94-A48D-4095-60BD-2A542A2173AD,35,0
3112,7CC70879-C832-85A0-419F-0C23AD3A8717,2015-05-22 13:58:48.190,396C87DC-A5E6-FFDB-A0A0-CB671DC8AAA3,26,0
3113,7DB3434D-E2C3-00E9-94E0-C51DEF2EE9B2,2015-05-22 18:16:49.743,7DAC97F8-93EC-597C-61DB-377328F5D244,50,1
3114,914A89D4-D8FF-E2F0-0DAB-4C2ACBD1D865,2015-05-26 13:34:50.837,7C72FDB4-C793-B996-0FB3-093329B2FC34,35,0
3115,97AB0759-F7F6-279E-B969-2CC18126E45B,2015-05-27 19:17:57.723,9706F1DD-DCB7-804A-BE2A-39A225C1EA41,49,0
3116,A3F43D6C-91B1-F73C-611E-42507E0DD44A,2015-05-30 04:33:22.297,47778DB8-B8C8-7FE9-D03D-59636F31D724,58,1
3117,A42DE269-DF80-9EE6-2E40-745B92589BEA,2015-05-30 05:36:20.143,9A895CD4-ABEA-C2B9-55AF-D97FF2500A82,58,1
3118,A4D2005F-FC51-9D7F-3BC8-93F35B59343C,2015-05-30 08:35:35.653,07DB09E2-9528-71BB-5E11-32BB5EE8ABA9,58,1
3119,A4D88395-FAEF-6DE6-E272-538C7B196CA8,2015-05-30 08:42:42.457,3404535B-FEB6-DAC3-6436-2C934797324E,58,1
3120,A4E63540-03E6-3187-5EEC-F27DC583C924,2015-05-30 08:57:39.907,AE541486-E4E0-9182-3227-42EE27F0447F,58,1
3121,A52DFF56-09C1-5960-6B6C-1D2C6D8BF995,2015-05-30 10:16:04.700,4E4C7B5B-E22A-F30C-ADC4-98BE9A1372D8,58,1
3122,A5836063-E51D-0AD7-9EE6-F623D144FA0E,2015-05-30 11:49:20.103,8EFD146B-D431-BEE7-F574-D8241E43E7E3,50,1
3123,A5F4D8B5-C0D2-28DC-8583-5E924AF35744,2015-05-30 13:53:16.473,763AEFF5-0420-4DD5-32D1-80CE6D5DD63B,58,1
3124,A62CB215-0CC7-A730-91F6-DC6A44739B86,2015-05-30 14:54:16.603,CB2CDD58-CB8B-1841-EF83-9E3DFDB7813D,58,1
3125,A68A6F98-A67B-D213-0504-1EEA3DA1C850,2015-05-30 16:36:40.737,098E537B-C4BC-B7ED-5495-64619463C63E,58,1
3126,A7AE5B2F-9519-5A24-328A-0AFAE55084BF,2015-05-30 21:55:31.257,DBCB4865-A707-9A2D-0D90-498F9387D195,58,1
3127,A7B6C4AA-AA0C-E498-7385-5C6926AF9E04,2015-05-30 22:04:42.547,6B79D121-0CBC-BF2B-00AB-F9C0B0F0B56F,58,1
3128,A9E403A0-9AE4-711D-9B6B-A57186F5FD7D,2015-05-31 08:13:22.217,37FEED8F-9FE2-9619-8CA3-59C339A4EBFC,58,1
3129,AA7A0B03-96BC-DB84-ADB2-69FC2AFD7ED1,2015-05-31 10:57:14.503,EAE3E05A-F7EA-52BB-1C0E-6FCB71727CB4,58,1
3130,AB0DC8A3-CEDE-16FB-EA03-B31A4E5D53F5,2015-05-31 13:38:36.840,15FA6EED-D811-28B4-AA06-7D6D8F5A134E,58,1
3131,AB226B55-93DD-FA78-096E-F04C0F4A746F,2015-05-31 14:01:09.210,D6DF7736-90FA-C6A0-0AAD-3490B63943EA,58,1
3132,ABB38D81-EAFD-18A4-8E6C-2BB175BCB311,2015-05-31 16:39:40.673,AB7CFFBC-0E65-5ABF-76D8-5F47D4A23EDD,50,1
3133,ADE40C66-CEB6-6E09-0C94-B88672FB6461,2015-06-01 02:51:53.327,91C21552-DDDD-4517-1C94-256EE93F5014,58,1
3134,B01B7A0A-CB97-158E-ACF1-E356E7A757C4,2015-06-01 13:11:41.100,86ADEF6B-0872-3927-9F42-D21C84371F8C,58,1
3135,B15F461D-97A2-D6F8-38A7-CA88344DC9BC,2015-06-01 19:05:20.673,C1FE3DA9-FEDF-AFB5-FEE5-D170DBA61007,58,1
3136,B5288BC0-F7DA-D69A-8E47-D0BE0357E279,2015-06-02 12:44:02.930,65460979-901C-9EF7-49AE-4B11357B79F3,58,1
3137,B57D5FE8-F434-2FFE-DEF9-6A8EAC557D28,2015-06-02 14:16:42.220,99183ADC-A2C1-DE7C-FDC3-3FF539B2CDC7,58,1
3138,BFCC439C-EB38-0ECC-ABDC-F348E7C80610,2015-06-04 14:19:04.480,F87AD4B6-063D-0C71-20F4-13534A70CF6B,49,0
3139,CC4B4773-B920-DE85-F0E8-DB2180781541,2015-06-07 00:33:15.127,9AEF03E6-B91B-0C84-DE27-5AE957C7BF3A,52,0
3140,CC50C00B-EDA5-A7AF-4D6B-51BF4895677B,2015-06-07 00:39:13.677,9AEF03E6-B91B-0C84-DE27-5AE957C7BF3A,33,0
3141,D802DF56-AAA7-CA04-7FEE-540F3C6B0FF2,2015-06-09 07:09:36.473,74C3AF74-B992-DDF5-E1E1-DEB7D6A292A8,49,0
3142,D8F72A9A-F67C-EEE6-4486-9DBE823EA533,2015-06-09 11:36:26.523,D8F57E1E-F79F-A3C9-FECF-66E9CA6931E1,50,1
3143,DF39008A-BEB0-84CE-724D-80CCD6C97C45,2015-06-10 16:46:04.430,D391A664-AE1D-800F-1791-D2A7DB375E68,52,0
3144,E8F9A637-C50E-3A8C-C826-2C015A8F2FAD,2015-06-12 14:13:05.487,19923DAA-B71D-4650-5AE5-9987FF71B4F9,52,0
3145,FCB7EE45-08B1-04BE-7FB0-BB3B7395A3D7,2015-06-16 10:13:42.093,FA47A99E-B881-8A5A-6FE0-3B168D595401,46,1
3146,00E95088-BF71-632C-3394-EEC77098701E,2015-06-17 05:46:07.373,C693D1C7-BCE0-D1C1-E76E-6DE9BA3C0EFF,50,1
3147,03951E08-C4A3-2A2C-FD01-513EF59206E9,2015-06-17 18:13:01.070,FA4DD308-D468-A04F-63CD-0999EEF4E0F8,57,1
3148,0492153A-A62B-365E-5CF4-48BE0E1F00AE,2015-06-17 22:49:19.423,C791CBA4-D174-33FF-0C36-578A57F92F05,47,1
3149,073A83D1-DBAE-7BA6-A439-56FCF606D9D4,2015-06-18 11:12:32.210,073A1208-0AD2-68BE-4AC1-D0AB7AD0247A,50,1
3150,11B70B37-99B0-8CE6-0AD7-4DA602F78CA4,2015-06-20 12:04:45.497,94A3AAF0-A961-3640-0B10-0E68155F3565,49,0
3151,1CEFE6F4-AE96-C4F4-5D3B-06132BD08250,2015-06-22 16:22:41.667,D94FC28D-0A1E-1B19-E16B-EBE292C3613E,58,1
3152,2BB32462-AC0D-A1D3-DC0E-73A75B72E0A2,2015-06-25 13:10:37.423,FC441024-0A48-DD2A-7241-3E204773C6F8,50,1
3153,307B9230-0F8A-9087-5044-3BD89FE5F86E,2015-06-26 11:28:01.587,90D8189B-C748-BF57-7443-B67A9061E617,50,1
3154,4999A0D9-E725-B692-3EFA-327E46AFF9B0,2015-07-01 08:31:21.820,3D6CCCA2-F436-7D90-845B-DCD67BE6BB6A,51,0
3155,4F6C625B-BA37-F450-FA70-D7B0E6A86001,2015-07-02 11:39:39.997,4D5145F4-963A-C412-F43C-E19BC99567B6,52,0
3156,4FC701B6-A915-B8AF-5CDB-DAEEF85EF3AE,2015-07-02 13:18:39.033,FB062869-BA2F-E5E7-AADB-D5261150EC45,50,1
3157,679E7963-DDE8-EA94-CF44-8EA0BF06712E,2015-07-07 04:25:15.880,6796679D-B624-FF43-AC81-054E9A3E8D49,50,1
3158,693189D5-9230-BCCA-07C4-832DBFA872EE,2015-07-07 11:45:31.210,A0C12110-098E-D132-2808-9103772D618E,46,1
3159,6E514E2B-E2C5-3FA5-5B75-F91B742B9863,2015-07-08 11:38:19.053,509B5C99-E6F8-C662-516E-69684AE94C9F,52,0
3160,957BAC8D-B9DC-0BA4-1E39-B7BE23272671,2015-07-16 02:09:47.157,36CA2282-F651-6765-1012-FCFD0835F258,50,1
3161,B77652F9-B993-AA3F-F7CA-86097B963C15,2015-07-22 16:31:01.890,8F2114A2-D958-73FB-A3F9-1358952AF6EF,50,1
3162,BAC190E4-068F-A678-74D4-F87CE7B121E1,2015-07-23 07:52:04.583,BABE2EE2-BC04-7D78-FC57-DC4C25B64970,50,1
3163,C342B375-CFDB-5854-4859-46E091D6A615,2015-07-24 23:30:05.303,20D07A3B-CD7D-103B-2FF3-A61C9A04F146,52,0
3164,CFA152B9-BD48-D9DF-7706-7569AE4BA8C2,2015-07-27 09:08:53.053,647A3332-AD08-BA1E-C6CB-CC29943F4BC7,50,1
3165,D93E9417-00F5-D135-652C-E575EFFA2DED,2015-07-29 05:57:13.883,E962BE82-0416-C852-96FF-971B88802093,47,1
3166,E0F3F251-B60C-493C-EECA-D54689F97320,2015-07-30 17:52:40.537,14B47311-0E51-C3DB-D485-DBDC8DEF9A5A,50,1
3167,F8DEEA86-FC87-C9BC-E68B-F2F4BD1804FC,2015-08-04 09:20:35.467,1B8A8D51-F1FD-2692-54AC-A1A618AF5C7A,49,0
3168,FE2D9E55-07D8-ACA2-A50F-829D40435F75,2015-08-05 10:04:39.453,FE297EAB-B13A-C75F-66B2-560E603D5AA3,45,0
3169,0FBE9AC0-B4CB-59DE-DC5E-B3E1DEB50E39,2015-08-08 19:56:33.867,FEA606E1-F973-799E-8C16-779BE28ED30D,39,0
3170,29815E49-DC13-66D0-08D1-A3BEC0A02BF5,2015-08-13 19:59:48.303,7F6159E0-F128-2E42-3745-53BB6E988E52,60,1
3171,29816F6C-CD38-4776-478C-C24C08D9E1C0,2015-08-13 19:59:52.687,7F6159E0-F128-2E42-3745-53BB6E988E52,58,1
3172,312770F4-EC19-597E-2641-6784EC3DB274,2015-08-15 07:38:32.577,91C21552-DDDD-4517-1C94-256EE93F5014,60,1
3173,31333EDC-D1F9-E5EF-146C-B6343C72090B,2015-08-15 07:51:26.190,C2A739CD-FE64-FA73-01AC-34B16A362FFE,60,1
3174,314FEAE6-E352-C879-915C-031A741EB965,2015-08-15 08:22:45.227,9A895CD4-ABEA-C2B9-55AF-D97FF2500A82,60,1
3175,319837B6-E474-8935-4B80-2513F22E0599,2015-08-15 09:41:43.483,B0B7DD16-06B0-0D93-E333-E5B6D4D3A590,60,1
3176,31CB9B78-D123-C503-D5B9-996A8C788610,2015-08-15 10:37:51.357,58203FB7-E111-CDB5-C314-749F3E073C25,60,1
3177,31DA8A4C-E56E-AF06-02E7-7826DF98D23C,2015-08-15 10:54:10.677,9FD9D4AE-FD3A-70F7-23BD-E4271F5A2D70,60,1
3178,31DD20AB-E1C4-A5AC-760E-8FF8F8DA36C1,2015-08-15 10:56:59.567,4D5145F4-963A-C412-F43C-E19BC99567B6,60,1
3179,3209D2D0-9439-4A53-A4EC-3B4E04B300CC,2015-08-15 11:45:48.757,AEC16FC3-FC7E-8247-2A38-60CFD6FD3F63,60,1
3180,321232AA-AA30-FA30-37B2-15753C838330,2015-08-15 11:54:57.593,CB2CDD58-CB8B-1841-EF83-9E3DFDB7813D,60,1
3181,32270613-A06A-C0A0-D71A-2A6EC9E1B4B4,2015-08-15 12:17:42.420,FFF1EF29-EFC7-4A9D-8024-DF6AFB2A04AB,60,1
3182,32671AAE-D98B-8A0D-AD19-9A9C268E4A7C,2015-08-15 13:27:42.667,DBCB4865-A707-9A2D-0D90-498F9387D195,60,1
3183,32AE4612-FB0E-0D65-DC83-EFD6EDE77CF7,2015-08-15 14:45:26.183,D13A771C-EE07-B409-4CC5-691BAA016D90,60,1
3184,3382029E-9CF7-D503-4594-80F3D74F9842,2015-08-15 18:36:42.530,A314E645-FDCE-B718-BE5A-3CB15F3FB2C9,60,1
3185,33916F3A-08B8-215A-2B08-DA5D0B1E97CF,2015-08-15 18:53:33.377,CE8C5254-D047-8E82-DB2D-63E391045A1C,60,1
3186,33B35D35-02AE-BDD2-3A87-C02EDD22ADF1,2015-08-15 19:30:36.987,C3128D19-CCDB-3929-533E-50BF5E710732,60,1
3187,35A28B74-0531-04F1-375D-82D1F0AEEFEA,2015-08-16 04:31:29.147,FC86EA62-A9ED-C3DD-B4CF-630A11FC113D,45,0
3188,363887BF-D318-CCA5-B2B5-67502016053F,2015-08-16 07:15:18.600,FA4DD308-D468-A04F-63CD-0999EEF4E0F8,60,1
3189,399AA4B3-FD19-3400-184E-2707F846C77A,2015-08-16 23:01:20.740,CA7DDFE2-B3D3-32A3-F47F-8BF51DF3A56C,60,1
3190,3AF713E9-FD21-DE1E-4D09-41BE5CDF4D2D,2015-08-17 05:21:55.190,4606F379-0071-2FA7-774A-23A6CCA13778,60,1
3191,3B356392-FC6B-5450-5F34-74AC0032F5B5,2015-08-17 06:29:58.813,970BEE4C-04BB-BF22-F7B7-8DC40C63D5FD,50,1
3192,3C37EF27-9EF8-B3DE-CB57-E45521F711E2,2015-08-17 11:12:22.827,BB814997-91AC-2D2A-7185-F13279ED789E,60,1
3193,42C277FF-C872-54BB-DB53-98B956090FFC,2015-08-18 17:41:25.120,F3B14A24-0FC6-1571-5976-23FCFC3C2ECD,50,1
3194,42CACF26-FD2A-7E7C-737C-38DAA66F4BF9,2015-08-18 17:50:31.720,F3B14A24-0FC6-1571-5976-23FCFC3C2ECD,49,0
3195,481A61AB-97AE-AEDD-9878-58B518E119CA,2015-08-19 18:35:32.720,8EEE2B1E-AA98-291B-5487-5A95CB9C56A4,57,1
3196,481A61AB-97AE-AEDD-9878-58B518E119CA,2015-08-19 18:35:32.727,8EEE2B1E-AA98-291B-5487-5A95CB9C56A4,60,1
3197,48932777-C94D-88FB-6A34-1746CDEEC998,2015-08-19 20:47:27.610,231B48F8-921D-7B6C-EDEE-A5E9D1F45663,60,1
3198,4976DCAA-CCE4-7253-962B-E0C7D5813DD7,2015-08-20 00:56:10.667,94A5F40C-09A7-8782-843B-212A6E2C0D23,50,1
3199,4B808CA2-B5AD-D5B6-6C4A-D62BEE7CAAD0,2015-08-20 10:26:00.703,E47583B6-B85A-B639-F455-522A032CC346,60,1
3200,4F8D7498-98E1-E64C-C83C-970A92F46D12,2015-08-21 05:18:34.657,8BA09F08-DD7C-4E8D-C69C-D302DB7F1A87,60,1
3201,507252BC-94DD-E77A-B81F-1624C0A2AE0B,2015-08-21 09:28:33.737,4B022970-E68D-053F-BE6D-CB83870E76F1,51,0
3202,507252BC-94DD-E77A-B81F-1624C0A2AE0B,2015-08-21 09:28:33.740,4B022970-E68D-053F-BE6D-CB83870E76F1,52,0
3203,5BB1E4F5-B57F-D44F-FF95-41219FD8EE31,2015-08-23 13:53:49.303,FDD5A804-FF84-6065-415D-2B60AB4A5800,50,1
3204,6E46B6AB-9989-02E8-6DCB-AC07C2E05D4A,2015-08-27 04:29:33.483,94A5F40C-09A7-8782-843B-212A6E2C0D23,46,1
3205,713535E7-EEDD-5D1E-56BB-A6AB4C762206,2015-08-27 18:09:16.783,3BFC1B69-9D4B-953F-EAB8-2BCD14F858CA,50,1
3206,72955691-0D1F-8C7A-9A5F-AD74E42D7739,2015-08-28 00:33:53.817,11923A82-DC8D-FF8E-A93C-794A191DAEE5,50,1
3207,84F9370A-D955-AD53-4094-DC98809B2A36,2015-08-31 14:16:10.107,0945DF31-0F50-A3EC-B473-50D8856274E6,60,1
3208,858B183D-D496-94A0-2F5B-7326145BB764,2015-08-31 16:55:29.600,DC17B6E8-A528-82BA-0AE9-1B6B5D4FB2B7,50,1
3209,931FD56E-C760-662E-A7C7-DA48C0D0D633,2015-09-03 08:13:01.173,DBCB4865-A707-9A2D-0D90-498F9387D195,62,1
3210,939B43EC-EB43-0047-3E64-5D1A29D4AC17,2015-09-03 10:27:50.383,A8BA185B-E879-E972-A6D8-4D74EE685807,62,1
3211,98ADA095-CEDF-1B94-B544-58323C9180C0,2015-09-04 10:05:59.833,7F6159E0-F128-2E42-3745-53BB6E988E52,62,1
3212,9D2F9FDA-A2C1-F025-E365-DD7F2B990F81,2015-09-05 07:06:28.190,0EF3D6F4-A0AD-AF9C-944D-2B8A657F25EF,50,1
3213,9D35F174-E554-09B4-4F38-35AF34F0AAFC,2015-09-05 07:13:22.297,0EF3D6F4-A0AD-AF9C-944D-2B8A657F25EF,20,0
3214,9E6BF34B-92E7-CD42-CA1C-6F2AA935CB32,2015-09-05 12:51:58.927,BC861166-CD55-F729-D0A1-F668739812BC,45,0
3215,A47ABB26-B2FF-741D-FD13-16E11941DB0E,2015-09-06 17:05:50.897,FC441024-0A48-DD2A-7241-3E204773C6F8,58,1
3217,B6472A99-A906-B516-26E5-05950648F097,2015-09-10 04:02:41.437,FC00E9B8-D03E-530A-4BA9-BEECEFBC1231,50,1
3218,B71E466E-9FF8-3AB0-D7E6-6ADA7ACB7B61,2015-09-10 07:57:38.807,EA11FA99-EDD3-72B8-46B3-13E7CD31EB23,52,0
3219,B85AC110-AEE4-7C3F-297B-F56EBEB471F3,2015-09-10 13:43:19.670,13B156D8-02C8-8149-3329-88552BDBCB94,52,0
3220,B9A94A82-9BC7-F195-532F-095466363506,2015-09-10 19:48:43.780,8EC93DDD-E9B4-D837-4028-DC6D9A1060BB,52,0
3221,BA9E944E-9745-6420-1C59-93191A769115,2015-09-11 00:16:38.997,6C472701-DC15-5678-2019-762DA884F363,52,0
3222,C19B6174-B20B-CF89-B0F1-124ED12D43E2,2015-09-12 08:50:29.883,5534D9D6-E011-CAA6-5C39-52600A8F5E4E,52,0
3223,D1BDE5A7-B2B5-4929-FC0D-4AE56093393B,2015-09-15 12:02:07.487,08515E1F-9D21-D09E-C9A7-D06BB0E1FA5C,45,0
3224,D7836FCF-D6EC-BF5C-C891-EF6ADD1D0B1C,2015-09-16 14:55:59.460,14E72CE0-B6CC-815A-30ED-0A65E7A55007,17,0
3225,DD7BE2A5-A1B9-82B3-7900-D718437C8946,2015-09-17 18:45:27.847,41CF8E54-ED4A-9B62-968A-D0422F02A369,50,1
3226,E1C74EBB-0930-08B9-0F32-EE737B27604C,2015-09-18 14:46:19.583,7F6159E0-F128-2E42-3745-53BB6E988E52,58,1
3227,EB6225F0-BE22-17AB-43B1-6C00A116E6F2,2015-09-20 11:32:02.173,6559A26D-F73E-0460-B292-6A448F238265,27,0
3228,F4B375F0-DB6F-226B-7D98-C1F4A9E1C817,2015-09-22 06:57:26.120,F86650C0-BC35-A825-9730-CA4C18EA7A1D,52,0
3229,F993087A-9A3E-BFC9-D868-81C9BDB5198A,2015-09-23 05:40:06.910,DEEF1329-D059-FD16-3B6A-D4E784BC0061,60,1
3230,FBEB82B0-934F-48AB-D066-59C18BB78033,2015-09-23 16:35:59.793,94F2D106-B22C-B16D-7AE8-E565E778CD6C,49,0
3231,FE645D92-A499-798B-637C-3808BF6909E7,2015-09-24 04:07:14.580,7299B204-B8F4-6E51-87C1-EC0F13BDB88B,50,1
3232,FF540588-E978-8D1A-F9C1-7774E87C71A6,2015-09-24 08:29:00.690,EB94B20D-E5BC-736C-2C2D-7974B21EBBA7,57,1
3233,FF7E279E-E58C-BD21-1C8C-924FFC641274,2015-09-24 09:15:01.923,7F2BDA93-E300-F85D-B81C-C45E6D7485F0,60,1
3234,FF93CA0C-DA20-8439-D43F-1B5FD0FB456C,2015-09-24 09:38:39.760,73792C37-B4C9-3473-C628-796F685763FA,60,1
3235,FF95B0DB-0C47-C306-AD90-D872EBD2B314,2015-09-24 09:40:45.013,A8BA185B-E879-E972-A6D8-4D74EE685807,60,1
3236,FF98475F-F5A4-0321-6788-CD2267F63B46,2015-09-24 09:43:33.990,B122BAC6-95C6-D613-4447-F8EB2DA8FC7F,60,1
3237,FFC0582D-DA4E-C6E1-A65F-231E65B11CA8,2015-09-24 10:27:19.737,496000C9-91BB-4B3F-BF30-7A18AFD8000B,60,1
3238,0047CFBE-E5D7-79C6-571F-7007B92C2B2E,2015-09-24 12:55:17.697,098E537B-C4BC-B7ED-5495-64619463C63E,62,1
3239,0047CFBE-E5D7-79C6-571F-7007B92C2B2E,2015-09-24 12:55:17.703,098E537B-C4BC-B7ED-5495-64619463C63E,60,1
3240,02BB78D1-D7D3-B7CC-2CB1-0135160ACE9E,2015-09-25 00:20:53.723,D5B6B8E0-D71E-8BF7-9013-DFFE704D64AA,62,1
3241,02BB78D1-D7D3-B7CC-2CB1-0135160ACE9E,2015-09-25 00:20:53.737,D5B6B8E0-D71E-8BF7-9013-DFFE704D64AA,57,1
3242,02BB78D1-D7D3-B7CC-2CB1-0135160ACE9E,2015-09-25 00:20:53.743,D5B6B8E0-D71E-8BF7-9013-DFFE704D64AA,58,1
3243,02BB78D1-D7D3-B7CC-2CB1-0135160ACE9E,2015-09-25 00:20:53.750,D5B6B8E0-D71E-8BF7-9013-DFFE704D64AA,60,1
3244,0AC5037F-C4C6-7586-1CFD-88A9298EC8F2,2015-09-26 13:48:15.560,63EDE548-94BD-5B32-6B5B-A26ED12F5EB2,60,1
3245,0B4B326B-DBA1-1E56-4D81-C2873837228E,2015-09-26 16:14:48.940,13B156D8-02C8-8149-3329-88552BDBCB94,50,1
3246,0DD90B24-E3D9-64BB-8F45-393C4B68BC4E,2015-09-27 04:08:59.437,4290DA5C-C6B1-6C1D-F917-703BE9351071,60,1
3247,0EEA5EF9-03B9-9E17-6DC3-8CB30DC2449A,2015-09-27 09:07:32.223,41CF8E54-ED4A-9B62-968A-D0422F02A369,60,1
3248,12AD42EB-E318-0663-B28C-A2E66DD730AD,2015-09-28 02:39:16.207,DA084AE9-F4F7-9D51-3035-2B0BAF7CB251,50,1
3249,18EE4C0B-9B01-4EAC-4644-12FD205125AA,2015-09-29 07:48:03.277,B16F25E2-C662-EDB3-5B47-05DE44F9F44B,60,1
3250,1A42AF8E-F396-6FA8-1412-6141E8E84CA3,2015-09-29 13:59:49.397,1A1CFD41-ACC9-8BA8-41BD-6AC2CD3F9FB8,50,1
3251,1FE365D8-A5F4-7D3B-20BF-761FD7D54D6C,2015-09-30 16:13:27.903,0E0BE75A-F236-AD20-65CA-4673329315DA,58,1
3252,246B688B-BE91-AD57-F8E6-535788FB16C4,2015-10-01 13:20:30.350,B298F56B-057A-CEFF-3EB2-C70FEAED032B,50,1
3253,2905E9A8-EBCF-58E7-D433-4CD698EED73E,2015-10-02 10:47:45.977,56A63829-AB56-2DB5-6D32-DEE93786B318,54,1
3254,2E05EF6D-CDAF-8F39-4F50-B220D3DEA4A1,2015-10-03 10:05:52.367,D116F741-CBA2-5C25-969C-DAB2FA1194C8,50,1
3255,2E7BD613-DF30-2C3C-EF45-433406ED33FE,2015-10-03 12:14:39.127,B28E9617-C2C5-3D13-C433-8698D57A8ED9,55,0
3256,3017E9F8-F00B-D0E4-18CC-70EB9AFD60F6,2015-10-03 19:44:45.050,EA11FA99-EDD3-72B8-46B3-13E7CD31EB23,50,1
3257,333BF40D-977A-EDF9-5DDA-3A9946DB421A,2015-10-04 10:22:58.607,5534D9D6-E011-CAA6-5C39-52600A8F5E4E,57,1
3258,34D37B75-0A5F-57E0-516F-B02C640D4920,2015-10-04 17:48:06.393,C3667397-B4E2-0B5B-2D88-F1E2D4BDF128,49,0
3259,364DE2AD-BB59-E46C-D20B-BBE21A5BE5DC,2015-10-05 00:41:25.423,DEEF1329-D059-FD16-3B6A-D4E784BC0061,49,0
3260,3F0D0E3B-FBE7-1AAB-8DA9-448794159262,2015-10-06 17:27:11.737,CB2CDD58-CB8B-1841-EF83-9E3DFDB7813D,62,1
3261,3F0D0E3B-FBE7-1AAB-8DA9-448794159262,2015-10-06 17:27:11.747,CB2CDD58-CB8B-1841-EF83-9E3DFDB7813D,57,1
3262,3FC2CD81-DBA4-344F-6CD9-AA4379BD79EE,2015-10-06 20:45:43.307,7687E1C8-BE86-9DE1-E99B-5D6398E628B5,25,0
3263,4854AE99-B79F-9A49-EE5F-6E101E678BE2,2015-10-08 12:42:00.733,E0CE5AA2-ED50-A1D0-8993-7A61F5A88914,49,0
3264,6322D4CB-AD35-2997-3211-654CABF383C0,2015-10-13 17:37:18.540,CF90AD10-E9F3-7A42-E6F7-EDA09FAAEADE,49,0
3265,67D07931-9004-8818-01AE-AD0584EE9698,2015-10-14 15:25:27.220,5232214A-910B-5B12-F487-C1B8BE038D68,49,0
3266,7217C00E-BBD1-D466-63A2-27D60B15F849,2015-10-16 15:19:30.650,456092B1-B1A9-F53C-BBE4-FC389E21F857,60,1
3267,74AEA85E-F55F-3ACB-F48A-A91D4052C840,2015-10-17 03:23:34.880,74AAA551-093B-5CE2-17A0-A8A1B644254A,50,1
3268,764212E8-A7A4-6FBB-311B-5BEEB51C7562,2015-10-17 10:44:13.163,4202DC56-D556-E4AB-8AAD-8C39436F9976,50,1
3269,90CCCF6E-BAFC-83AD-D17B-C6363F082DC7,2015-10-22 14:25:53.007,937B3AE1-FE05-D6C8-E85F-0B98C3220B68,49,0
3270,943EAACA-D435-7734-B30F-1791ACBF1531,2015-10-23 06:29:06.383,75CDB142-F1B2-78B5-FF94-F08556156C35,50,1
3271,953A43AB-FC68-784B-1FCB-FC6504AD71B5,2015-10-23 11:03:55.053,89520C06-08C9-8E4E-FA65-10F27C4CA137,50,1
3272,9627D031-CF7D-65F6-18F3-80AA71038E8A,2015-10-23 15:23:23.060,89520C06-08C9-8E4E-FA65-10F27C4CA137,49,0
3273,99402A83-F8C8-955D-502A-106D8D4C4097,2015-10-24 05:48:50.707,4A7D34AC-A151-778D-9513-C2E0B52AFD3B,52,0
3274,9EC77A57-EB9A-814C-D9C0-06A6C3AE26B0,2015-10-25 07:34:44.570,7DD42225-C4B7-85AF-723D-6DC8575945AE,49,0
3275,A3AF2FCB-CEBF-3672-0380-50F041EB7737,2015-10-26 06:26:18.703,7DD42225-C4B7-85AF-723D-6DC8575945AE,50,1
3276,ACA8E4F1-BE99-8429-155F-425EE7BDABF6,2015-10-28 00:16:01.290,F86650C0-BC35-A825-9730-CA4C18EA7A1D,57,1
3277,AFB7133B-C1CC-13E1-33C6-B2C520C86B76,2015-10-28 14:30:22.427,5171B158-F975-B20E-06CD-7B35A849453A,20,0
3278,B0155BF1-D9B5-B109-8DE4-856F09CB95AF,2015-10-28 16:13:21.270,E5F5CA3D-BD27-F45F-068F-41E4A741760B,45,0
3279,B344A97F-B6A5-B29B-27FB-F34CC3F87B84,2015-10-29 07:03:52.963,D061D34A-FD93-7DB0-2735-F68F2739B425,49,0
3280,B4AF94A2-F9A4-7FD4-59B9-EC6D2B9DED1F,2015-10-29 13:40:17.187,2A06BB89-D571-A671-ADF8-0C1DAF19BDBF,49,0
3281,C2B83ED1-A4B6-69A9-8D61-27B026BD38CF,2015-11-01 06:04:26.067,C2B4E045-A56B-3DB4-1EEE-12A0AD85BD04,50,1
3282,CF9C44E5-DFFD-572B-056E-F8A5F5CD5258,2015-11-03 18:08:56.423,7DA379C9-D701-221B-3725-AAC51D73022D,49,0
3283,D3072CBD-F743-309B-1C28-BB94AB1A74B7,2015-11-04 10:04:34.240,3499B765-997E-65DC-BE2A-8C222B0C7EA2,51,0
3284,D882F6FD-B872-1406-7D67-3CE627CB0ED4,2015-11-05 11:37:53.027,559EE4B3-E8D8-A06A-E7CB-1E097FE17D47,50,1
3285,DE807FBB-F0C5-7C15-0EE3-BBD7D2F9F038,2015-11-06 15:32:54.720,7745E11F-0AF6-3185-3627-CCCE9BBAA85D,49,0
3286,DEA0D942-9617-59FB-8527-9BE2ABDC5E92,2015-11-06 16:08:14.790,73B9403F-DA4E-3641-A36C-7EBECDAA5E18,49,0
3287,E8A2EEF3-9E37-7DB0-D739-8C39038C6697,2015-11-08 14:46:43.680,D91A0436-F01C-5BBA-5524-CBB9DD7E1745,51,0
3288,E9BBF592-0074-9C17-CAE1-0AAEC202266F,2015-11-08 19:53:40.890,DD61C1EC-BD64-4A2A-0DDC-57CC0D49DB9A,51,0
3289,F3A41D4D-C662-F34A-3EAF-8AAEA10241A4,2015-11-10 18:03:50.350,CBFE45BD-D7CF-D55C-07EE-AC91BA1397FC,49,0
3290,0161745D-B234-A52B-BF3E-5051853C13D5,2015-11-13 10:05:43.603,F759411C-E8C1-E2B3-E8C2-E2CE5635A96C,46,1
3291,065D6B9D-0364-C3F0-65B5-FC9103B59EE7,2015-11-14 09:19:24.447,065CD720-B88D-C65E-211B-C4676E37FD41,50,1
3292,06BA091B-A4EB-7FDA-152B-16DAC0617EC8,2015-11-14 11:00:34.087,BA2007F9-957C-7A9A-7698-42BBE14CDA49,45,0
3293,118657DE-C22D-4DC4-91CC-9C0BAC60AED6,2015-11-16 13:19:55.743,58C59B4B-F2E2-2896-3FB2-2664B59F4FD5,41,0
3294,1ED4018D-BB9A-AC70-D0A5-E05701556E17,2015-11-19 03:19:49.263,AB9538F6-A63C-02CD-A0A2-81A967D866AD,49,0
3295,209F6804-D445-F090-76B8-26F5CD2E7E4E,2015-11-19 11:41:36.520,02500218-DAC2-453C-8D91-74E9ABFCA915,51,0
3296,21C9F742-D8C8-0262-0B50-9B45650CD13F,2015-11-19 17:07:42.917,1509D084-019F-63A5-FE40-4783EB4D92B7,49,0
3297,26236E7D-0BF9-710A-165B-AEE21E995C2B,2015-11-20 13:23:56.067,A0266306-BBA4-9814-C637-997254F824D6,46,1
3298,29EB12D9-B937-412F-9F65-CB42B06816B7,2015-11-21 07:00:50.420,6EB03474-DA1F-DE09-9462-A7AD4A954C05,50,1
3299,2B5BA442-9A49-6285-978C-A762B0D7BAF5,2015-11-21 13:43:26.243,F46D06EA-F3A2-8139-0D9B-0F7C33CD41B5,45,0
3300,2FC3B47B-F9EC-81EC-03B0-322415D637A8,2015-11-22 10:15:33.633,136FD0AB-9B6F-28D2-CA60-3A878E5BA3F2,52,0
3301,3F754F19-D215-3750-B211-A8854527A2AB,2015-11-25 11:23:51.593,706FD7AB-E68B-AF1F-3341-74799C67FD8C,63,0
3302,45263D9E-A827-5B4F-70B0-00A0C02E7BB7,2015-11-26 13:55:12.800,BBD0412F-C281-572E-5481-AC9B0E72C688,50,1
3303,49B7B857-A7AF-1508-446D-2B2E2B417014,2015-11-27 11:12:35.800,BEB08ED6-D97C-B0D9-4803-6BEAA28DFE6C,50,1
3304,5A80167A-0CC1-6A67-A47F-D696720759A3,2015-11-30 17:25:22.557,D9892FD6-D572-B53B-C187-E47099BA6251,50,1
3305,5DE6216C-B074-5D25-1642-E83C8FD0AEC0,2015-12-01 09:15:41.677,5DE5A476-FF0B-59C0-8BCD-5FC165E1B5D6,49,0
3306,5EFB9EEB-BC56-6344-D6DF-3569E90082C3,2015-12-01 14:18:47.290,275C9C34-0D9C-9358-9123-6A05615320E7,49,0
3307,68F55128-FB22-0893-887D-2E1F0FFA031A,2015-12-03 12:48:06.317,11041567-C874-A51B-D4ED-4C33FD5FDC0F,36,0
3308,6A5680C5-D4A1-5A24-8BF9-EEE935B3D0D6,2015-12-03 19:13:52.717,7F6159E0-F128-2E42-3745-53BB6E988E52,64,1
3309,70CAF9E8-C30A-52E6-1B8C-6BC497AAC74D,2015-12-05 01:18:49.200,47778DB8-B8C8-7FE9-D03D-59636F31D724,64,1
3310,7268AF61-9679-6FDE-F9DE-AFF1FE8CD248,2015-12-05 08:50:42.063,716B123D-BD6A-5424-A45B-890FD7E3E25E,64,1
3311,7299C93C-97A6-1928-F067-70A301CF6531,2015-12-05 09:44:19.907,86070238-0FB3-9B83-9D37-6A051F048A11,64,1
3312,72B3E144-B4CC-8E5A-2150-C3CCC00A275C,2015-12-05 10:12:49.990,3CCCF2F2-FBE4-E1BA-0E92-4ED01B67828D,64,1
3313,72D519CA-F1B9-AB1D-BED4-938967563B7B,2015-12-05 10:49:07.150,95424BA9-0941-867A-21C7-AB79EFB74120,64,1
3314,72DBDA84-B62A-8817-6BF6-48C47055D8C0,2015-12-05 10:56:29.703,5F60D9AE-A05D-9515-D421-F45A4F5844C1,64,1
3315,72F24435-EF76-D683-37FA-AD25DC392140,2015-12-05 11:20:59.327,9AEF03E6-B91B-0C84-DE27-5AE957C7BF3A,64,1
3316,72F24435-EF76-D683-37FA-AD25DC392140,2015-12-05 11:20:59.327,9AEF03E6-B91B-0C84-DE27-5AE957C7BF3A,57,1
3317,72F24435-EF76-D683-37FA-AD25DC392140,2015-12-05 11:20:59.330,9AEF03E6-B91B-0C84-DE27-5AE957C7BF3A,58,1
3318,72FA39DA-E1FE-8B71-8D5A-60722879E2BF,2015-12-05 11:29:40.190,977A97E7-AA4E-070D-05F4-B77BB5235052,64,1
3319,72FACC7B-A79A-E37E-7B24-259CF3EAA4BC,2015-12-05 11:30:17.727,15FA6EED-D811-28B4-AA06-7D6D8F5A134E,64,1
3320,73051E2E-AD70-D0D1-A7C2-E45A6F8582E0,2015-12-05 11:41:34.003,171B746D-0D7B-48A0-9FC2-EE680646C46F,64,1
3321,731E7E7E-AF1B-D43C-B3CC-0AEBC1D0E75A,2015-12-05 12:09:17.057,0A8BDF39-E431-2A7D-41C2-BCAE87933EE8,64,1
3322,734A522C-A007-EA54-D955-2C233A3BD73C,2015-12-05 12:57:10.047,C89E2DF9-DF4E-2108-B2DA-5C4FD8404503,64,1
3323,734E4ECF-9F4A-97BF-9683-5EEB09EADE89,2015-12-05 13:01:30.577,FCBDCC01-A064-80DC-AEAE-3FEC48D0E1EF,60,1
3324,7356DA88-C52F-CCC7-8740-7F6D29A77D19,2015-12-05 13:10:50.637,5F97FD57-EDF4-7B47-5FCB-1531CDC188F3,64,1
3325,73AD76D8-FB4A-D517-3C9E-7A882D0EDA2A,2015-12-05 14:45:26.747,A1BD2112-CF88-7079-1844-BFC293CDB71C,64,1
3326,740407CA-D187-295E-0EA4-077E2E893DEC,2015-12-05 16:20:00.547,13B50201-CFC0-3FD2-8EBE-E6088A56EDAD,64,1
3327,75AA640E-C0E9-E2A7-1642-DDC51841DC39,2015-12-06 00:01:19.767,070B20D4-E6E4-A392-D5B0-24758C2248CD,64,1
3328,77CDB27A-D39B-397A-C45E-30AECA07A398,2015-12-06 09:59:08.040,6A329473-09FC-9B8E-0420-68CCB85C1379,64,1
3329,7908376D-AFFA-44D7-9BA9-03439F9977C9,2015-12-06 15:42:40.370,3BB3AEBD-F17A-77F5-090C-58C1DBED4037,64,1
3330,7DDD0108-A9C9-6A34-3047-ACEF5CB5F46D,2015-12-07 14:13:34.477,E0CE5AA2-ED50-A1D0-8993-7A61F5A88914,64,1
3331,85FA250E-C3A2-7485-C381-060B51DE3585,2015-12-09 04:02:21.970,B02A16BC-CA76-FB57-98C6-5F7A6D3B83F4,45,0
3332,8874485F-981D-7FF4-5B1E-46A739C180C4,2015-12-09 15:35:00.837,CB2CDD58-CB8B-1841-EF83-9E3DFDB7813D,64,1
3333,8D26F098-AA9B-686E-DD70-64689E5A7991,2015-12-10 13:28:38.190,F9A58D20-92BE-9A26-DFA6-4E88AC9E14E5,60,1
3334,9D28F4D6-91F3-37FE-1000-94EC39BB36B2,2015-12-13 16:04:45.787,11041567-C874-A51B-D4ED-4C33FD5FDC0F,47,1
3335,A2BDFEB4-AA93-82B8-6BB4-D23B12B551AC,2015-12-14 18:05:39.257,DC186EE4-A62D-2792-BAB3-BFE907CEF6B8,49,0
3336,B1DFF75A-9F5B-6BC3-9566-80A463A7C43B,2015-12-17 16:37:03.837,5B8556D7-B743-EAE9-7856-71CFD3215B01,49,0
3337,B73774FF-97D6-0D51-CCFD-A4781999192A,2015-12-18 17:30:43.757,5B8556D7-B743-EAE9-7856-71CFD3215B01,20,0
3338,B8192321-AE8A-38AB-E882-3A86E925C751,2015-12-18 21:37:13.893,5B8556D7-B743-EAE9-7856-71CFD3215B01,50,1
3339,CB299864-0CD8-7B95-404A-962363A72272,2015-12-22 14:27:59.590,CB227A7C-015B-DAF3-D47F-17FE40EFE104,50,1
3340,EE413CF6-A647-E02F-10C5-189E82A5F4AF,2015-12-29 10:00:31.610,EB55AF22-D436-1E53-26A2-AF36924DF770,49,0
3341,F028C46F-E067-4CDE-DE46-7D9D2CC4B803,2015-12-29 18:53:02.320,D3F0CEB0-EA37-B04A-D30E-23A37733B67E,49,0
3342,F6B9D52A-991F-8EA8-DACB-D69C4FFF23C5,2015-12-31 01:29:13.870,BFA8B70A-BBDA-FC01-CF17-777493AC5F90,60,1
3343,F8CF93E2-C6CE-963B-BBE4-04EF36A89BEB,2015-12-31 11:12:13.073,9BDB6049-F138-6CD0-0C11-66BB6B8BE685,20,0
3344,FFF1AD5D-C973-B0ED-B94A-687DA8B4AB86,2016-01-01 20:26:47.397,9B9B6FFA-FCF1-9E40-CFB6-DCC5BCC7B88E,57,1
3345,03088754-DAED-9EF0-E523-BD7E95865B4B,2016-01-02 10:50:36.630,29BCEBA6-DBCE-928F-F176-A64C078AD8EC,49,0
3346,0332A8C6-A669-DBB2-36B8-D465D5857CD7,2016-01-02 11:36:37.707,5D6EB8BD-DE55-0BBA-9BF4-32F3AAFDD5C5,49,0
3347,0340C650-F1F3-A617-1305-0DFE03B381AE,2016-01-02 11:52:02.777,CB2CDD58-CB8B-1841-EF83-9E3DFDB7813D,49,0
3348,079633F6-D605-B4DA-110E-8CE1C1A48248,2016-01-03 08:03:50.263,0791FE90-EE91-E62F-A69C-0ACC991E5C4A,50,1
3349,087CDA58-FC36-4378-B57F-3666BFD94A2B,2016-01-03 12:15:46.137,F750CDF4-0A51-4F62-F3EE-B4B6F420D814,49,0
3350,098743CB-E43D-EC75-19C5-C6F71D5AFF65,2016-01-03 17:06:45.710,43EE3AE9-E1B9-C591-8E93-1705C93AB81D,49,0
3351,09AB826C-9776-CA7A-7E09-696C0F7030E4,2016-01-03 17:46:21.040,40402C85-923C-456C-8E81-22A1B5DE829B,58,1
3352,0D2D8E86-ABE7-440F-1283-6F4E20BB20F8,2016-01-04 10:07:15.467,8A776FA0-F515-3746-08FD-EF6A93A4EE07,59,0
3353,11DE9865-AF40-EDE9-89F5-FDFC4552FEF4,2016-01-05 07:59:06.733,A4A45751-EF80-FC20-457E-A256FAE1A050,60,1
3354,1EB88730-D25B-9455-6E46-51205510FD03,2016-01-07 19:52:35.763,AC7228A9-F514-4254-215A-834E8D4B3BD4,50,1
3355,21FB99C6-D078-9770-6E38-D9EBC3656D6E,2016-01-08 11:04:43.080,E7A2BE41-0F4D-24B2-AC1F-C6B021D9A261,49,0
3356,2DCE54A9-F831-875B-5794-CD7D555AC41C,2016-01-10 18:10:44.230,63EDE548-94BD-5B32-6B5B-A26ED12F5EB2,64,1
3357,2DCE54A9-F831-875B-5794-CD7D555AC41C,2016-01-10 18:10:44.237,63EDE548-94BD-5B32-6B5B-A26ED12F5EB2,57,1
3358,2DFC9DD4-EA78-FE26-50EF-A7029E4BDD04,2016-01-10 19:01:16.247,2DFAEDE6-D9A5-0C21-8787-916144B774CB,49,0
3359,5CE231AD-C0BA-6FDC-3B10-31087402CFCC,2016-01-19 21:34:33.777,78926463-F31D-5FD7-DB6D-CA4150AABA18,49,0
3360,5F5BAFA8-DDD4-44AF-A199-E809255B1CA0,2016-01-20 09:06:30.313,5F553F30-92A1-8F57-D0EF-2D67241EB102,50,1
3361,62090BFB-C585-1ED7-79A5-4E7C90584F98,2016-01-20 21:35:07.220,7002906D-DD44-C709-0817-5C8ECCF8DD60,60,1
3362,2F64B57E-5056-A02D-DFBD-3B820E949FC2,2016-01-22 16:00:45.907,2FBB9E8A-B8B1-F5D6-D908-92F10EDFECC7,49,0
3363,BD9B6BC4-5056-A02D-DF66-872942D98EC1,2016-01-25 10:17:20.920,BCD54908-5056-A02D-DFF3-679CD1305E36,50,1
3364,C5BA6CBB-5056-A02D-DF4E-693A75065442,2016-01-25 14:04:25.887,DA9B4FF4-9C8A-8502-095A-75CD79CBF1FA,50,1
3365,C5DDDF0D-5056-A02D-DF89-FF63DC2A5402,2016-01-25 14:08:18.307,DA9B4FF4-9C8A-8502-095A-75CD79CBF1FA,45,0
3366,93EF96E1-5056-A02D-DFFB-050E51EC5BB2,2016-01-29 14:10:28.790,757D2F4B-F8DA-2460-187E-270CD958121A,50,1
3367,ED7256DE-5056-A02D-DF19-D986836769AE,2016-02-05 07:11:52.097,5E0142D7-D0F0-B328-8760-F936621EF9A1,53,0
3368,64B0E366-5056-A02D-DF6C-C2437850CECD,2016-02-07 14:46:09.847,C58602B9-A4E6-89B9-7149-2C8E506AB912,50,1
3369,C45C5F0E-5056-A02D-DF12-C0828B6E17B8,2016-02-09 11:21:17.240,FDF6B4DE-AB1E-2F22-E2C4-497E39EAB671,49,0
3370,C1601D27-5056-A02D-DF0A-D444D8F7AB66,2016-02-14 09:15:50.053,C1015CE8-5056-A02D-DFBD-A9611FC92ABB,50,1
3371,E4F25F48-5056-A02D-DFF8-110BA203AD00,2016-02-15 01:50:28.827,F19066B8-C229-B451-1113-4CAC436BF7EB,50,1
3372,25AC0AF6-5056-A02D-DF86-87420CCAA30D,2016-02-16 08:00:19.803,5645CCB7-C272-A6FD-2A35-2336AFBC3D57,50,1
3373,37BD3584-5056-A02D-DFCF-6FB94B241A91,2016-02-16 16:25:31.300,46F79F37-9E6C-4530-8105-2B9212290506,49,0
3374,648BB70D-5056-A02D-DF42-415863E77D1D,2016-02-17 13:18:24.400,86EF9A31-0BD3-2958-81F5-C4C62960D8FC,50,1
3375,64A11982-5056-A02D-DF2C-DB84B5AA140C,2016-02-17 13:20:44.557,86EF9A31-0BD3-2958-81F5-C4C62960D8FC,49,0
3376,F41B0881-5056-A02D-DF8F-FEBE1A31CDCD,2016-02-20 08:12:57.993,F3FE1AF4-5056-A02D-DFA1-A39A3C2015C6,50,1
3377,F7F00BA1-5056-A02D-DF4A-00243248F340,2016-02-20 10:00:07.160,6AC6C5E4-B292-FB7E-A77C-4FDDEA7B0661,50,1
3378,7610CFC7-5056-A02D-DF0A-DFBD2410172D,2016-02-22 20:46:54.827,AD697330-5056-A02D-DFE8-7AD56C2A0F56,50,1
3379,01A77AC6-5056-A02D-DF6C-75B9CED18749,2016-02-25 13:49:45.383,0B8BA13D-B5D9-3247-BE29-A4294D44B75A,50,1
3380,13971E9B-5056-A02D-DF8D-43925BC80829,2016-02-25 22:11:17.160,DD762ACC-AA65-3CC6-C30E-12B11D901D22,50,1
3381,2997A618-5056-A02D-DFAA-FC043562D134,2016-02-26 08:26:30.500,A0CECA72-CB07-190E-7387-612FBDDA25D9,56,0
3382,A7F2760D-5056-A02D-DFA6-7B9C9F6BC0DD,2016-02-28 19:19:38.570,953F1A72-BCBC-E362-4815-9F4D9D05E6E0,50,1
3383,E39E8D58-5056-A02D-DF04-B7D157E452B5,2016-03-05 22:26:29.043,30C8D84C-A8B7-578C-0B9A-ABD080DC10FB,37,0
3384,329090B6-5056-A02D-DF33-5A2367F4F0E0,2016-03-07 11:13:57.037,0E26783B-A4E1-AADF-10F9-819B0AF339B9,49,0
3385,66D032C7-5056-A02D-DF68-82AADC36AEB1,2016-03-08 11:34:55.583,4553FD82-AEEC-AB41-AE19-C9BAD25C77E1,49,0
3386,3D033146-5056-A02D-DF73-39F785BECA6F,2016-03-17 15:43:17.110,BC029BB8-B421-F3AE-E2E4-F94E245A2283,50,1
3387,E08801C4-5056-A02D-DF75-2AA1C6677C3C,2016-03-20 19:55:36.147,24084518-F66B-F62F-F2B0-87D008E0A30C,29,0
3388,E0EAAF17-5056-A02D-DF70-9D817DEF808B,2016-03-20 20:06:22.837,0A35A5A4-EABD-0E53-8D70-C84A86B04DD1,49,0
3389,35496AD0-5056-A02D-DF1C-59B22544A996,2016-03-22 11:25:32.300,353FA823-5056-A02D-DF82-1298B9603C82,50,1
3390,9785D716-5056-A02D-DFB2-89326A2D4BF4,2016-03-24 09:11:48.947,97840050-5056-A02D-DFE4-07E95AA27BB4,50,1
3391,3A3A29D3-5056-A02D-DF9C-FEFD54F755D4,2016-03-27 13:01:22.547,40402C85-923C-456C-8E81-22A1B5DE829B,57,1
3392,4676A1E8-5056-A02D-DF7A-522AF44CF764,2016-03-27 18:43:30.570,3B43FD8E-A9F3-4B1A-74CC-255ACCD77E11,58,1
3393,60E3DFE8-5056-A02D-DF22-04D4481F39BE,2016-03-28 07:02:27.250,F86650C0-BC35-A825-9730-CA4C18EA7A1D,49,0
3394,CF051F05-5056-A02D-DF72-99778BE7BD1F,2016-03-30 10:21:52.477,75C0FACA-C2CF-4337-7E2E-293CA6174EB9,60,1
3395,BADE7F14-5056-A02D-DF57-2E6204F10172,2016-04-04 00:16:41.547,6C472701-DC15-5678-2019-762DA884F363,57,1
3396,D6746FE0-5056-A02D-DF2F-C44844A73F18,2016-04-04 13:08:02.687,E58A0DC4-A9DB-08AE-100F-B57D07247426,49,0
3397,C9BC1E1F-5056-A02D-DFA5-3F11807A3470,2016-04-09 06:30:38.797,C992F7DB-5056-A02D-DF5B-6F9EF003D927,50,1
3398,07860489-5056-A02D-DFDC-CE9C38CF97A7,2016-04-10 11:18:23.000,37C1AC43-EF2C-99CC-1D12-9E7FEE4AF9AB,45,0
3399,3C55DFD1-5056-A02D-DFBF-F84959504194,2016-04-11 11:55:08.140,53E11091-DD26-C2E9-3542-B63976767B39,57,1
3400,0BA67B22-5056-A02D-DF55-E42749B2C0B0,2016-04-15 12:32:29.927,54A2444A-DE16-E0AC-BC09-6EA800F339A7,50,1
3401,678C7ABA-5056-A02D-DF26-A00136311F2F,2016-04-17 07:22:10.180,A3FD086B-B69F-3BDE-E7C4-C2AA6524E621,57,1
3402,D29F7009-5056-A02D-DF00-886C1CB389FB,2016-04-19 09:16:10.360,C4B0E5D8-FD81-137B-CE0F-1F8B5A72CCE9,50,1
3403,43361941-5056-A02D-DF05-E23F4C2DA7FD,2016-04-21 13:44:36.747,4C4B57C5-9D7B-321A-23FB-B7AF9D70B04C,49,0
3404,CAF86846-5056-A02D-DF44-5D3D079F27B3,2016-04-24 05:00:42.817,9A895CD4-ABEA-C2B9-55AF-D97FF2500A82,54,1
3405,D12048B3-5056-A02D-DF83-2E7DDEF3B24A,2016-04-24 07:52:50.247,B9080BB7-B2E2-121F-667C-5FC7CAF9DD56,49,0
3406,0DD01D7E-5056-A02D-DFF6-7CC1A8E3856B,2016-04-25 12:09:45.867,7814EA27-F3AA-0DCE-6EB6-6E98AF67F68E,27,0
3407,1A2DC36E-5056-A02D-DF92-FCD4695CB55C,2016-04-25 17:55:32.267,13FFFC1A-B436-81A2-4457-BEA10ADBE11A,50,1
3408,2109A295-5056-A02D-DF70-4E53AAC405D8,2016-05-10 19:01:43.627,20D6E43A-5056-A02D-DFAD-FC8BB3764451,50,1
3409,34F99E00-5056-A02D-DF88-DB6702055A05,2016-05-11 04:19:13.067,11041567-C874-A51B-D4ED-4C33FD5FDC0F,49,0
3410,678A4C1D-5056-A02D-DF19-1BA461F104F6,2016-05-17 03:11:38.123,ACB75BE3-F03F-5AD7-5B03-D9DF92749A42,49,0
3411,45A99DF3-5056-A02D-DFD4-72FC2E95334A,2016-05-21 10:42:21.397,30C8D84C-A8B7-578C-0B9A-ABD080DC10FB,50,1
3412,76E72A06-5056-A02D-DFAD-553504EA5A1F,2016-05-22 09:39:13.120,DB6F085B-5056-A02D-DF1C-91623B97D1CF,49,0
3413,E2D5C445-5056-A02D-DFDA-A2B8BEBA4F29,2016-05-24 11:57:13.160,011E2DDA-A94C-26D5-CFDB-9EED2A406945,62,1
3414,F81C8C60-5056-A02D-DFD1-C9A1C9D4E951,2016-05-24 21:52:09.247,2B605DDB-5056-A02D-DF0F-BFEAF6A32976,50,1
3415,1D6527D4-5056-A02D-DFE5-81D9496B43B7,2016-05-25 15:14:28.070,49D134E9-5056-A02D-DFD5-48C0DAE195E6,50,1
3416,7A6868FE-5056-A02D-DFB2-CB2A5E318638,2016-06-01 09:53:34.230,634CF4E9-5056-A02D-DFA6-445433F81568,50,1
3417,A3635DCC-5056-A02D-DF5E-0991AC7EF80E,2016-06-02 04:59:42.027,72E42894-0288-7E53-ACEC-BE755138A945,50,1
3418,165F2E93-5056-A02D-DFE1-B0AEA09092A4,2016-06-04 10:34:38.333,638A4956-5056-A02D-DFFE-AB504B250510,50,1
3419,16862F83-5056-A02D-DF07-464F70AC65F1,2016-06-04 10:38:53.943,638A4956-5056-A02D-DFFE-AB504B250510,49,0
3420,1714B25C-5056-A02D-DF4B-65C73F87FBFC,2016-06-04 10:54:27.897,F88B23FF-C966-BE69-B31C-39DD92E2C18D,50,1
3421,7C575991-5056-A02D-DF17-29BBB707691E,2016-06-06 10:05:54.607,C859C0C6-BB89-EBC1-9C3D-652CD26F15AF,49,0
3422,84A20F0A-5056-A02D-DFA7-2174885901CE,2016-06-06 13:57:46.007,B122BAC6-95C6-D613-4447-F8EB2DA8FC7F,50,1
3423,8F330993-5056-A02D-DFD3-09990CDC0C52,2016-06-26 16:06:20.247,4772C8BD-DF21-DE5F-A04E-0084E6EDED0D,50,1
3424,9D2A5E3C-5056-A02D-DF27-6D713F4EBA4B,2016-06-26 22:36:51.540,94F2D106-B22C-B16D-7AE8-E565E778CD6C,35,0
3425,8D8DA285-5056-A02D-DF54-D2824482A7DD,2016-07-01 14:38:50.087,EE30CA58-5056-A02D-DFFE-5E6425175DEE,49,0
3426,31AA44C4-5056-A02D-DF48-440989088120,2016-07-04 19:07:44.187,71399FC2-5056-A02D-DFA0-14FAA505DB35,46,1
3427,B649B536-5056-A02D-DF36-A80B13C8708E,2016-07-07 08:56:08.230,F4478A4D-E65F-4822-6DA3-012ED043AF65,49,0
3428,B6F9E585-5056-A02D-DF71-BB0FADF04C74,2016-07-07 09:15:22.907,5498E1E7-B917-4D64-5452-21FE13610402,49,0
3429,B743FAFD-5056-A02D-DFA2-DF6A7F444356,2016-07-07 09:23:28.420,2FD94F94-CE67-5408-225D-E295078D4798,49,0
3430,B963C95D-5056-A02D-DF44-3B3109127049,2016-07-07 10:22:52.303,EA763DCC-E99C-4962-061E-E778F428C5F1,49,0
3431,BB373CE5-5056-A02D-DF13-D39DBECAC120,2016-07-07 11:13:55.793,8A7D1B84-C51B-DA1F-CF4C-CC3BEEAFA490,49,0
3432,BC98981D-5056-A02D-DF30-69A0CC2022DE,2016-07-07 11:52:31.547,1642DD35-BAC4-359F-D93F-432AF3F4DEAF,49,0
3433,BD816414-5056-A02D-DF0D-9E80EF80A3C4,2016-07-07 12:17:57.207,171B746D-0D7B-48A0-9FC2-EE680646C46F,49,0
3434,BED108B9-5056-A02D-DF5C-780AD09B6E33,2016-07-07 12:54:36.883,6860F4B0-952A-A1C1-5DF8-3947B5FFBDCB,49,0
3435,C64FA19A-5056-A02D-DFE0-B106C40FC23E,2016-07-07 16:24:10.597,51E6F471-5056-A02D-DFB9-9AD372055C60,49,0
3436,C6936554-5056-A02D-DF8C-CEBD15AF3660,2016-07-07 16:31:34.707,9F5E7EDF-D14B-9C8D-63BE-A38B43BFDC62,49,0
3437,C8CB182B-5056-A02D-DFDF-A16E10AE86C1,2016-07-07 17:33:35.167,CCF0A455-A960-D18B-6751-FBE1A29B0933,49,0
3438,D418FE93-5056-A02D-DF36-75D5686548A1,2016-07-07 22:49:40.627,7372F33F-5056-A02D-DFA2-2ABD51F0D06A,49,0
3439,DDC0698F-5056-A02D-DF1C-6E9A4A1540A5,2016-07-08 03:19:37.313,16D466D0-5056-A02D-DF04-7C9E0DD3BE84,49,0
3440,DF20B88A-5056-A02D-DF44-ED4D1EAF90D5,2016-07-08 03:58:06.207,5ED59CB0-AE26-0D8D-6740-1B41296C5B82,49,0
3441,F32FF6F9-5056-A02D-DFA8-BD1C0F97FCB3,2016-07-08 13:19:00.540,FDCA1BB6-9AFC-A43A-3A77-4C5B96C4AAC6,49,0
3442,FBEF35B5-5056-A02D-DFAA-D0090FB9905A,2016-07-08 17:23:35.647,47902DB4-E81A-4CB8-4186-BBF08B8C741D,49,0
3443,6B41AC3C-5056-A02D-DFD6-FA6295654E3E,2016-07-10 21:16:23.183,931112F8-9FA0-B52F-39E9-0E7010A049D9,49,0
3444,8FB67505-5056-A02D-DF5F-36661BEAF595,2016-07-11 14:15:46.507,8F9E985E-5056-A02D-DFD8-384E79461E79,50,1
3445,B878C67F-5056-A02D-DF85-7BCBBF0FDDA9,2016-07-12 09:15:28.860,3F7E4462-0A09-600F-0E91-59EF32744A17,49,0
3446,E91E87A9-5056-A02D-DF39-D16E3B7E9195,2016-07-13 07:56:09.117,1C9D9289-5056-A02D-DF31-600E9C059EC5,49,0
3447,001E72A2-5056-A02D-DFFF-2F252D82409A,2016-07-13 18:39:16.173,026CD808-9615-F1A6-DBB1-1775FA6D55BA,49,0
3448,37851713-5056-A02D-DFC9-811812642D74,2016-07-19 19:46:40.347,CF33DC55-5056-A02D-DFB1-253FFABCFF1F,46,1
3449,926276A9-5056-A02D-DF5F-183C7A48AD12,2016-07-21 14:06:47.877,9237DF75-5056-A02D-DF71-CF91B16C4824,49,0
3450,A20FFC77-5056-A02D-DF1B-686073CCFFBD,2016-07-21 21:25:10.897,A4A9DEA8-0E15-1079-C0A5-E213AD67E167,49,0
3451,EA1C5AA9-5056-A02D-DF98-CE52DE7763D3,2016-07-23 06:59:47.913,9F7DAB6C-B895-BC9D-51E1-76FFAB59BE4B,51,0
3452,FC443CA0-5056-A02D-DF6F-B38DB5B231C9,2016-07-23 15:27:28.270,23D93462-0668-8BAC-E0D0-9154D36EB96F,49,0
3453,855421F1-5056-A02D-DF87-EF0203F2E323,2016-07-26 07:20:00.313,B6793162-B537-F6B6-A9EA-B9DAC35DE0E9,47,1
3454,68ABC53A-5056-A02D-DFBC-2ED2F4F22F63,2016-07-30 17:17:09.983,D0212A66-9346-FB18-8014-572AD3F68F22,46,1
3455,6FD906FE-5056-A02D-DFA7-2D928EC1249B,2016-07-30 20:37:50.617,B6793162-B537-F6B6-A9EA-B9DAC35DE0E9,34,0
3456,6FF92042-5056-A02D-DF46-170EA822F6CA,2016-07-30 20:41:20.973,B6793162-B537-F6B6-A9EA-B9DAC35DE0E9,36,0
3457,042E7E46-5056-A02D-DF22-7783F055618C,2016-08-02 17:45:33.523,7BC46A17-A3D8-4E4B-FE0B-12416BECBD41,50,1
3458,15B06405-5056-A02D-DF8F-E26035583CF2,2016-08-03 01:55:06.097,FC441024-0A48-DD2A-7241-3E204773C6F8,49,0
3459,55D7CCB9-5056-A02D-DF4F-55A83D214FCC,2016-08-04 07:49:11.257,419FEB85-A3F3-AAA4-2549-CD42A8310708,50,1
3460,F4FFC985-5056-A02D-DF0A-A6EC0E5A3BFB,2016-08-07 09:59:31.060,F4EC03A6-5056-A02D-DF62-B1A40C16CEDC,50,1
3461,2EA92D56-5056-A02D-DF0F-D8C99CC350FA,2016-08-08 12:51:51.297,38749111-AEBE-C4FD-0EFD-21C805F6F3CE,49,0
3462,C76F53EC-5056-A02D-DF6B-6A10FED2ED52,2016-08-11 12:03:56.207,F371B6F4-5056-A02D-DFCF-364C4EC73D20,58,1
3463,CE0EEF0F-5056-A02D-DFF2-27FF766E132E,2016-08-11 15:09:08.477,0D4743F3-9254-05FB-20C2-24D6F6805A03,49,0
3464,DB04584E-5056-A02D-DFB0-B6B0780DA821,2016-08-11 21:11:29.457,5FB320EE-D626-F56D-EDF0-86B5C32D1429,49,0
3465,FD1ABC0D-5056-A02D-DFCA-5D3B4DCA5AA5,2016-08-12 13:04:38.743,F9255E3F-5056-A02D-DFD7-200958B5AFC2,50,1
3467,07E04682-5056-A02D-DFED-84B1B67426B4,2016-08-17 17:24:18.020,9B3349B9-5056-A02D-DFFF-67E7AA4CDF0A,49,0
3468,10E8E7D5-5056-A02D-DF89-E031E152E2CF,2016-08-17 21:36:54.067,1BC424D7-99C9-600F-0BD5-FDA727B2724F,49,0
3469,2DA54FDF-5056-A02D-DFD7-2E807532681D,2016-08-18 10:59:36.470,5856AB6B-0002-BA25-2D9C-B86DD0E4364C,49,0
3470,D3D65051-5056-A02D-DF09-72AB47AF2B2B,2016-08-21 16:26:40.123,5DCFC45D-5056-A02D-DFC8-3F845D3F03F1,54,1
3471,2998AE0E-5056-A02D-DF16-071C2742DCA4,2016-08-23 08:24:39.547,B122BAC6-95C6-D613-4447-F8EB2DA8FC7F,46,1
3472,95EE766A-5056-A02D-DFB4-84B72FF93940,2016-08-25 10:53:55.650,FBD149D0-CF24-3887-D64C-1B200433800B,45,0
3473,3211B500-5056-A02D-DFD9-8E0519365186,2016-08-28 11:39:51.197,28C5413F-5056-A02D-DF69-AC96A60E8EF9,49,0
3474,646DDF42-5056-A02D-DF97-FE9879CF193B,2016-08-29 11:08:01.300,63EDE548-94BD-5B32-6B5B-A26ED12F5EB2,35,0
3475,68526E5C-5056-A02D-DF87-F7932CA13301,2016-08-29 12:56:52.343,F25D9010-F0CE-ACF3-C9C0-D83A4ED928AA,50,1
3476,685B249E-5056-A02D-DFBF-6065B1FC2BC9,2016-08-29 12:57:49.437,F25D9010-F0CE-ACF3-C9C0-D83A4ED928AA,49,0
3477,248E7EE9-5056-A02D-DFD0-E1F207E2C915,2016-09-02 04:40:41.123,D9F977C4-B782-5955-3D40-B1A5FAD61818,58,1
3478,25C54A3A-5056-A02D-DFEC-5DA7EC99C416,2016-09-02 05:14:37.817,D9F977C4-B782-5955-3D40-B1A5FAD61818,60,1
3479,DB134B7C-5056-A02D-DFE7-442ECA0BC3D0,2016-09-05 17:44:16.720,302F95C0-BE84-78E7-E281-B2D679DDDAFB,47,1
3480,DB134B7C-5056-A02D-DFE7-442ECA0BC3D0,2016-09-05 17:44:16.767,302F95C0-BE84-78E7-E281-B2D679DDDAFB,54,1
3481,04F37D2E-5056-A02D-DF0F-94747B4490D6,2016-09-06 13:15:12.497,6A1E1063-B617-639F-F1A6-8A311D131244,50,1
3482,0CC54AC3-5056-A02D-DF31-E3505A6B9970,2016-09-06 16:53:51.523,302F95C0-BE84-78E7-E281-B2D679DDDAFB,33,0
3483,0CC54AC3-5056-A02D-DF31-E3505A6B9970,2016-09-06 16:53:51.523,302F95C0-BE84-78E7-E281-B2D679DDDAFB,34,0
3484,6CAC7F07-5056-A02D-DF2C-46C4C9948AE4,2016-09-08 13:35:06.943,8F54B4A4-952F-5D2C-9903-B82609142242,35,0
3485,D61B808B-5056-A02D-DFE4-BA9CF06CAE5D,2016-09-10 14:43:15.193,1F990F52-5056-A02D-DFCB-0C4BB2FD534A,50,1
3486,D6A24F5C-5056-A02D-DF3B-520EADA28727,2016-09-10 14:57:58.663,753CF4F8-5056-A02D-DFC6-22582B12F5B2,49,0
3487,6F11ED5C-5056-A02D-DFF5-D3D04234AEF4,2016-09-13 14:00:23.853,6F03A6B6-5056-A02D-DFC3-3A21B9FC6678,50,1
3488,A6FD5285-5056-A02D-DF42-858CEA396DA2,2016-09-14 16:04:01.213,FBBFC691-D93C-5BA3-B6B3-51335CA59CE3,50,1
3489,DB3C4C60-5056-A02D-DFB6-D70F47CEB845,2016-09-15 16:25:09.787,75C0FACA-C2CF-4337-7E2E-293CA6174EB9,36,0
3490,FBB8F547-5056-A02D-DF31-738FC8577BE0,2016-09-16 07:33:33.787,143BA2DB-CC07-C41F-018E-9B5E8BDDD6F5,50,1
3491,2BEB6424-5056-A02D-DF0D-A41461A063D7,2016-09-17 06:01:00.677,1AF2450F-0502-C911-3C24-0EEA015961BD,49,0
3492,7EC86651-5056-A02D-DF61-F3013433BCAA,2016-09-18 20:38:02.263,7C681ABA-5056-A02D-DFCD-F81C11BBED97,49,0
3493,2EEAD3BA-5056-A02D-DFAD-09582A4CCD3E,2016-09-22 06:43:06.877,F23EE9BD-E3AC-FE1E-5F31-436002841C42,49,0
3494,4B4A9443-5056-A02D-DF73-122C6029FC73,2016-09-22 19:56:30.610,CE8C5254-D047-8E82-DB2D-63E391045A1C,46,1
3495,CDFABB94-5056-A02D-DF95-9351F4B147B8,2016-09-25 08:50:48.853,937B3AE1-FE05-D6C8-E85F-0B98C3220B68,50,1
3496,503574AC-5056-A02D-DF06-C23E23A4144E,2016-09-27 21:32:17.497,3AE6F83C-5056-A02D-DF5C-565F05CF688D,50,1
3497,7DDAEEFC-5056-A02D-DF2E-A49C9ABE61A8,2016-09-28 18:48:52.087,AD7BDA4F-9901-FAE6-758F-523407844A76,50,1
3498,9A060F55-5056-A02D-DF37-32AF1D601C2D,2016-09-29 07:56:30.930,6EB03474-DA1F-DE09-9462-A7AD4A954C05,34,0
3499,D6DC0AB2-5056-A02D-DF25-A89094DD0A04,2016-09-30 12:17:36.567,6C40D8B9-5056-A02D-DF77-437B97E16C14,50,1
3500,D8E95166-5056-A02D-DF3B-CE6C849E95A4,2016-09-30 13:14:59.027,DBC76118-F20F-B7DC-8CF6-3B0F843921F2,48,0
3501,E047EADC-5056-A02D-DF9D-DD0494031802,2016-09-30 16:41:03.037,32287AE7-D962-C460-C287-49CCF1119C23,49,0
3502,44DF3921-5056-A02D-DF7C-ACAF2AC393A8,2016-10-02 15:33:46.790,781E0A5A-FB87-8E0D-B51F-DBA053DF7270,49,0
3503,567DFDF4-5056-A02D-DF96-91B48D634000,2016-10-02 23:46:28.567,9D91BE65-C7D8-B7EB-99A6-D78BC7E87B6F,47,1
3504,6FDA87E3-5056-A02D-DFAB-8F41FF338DAD,2016-10-03 11:35:38.163,04882864-FB75-FBD9-7090-1C64384BF347,45,0
3505,748431DE-5056-A02D-DFBF-FED2517F4B04,2016-10-03 13:46:00.867,E390C879-CECF-79EB-1E85-9C7D2A1E3635,49,0
3506,8FDE07E7-5056-A02D-DFD7-4DB8A5C80093,2016-10-04 02:30:48.113,EB3273E5-0C6F-0E12-94BC-38DBD1769835,47,1
3507,7CEE404E-5056-A02D-DF6D-E80579F8C24B,2016-10-08 16:59:48.607,3B1805D8-C64C-F012-8B74-2E0A796E3214,47,1
3508,7D16FC42-5056-A02D-DF94-8D82349AF7B7,2016-10-08 17:04:15.560,3B1805D8-C64C-F012-8B74-2E0A796E3214,46,1
3509,D83B06BF-5056-A02D-DFBE-5E7BF51B5F48,2016-10-10 11:32:44.453,559EE4B3-E8D8-A06A-E7CB-1E097FE17D47,54,1
3510,470DD669-5056-A02D-DF1C-4C368FD6F693,2016-10-12 15:11:35.377,46E8842B-5056-A02D-DFD9-DB64C748E116,49,0
3511,4885E076-5056-A02D-DFD6-34F2722EFDEF,2016-10-12 15:52:39.790,46E8842B-5056-A02D-DFD9-DB64C748E116,50,1
3512,3ABC8842-5056-A02D-DFB7-4A860DA2D8F0,2016-10-17 08:45:39.410,8966BAEC-0703-D448-DD49-10B0A9684C76,49,0
3513,B1223BBF-5056-A02D-DFB9-0C23D91DD922,2016-10-19 15:56:17.073,8DE208FA-C7B7-7455-391A-C0661A978595,50,1
3514,E820EBC6-5056-A02D-DFAE-7CC26B298EB5,2016-10-20 17:33:23.520,94E4186F-E01A-DC4D-6E21-5969EC6B6A57,33,0
3515,E87EAE6D-5056-A02D-DF05-0C6142B5DAC6,2016-10-20 17:43:37.990,99F12F9E-5056-A02D-DF95-A033238C309F,50,1
3516,2B0A299C-5056-A02D-DFB1-9D03F6290035,2016-10-22 00:44:21.787,D7856C7C-D5AE-B6A1-ADB3-126890ADB787,45,0
3517,94A177D9-5056-A02D-DF67-A11FBD8FD681,2016-10-24 01:56:54.087,949ED9E8-5056-A02D-DF9E-94A446B4FC18,50,1
3518,10A4414E-5056-A02D-DF8F-6CCE59F9DA3D,2016-10-31 11:02:46.567,6C40D8B9-5056-A02D-DF77-437B97E16C14,49,0
3519,18E5FE93-5056-A02D-DFD8-063A7A3C9E74,2016-11-05 14:11:55.887,60ACE2B8-9B17-BBB8-E8A6-4B13EFACA013,49,0
3520,76F442FA-5056-A02D-DF56-9DD1AD7481D9,2016-11-07 09:01:55.227,EE30CA58-5056-A02D-DFFE-5E6425175DEE,50,1
3521,AC19330B-5056-A02D-DF94-E61297D9C047,2016-11-08 09:47:56.540,FDC97352-E5B3-DEA7-259D-71AAAB9AAEE7,50,1
3522,15B25685-5056-A02D-DF16-B0F2FBDC08D5,2016-11-10 11:00:52.867,95A45A62-5056-A02D-DFA3-C854DB8A2190,50,1
3523,8F9B9345-5056-A02D-DF7A-78B47A9D9FC7,2016-11-12 19:49:45.717,B2806B6B-5056-A02D-DFE4-C86740722851,50,1
3524,A424771B-5056-A02D-DFDF-12DFA838015D,2016-11-13 05:23:57.287,DD82D099-5056-A02D-DFB2-80253AC6CA73,49,0
3525,B21174B2-5056-A02D-DF29-5D9EEA9B8CEB,2016-11-18 11:11:25.590,9A160535-C59A-DE3C-7406-D1C44A08A5A5,37,0
3526,ECE570C0-5056-A02D-DF23-AA89881684B4,2016-11-19 14:36:22.720,34EBAE6C-D6D5-51FD-7CF4-4F1C8A5D520D,48,0
3527,8C7A1F42-5056-A02D-DF1F-B39B2CF26889,2016-11-22 16:58:34.870,13FFFC1A-B436-81A2-4457-BEA10ADBE11A,51,0
3528,36D2F021-5056-A02D-DFCF-BE75ED544F54,2016-11-26 00:21:49.583,9AEF03E6-B91B-0C84-DE27-5AE957C7BF3A,48,0
3529,535F5A09-5056-A02D-DF2A-B5434467EE52,2016-12-01 12:58:32.987,523A9F0E-5056-A02D-DF4F-4F1B2D44CA57,50,1
3530,B7CC289B-5056-A02D-DF60-50C6925B3C87,2016-12-03 11:46:40.613,C2F64803-5056-A02D-DF37-8EB76D6D9A0E,45,0
3531,1220489E-5056-A02D-DFD2-814A309284B4,2016-12-05 05:52:24.503,666534E2-5056-A02D-DFE1-86972EAFDB3B,50,1
3532,1E6A8B70-5056-A02D-DFC7-75BA039E6450,2016-12-05 11:36:04.683,FE10F782-C570-3CF4-C497-19A6323BC738,45,0
3533,87C69A1A-5056-A02D-DF03-8A2CC0221163,2016-12-07 12:42:07.907,432DEBAE-D12A-A17A-812B-966BA0432B03,50,1
3534,94C2AE9C-5056-A02D-DFA1-54A4EEF9B631,2016-12-07 18:45:13.137,B2FDC16E-5056-A02D-DF4D-6A74BAD4D3ED,47,1
3535,0F804238-5056-A02D-DF83-A9ED3B521AF4,2016-12-10 03:57:26.303,5C8D1CDB-5056-A02D-DF70-803A98407D51,50,1
3536,2EA1E525-5056-A02D-DF79-5D76C273AAD0,2016-12-10 18:27:56.123,9024E1B2-C52C-88DE-DE30-86C3D57870E2,45,0
3537,8CD6FAC3-5056-A02D-DFB1-000543954FFB,2016-12-12 14:22:09.840,0B7A0523-C502-3C66-942A-0B906C57D41B,50,1
3538,21AD1636-5056-A02D-DF63-E9FB548A7EEE,2016-12-15 11:43:55.813,EE30CA58-5056-A02D-DFFE-5E6425175DEE,36,0
3539,BE1ECACC-5056-A02D-DFBC-BB0FFF08A054,2016-12-18 12:38:25.560,9A5C9F4F-5056-A02D-DF38-DC3E8AC429A1,49,0
3540,FC96B486-5056-A02D-DF6C-88E527CF993B,2016-12-19 17:45:10.170,1583290C-5056-A02D-DFD8-A95D45ECEE13,50,1
3541,FFF93151-5056-A02D-DF35-02A49421AACA,2016-12-24 18:37:45.967,FFD8CB33-5056-A02D-DF5B-8152F60438CD,49,0
3542,D01E5E6A-5056-A02D-DF3C-E1143D433F5D,2016-12-28 19:38:06.757,E3B6341E-F805-F0E4-5DC6-41F7922252B1,39,0
3543,F781F249-5056-A02D-DF2B-7273D8B4BE1F,2016-12-29 13:59:30.357,191EE100-D41C-CBB3-51C2-BD464F2E9CF8,51,0
3544,0856BF12-5056-A02D-DF28-A8B28E0FB9E4,2016-12-29 21:50:08.507,2E70C483-D2A3-7A86-DFF2-8C19386C8B4C,48,0
3545,08B54456-5056-A02D-DF1A-3950C879026B,2016-12-29 22:00:27.960,2E70C483-D2A3-7A86-DFF2-8C19386C8B4C,46,1
3546,08C75FF7-5056-A02D-DF55-2E079FFA744A,2016-12-29 22:02:26.630,2E70C483-D2A3-7A86-DFF2-8C19386C8B4C,47,1
3547,829F61AF-5056-A02D-DF5A-A90C8541F268,2017-01-01 06:49:26.563,E8E9D0A6-B649-A3A4-4ADE-2DD29698CDA8,49,0
3548,F26DE31F-5056-A02D-DF7B-D0705013EC4F,2017-01-03 10:55:47.007,9E1AF7DD-A817-B1CF-BEE6-50EEC4EE60D6,50,1
3549,6552A366-5056-A02D-DFA1-37B01A70928F,2017-01-05 16:28:35.910,1FD550E9-0E3D-25C2-44C1-DCE6BA9EFB4A,49,0
3550,563C3706-5056-A02D-DF0A-327DBA129BED,2017-01-10 08:44:59.870,55AF2D45-5056-A02D-DFB6-B4280C2DA701,50,1
3551,77431924-5056-A02D-DFA1-51F5786BFB93,2017-01-11 00:08:29.793,773736E3-5056-A02D-DF0B-309207C2AD25,50,1
3552,C3EF9052-5056-A02D-DF9F-309B6BEB9ED4,2017-01-12 11:52:26.903,49F9FF5E-B5F6-34E0-4B6C-31471E989EE0,51,0
3553,FE1FA626-5056-A02D-DF0F-8CF58F953EE6,2017-01-13 14:59:29.877,47778DB8-B8C8-7FE9-D03D-59636F31D724,49,0
3554,6C69750C-5056-A02D-DFB1-E3005422D515,2017-01-15 18:23:22.970,7FC1A335-F1B9-A078-692C-6062320FE218,50,1
3555,89EC5862-5056-A02D-DF46-DBB8A8E3D498,2017-01-16 08:08:34.677,F7FAFAD5-5056-A02D-DF75-A826D82367B9,50,1
3556,BCA330A3-5056-A02D-DF52-67F3D8EA2F67,2017-01-17 07:46:39.047,880CF917-0572-C9BD-30C4-16FF518DBAB7,49,0
3557,BD310254-5056-A02D-DF2F-D875A29E0719,2017-01-17 08:02:08.487,640BEC06-B246-46DA-FC69-A836655910DE,49,0
3558,BD39C32E-5056-A02D-DF4E-EF69B245018F,2017-01-17 08:03:05.847,F90E0668-C799-B930-1449-B3CBE33A0536,49,0
3559,BD959005-5056-A02D-DF23-B942C0F50F50,2017-01-17 08:13:07.473,9425A493-B7E5-42B1-BBB8-56375E71F49E,49,0
3560,BDA0506F-5056-A02D-DF4B-B2A7E54D3F5D,2017-01-17 08:14:17.927,2778330A-BC33-AD62-3F86-3CCEA9E31BD4,49,0
3561,BDB508D6-5056-A02D-DFF9-678D2E4C4FD2,2017-01-17 08:16:33.723,F9BEF4A1-92E0-8F1E-0D09-54C81E7CD574,49,0
3562,BE309010-5056-A02D-DF84-9A5737DF04D6,2017-01-17 08:30:03.270,DCC9DBE5-5056-A02D-DFEF-2F30EB0490BE,49,0
3563,BEA1D67E-5056-A02D-DF16-19D96FD320A8,2017-01-17 08:42:25.630,BA1D86AA-CD9A-24E1-D019-4EB786E65C3F,49,0
3564,BEB7EE0A-5056-A02D-DF5F-38DC1380CB2B,2017-01-17 08:44:50.413,E1CED2B2-D074-27A7-65BA-DC99E38496ED,49,0
3565,BF187F01-5056-A02D-DF1E-FC8824F57125,2017-01-17 08:55:23.273,CB51BEEF-9C79-5CD1-B17F-55CE0A636069,49,0
3566,BF346D55-5056-A02D-DFF7-CAC9C8D9A4B9,2017-01-17 08:58:26.320,E99ECC1A-5056-A02D-DFD9-6612D981C7AE,49,0
3567,BF8C7B61-5056-A02D-DFF2-099516BE2419,2017-01-17 09:08:03.400,B10101E6-5056-A02D-DFBD-C89892D25106,49,0
3568,BFA59411-5056-A02D-DFA7-DB5B9578DD6E,2017-01-17 09:10:47.870,D10E016E-A073-141B-27BC-21605F8CB432,49,0
3569,BFFDE544-5056-A02D-DF17-F626A8758DE4,2017-01-17 09:20:26.667,AE7F0894-B2E0-A06D-9812-D2766731704E,49,0
3570,C01C98E7-5056-A02D-DF53-1645ADE02D2D,2017-01-17 09:23:47.870,E81BBEC2-E4B3-398F-DF85-0209A2AB3E6B,49,0
3571,C132E478-5056-A02D-DFC1-E266245E19D8,2017-01-17 09:54:11.703,532F010E-C614-890E-ABAB-DEA13E6C6429,49,0
3572,C1701EF9-5056-A02D-DFEA-34CB0C058FEF,2017-01-17 10:00:52.983,DE07AE75-F439-6A62-7276-200EB1C36348,49,0
3573,C1873537-5056-A02D-DF19-CF002FF79C25,2017-01-17 10:03:24.280,9133C45D-C173-5B3E-C570-B874CAF6E1A4,49,0
3574,C1EA1F3F-5056-A02D-DF8B-0D272C38F182,2017-01-17 10:14:12.517,B17ADCFF-5056-A02D-DF68-7134FC582703,49,0
3575,C20C9F7C-5056-A02D-DFF0-149B95B7D34B,2017-01-17 10:17:58.657,ECCB900B-5056-A02D-DF61-2209ACF1DAC6,49,0
3576,C2B5FD01-5056-A02D-DF56-A9ED4AF6BED2,2017-01-17 10:36:28.583,D4C64075-F6F1-FE0E-05D6-B30678312663,49,0
3577,C344A059-5056-A02D-DF36-15E3D9D9FF95,2017-01-17 10:52:03.367,028A17FA-EEFC-C21E-38F4-045765E59BA5,49,0
3578,C3607832-5056-A02D-DFE1-48BCE63911F4,2017-01-17 10:55:05.850,6CDF0B06-E5C8-2F43-CF41-555A45289EAF,49,0
3579,C3C5EDB4-5056-A02D-DF45-6B3D6B0C5BA6,2017-01-17 11:06:10.773,27971642-F7E2-4B8C-114A-1EB11B3794A5,49,0
3580,C3CEA134-5056-A02D-DFE1-62A0263BC3B5,2017-01-17 11:07:07.790,72A7A41D-C68A-9716-7F24-8287C159D8C2,49,0
3581,C43DBB6E-5056-A02D-DF11-971D8D9CDEAB,2017-01-17 11:19:15.917,793D0322-5056-A02D-DFD4-C30314524F7E,49,0
3582,C53EB91F-5056-A02D-DF81-760F77C02C18,2017-01-17 11:47:20.123,DFE81F09-A762-8120-5425-C1E41AF573A5,49,0
3583,C5BE7B73-5056-A02D-DFF3-0D1CF67C5ABF,2017-01-17 12:01:17.407,3E52D3EC-DDB3-FF16-3B5C-AAE69046D85C,49,0
3584,C605B508-5056-A02D-DF33-A3ED2AF05B68,2017-01-17 12:09:04.187,6EC10747-D4CB-3F62-92F5-F1728F473F33,49,0
3585,C60E0F96-5056-A02D-DF4C-A05D96E1BC9D,2017-01-17 12:09:58.937,86F554F0-AAEE-3FED-52A7-A307CF7A5614,49,0
3586,C64B6836-5056-A02D-DFFE-5F1067418AF5,2017-01-17 12:16:40.987,7435CEBE-AD04-8ADE-0202-CE457F80C772,49,0
3587,C663F0A4-5056-A02D-DF92-CF1F756D4D2E,2017-01-17 12:19:21.750,B8B24875-97FB-6917-C2E0-EBC223EB18F1,49,0
3588,C6C0FDD7-5056-A02D-DF1A-F14F1C7627FE,2017-01-17 12:29:31.580,D0D51569-BCA5-E412-6DA1-CCDD0D2C55F3,49,0
3589,C6EB1C12-5056-A02D-DF0F-3B86AE6DDCBD,2017-01-17 12:34:07.597,8B4C2626-E93A-EA7D-3190-517D73891534,49,0
3590,C840B675-5056-A02D-DF4D-A27312002ADA,2017-01-17 13:11:26.337,2B924EF0-5056-A02D-DF9C-DE00EB951DB1,49,0
3591,C929CE3A-5056-A02D-DF5A-D129E61C0B18,2017-01-17 13:36:53.933,3E349D22-0D37-91CD-194F-2A09670EF1B2,49,0
3592,CAA71797-5056-A02D-DF68-CC378856EFAD,2017-01-17 14:18:32.733,58BADBAB-9438-B6E9-5951-46AD8600CEBA,49,0
3593,CB0E78BB-5056-A02D-DFF1-1F1E79F2D42F,2017-01-17 14:29:50.237,63EF7150-FC33-EA0D-BB15-6F3AD5CA9F8D,49,0
3594,CBB7ABEB-5056-A02D-DF7B-4D0F314324C6,2017-01-17 14:48:19.113,12016756-9278-532C-8CFD-FBEEB04FFCFD,49,0
3595,CC0A859B-5056-A02D-DF47-E4ECB6CA6987,2017-01-17 14:57:22.083,61E148C6-D3FA-14F5-9359-AA481FC24316,49,0
3596,CD2B82EA-5056-A02D-DF5E-62BE29A77808,2017-01-17 15:28:55.993,DF963195-E442-D0B7-D991-03D3EE5484C4,49,0
3597,CDF2EBA4-5056-A02D-DF4B-6CA17131A472,2017-01-17 15:50:42.837,8BDF6C25-A238-7707-65C1-240B246E3B61,49,0
3598,CE702432-5056-A02D-DF97-249E903B3020,2017-01-17 16:04:23.497,41E6DF5B-F3F4-8CCA-8B53-7EB4F6DBFDE0,49,0
3599,CE8E0DBC-5056-A02D-DFFE-9D1202553452,2017-01-17 16:07:39.527,A2AE6D90-0B1B-2C80-5E76-E562570943A2,49,0
3600,CEDABB99-5056-A02D-DFD6-CE3462E4E17D,2017-01-17 16:16:02.043,8F2FA444-017E-4068-866F-F3F6EAFAF45C,49,0
3601,CF1F51E7-5056-A02D-DF8B-3AEF1E0E812A,2017-01-17 16:23:31.547,78D9A882-5056-A02D-DFA2-BF205CAD3054,49,0
3602,D07E452E-5056-A02D-DFB5-A9D8D817E777,2017-01-17 17:01:51.533,3E47688B-0C07-2722-B63E-49CDB1E140A4,49,0
3603,D14E4FD7-5056-A02D-DF4B-055D396B8C22,2017-01-17 17:24:34.943,76FC7333-9E43-ABFE-10F5-CB324FF924D1,49,0
3604,D480CA8E-5056-A02D-DFD4-EB98138F6EEE,2017-01-17 18:53:58.937,830BD4BB-E888-6DA7-067E-0E3FB37D6370,49,0
3605,D49A356D-5056-A02D-DF90-78F19058F307,2017-01-17 18:56:45.517,D423E798-5056-A02D-DFD5-E6E712C7F767,49,0
3606,D54AC82E-5056-A02D-DF19-C065FB38C771,2017-01-17 19:16:02.707,6BEF2582-C602-8839-0FE8-44137E1E3F39,49,0
3607,D73AD36E-5056-A02D-DFF9-032C6014EEB0,2017-01-17 20:10:13.570,8A7F77AD-5056-A02D-DFBE-B781011670A7,49,0
3608,D7C180BD-5056-A02D-DF59-33FDFFD6F79B,2017-01-17 20:24:56.197,AA7496DB-DD5A-4521-D342-CDDDCDD36DF3,49,0
3609,D9847857-5056-A02D-DF84-1F4BFE5B4B50,2017-01-17 21:14:11.657,F84F0DA7-EAC2-D22E-0DA2-829952F0B419,49,0
3610,DA389480-5056-A02D-DFF5-CAF6FFDCA96B,2017-01-17 21:33:52.020,5B16BDB4-5056-A02D-DF88-BF63526377F7,49,0
3611,E082374F-5056-A02D-DF53-F355D4414EF2,2017-01-18 00:29:40.947,B4E62924-5056-A02D-DF29-9681EC751756,49,0
3612,E24E0801-5056-A02D-DFD1-9DFDC8160FB9,2017-01-18 01:19:54.373,F4D0E733-D727-5DDD-F4E5-69E8F297C46C,49,0
3613,E677BE71-5056-A02D-DFC1-F4DC70EF43D2,2017-01-18 03:16:35.577,6D64251F-5056-A02D-DFF7-1AB9220F8ED6,49,0
3614,E7D358CA-5056-A02D-DFD1-4C9FCDCC2B7B,2017-01-18 03:54:33.627,00B8FDA9-5056-A02D-DF05-3A1FF47B69C4,49,0
3615,EE962DA8-5056-A02D-DF2D-B6C1BE043272,2017-01-18 07:03:36.807,A0DBF42D-C43E-4562-E7FE-71B928D0F24B,49,0
3616,EFAC7D17-5056-A02D-DF69-ABC7428BECB2,2017-01-18 07:34:00.730,73236B81-5056-A02D-DFF8-5B49C2807551,49,0
3617,F018F76F-5056-A02D-DF3A-D8FD325E7EA7,2017-01-18 07:45:51.653,B48F3B65-09B5-9D5F-F626-96E94D9A2553,49,0
3618,F17CBA85-5056-A02D-DF4C-9BCF36C7B81B,2017-01-18 08:24:43.173,8A6E699A-FD6A-A976-3284-59BA7620074C,49,0
3619,F4E4AFD2-5056-A02D-DF88-C4F09BFFB4CC,2017-01-18 09:59:57.637,01693E4B-961B-A0E1-85D9-15DEC0E2B6FA,49,0
3620,F562DD0A-5056-A02D-DFAD-177B44454ACA,2017-01-18 10:13:44.547,57582C77-5056-A02D-DFFA-C170FBF3D376,49,0
3621,04AD1D8A-5056-A02D-DFC3-C243932FB99F,2017-01-18 17:21:16.987,92D1D0CC-EFEA-6F9C-F12A-61E486069337,49,0
3622,054DB3E5-5056-A02D-DFC3-9F305A66BA89,2017-01-18 17:38:49.427,CD3C6E37-E8DE-2799-AC33-60F42D496637,49,0
3623,05887059-5056-A02D-DFEA-FCDDC37D651D,2017-01-18 17:45:14.350,26AC4DE7-FA18-CEC6-B3DC-5E2DB194261D,49,0
3624,0D67ED7E-5056-A02D-DF7A-AFBE89D71C06,2017-01-18 21:25:23.063,5040C9F1-EFD7-F362-2F41-22FEC518F896,49,0
3625,0F8FB159-5056-A02D-DF53-FB14F9000DAD,2017-01-18 22:25:39.117,B4A0949C-F4B1-7F91-21D5-727706DDBF09,49,0
3626,1A22DBDF-5056-A02D-DFF7-EE8FFAD0EDD8,2017-01-19 03:21:20.793,3A5A9A2E-9739-36CF-8DED-21DA0E657AE5,49,0
3627,42302E2A-5056-A02D-DF25-B6EB51430962,2017-01-19 22:01:16.953,98E5472C-5056-A02D-DF15-BEB211E26337,49,0
3628,542F020D-5056-A02D-DF01-95EAB5EF4887,2017-01-20 06:24:28.263,92D7179E-BAE4-94E4-0C3D-C5EF02A3EF8E,49,0
3629,692369C5-5056-A02D-DF7F-3F2BD7A9FDA3,2017-01-20 16:10:24.427,DA45477D-5056-A02D-DFA2-15F0E32666DA,49,0
3630,90465B52-5056-A02D-DFBF-68AE04563799,2017-01-21 10:24:44.587,BE04E12F-D489-3FAC-C006-B1196EB83B8C,49,0
3631,95C9297D-5056-A02D-DF40-954889ED0AFF,2017-01-21 12:58:50.433,E3354AE4-5056-A02D-DFB9-A907F430F50D,49,0
3632,99038347-5056-A02D-DF3F-30311D6BE130,2017-01-21 14:29:06.007,A627B71E-5056-A02D-DF86-0412BE2E1D21,49,0
3633,A76C1396-5056-A02D-DFA1-11887052B864,2017-01-21 21:11:59.380,C9D44EC0-92E5-9DFF-0AAE-7C973E3A729D,49,0
3634,A9073D3B-5056-A02D-DF18-EFFE2EC3C334,2017-01-21 21:56:53.980,DD0CBF37-A09B-78FC-7608-E7E7066208CE,49,0
3635,D00893A4-5056-A02D-DFF3-03AB4A7668C3,2017-01-22 16:07:33.903,9D0A4AE3-9414-DF39-97AB-FF740656348D,49,0
3636,D1C261B7-5056-A02D-DFB5-0D08CA8CE96F,2017-01-22 16:55:49.300,9660D65F-B807-7AEF-742A-7601BA25C481,49,0
3637,FE576614-5056-A02D-DF50-42FB98769A70,2017-01-23 13:42:25.633,BA0CA209-9C30-55AC-C78E-674D850F59C1,49,0
3638,0E9917B1-5056-A02D-DF8A-D2B0C488A11A,2017-01-23 21:16:59.720,D3FDADA9-ECBC-07FE-591F-454B9A23607F,49,0
3639,214DF92D-5056-A02D-DFFD-67A6EFA224D1,2017-01-24 06:00:04.123,DAC7F266-5056-A02D-DF1C-9149F0964C89,50,1
3640,73718324-5056-A02D-DF90-59280E29B911,2017-01-25 20:16:59.417,92F07D03-E8A3-A503-AF5D-4D8B083D8E90,50,1
3641,914C34C1-5056-A02D-DF18-FF847F4F5E54,2017-01-26 10:11:46.577,08366F5C-E29D-6135-CC2C-9E9AE8E9C469,49,0
3642,94D359A1-5056-A02D-DFCE-EBD426DBD3C9,2017-01-26 11:50:25.417,6E6A4379-B9CB-32F4-D4BF-3D0332F9F15A,49,0
3643,951C721A-5056-A02D-DFD9-18AD4DAB5689,2017-01-26 11:58:24.463,0EA6224A-0FAC-3E19-7A69-7FD01A41BAB7,50,1
3644,B2D6B000-5056-A02D-DFC6-C63E1BA051E3,2017-01-27 01:49:39.233,89EAFADC-5056-A02D-DFEF-0A5D258C7082,27,0
3645,FBA60504-5056-A02D-DF9F-4CB7D6CD163A,2017-01-28 11:45:33.673,FB58E39E-5056-A02D-DF2E-95AFB23BBAF9,58,1
3646,360D86BD-5056-A02D-DF68-DC0781F630F1,2017-01-29 14:58:39.880,D93C2945-015B-E866-88D5-8621B01E6EBC,45,0
3647,0A955E07-5056-A02D-DF29-2E89F679D485,2017-02-02 18:01:36.250,DFF1D236-A0FB-33D8-6D24-5078236A45ED,49,0
3648,63705E70-5056-A02D-DFC3-7A0C5D284093,2017-02-04 11:26:10.993,C7054C3D-5056-A02D-DF53-5683229EA7DC,49,0
3649,96543F0C-5056-A02D-DF83-5023B33B71AA,2017-02-05 11:09:10.490,D678B208-ACC6-D967-31D1-F18965AF6809,37,0
3650,609EE7AD-5056-A02D-DF04-AA0C515E17E9,2017-02-09 09:25:49.903,C3667397-B4E2-0B5B-2D88-F1E2D4BDF128,50,1
3651,0714AFD6-5056-A02D-DFEA-FC9BBC172F2F,2017-02-12 15:00:23.590,FA632CFF-9DD4-F31D-F345-C3FC79DA08CC,47,1
3652,7C6093A2-5056-A02D-DF02-B661956B0E66,2017-02-14 21:40:14.477,7C1C5ED8-5056-A02D-DF62-9D37BD05018A,60,1
3653,DB43C125-5056-A02D-DFFD-AAC5B6A6CE66,2017-02-16 17:53:38.280,71360508-E03D-5D4B-A15D-3DD9CBC7D562,50,1
3654,180D1D3C-5056-A02D-DF87-6058E936C58C,2017-02-22 21:31:37.930,1FCCE867-F74F-71B1-C14D-54C14B4A90B7,49,0
3655,33AAE42F-5056-A02D-DF61-5883ECD2BC93,2017-02-23 10:23:50.443,070B20D4-E6E4-A392-D5B0-24758C2248CD,51,0
3656,7C2DCC0F-5056-A02D-DF63-1894CCC4F6F0,2017-02-24 20:11:24.290,40525278-B389-BEF0-F233-0C6622B2FD05,35,0
3657,C219F1C4-5056-A02D-DF63-DB98F1BC376F,2017-02-26 04:46:34.690,C1FBBFEE-5056-A02D-DF32-E88F1B206C69,49,0
3658,131F2943-5056-A02D-DFF2-D34D2E9DAD0F,2017-02-27 18:32:04.330,CCC47F75-5056-A02D-DFB0-DE233D0F1E4E,49,0
3659,DC92D6FA-5056-A02D-DF6C-9B1CA6EB4B37,2017-03-03 16:25:21.500,75C0FACA-C2CF-4337-7E2E-293CA6174EB9,47,1
3660,5E726B3D-5056-A02D-DFFD-F0506C85932D,2017-03-06 04:56:52.677,BABE2EE2-BC04-7D78-FC57-DC4C25B64970,49,0
3661,A5BA8A94-5056-A02D-DF3E-B18B32F36CB2,2017-03-07 14:10:03.583,576AE965-BEF3-F080-641E-CF952F7D4AF2,48,0
3662,332D9599-5056-A02D-DFB4-8350A25BC31B,2017-03-15 08:23:43.507,F7FAFAD5-5056-A02D-DF75-A826D82367B9,58,1
3663,A3E22E69-5056-A02D-DFAA-D316BF719EBB,2017-03-22 12:13:44.963,F7FAFAD5-5056-A02D-DF75-A826D82367B9,47,1
3664,E42262A0-5056-A02D-DF96-6E59D3CAA0AA,2017-03-28 17:28:36.637,0B1B012E-CF5D-C0E3-51E2-2BDF45D4D922,50,1
3665,355B5F69-5056-A02D-DFC3-1E27D505C832,2017-03-30 07:19:54.670,86FCB7EE-5056-A02D-DFC5-6B6B560C5976,50,1
3666,98082091-5056-A02D-DF94-75A90DB731A9,2017-04-16 03:11:45.587,E6E13D44-0978-5CB7-BD03-5E73A439CF58,50,1
3667,AB83C3E3-5056-A02D-DF05-48D0A88A8934,2017-04-16 12:16:32.557,EB186B5A-5056-A02D-DF02-0339F7C866D0,49,0
3668,0F004244-5056-A02D-DFFA-B75CE59C6540,2017-04-18 10:38:22.880,F5D9EB3E-A5C8-10B4-7EA7-5E04E5F3487B,50,1
3669,2BA569DC-5056-A02D-DFDE-919ABCC8B024,2017-04-18 23:59:21.443,C4E995BF-5056-A02D-DFD9-F6BBB2AE9D23,50,1
3670,635ACC44-5056-A02D-DFF6-D42305454AB7,2017-04-25 01:15:21.607,1D5B1D8A-5056-A02D-DFDF-C27661B6B14A,54,1
3671,C7636E96-5056-A02D-DFFC-C40CBF6E8CCA,2017-05-01 23:10:56.190,BB905858-5056-A02D-DFED-BA6AB4FACA33,46,1
3672,D9BC5390-5056-A02D-DF30-F8F1BF071A67,2017-05-02 07:43:57.750,7E111228-BBC8-3D5D-E564-0743AF4870A8,18,0
3673,E79BFA40-5056-A02D-DF92-2DC3A2B9054C,2017-05-02 14:11:53.857,D8E66242-971B-1108-7777-9E793A8AABCF,60,1
3674,E2644FBE-5056-A02D-DFCA-FCCCBCA1FD26,2017-05-07 11:04:17.153,C2F64803-5056-A02D-DF37-8EB76D6D9A0E,49,0
3675,3F353F71-5056-A02D-DF4E-D898032E073D,2017-05-09 06:19:36.833,9C2F46A1-5056-A02D-DF71-456F4B5A0962,49,0
3676,24649289-5056-A02D-DF8D-8A5BC19B9081,2017-05-13 17:07:56.093,56E9374A-5056-A02D-DFAA-672A04EC5FAC,50,1
3677,4DCE4F2A-5056-A02D-DF71-2B85020A4C0C,2017-05-14 12:25:55.637,C4E995BF-5056-A02D-DFD9-F6BBB2AE9D23,49,0
3678,A721D9EF-5056-A02D-DFE2-45F17C91BD09,2017-05-16 06:03:40.367,A6951902-5056-A02D-DF5A-8CF032C51206,49,0
3679,C566A8EA-5056-A02D-DFB7-CAAC37D0C5F7,2017-05-16 20:10:02.950,79D5BC86-0865-5845-1344-8A2CEDAB62A4,39,0
3680,3050046E-5056-A02D-DF88-D298E72043A5,2017-05-18 21:59:30.770,9A5BA2BE-5056-A02D-DFFB-A79911E9E6E0,50,1
3681,B7595063-5056-A02D-DFFF-B47D085FF552,2017-05-21 12:55:24.120,B7459FEF-5056-A02D-DF17-7B296536A9BB,50,1
3682,FEC563D1-5056-A02D-DFAD-52DE40A8CE48,2017-05-22 22:12:31.323,9A5BA2BE-5056-A02D-DFFB-A79911E9E6E0,38,0
3683,CB1B7981-5056-A02D-DF62-042B06A81425,2017-05-26 21:26:23.913,FA632CFF-9DD4-F31D-F345-C3FC79DA08CC,45,0
3684,BD5700AB-5056-A02D-DFA4-A12DCDDCB806,2017-05-31 14:19:42.660,559EE4B3-E8D8-A06A-E7CB-1E097FE17D47,35,0
3685,42F15AC8-5056-A02D-DFA5-28EBA061C39C,2017-06-03 04:35:41.650,9ACAF16D-5056-A02D-DF4F-2BCD2ADC843F,50,1
3686,8F4DF5A3-5056-A02D-DF7A-D3A9947CD808,2017-06-04 16:10:55.370,6C02AA0B-5056-A02D-DF19-4EF41AF1CBD8,50,1
3687,16D682B8-5056-A02D-DF7A-9D1A4B87190C,2017-06-07 07:20:42.690,4D7B3ACC-5056-A02D-DF7C-E02FB02BA220,50,1
3688,42C4FDC7-5056-A02D-DF83-EBCEF0C8C29F,2017-06-13 03:07:24.360,29329C55-ABB5-DAB4-CB7F-129FB64A7B2F,54,1
3689,A79D2655-5056-A02D-DF83-393CA524C8CD,2017-06-15 02:07:30.397,8FDE750B-EC18-114F-2848-A46C90F31BFB,49,0
3690,FB73B92C-5056-A02D-DF4A-E57EDF1FB169,2017-06-26 15:47:39.370,9EE79EF1-5056-A02D-DF80-89B38A0DD388,50,1
3691,09CE6485-5056-A02D-DFC6-7B1BF728DF04,2017-07-01 21:47:33.527,B298F56B-057A-CEFF-3EB2-C70FEAED032B,22,0
3692,97C87529-5056-A02D-DF01-AC2C971CBE9A,2017-07-09 15:16:04.257,97B88525-5056-A02D-DF52-758450FC88DA,27,0
3693,07272E0A-5056-A02D-DFDA-22DB77D02FFD,2017-07-16 18:27:57.350,0708F2CF-5056-A02D-DF47-635C4A267650,26,0
3694,516059D6-5056-A02D-DFB1-31FB02D9DBBB,2017-07-18 05:03:23.390,5148F9B4-5056-A02D-DFC3-DF02CFB72BDB,49,0
3695,6CA4B217-5056-A02D-DF0D-51E970986DE5,2017-07-23 17:04:19.890,B8D031CA-9741-3049-7D4A-6416E4A665F4,60,1
3696,9957743B-5056-A02D-DF38-03B071F6F31F,2017-07-24 13:54:18.723,CBD24FB0-93C6-102D-D858-F286DEC836A7,50,1
3697,62A19E5D-5056-A02D-DF77-D23C279656A3,2017-07-28 11:42:53.913,0BA28975-B096-AEF6-0701-B99E15E513DE,50,1
3698,B2EFD673-5056-A02D-DF93-AACE41DAE209,2017-07-30 01:08:25.270,AD16C1E0-5056-A02D-DF0B-951FE617D5A8,45,0
3699,9A8ABAD3-5056-A02D-DF11-53429EF800A0,2017-08-03 13:04:33.047,2EA489D9-C54F-1491-B145-EB06078A9C3C,51,0
3700,F613E43A-5056-A02D-DF2B-6779F10D35A9,2017-08-05 07:44:04.610,E2DB86A1-F42A-ED9B-E887-E34A8CCE232D,50,1
3701,8E6F9897-5056-A02D-DFB3-3734EDB0085F,2017-08-08 06:44:19.283,4A7D34AC-A151-778D-9513-C2E0B52AFD3B,49,0
3702,4B92E71B-5056-A02D-DF3B-097297E2EC09,2017-08-16 22:11:37.220,59CD2E56-5056-A02D-DF61-D7CB259342C2,50,1
3703,C67BEB02-5056-A02D-DF1B-6C2FDD4BB69E,2017-08-19 07:27:37.870,9D011EF6-5056-A02D-DFC7-4A667DA8AF95,50,1
3704,622D4221-5056-A02D-DF0B-074B0D66A975,2017-08-22 08:01:06.927,AC7E26AF-5056-A02D-DF84-260D8FBCACF6,49,0
3705,B8805E57-5056-A02D-DFAF-69B9BFAF1BB1,2017-08-24 00:14:55.663,65B3CF63-5056-A02D-DF4F-343F40000585,50,1
3706,2B5EDF7C-5056-A02D-DF71-163134E5002A,2017-08-26 05:47:01.663,65B3CF63-5056-A02D-DF4F-343F40000585,49,0
3707,E80579C1-5056-A02D-DFEB-20E32208A305,2017-09-03 21:00:29.517,CB77A5A9-5056-A02D-DF30-170BF947AD42,45,0
3708,09BF9473-5056-A02D-DF10-82D4ACF948F1,2017-09-09 12:02:00.937,9D91BE65-C7D8-B7EB-99A6-D78BC7E87B6F,34,0
3709,09FC3428-5056-A02D-DF02-3A63F70F20E5,2017-09-09 12:08:38.250,9D91BE65-C7D8-B7EB-99A6-D78BC7E87B6F,36,0
3710,36F6C4AA-5056-A02D-DFDC-06D645FE7553,2017-09-10 09:06:20.147,0B1B012E-CF5D-C0E3-51E2-2BDF45D4D922,54,1
3712,7DF75ABE-5056-A02D-DF48-2D4991073E31,2017-09-11 18:11:42.177,9CA29466-5056-A02D-DF23-D01C938DE57D,35,0
3713,6312790F-5056-A02D-DF98-A8D63009DB92,2017-09-21 04:15:49.503,80612634-BB19-C006-F84E-42F166F14F36,50,1
3714,B1BC8225-5056-A02D-DF06-2A7AC3852924,2017-09-22 16:55:26.107,8C545B85-DA23-1E9D-6650-DA1843AB0996,49,0
3715,B322179A-5056-A02D-DF02-8295F8A5FDEB,2017-09-22 17:34:29.593,ED36E59C-F65D-92CC-27C9-0D7372FECFFF,55,0
3716,AE2603EE-5056-A02D-DF4E-77C661090306,2017-09-27 14:33:33.020,97F0CF2F-A50B-03F3-3179-F7B4D2AFC5F2,50,1
3717,3E0AF731-5056-A02D-DF1B-174C4E0D3C96,2017-09-30 09:37:07.663,1A38E73D-9185-E439-2A17-3ABD65D80E55,55,0
3718,5706073B-5056-A02D-DF54-785BA7202FB2,2017-09-30 21:15:38.417,0BFC22F0-5056-A02D-DF8D-36C859A6C45D,60,1
3719,A98685E6-5056-A02D-DFE7-763F37669F39,2017-10-02 11:42:33.627,907A9B8C-5056-A02D-DFFA-A7B3B9D4837E,45,0
3720,2A08BCA5-5056-A02D-DFC7-C4EC7E226B81,2017-10-04 23:36:04.807,1D5B1D8A-5056-A02D-DFDF-C27661B6B14A,46,1
3721,3E30A447-5056-A02D-DF10-DACCF017E507,2017-10-05 08:59:40.747,B5ED65FF-5056-A02D-DF9B-F6153D20F102,49,0
3722,6E1FF3FC-5056-A02D-DFB7-07D1CAC0D201,2017-10-06 07:20:02.013,3DECAEB4-5056-A02D-DFEA-D37650E34138,45,0
3723,19FBC993-5056-A02D-DFE6-BEB03B079658,2017-10-09 15:25:33.123,F645CCEA-C2E6-E483-3DC9-021E685D6682,47,1
3724,86549149-5056-A02D-DFB9-F7A7E0FE9772,2017-10-11 17:55:08.917,BD873CD2-5056-A02D-DF43-791C755E4497,46,1
3725,9241F410-5056-A02D-DF10-C119D33CB38E,2017-10-11 23:28:39.547,BB4CBFEE-FC1B-97C6-29C1-AB4D323F5BF1,46,1
3726,9BDAA027-5056-A02D-DF53-899C5FCBE197,2017-10-12 03:56:59.597,9A7CE96D-5056-A02D-DF59-67A6B94E33FB,46,1
3727,A12AF3A1-5056-A02D-DFE3-29383BDF7B49,2017-10-12 06:25:34.627,9B2C1769-BF55-7A6C-E733-08729834AC73,50,1
3728,E9AE78B5-5056-A02D-DFEA-7C40B23F55BB,2017-10-13 16:13:12.507,BCF0D225-CF24-2C37-210A-AAC2938888CB,49,0
3729,74A63294-5056-A02D-DFB0-43ED8E8C6A72,2017-10-16 08:59:01.587,9E5DA8D1-5056-A02D-DFEA-5A9010F874F1,49,0
3730,A1C89174-5056-A02D-DF1B-B59226229B85,2017-10-17 06:01:04.313,A0CECA72-CB07-190E-7387-612FBDDA25D9,46,1
3731,20775572-5056-A02D-DF74-A9642F5627B1,2017-10-19 17:03:03.520,59D593D1-5056-A02D-DF7F-47E951829E1E,50,1
3732,B2723CDA-5056-A02D-DF41-0AE451EE21A0,2017-11-01 11:41:40.040,DE6E1514-A462-3BED-1DCB-13296D04A669,54,1
3733,1FAD8E6B-5056-A02D-DF1A-2EC2AF5D104D,2017-11-03 14:36:01.077,958FEBF0-B064-C901-2482-982F25EBFA86,60,1
3734,912A411F-5056-A02D-DFEE-AC1C9AC81EA9,2017-11-20 16:24:13.243,A3C7FE6B-5056-A02D-DF47-31973F463385,56,0
3735,EC65031D-5056-A02D-DF1A-113EA04B43F0,2017-11-22 10:54:59.903,C88557D5-5056-A02D-DF01-2CAA315E3437,54,1
3736,C1E6B8B7-5056-A02D-DFAF-D3E4563B4B8F,2017-11-26 14:25:03.793,1E1109B2-EA4C-9216-D3C1-AF1A297FF541,46,1
3737,C4BB0832-5056-A02D-DF27-A75C7B805D17,2017-12-21 12:15:36.397,C43B4B82-5056-A02D-DF52-099552EA3ACC,28,0
3738,D90998B5-5056-A02D-DFF5-2435A9CFA6AA,2017-12-26 21:01:42.413,C43B4B82-5056-A02D-DF52-099552EA3ACC,26,0
3739,C0DE4C42-5056-A02D-DF6D-CEF065092F2A,2018-01-15 06:59:33.500,C957B690-5056-A02D-DF69-54B00190969E,60,1
3740,E21A309E-5056-A02D-DF62-711E73CD7F4F,2018-01-25 21:04:51.533,D8E66242-971B-1108-7777-9E793A8AABCF,51,0
3741,90DCEFEC-5056-A02D-DF71-13277555C166,2018-01-29 06:31:31.373,C957B690-5056-A02D-DF69-54B00190969E,57,1
3742,20EC0677-5056-A02D-DF85-872A666E8ED3,2018-02-11 00:17:07.680,F17C2CDD-9785-F796-416B-5BD18E0C9FA6,60,1
3743,FD08A6B7-5056-A02D-DFC1-DD923A67D454,2018-04-06 00:54:29.063,C957B690-5056-A02D-DF69-54B00190969E,36,0
3744,FD08A6B7-5056-A02D-DFC1-DD923A67D454,2018-04-06 00:54:29.080,C957B690-5056-A02D-DF69-54B00190969E,39,0
3745,6D98EF2D-5056-A02D-DFEE-65E8C57E649A,2018-04-13 04:40:31.607,55EDDA00-5056-A02D-DF35-CA8A9C3E3DF7,45,0
3746,6D98EF2D-5056-A02D-DFEE-65E8C57E649A,2018-04-13 04:40:31.607,55EDDA00-5056-A02D-DF35-CA8A9C3E3DF7,39,0
3747,B95681D4-5056-A02D-DF37-75EBB03D0457,2018-04-14 15:58:23.073,2B17383A-5056-A02D-DF52-BADCD9CC0539,54,1
3748,87CB4234-5056-A02D-DF6B-71B46DC90B99,2018-05-23 11:18:36.630,4A956D7F-F415-DD8F-0D54-A18E76928100,27,0
3749,A8112C9E-5056-A02D-DF21-7A6BB885FCF7,2018-05-24 02:21:01.893,57D45233-5056-A02D-DFA7-E6AE0D0F6C8E,54,1
3750,E1B4EE16-5056-A02D-DF65-BB0E8B887641,2018-06-04 03:49:21.293,C957B690-5056-A02D-DF69-54B00190969E,45,0
3751,237BC7A9-5056-A02D-DF35-25CD1545FBE6,2018-06-10 09:47:29.707,20C900E9-5056-A02D-DFB4-7FBE9CBEC1F6,45,0
3752,AA699A82-5056-A02D-DF29-F758F39CCEE3,2018-06-13 00:40:23.007,C957B690-5056-A02D-DF69-54B00190969E,37,0
3753,F5F19429-5056-A02D-DFEE-E63F34A11284,2018-06-19 11:10:59.243,07F54CF0-5056-A02D-DF97-CC3B30C73178,24,0
3754,F5F19429-5056-A02D-DFEE-E63F34A11284,2018-06-19 11:10:59.257,07F54CF0-5056-A02D-DF97-CC3B30C73178,27,0
3755,6E9C52D6-5056-A02D-DFE6-90C3FF802A15,2018-07-16 15:55:50.770,9AF334E9-5056-A02D-DFD5-2F186A20AEB6,45,0
3756,0258C513-5056-A02D-DF79-AD0C5D9AA477,2018-07-24 12:04:28.457,BD7A1F3B-5056-A02D-DF4F-1064B10EBC2C,47,1
3757,E49BE956-5056-A02D-DFE4-6EB9B0A3342A,2018-07-28 21:31:35.230,9CA29466-5056-A02D-DF23-D01C938DE57D,45,0
3758,03ED26BB-5056-A02D-DF51-CFF14FE2026B,2018-08-08 10:44:24.257,03D7B8D9-5056-A02D-DFE1-2DCE7907FB2B,45,0
3759,A6D904BB-5056-A02D-DFEE-D67E1018D94B,2018-08-16 13:58:38.820,CE8C5254-D047-8E82-DB2D-63E391045A1C,37,0
3760,E82A0BCE-5056-A02D-DF93-31600973E89E,2018-08-17 20:25:01.723,65D45689-5056-A02D-DFE2-569A2255DE17,60,1
3761,37456D8B-5056-A02D-DFC1-3A075CCBEFDF,2018-08-19 09:17:01.170,EDA36123-5056-A02D-DF11-038685608BE3,47,1
3762,84B5F76D-5056-A02D-DF38-3A33FD16E4E7,2018-09-29 15:47:21.387,321750EF-5056-A02D-DF4D-BE4CF1C7DBA5,45,0
4762,AD6CA901-5056-A02D-DFE9-5793E0E54872,2018-10-05 10:05:22.597,06B36E80-5056-A02D-DFEF-53CEE25DB6F2,54,1
4763,BC3A8DB8-5056-A02D-DFBE-04CDDC374469,2018-10-05 16:59:19.990,47778DB8-B8C8-7FE9-D03D-59636F31D724,50,1
4764,8B1C324B-5056-A02D-DFFD-9B1B287941E7,2018-10-09 17:24:09.417,551BF90B-E9A8-0D3C-A641-00E727B40998,49,0
4765,E06A2B87-5056-A02D-DFF0-83645B4007BB,2018-10-11 09:09:43.397,5B3E3A02-EE8E-460B-2D9E-81CF430DABCE,50,1
4766,176C9E5F-5056-A02D-DF57-F5C1F2E1DD64,2018-10-12 10:47:54.170,922288DE-C30E-D915-945A-57D6F3E441CC,47,1
4767,55ADD76C-5056-A02D-DFF4-C4742002C324,2018-10-13 15:48:40.313,559D0399-5056-A02D-DFCF-31C5E754FFBA,49,0
4768,7078D2D2-5056-A02D-DF9C-01FB06EA83A2,2018-10-14 04:17:51.993,B346D88B-5056-A02D-DFDD-E93F7944C89D,47,1
4769,D97B9193-5056-A02D-DFE3-F2839F7DF8BB,2018-10-16 05:14:10.103,574CEB87-932A-A7DF-B7B1-763E0912729D,50,1
4770,1AB747F8-5056-A02D-DF33-05015E86492C,2018-10-17 11:38:29.190,1AB04D51-5056-A02D-DFEB-78CF9D8F3825,50,1
4771,C073A568-5056-A02D-DF77-967E8CD5557F,2018-10-20 16:50:56.060,CBF49F7A-5056-A02D-DF73-962AA2D6ED35,49,0
4772,D6D05C28-5056-A02D-DF92-01A538A397E9,2018-10-21 03:16:13.557,CF14A5A1-CB21-30F5-5AB9-CD1E4550B086,49,0
4773,F88DEE7E-5056-A02D-DFD8-9FD8C0E1D250,2018-10-21 18:59:40.727,AC7E26AF-5056-A02D-DF84-260D8FBCACF6,50,1
4774,214F2355-5056-A02D-DF47-A8B78DE20554,2018-10-22 13:59:16.687,8787138D-5056-A02D-DF4B-8B2464DBAEFC,45,0
4775,DE24407C-5056-A02D-DFB6-C20F9CBD889D,2018-10-26 05:59:24.120,DE1593C5-5056-A02D-DF76-24E33DD26ACD,50,1
4776,194887CF-5056-A02D-DF35-B13782EF17F8,2018-10-27 09:33:07.453,94CFCF7B-022F-9733-3CE8-7560EE539C08,49,0
4777,1E314190-5056-A02D-DFB2-79FC53B81256,2018-10-27 11:50:23.533,178180C2-C6B6-4501-7C5A-3EE62E15BAE9,49,0
4778,C9944BD6-5056-A02D-DF92-5704BFFE92B7,2018-10-30 19:42:42.987,D94FC28D-0A1E-1B19-E16B-EBE292C3613E,50,1
4779,5626AF0F-5056-A02D-DF98-AD320D6F30C5,2018-11-02 13:13:58.747,16EC894A-5056-A02D-DF49-ACABE754A758,50,1
4780,FA13255B-CF88-EE72-0146-AC34AD4E842C,2018-11-05 16:37:01.687,CD669686-5056-A02D-DFCD-99930EAFB460,50,1
4781,7B3C1082-E89E-B9C7-6C23-0C1FBD9AF8A1,2018-11-08 04:48:38.497,C1CC96A7-E44B-2C43-8ED6-C96A333CB514,50,1
4782,B83BC727-03BB-BD66-70DB-14D23EA15A10,2018-11-09 09:14:17.667,609F547C-5056-A02D-DF90-5C453BBB4A9D,54,1
4783,0524C094-F5AA-2F25-52E5-F8E5109B4EF2,2018-11-10 21:04:48.753,03EB6E12-F2D8-5F58-F6BD-E49C0D68ECA6,46,1
4784,0524C094-F5AA-2F25-52E5-F8E5109B4EF2,2018-11-10 21:04:48.753,03EB6E12-F2D8-5F58-F6BD-E49C0D68ECA6,54,1
4785,8B5CDB58-FD40-B9C7-C3AD-B7E1CD53BFA4,2018-11-13 11:38:01.870,2ABF496D-FAD1-7225-B244-E6973DA8630E,51,0
4786,90AC50F0-A5B1-4B8E-5895-5ACFFB99ABD9,2018-11-13 14:06:31.217,8002EC72-5056-A02D-DF21-A32A832AAF49,49,0
4787,D1CDE9BC-B90C-F085-CAD3-ADB7F19F6C35,2018-11-14 20:27:48.737,1AA12DF1-5056-A02D-DF85-74FF050D3BCD,49,0
4788,69A37FF7-9CF8-BE0D-7CB4-7B061D4B4B80,2018-11-17 19:13:10.680,694A16B6-A305-C8BC-72CA-39E180EE9A42,49,0
4789,FAFF035D-C7FC-E1C2-04DF-0037D002ADA2,2018-11-20 14:57:40.097,DD13C4B5-5056-A02D-DF61-23C8DF7ABC64,54,1
4790,188B5E27-C84E-7031-D24F-D3DFB4F54F1D,2018-11-21 04:43:53.817,C1E8AE0A-5056-A02D-DFCF-98C3CC296E79,50,1
4792,29CF8093-9746-C87D-0217-BE9886DE2021,2018-11-26 12:04:55.940,9B49DC75-5056-A02D-DFC1-56B173DE2AC3,32,0
4793,29CFD12C-A121-FB7F-4D32-95ACA00D5CCE,2018-11-26 12:04:58.003,9B49DC75-5056-A02D-DFC1-56B173DE2AC3,32,0
4794,53B19EC4-BB14-B823-D93C-AE52F6434B36,2018-11-27 07:36:04.407,14E378BD-5056-A02D-DF1B-D2DF815BB50D,50,1
4795,688C52DA-93C5-1A0A-8D30-E664683BEFFB,2018-12-02 16:37:46.927,75C0FACA-C2CF-4337-7E2E-293CA6174EB9,50,1
4796,E1A0C5F0-0D80-0E19-312B-027B227A6640,2018-12-05 01:03:25.263,9B0A3B23-5056-A02D-DFA0-FDBCD5C9AD69,50,1
4797,F718B0BC-93FA-F6F6-C942-A1F988CE150E,2018-12-05 11:03:43.300,6CF7C125-5056-A02D-DFFB-23A730BBB947,50,1
4798,2E756869-E762-03D3-3A86-4390228E24B6,2018-12-06 12:52:04.023,23539F53-D0ED-5141-9926-11A689222618,49,0
4799,43B7101B-FDF2-9A89-9CB8-9B58A4F9BC0D,2018-12-06 22:46:26.453,FD26AC9C-5056-A02D-DF1D-B5E7AF41642E,49,0
4800,4485665E-037B-A4AD-0814-BF5F15889E71,2018-12-06 23:08:58.707,FD26AC9C-5056-A02D-DF1D-B5E7AF41642E,50,1
4801,343FF4CF-0DB7-982C-9F4F-725346B4B8E0,2018-12-21 13:28:13.777,EF5561B5-5056-A02D-DF7C-B4E88BF37EAC,50,1
4802,30936B36-C26B-1F70-DA30-EBC878E5DEB1,2018-12-31 10:22:21.913,F892C12F-5056-A02D-DF7C-987012378E6D,50,1
4803,380BA6EB-B983-6341-BC8D-01DE68F2F515,2019-01-05 13:09:48.573,358C09BC-AACA-8D24-1E83-AC2C4CB9ACD4,50,1
4804,D9904E5E-FD3F-84E3-1B94-67C9D3787D39,2019-01-13 15:44:45.587,2DB5752E-F518-53E6-D2E7-AE5FB457A5EB,49,0
4805,1C2201AF-B81A-A18A-3880-F910B40DD564,2019-01-19 22:03:33.677,1C0948F4-F430-6AD6-5AC5-2A3EC4D958A5,22,0
4806,E8F74C96-935C-594A-3708-24D0353C327F,2019-01-23 21:31:05.597,999C574B-DD6B-00FF-041F-33C0697DF750,49,0
4807,EBDAA418-D649-9232-C7F5-D47BB3689B0B,2019-01-23 22:51:50.950,EBF5C820-5056-A02D-DFB9-976A6BFA2A0B,50,1
4808,5C832FC4-92AA-BE8E-008C-C0B4065C2BF3,2019-01-26 03:22:18.603,AD2EAA26-D3FB-4AF5-5476-77E2DD1149F9,50,1
4809,D5AAE1D8-0502-C94E-2F6C-D5CE9BF64138,2019-01-28 11:50:03.063,1642DD35-BAC4-359F-D93F-432AF3F4DEAF,54,1
4810,158C93C6-00EF-CF6C-6764-1FF07EC96A4E,2019-02-03 16:54:53.630,5D6195CA-9A0D-E57F-739D-607C5E016461,49,0
4811,4837748E-E3E6-AE79-3EF6-6706DBDC1AF0,2019-02-04 16:31:39.577,557935A7-9CF8-0476-4A95-0B1BD781320E,50,1
4812,494FF40B-AEE9-E43A-5599-2F0F94AA9B81,2019-02-04 17:02:17.847,68CA0DDF-5056-A02D-DFDD-5D36CE7F9659,49,0
4813,73D2C060-05F2-D152-8B10-32348C8937D0,2019-02-05 12:50:59.347,E0000500-9E51-EEAC-808A-B1E84F3CEDDF,50,1
4814,910DE1DA-9BE5-F369-35C8-AE4E4B646BB9,2019-02-06 02:28:20.787,7A6E9E5D-5056-A02D-DF65-7933114181C6,50,1
4815,936AA477-BBC0-57DA-A538-13C73D958532,2019-02-06 03:34:24.247,CF876FED-B9F0-BE10-B243-80F8C6D55D42,45,0
4816,98759E65-AE90-668D-6245-AD1B4B2C4553,2019-02-06 05:55:40.270,CA1B5AAD-98D9-05C2-E689-6C8143FB0024,50,1
4817,DB84E271-C6A8-59F1-FCF6-C28C09D78E08,2019-02-07 13:10:50.270,9DDD2E5A-C47C-6EBD-FBF4-E61823B20209,50,1
4818,35BDB1BC-0E66-E5E1-3D0F-51F7259FF7EB,2019-02-09 07:13:37.520,467F5362-5056-A02D-DF00-B18A2FC97CC4,54,1
4819,E00B7F88-A2C5-DBDB-2453-86FD8B0EDD67,2019-02-12 14:34:45.407,DFD1BB81-D67A-9DB3-EC9B-EBD8FCDC13EF,49,0
4820,497BB805-DB5A-F1C5-FD83-AAB98540505A,2019-02-19 15:01:36.143,6ECD81B4-B172-04D6-2FDF-9D46FFB6B909,34,0
4821,8123F738-D69A-AB49-21CE-DCB54FD2D5AB,2019-03-02 15:34:27.147,6E3EAD87-CCFE-D18B-8566-56C1BB749A95,50,1
4822,AD1CA69B-0C0A-2320-8B58-5C12A2338BFE,2019-03-13 11:40:29.520,38F5FCC0-5056-A02D-DF78-15D02488DE9E,49,0
4823,AD22925A-C82B-EB35-1E93-178D34D5C2CF,2019-03-13 11:41:08.320,38F5FCC0-5056-A02D-DF78-15D02488DE9E,50,1
4824,B3D0168D-C56F-BCD3-F0B4-D3884B893D53,2019-03-13 14:47:51.807,557935A7-9CF8-0476-4A95-0B1BD781320E,49,0
4825,5B03AE9B-917A-E86C-D777-019D7AEEB3CD,2019-03-16 20:43:12.043,AC676AC3-B122-C182-B30A-2F10859986D6,49,0
4826,7F68B2E0-9E00-F648-587D-36173044ED67,2019-03-22 12:58:51.033,79A250D8-DF3D-CD76-A01A-C7CD12913163,50,1
4827,3411C3C8-9ABD-14DC-7BFC-C88D37FFAD22,2019-03-26 01:10:28.967,EFAEF5F7-5056-A02D-DFE3-64F028DFC72D,47,1
4828,5A4754C9-9233-4BF6-00CE-2671233E0199,2019-03-26 18:58:53.387,9CBC10EF-5056-A02D-DF67-FFD191D899B9,45,0
4829,5C0B55FA-DEA0-5FD0-FB56-34476A062A6A,2019-04-05 18:25:25.533,DFF1E527-FBA7-196B-5121-2FAC37082F99,49,0
4830,24357465-CF3B-D78F-A9A5-1E9AE88EED1B,2019-04-09 15:42:25.860,3BAC0E87-5056-A02D-DFA4-C9ACF1CA0A91,49,0
4831,06D87B4A-00EA-1137-31C2-7DA54509FD52,2019-04-23 23:55:36.433,2A51CB8A-5056-A02D-DF28-4EE3CCAF5DE6,38,0
4832,F79238E7-F24C-6E81-1609-B1C464E9FC07,2019-05-03 15:25:03.890,E2B0D932-DD02-F4A9-AF84-1E4FA2EF60D5,50,1
4833,E83D5E09-93A2-D4FD-CFB6-6D594358E52C,2019-05-18 06:11:45.387,1C34595C-D59A-4360-64A9-3556BD257DA5,47,1
4834,801F52B4-EF7C-0E4D-0AD2-04423A6302C1,2019-05-21 04:58:44.237,942F379D-D452-1285-77D5-E0EEB69CA6E9,50,1
4835,9257EEEB-F690-A935-9583-C62B7EE62A08,2019-05-21 13:28:14.467,67D35D47-5056-A02D-DFD6-6CED3C334C45,20,0
4836,EEB627F8-9648-470E-5EB8-FC161F242E4B,2019-06-02 07:07:40.333,C620D131-5056-A02D-DF8A-F585E8BCCEEB,49,0
4837,CEB2A0D7-DE81-5AEA-9B00-4AC77E5907DD,2019-07-01 12:02:46.027,F5227FA0-E885-3240-66F7-4F0EFDA4140F,47,1
4838,D0275113-9109-5366-01E6-F28A84DD997C,2019-07-01 12:43:27.660,462DA57B-5056-A02D-DF7B-801ED746B31D,50,1
4839,D0675F9A-04C2-A388-CF48-C999CE9CA340,2019-07-01 12:50:27.477,462DA57B-5056-A02D-DF7B-801ED746B31D,49,0
4840,7EEB9E41-BD7C-E326-9AAA-7628CF110C75,2019-07-14 20:45:48.450,C80D1F5F-CC35-47CF-341C-4CA76337F678,36,0
4841,BDA440CF-938A-D72F-3963-D7ECB1A6A82C,2019-07-16 01:59:42.613,0D8A7A64-9DEB-0599-A9E6-4BC72B99B3BC,50,1
4842,42467579-FCCB-B00E-97C1-7DB5349EB490,2019-08-02 13:43:33.853,703F18FC-F42C-6DB7-5E1D-F7086A562ED6,49,0
4843,13369FEA-B199-5EE4-6E72-950373AF3691,2019-08-11 14:24:17.340,766F8D13-EA04-5AF4-AB09-AD1F3F54C600,45,0
4844,232FDCD9-AC8E-E0B3-F213-21FD42732D20,2019-08-11 21:50:56.823,558D649A-CC94-EF9E-3828-BD5F3FDF2AF7,49,0
4845,8D823A32-B326-C435-0BAB-290DC6994971,2019-08-13 23:23:56.660,514593F1-5056-A02D-DF78-4C903CD1C030,49,0
4846,90407881-973C-7802-89EC-A434CCFCA136,2019-08-14 00:40:38.913,514593F1-5056-A02D-DF78-4C903CD1C030,50,1
4847,B3F05D4D-E091-9259-5F5A-104EA7719801,2019-08-14 17:18:32.380,AF386691-CAEA-1A26-B8FE-6111741575FA,50,1
4848,1BEDD721-FF47-A5A5-F8C6-BCE64C64E413,2019-08-21 17:03:54.200,1BAF5531-B0BD-CCB8-45C7-EE705D7DA97E,45,0
4849,3C15F466-CB28-1E8B-9582-77D1ABBD72B2,2019-08-22 08:03:04.613,B5C1F8B3-5056-A02D-DF57-1AA4E3BD5D17,36,0
4850,ED7FA02D-034F-EDC1-D307-0F6BAE7ED833,2019-08-25 18:44:06.097,6BEC603E-5056-A02D-DF23-780BB6480C0C,47,1
4851,8B3BA9DD-9DC6-9EEA-70B8-449D76BF5F62,2019-08-28 20:14:54.323,DD2A5218-963A-593B-B6AD-68636205CBA6,58,0
4852,EAA1AADF-A1CD-916B-46F8-DE74B1419E0B,2019-09-04 16:00:50.183,E3CA4D9E-B2AF-802D-65BB-FE13DD7A87D3,49,0
4853,509EC91C-DE84-3D7C-A397-8C94F150D30C,2019-09-06 15:32:41.930,C2F64803-5056-A02D-DF37-8EB76D6D9A0E,38,0
4854,8363842E-D11A-55D9-29A0-FF9E98F3A4EE,2019-09-07 15:12:16.270,D69734CC-B871-1D48-5593-EC2783C01994,49,0
4855,AF4BAF73-A7E0-EF45-DD94-FA39AB202D3F,2019-09-08 11:40:00.437,4EBD9773-E004-9858-6903-64A7BA252AFF,50,1
4856,76AB1A67-94FF-9045-878B-32B95D26E27B,2019-09-12 08:34:55.047,3C5C840E-F878-355F-C24B-5A425E79F6D2,50,1
4857,949D28DC-E4E9-09CE-F534-2A5C55E5964C,2019-09-22 21:08:08.297,191EE100-D41C-CBB3-51C2-BD464F2E9CF8,49,0
4858,1DE7E336-BB4C-44B5-912F-B1935D758908,2019-09-25 13:07:04.773,1DDE6F57-9FB3-3A9E-7702-F4D65AAA5771,50,1
4859,29023A1F-D422-3F8F-429A-D09D12BA8A08,2019-09-25 18:17:32.490,F794C83D-CDA5-843C-567C-23A2375C3529,47,1
4860,54193002-D775-6322-149D-8FCCA8783E66,2019-09-26 14:22:25.557,CA1AF7D1-F13A-73AB-21A5-F6853E13A16B,36,0
4861,B9460880-987A-1387-FFE4-3538EBEF356F,2019-09-28 13:31:30.730,170C46AF-BDCB-60F3-C81B-D5D526F2441E,49,0
4862,D00D838F-0DD4-DB69-8DAE-B2581675174D,2019-10-03 23:26:49.237,0E033CDD-CD83-2510-6911-5542A1CE6B55,60,0
4863,314C0A3D-9552-4D56-3BD0-957198D9E535,2019-10-05 20:45:59.370,F18479E0-F636-5C33-51A6-3CE800706A6A,45,0
4864,477E0CD9-CD37-9125-24BC-59B00231378A,2019-10-16 05:43:05.427,B5C1F8B3-5056-A02D-DF57-1AA4E3BD5D17,36,0
4865,57168068-CDA2-F4FC-A3D4-B5368D908B47,2019-11-05 09:13:23.557,EF178376-D07A-F098-0916-6680E6B724BF,49,0
4866,D22BB148-07B4-47E5-66E5-5978CA9182DB,2019-11-12 17:53:27.357,5AF6CBFF-5056-A02D-DF49-12E36937876E,49,0
4867,94B07305-0277-8B67-3E5E-17CE86613C0E,2019-11-16 12:31:18.207,9E19919B-E392-2DF8-D33F-15A176D605A3,50,1
4868,1E9EF5AE-E88B-B266-6DD5-797B3F04C01B,2019-11-19 04:48:13.557,1E9381FD-F7CD-31F3-87F3-48914FCDD2B5,50,1
4869,7F0EF63A-01F1-BC45-7B93-B7FA8513841E,2019-11-21 01:44:50.253,EA816863-A2F5-B1F1-8118-FB32DD37DDD5,49,0
4870,9B9BD9FA-0DD8-496A-8614-396D411508A7,2019-11-21 15:03:10.237,8EFE23B3-033E-B0D7-DDE2-59D67A9E58D5,60,0
4871,6D886642-A5CC-0D1B-3970-42E84AA9030B,2019-11-30 16:11:27.777,F2744408-E26B-9CFB-1136-26892937FB48,50,1
4872,4BC846A7-E04D-E5C6-D44F-D471ADD59708,2019-12-04 23:46:03.357,AC464825-A489-A621-65DA-620ED486E313,49,0
4873,AB14DB93-C39A-1E2C-D058-2229D6EF4679,2019-12-06 20:10:50.003,745B35EE-C3DC-FAA7-F9B4-BA8D875688D8,49,0
4874,744A9AFC-C732-633B-2F37-F3AC238FC911,2019-12-10 17:57:06.707,D75AE37A-5056-A02D-DFF1-9A95239691AE,50,1
4875,96531983-FEFB-1CB2-D86A-9BBFA09EBB89,2019-12-16 09:06:43.897,EBF5C820-5056-A02D-DFB9-976A6BFA2A0B,37,0
4877,9C289988-EFB1-4BEB-07D8-E9D0126CC2A7,2019-12-26 10:26:25.757,11931F45-F3D0-E928-CA0E-598D1EC8D79B,49,0
4878,07366A21-E1C9-8DBB-274A-26D5D304D115,2019-12-28 12:19:53.817,CCB8155F-5056-A02D-DF61-325AEBC6D0EF,49,0
4879,094EE3B3-C50C-AD4A-45C8-1D6AB2A35D80,2019-12-28 13:18:29.690,094771B6-0F6F-9AA4-CE0A-6D66436F9875,50,1
4880,97371B92-CAA1-DEF0-E99A-89B1F36985F0,2019-12-31 07:26:32.097,2FD94F94-CE67-5408-225D-E295078D4798,50,1
4881,97617395-EB7F-695F-2486-EFDBB7730279,2019-12-31 07:31:09.617,E09D4C1C-CF65-1DE4-9ED4-E6B5D74F54CA,50,1
4882,97895302-944D-CB11-DF8C-54B9ECD39575,2019-12-31 07:35:30.907,75C2C142-D602-4132-2154-B8E97D10C7F9,50,1
4883,97B3CA78-A2FB-8058-69DD-CB829231005A,2019-12-31 07:40:09.220,C4C57590-DA44-C551-B2A3-721EB44F174F,50,1
4884,97B4BC55-9A11-49B8-9765-7A94C00A07D5,2019-12-31 07:40:15.407,6089DAFF-A47A-07AA-E679-E65EFE53A251,50,1
4885,97D60233-009A-0989-A4B3-3F44B471AE44,2019-12-31 07:43:53.477,C5FE4715-5056-A02D-DF10-2B606863C267,50,1
4886,97D69C06-C194-6B77-852A-A4F315D273AA,2019-12-31 07:43:57.413,B2F81775-F291-FD79-2E2B-0FCBB2D5D855,50,1
4887,97E676E0-E1D7-FDC4-D308-B7A104B15BCC,2019-12-31 07:45:41.323,25605D3A-BB7C-A4A6-46AB-856D0071981E,50,1
4888,98010124-C325-0828-A298-A268FBC80376,2019-12-31 07:48:35.247,623E8BF8-5056-A02D-DFEF-2313A0CABD06,50,1
4889,9820FC98-BC82-7E39-6688-1EEAD1287C36,2019-12-31 07:52:04.847,AB0A12B1-E22A-C8BE-6252-D2AC3B8901B7,50,1
4890,9824C760-9E9C-1949-BAF2-B180C7A2DEE3,2019-12-31 07:52:29.707,0BE1A296-DD3B-29C6-6CAA-D68ADE54002F,50,1
4891,9827380C-94C4-1296-7B76-AB0013BEE221,2019-12-31 07:52:45.707,E0C6101C-FAE1-CE0D-04C4-722BC3892E27,50,1
4892,986395EC-B8D2-E14F-030E-16E1B595C82F,2019-12-31 07:59:21.320,091BF4A2-ACA3-FC1D-50E3-DD477677ED0E,50,1
4893,98C02AE9-B213-5CA9-7D00-30F99B1194B4,2019-12-31 08:09:28.080,FF1ADEF9-5056-A02D-DF81-FD46043C5687,50,1
4894,99D35C98-CDEF-DC14-0FFB-055D23DD2578,2019-12-31 08:39:31.600,0DAA6997-D9D2-3C72-780B-4549A9B9737F,50,1
4895,99D4A9C1-910F-7578-A771-320751F09DC4,2019-12-31 08:39:40.117,8EBDCFB2-AFC6-0A4D-764F-3405D5D9F871,50,1
4896,99DA3CC2-E175-D26C-B0ED-9F256C3710DA,2019-12-31 08:40:16.667,CA006B9B-AE51-8EEA-F7A8-6A79E0B4CFB6,50,1
4897,99FAB138-B3E9-DFE8-0910-AA16ECFFE9F7,2019-12-31 08:43:49.360,A4A3BC52-5056-A02D-DF2A-89C5A868FB8B,50,1
4898,9A084407-AFA6-7797-D52E-2EFEA9F12606,2019-12-31 08:45:18.317,AEE559D6-AD39-27F2-435E-95672CCBEADB,50,1
4899,9A3BA96B-A7CC-C63A-15A2-C8CC5ED2591A,2019-12-31 08:50:55.157,AC583AE7-CC38-46F6-EC88-F2A3E456EAB5,50,1
4900,9A5D98A5-D970-9C3E-0192-B17ED4CE92CE,2019-12-31 08:54:37.553,F7300A1D-F611-EC1F-AE2A-905BA1AD4E7E,50,1
4901,9A5FB497-BCA2-7758-6400-697C1D11991C,2019-12-31 08:54:51.367,6AB48963-5056-A02D-DFEE-ADA8F4997648,50,1
4902,9ABB61B1-CFCC-6622-E8A0-69E31605332B,2019-12-31 09:04:52.183,CA3FB287-D6C3-83FC-4EB0-DC5B5015DC38,50,1
4903,9B52B00E-A8BC-11B0-F703-F36C3B3080D4,2019-12-31 09:21:23.783,BFC324EF-B1D6-EE05-1CB9-FB95AB898FDD,50,1
4904,9B773197-FD48-F55F-6C84-5F3A265515F6,2019-12-31 09:25:23.037,F2612F1D-5056-A02D-DFB9-3330547B4C33,50,1
4905,9B7AD7CC-D3A1-5D8D-6BDB-63EEDB3A6878,2019-12-31 09:25:46.943,92D3FB1B-5056-A02D-DF84-6BD69CF19494,50,1
4906,9BDA3C00-C67C-B290-8AAE-DC8EC8B7695A,2019-12-31 09:36:12.110,8A70A791-999B-C59F-B50C-6A667F117247,50,1
4907,9CFAA075-B15C-8581-36A9-046EAC1BEA5F,2019-12-31 10:07:42.143,A9255312-5056-A02D-DFCD-3D012887D1EF,50,1
4908,9D208615-A863-C45C-2ACA-DA7B8F3C9E8F,2019-12-31 10:11:50.493,5E9DDEB3-5056-A02D-DFEF-52174F20275D,50,1
4909,9D857F4E-CABB-3C59-0E34-5D30E714E468,2019-12-31 10:22:52.240,03BE3AF0-BA05-170B-73DC-0FE06B98CB87,50,1
4910,9D8A2F22-C416-361C-2E58-ABB070927352,2019-12-31 10:23:22.960,E9C6A49A-C0F4-439C-89D3-66B07EC2934C,50,1
4911,9DE46E72-B342-1418-15C0-A15E6D8E02C0,2019-12-31 10:33:14.403,B8EBDF99-E83D-7682-548F-68B7816EA58C,50,1
4912,9DF1480A-E757-0C8D-571A-267D76A7241B,2019-12-31 10:34:38.623,B4339EB3-F2F2-10BC-2488-53929FF757C6,50,1
4913,9DFE2C6F-FB13-CF30-6EBE-97C354520287,2019-12-31 10:36:03.120,F14F26BC-5056-A02D-DF0D-ADBB4B3D4A94,50,1
4914,9DFF1C86-B33C-3158-74A6-D86DA5A61014,2019-12-31 10:36:09.263,E99ECC1A-5056-A02D-DFD9-6612D981C7AE,50,1
4915,9EABF981-BF89-6813-A0A2-4D67BFEA76A2,2019-12-31 10:55:02.147,F692D4FE-5056-A02D-DFFE-EA4EE9F0E8A9,50,1
4916,9EDB21E4-DA37-E5FF-1C73-5505D6739993,2019-12-31 11:00:11.207,0F7B9EF4-A64B-28B4-2436-84ECB103051B,50,1
4917,9FC2839D-0E12-4F53-1700-013BEA1779D6,2019-12-31 11:25:27.587,6A5C7830-EFF3-80A7-9E4C-CD9A1C08FAAB,50,1
4918,9FD8C744-92F8-5F0D-3ADA-3218F81F80C1,2019-12-31 11:27:53.493,5FDB75FF-E55E-333A-07AF-C3D41353C301,50,1
4919,A00DD90B-CBD7-0C2F-C6A4-1767F8CC06DC,2019-12-31 11:33:41.297,3C795B5F-5056-A02D-DFAD-06E96853939B,50,1
4920,A07D5BB7-FA50-88B6-BAE7-1E0CB9324763,2019-12-31 11:45:52.110,3E71DFF1-5056-A02D-DF87-4DCDC3AF6B61,50,1
4921,A07E1D0B-BD55-06E6-8918-E563EE7CA287,2019-12-31 11:45:57.047,8867249D-5056-A02D-DFE0-C82A599F8C7E,50,1
4922,A080E083-A8A9-ED31-CD01-CD906D05AAC8,2019-12-31 11:46:15.157,A605E312-A7F4-0C25-D62A-F65C1280CB0B,50,1
4923,A0B1161E-D1A3-FB8A-6C5C-2DC40FBFABA4,2019-12-31 11:51:31.117,191A9EBB-99F9-9235-5FAE-AC758EF28943,50,1
4924,A1820BCD-BB36-D949-447C-6554D098A46E,2019-12-31 12:14:20.560,7026B2DF-9D2D-05FC-1CD1-C77A30CC9F0D,50,1
4925,A1BDF97F-E1BF-935D-7268-07F098DB59B8,2019-12-31 12:20:53.303,85109DA2-5056-A02D-DF44-A8B8B3861CD7,50,1
4926,A2E3F466-A2EF-D0FC-8874-BDFD067587D2,2019-12-31 12:52:59.960,8B416ABF-5056-A02D-DF3F-2E94F0E983F8,50,1
4927,A38FF0F0-BA6C-C09D-7E66-30B3D9ECC0F9,2019-12-31 13:11:47.100,E039690A-C68A-4E49-E909-A138B8E58120,50,1
4928,A5C2C972-0FD1-AC0F-14BF-BF4C1B1C699A,2019-12-31 14:13:15.770,C17E8583-5056-A02D-DFE5-8987730D8652,50,1
4929,A60DC773-D468-0013-B7AE-BA3E892BD90E,2019-12-31 14:21:27.247,9AB2B3A0-E15C-71C6-48D6-22F19DC9B51A,50,1
4930,A6DEB4EA-DA67-CD76-DE0C-E79084894A79,2019-12-31 14:44:16.493,8423E58A-5056-A02D-DFC8-18AB10B69DB0,50,1
4931,A6F5404A-B32E-4326-B3CE-6BD34AA96180,2019-12-31 14:46:44.253,60A4D376-E002-CBDA-0B38-15DAE70DB972,50,1
4932,A7251799-B6D9-5640-34BF-E804A68E2AF7,2019-12-31 14:51:57.797,AA8881E8-06B4-FCB2-92AC-54667DD3128E,50,1
4933,A76B2668-CA78-683A-A494-DB0173BA1E28,2019-12-31 14:59:36.913,1CFC1E04-5056-A02D-DFED-74D632AD9E29,50,1
4934,A7A1A92E-B855-9478-4FFC-03136A6FAA63,2019-12-31 15:05:34.163,D57C4BE0-5056-A02D-DF2E-464BC6393264,50,1
4935,A92EE521-BA83-E7AB-F1DB-038742FFEAAF,2019-12-31 15:48:57.487,40B9BEA6-99EB-D33A-AF2F-EC8B119646E1,50,1
4936,A99A4255-0505-0A49-0944-EDD79A1A1AC1,2019-12-31 16:00:41.123,362E51AB-5056-A02D-DF24-DA0174C927B1,50,1
4937,AB6D6499-9B8F-2B8E-C854-3320B516C6FF,2019-12-31 16:51:42.550,234067DC-9380-A0CD-35D3-DACCE3098BFA,50,1
4938,AC0815AC-BBDD-D468-85C7-CBF22F7EA225,2019-12-31 17:08:36.357,7DED864E-E6C4-8D23-CAFF-A883A3BD7023,50,1
4939,AF48D935-CEEB-9990-47D5-4A4B5FA5A73D,2019-12-31 18:39:34.003,DCCD9713-C6CC-059A-5BDC-40E2F2E97609,50,1
4940,AF915C3D-D99A-3B4E-BBC9-975EBB90202D,2019-12-31 18:47:29.217,39B30A58-DF52-5251-0151-E1CAE29CC96F,50,1
4941,B1150C54-EFD5-5F26-A135-0C54C7B87BD0,2019-12-31 19:29:49.987,E221A8A5-5056-A02D-DFF9-9479E1AB3EEF,50,1
4942,B27AB819-05D1-3C49-0113-285EF0D23A68,2019-12-31 20:08:54.050,BB5C36AD-E9F2-9A56-610C-E4437A9F4CDB,50,1
4943,B9E527C7-A842-572B-10E8-CE19A948609C,2019-12-31 23:36:15.727,DD82D099-5056-A02D-DFB2-80253AC6CA73,50,1
4944,BCBF9519-9AC3-3A32-80F8-49B174F654AA,2020-01-01 00:56:02.677,7E216C73-0F60-504B-97C4-3EA0CCD6A4B0,50,1
4945,BEB25264-C8E2-028D-D123-CED44E2871F6,2020-01-01 01:50:31.247,6E4879F3-5056-A02D-DF84-106D716F32F9,50,1
4946,C20278C8-E5CA-8E45-5623-2F3BCED8284A,2020-01-01 03:23:09.713,14FCB2D9-DC53-520D-F59A-00BA5FAC83B2,50,1
4947,C4ADAD4E-FB89-0E65-5DBD-7D3D265B51A6,2020-01-01 04:37:47.210,496CD3BA-5056-A02D-DF5D-87B31237DEA7,50,1
4948,C5E2BC8B-AEF3-4DA4-60B7-D8C81707C2F7,2020-01-01 05:11:32.680,A0DBF42D-C43E-4562-E7FE-71B928D0F24B,50,1
4949,CB263BE8-CB07-74FE-09E6-5089B6252C67,2020-01-01 07:38:43.697,EA0E70A2-5056-A02D-DFD1-B95408B6D4E5,50,1
4950,CCEE0192-9947-C378-9E45-8C7A7173CE42,2020-01-01 08:28:30.663,4A0B1A39-F7B2-B3CB-7CD0-57B475D22FA9,50,1
4951,CD032B2E-9AA9-50C6-8C59-4EABFFA38301,2020-01-01 08:30:49.357,7372F33F-5056-A02D-DFA2-2ABD51F0D06A,50,1
4952,CD82A150-A259-49A8-42AC-FF7862C4D302,2020-01-01 08:44:44.707,7FFD4E19-06A3-14D4-B681-327EDCA0AD2F,50,1
4953,CFE5C623-C739-3B70-CBE1-204ED5F1CF08,2020-01-01 09:51:29.927,E4024493-F83A-DFAF-ED0A-3681754648A3,50,1
4954,D1493959-C2A7-3CE7-7427-D1822B0DBC28,2020-01-01 10:30:19.417,C353F1C7-5056-A02D-DF00-1135E7ACDD9C,50,1
4955,D1AFA983-D16E-D1C4-E8E2-A3184ACE44AA,2020-01-01 10:41:30.760,8EA33214-5056-A02D-DF52-DBE0DC0FA7C0,50,1
4956,D8A4E8F9-FF41-5DE8-F399-D457A54DFE68,2020-01-01 13:56:04.433,A9E4DC32-5056-A02D-DF7C-3A9BD38049FD,50,1
4957,DA4C5381-01DF-3ECE-DBCA-554A02EC6462,2020-01-01 14:42:19.337,3692AA73-C49A-E84D-DF82-2218121DC5A3,50,1
4958,E46C713D-97C9-0889-6044-9FEE85449F88,2020-01-01 19:25:27.153,13146CAB-5056-A02D-DF13-4A7A09C527B7,50,1
4959,F785533E-9751-51C4-35CE-3794C046EECB,2020-01-02 04:19:27.180,C0D41BBA-E305-764E-F1F5-ED6EE21AB7E0,50,1
4960,020B71D5-B016-2CDC-32D4-50369562A223,2020-01-02 09:13:43.510,5622E9DA-C50E-28B4-4C25-167B15532FF8,50,1
4961,0454A904-01A7-ACF2-20E0-1AE987E99268,2020-01-02 10:17:38.807,D492D78E-0ECB-63AC-E2C1-AD070AA6C152,50,1
4962,052D31F0-A930-8DBE-F195-B27A244C7DA3,2020-01-02 10:41:17.897,9EDEDD90-5056-A02D-DF4B-1DE5A76BD64B,50,1
4963,0A9A7EED-C84B-D33C-1EC7-D5AE04B18BE2,2020-01-02 13:13:02.880,AEEEBAC0-5056-A02D-DFA6-A6504DD5E901,50,1
4964,1B590F5F-F1A2-9EB7-8E41-F0196DE92642,2020-01-02 21:01:15.487,4C0E5BB7-9C7F-0CFB-24BE-62ED4C8289E3,50,1
4965,380045F3-0E22-6A38-6106-BFD44D990067,2020-01-03 10:22:27.900,BE04E12F-D489-3FAC-C006-B1196EB83B8C,50,1
4966,49E8D9D5-B0E6-959B-22B4-F34F09104B00,2020-01-03 18:43:13.607,66242542-0BB9-0ECF-6EA1-C5EFCF6A2E0D,50,1
4967,D3003618-00A5-1337-608E-9F62D48E4D0D,2020-01-06 10:36:36.293,A4AD2400-A685-74FA-C12E-C7D1D131C029,37,0
4968,F77D3505-C467-DCB6-4292-211158955643,2020-01-07 03:36:53.897,50914FBD-5056-A02D-DF8C-37DCC830790A,50,1
4969,3E8E0448-0CBC-A11D-684E-EE75EF7BA85D,2020-01-08 12:44:03.407,D760F479-0528-4BCC-E23A-3411FB15D15A,50,1
4970,BC17852B-A0D4-F1BF-D930-3009E74EB51A,2020-01-15 22:32:42.047,80139C07-5056-A02D-DF37-21C4A3192FD7,50,1
4971,0C2A4F6D-0301-AA80-BE10-6C1430074362,2020-01-17 11:51:24.980,16D466D0-5056-A02D-DF04-7C9E0DD3BE84,50,1
4972,8D14604F-D195-2C2F-61C5-0BA63E094ABB,2020-01-19 23:56:09.713,476614BE-F585-2351-39E1-573BE08FC6DE,29,0
4973,A911220C-CB70-CA13-C6DB-E596BC31B0FD,2020-01-20 12:58:44.647,476614BE-F585-2351-39E1-573BE08FC6DE,49,0
4974,B65B486C-DD5A-C1B8-2F98-42BCCC980115,2020-01-20 19:10:21.120,DF409594-5056-A02D-DF19-863A48FC9EA0,49,0
4975,D4B2C790-BDF3-EE63-DB11-4E35836F64D6,2020-01-21 09:18:46.580,CD128ACE-0756-872D-018B-678B080935F7,49,0
4976,9DD70CBC-91C2-1C4F-2261-139593A1BAED,2020-01-30 06:21:21.513,9E19919B-E392-2DF8-D33F-15A176D605A3,49,0
4977,CA76E575-A162-0ACA-7A46-035E405CD35F,2020-01-31 03:09:07.250,89D24989-CCE7-FB28-92AD-460505B773BF,49,0
4978,1D40C85E-076F-294A-8F7B-E068A0F5510C,2020-02-01 17:44:04.637,8FB9E69D-5056-A02D-DF28-2DE99AFBB54D,49,0
4979,7018C818-B8B3-C9D3-592C-F17D872DC194,2020-02-08 07:38:54.693,A90F0BB5-5056-A02D-DF15-008C51987BE0,49,0
4980,77735DBD-0A6F-020B-7126-DC1DAAAA338C,2020-02-13 10:22:52.740,1AA7CA5F-E5C2-A794-CA7A-08B96761DA3D,49,0
4981,806584A8-F5AF-D79F-A16E-673645C8F86F,2020-02-13 14:33:01.597,54FD0EA5-BAE0-46BB-55BC-81EF34116970,49,0
4982,ECF957F1-086B-3AD6-8B6D-4E57E8724158,2020-02-15 17:08:55.883,0AE799C9-A51F-05A7-BB96-C20D21FFB0C9,50,1
4983,021A8D6A-C8C6-44FD-08BE-9B2AA529BAD6,2020-02-16 02:59:45.943,CDC7B196-BCE5-FD5F-5F4A-2AA4DF3F0FE1,50,1
4984,80EAB478-E59A-4778-714D-6DA716632759,2020-02-18 14:05:44.827,3BAD138A-A3F9-2809-6A5F-0943AF878BA8,49,0
4985,92E99120-09D3-B818-F01D-FCBA8611BA4E,2020-02-18 22:28:56.667,134C0261-9E4F-4675-266B-DEE77A681435,47,1
4986,E31707D4-F75F-A771-10DF-FE6FE73A8E69,2020-02-25 11:09:13.600,3692AA73-C49A-E84D-DF82-2218121DC5A3,34,0
4987,6580A62F-98A7-210B-5BFE-480719600387,2020-02-27 23:55:51.947,CB880FFD-CDDF-CEC1-E2DD-E280A051FB11,38,0
4988,AC1F2DDA-9884-E275-2BFC-9B59141E07D9,2020-02-29 08:50:31.830,BE0359D9-0F08-C1EA-747C-EE5305DB26DC,54,1
4989,B9F5618D-061A-40D9-5C97-E7A3F511F9E4,2020-03-10 14:54:06.907,FD833240-B751-3DFA-6C68-BC32D08F8472,50,1
4990,2691C1BD-AEB5-A0F2-1D63-A43E13C44512,2020-03-12 17:31:07.177,1388286E-BA43-2CE4-D0D5-DFC233A2F32B,50,1
4991,5C092F8B-9565-941C-F8DF-A582B531A79F,2020-03-18 17:44:10.233,80B5AC68-5056-A02D-DFDF-793C7EE03EC4,49,0
4992,5F05B79F-E45F-A879-4FBA-FD5099487394,2020-03-28 17:44:19.680,DD1FE16E-9185-D65A-A28B-10EB309D7E5C,50,1
4993,B5B9695E-F31D-7229-EC70-E50AA0776EC4,2020-03-30 10:08:41.483,E56B8706-5056-A02D-DF2A-A532326159EA,49,0
4994,9F8F80C5-E20A-DE26-0B26-F95A7251A3B0,2020-04-03 23:07:14.177,3FEA8E51-BF63-02D6-E628-3484643A6315,49,0
4995,B97CCAC5-CB0F-E5DA-EA31-3441B09735C7,2020-04-09 10:30:32.890,AE751106-EECA-3CF9-71A6-3E8FAD925D57,49,0
4996,BA833801-B684-A483-3155-C114D5F8C9AC,2020-04-09 10:59:12.750,BA7BCCC6-F8AD-FC4A-C539-B2728345D2C0,50,1
4997,265B498C-E058-4FA8-5D13-FD65E2CB1961,2020-05-01 10:28:15.180,26597540-F98E-38F7-1774-A672C55380F0,50,1
5997,975FB332-A693-896C-66AB-973912F645C1,2020-05-08 14:27:04.607,975951F0-D6BD-252E-06C8-F73EFADD381B,50,1
5998,995C4755-DFFC-5683-A870-385AA372BBD5,2020-05-18 13:59:40.567,DD5222E0-C134-20CA-E2FC-70AEEC0F0057,49,0
5999,00F4A09D-E491-29E4-F9F1-3F3AC64C9E5A,2020-05-25 13:33:18.580,64FEA2F9-A41B-03CC-6982-207403A14FBA,60,0
6000,B791B83C-D23C-4CDA-28C4-986B7662C2C5,2020-05-29 02:39:38.620,3A1E768F-C395-316D-199B-904A76D957CA,50,1
6001,DC7A5A4A-E8C4-D602-6EF4-8BE8A127E659,2020-06-03 19:10:02.443,846B7D06-5056-A02D-DFAE-F64D07D55ED1,50,1
6002,F48F8C71-B743-1C8A-F458-546ACFB1F487,2020-06-04 06:23:28.747,6FE63C35-A5EC-1656-3152-FDF3B2A48132,50,1
6003,0D09D695-E62B-6011-8117-FC297B05EA9C,2020-06-09 17:06:18.187,95196802-5056-A02D-DF43-2798D889EFCD,50,1
6004,07201724-00A6-0D5C-83AA-8517A642F2C7,2020-06-14 13:38:52.687,5B325839-0D5A-1E19-F8DE-9E9091179CE8,50,1
6005,8F375169-A5DC-41AE-BAC8-CEB2D63BE45B,2020-06-17 05:04:17.403,D02566A8-5056-A02D-DF0A-C4D6A292C2D7,50,1
6006,F78492EF-90E2-A8FA-D3E2-886F1CF3C71F,2020-07-04 03:35:39.557,F759E909-D8F5-1DAE-B038-66D3BAF91422,50,1
6007,17E4880F-9958-7DE5-CCEF-8A7019188462,2020-07-19 16:35:41.180,D0CC22FB-DF79-7842-A5AB-017770998FEF,27,0
6008,B4324755-EC27-CE3B-1101-52FA57AFDD1E,2020-08-06 15:21:19.037,3DAD5128-E48E-A1D7-9A57-888BD53DCE39,49,0
6009,BD1E9C07-D51D-801A-CAF3-49D5C7399814,2020-08-06 19:30:49.740,F5C51F2D-EDF1-73A8-F775-1EBBC6C4970A,49,0
6010,B0870C4F-9195-3B4E-379D-2F35EC90ECF0,2020-08-16 12:15:49.643,B30AEEEC-5056-A02D-DF85-794B35AE360B,39,0
6011,7FF7919C-0007-1C75-65F4-7D985A278181,2020-08-30 11:32:02.417,4314D1A0-5056-A02D-DFDF-D6F69DE8FEF2,49,0
6012,17B61F73-CCCA-FB89-AE2B-6FF55E1C92C4,2020-09-17 08:10:07.253,69540C00-AC95-C65A-0409-DD20401A089D,50,1
6013,C4A51D8D-A95F-E893-A4B2-3455244CE243,2020-09-20 16:45:50.407,C3FDA358-FB07-4432-DCB0-2986DA7917BE,50,1
6014,C744FCA3-D3E5-D836-856E-D97EE894BA35,2020-10-05 15:54:25.103,C6B3E364-06D8-346F-9874-403B0A20AE5D,49,0
6015,E9C4C0E0-C87F-5E65-8B58-3B91E2AA05D8,2020-10-06 07:59:05.067,DBA0403C-DA60-5CDB-BC7B-49BF1CEFF962,50,1
6016,C1400CDF-F5D0-F709-A548-16E740F2CF98,2020-10-20 11:00:19.487,54F36DB9-5056-A02D-DF64-4272480B5490,50,1
6017,CB831532-FDA7-101D-BECE-D07EA78D5CD5,2020-10-20 15:47:16.077,C201A541-9439-B79D-5506-2B591140373F,50,1
6018,D4A13BBC-A6AE-4A27-81FD-5FFE5CFD40AA,2020-10-20 20:02:13.260,FE01EC1A-C3E9-7F98-B228-3A26665F99AB,49,0
6019,1CE21930-B82E-03F4-03FC-C1FCE6241972,2020-10-27 05:00:59.373,B518A95E-B4D3-C1B5-A0D7-E93D7D91F5D9,52,0
6020,6C405AF4-BE34-04CE-1A2F-EFFC1F6C5B38,2020-10-28 18:00:24.287,9959A74E-0DC3-7E1C-45CB-8EB113B4365A,50,1
6021,3C6AB1BF-0BA2-722C-4742-DF5EC98F7654,2020-11-01 18:01:15.530,3692AA73-C49A-E84D-DF82-2218121DC5A3,36,0
6022,B53BDF65-BEC4-0C09-5D07-4EAAD3D7E643,2020-11-19 00:14:01.530,EF8DE5E3-CA2B-C7E5-75C1-1373E92B30DE,50,1
6023,CC44E796-D9B3-3BF6-E362-8A6FCEF0FD11,2020-11-19 10:58:08.613,7A8F0BFF-BF2C-2C12-5F3E-2DFA3FAF50D1,49,0
6024,B2D0270D-BC2B-227A-D80B-74F07A866A11,2020-11-23 22:24:31.593,F072C0ED-EEB4-3717-DDF1-E92C6C1DA41C,50,1
6025,9960EE86-94FF-2895-C61F-9E0DD267D7B5,2020-12-03 09:10:05.507,9931B0AF-ECA6-28AF-0432-75A8E5E06F03,49,0
6026,39B514F0-FE0E-2236-AAC9-BB26185DFEF9,2020-12-06 11:53:16.380,4A365C07-CDF7-BD31-3E9B-F83C17558AED,50,1
6027,CBB2DF74-9363-842D-6DAA-ED61F081E6CA,2020-12-14 07:13:30.980,CBAFE0DC-B3FC-6FB5-3D38-8F36DEBDC95A,50,1
6028,FF2E40D6-B6DC-218F-7336-B80D5EFFA901,2020-12-15 07:13:04.800,FF23F0DE-CBF7-1FEB-BC77-18EB6D64ED28,50,1
6029,FF971099-E874-1DDE-5772-B1030DC7FDC5,2020-12-15 07:24:31.697,E2557D51-D411-144C-02C5-CD4533A0BD70,50,1
6030,0024233A-F73A-8F46-8DB1-871613975935,2020-12-15 07:39:56.250,801C2EFF-5056-A02D-DF88-5C95A74E5735,50,1
6031,07EDD29D-AA9D-B925-75B4-7597DC7F0B69,2020-12-15 11:17:42.163,23AAA1DD-F344-E308-FB2A-F82BBC4E65B1,50,1
6032,0964309C-CD43-D57B-F38E-1BEDCA06C522,2020-12-15 11:58:35.653,2DA78470-5056-A02D-DF54-2C939FE2C5E2,50,1
6033,10E9F7B2-BB8C-72BD-1C30-2B89B3B0CD92,2020-12-15 15:28:56.523,10D5EA7E-9EE2-4353-5A01-CA027705E71E,50,1
6034,416E1F6F-054B-FC3A-A8A9-780D28A8989A,2020-12-16 14:05:33.920,415AE68D-A694-6CCA-AFA1-DF397480E6CF,50,1
6035,98C13B32-EBA7-700A-D74A-F31AB84358C9,2020-12-18 06:47:26.467,3FEFDB54-5056-A02D-DF8A-85A022E3E371,36,0
6036,E81DAB41-E12D-DE34-2A6D-1C842EF56AB6,2020-12-19 19:46:38.040,EE1B4498-5056-A02D-DF1D-D0FFC5DD2262,50,1
6037,072FDAC1-9026-F869-CDD0-56BDF16229B5,2020-12-20 10:15:26.927,EE7B002E-FBF3-F9A8-7868-F73C6F24429B,50,1
6038,45C52D4D-0D05-D000-1BC0-3E76D22C5C53,2020-12-21 15:25:27.760,AF869AA8-B01B-A667-468C-DFE0AED8CE79,50,1
6039,786F0FC2-9760-A098-AA19-FDC647D07EA3,2020-12-22 15:02:10.200,0A0E9A3A-C091-74E7-586C-88F7EF82BA45,50,1
6040,81420655-A8BF-C547-3F08-E8FAFFB467A6,2020-12-22 19:08:54.677,E7D07909-5056-A02D-DF27-642F5FB0B5AA,49,0
6041,C5968CD7-9309-0060-3FB0-6FCB7AE04442,2020-12-24 02:59:42.867,615B91D4-9E21-A7F9-0202-F43185908CA2,50,1
6042,136AA54D-97A7-015C-1BD9-C88D5D043C1C,2020-12-25 15:15:59.257,72E9B984-97F3-71C7-A8A0-5ED38C047FB9,50,1
6043,E0D23E9E-EFA9-4663-A9C5-DE482952BA72,2020-12-29 14:59:40.690,8B519764-5056-A02D-DF39-A52551F158BF,50,1
6044,166C1FED-CB2A-493E-5613-F3A4F271E3E1,2021-01-09 14:35:45.430,E94E89EC-B680-8A41-4582-4774BB931B65,49,0
6045,168A4B00-9F95-720F-6D8F-3F74BE172A42,2021-01-09 14:39:03.150,340E1EE4-B4CD-1D62-B676-A27E14DD5175,50,1
6046,1B82DBEA-04DF-4D3A-887E-BF7595717075,2021-01-09 16:58:03.077,7F5A4C0A-DEA7-47F9-860D-6FC399EBDEE3,50,1
6047,2056E2A1-AE08-DC8A-4188-323228F2CCDD,2021-01-09 19:13:03.543,4A79304D-B0F1-0AC2-EA46-E4B9E54C35D2,50,1
6048,298CC5B6-DEA2-36A8-DE35-FE6B8D772AF0,2021-01-09 23:30:36.280,AFB64B4E-9B9C-92C4-F978-B77BD46ACD2E,50,1
6049,31367891-A15B-212E-7787-16BA34A35133,2021-01-10 03:04:52.543,8F8681AB-F0BC-27B2-704D-DE2D57B7378B,50,1
6050,3F7D7818-D471-1A7C-67F0-691D8683EED5,2021-01-10 09:44:06.077,6ECBA163-EA66-B4B2-7DB5-C11647D9EF51,50,1
6051,45B16699-E9C2-10E1-AB93-3EF79990CA8C,2021-01-10 12:37:32.810,4D017323-B2C2-6859-9509-51B81C06DD3E,50,1
6052,768476A8-C2BA-604B-6F85-04C0B88D8431,2021-01-11 11:22:47.667,8BB4AF8A-E2A1-2382-B53A-626A653FEE7C,50,1
6053,85D6CBA7-CA7C-79AA-3585-CE3D307A5AE4,2021-01-11 18:31:16.443,2ABF496D-FAD1-7225-B244-E6973DA8630E,50,1
6054,A2FE4E91-9930-0328-67EC-47CADF7FB13D,2021-01-12 08:06:30.097,A2F62205-F6A5-CD10-2455-EDC11F3C71BA,49,0
6055,BDDB7AA8-D848-BF7B-0985-8F3D27E2DF23,2021-01-12 20:37:41.777,2D6025C9-5056-A02D-DFA1-BF13B41CBD79,50,1
6056,E4C86B97-F508-F1CB-4321-0AC21614D83B,2021-01-18 14:02:55.973,E4BB67C8-C82F-B99B-8975-8A4B0737F711,50,1
6057,74479F5F-96F2-C830-050C-A81513631EDC,2021-01-21 08:55:28.620,83F40131-F48D-E256-E2F7-7D08B9366681,50,1
6058,744CD43B-FD47-23E2-CC05-7A4413AD0C08,2021-01-21 08:56:02.743,75962ABE-E4DC-B897-C021-AD273659AA44,50,1
6059,7748EE5F-C200-071F-2601-2C18DB1CB2E5,2021-01-21 10:19:30.417,D43902F4-5056-A02D-DFB9-3756BDA1C6DB,50,1
6060,815DEE84-A740-9E30-605D-343362073316,2021-01-21 15:01:25.410,A1F7D539-C6DE-8795-8EB5-50D36DFB0FDB,50,1
6061,F6DCADC7-F153-6646-144B-26A65A56700F,2021-01-23 21:46:58.753,53DA52D3-5056-A02D-DFD6-AEF265FDAA44,50,1
6062,4ED651DE-D7B5-B33B-7DC5-77D5C00913A8,2021-01-30 14:05:26.043,445B0841-EBFA-78F6-7AB9-7E3E8F434E19,50,1
6063,DF5B2C8F-9157-7557-ACEE-779EBF95DB6E,2021-02-02 09:26:31.450,7E8F7595-FACA-74F6-72CD-0B9DB32F3A26,50,1
6064,E50F658D-BF7E-6070-CADC-15AA166FEF2F,2021-02-07 11:24:27.767,88187A00-E57D-D7F1-C10C-F2463745790A,50,1
6065,6B853146-0F5B-F9AE-474B-6319713BB5F9,2021-02-10 02:04:15.957,6B75CB12-F5F6-5878-7AA0-23BD0CFE4F4E,50,1
6066,B845AF6E-9BA2-34CD-905F-56E82981C7F3,2021-02-16 13:07:55.647,24F06C4C-C76D-F98B-A88E-39E2242D49D6,49,0
6067,C6269C64-D6E1-D7BA-0E1D-E10D6043B2FE,2021-02-16 19:36:00.227,4D7B3ACC-5056-A02D-DF7C-E02FB02BA220,60,0
6068,328103B9-F872-F402-23BE-9FE7E0F6D4C4,2021-03-20 18:55:47.313,32648AE7-D224-65F4-24ED-EE22BC285461,50,1
6069,C446B3BE-FA6B-1053-92C9-63272C6EF1D3,2021-04-07 12:46:27.470,0D48EDAC-5056-A02D-DF6B-575943FC3080,50,1
6070,4A8FD2FC-B090-F5D9-9095-3BE5280EED9D,2021-04-20 01:57:50.893,4574013D-B95B-39EC-3433-628846F990FE,50,1
6071,C3E6C180-FAF0-CB2C-5C99-9D43B7BFDC9D,2021-05-22 06:20:28.090,067F9C93-F276-6FA3-8467-5260786CFB69,60,0
6072,05C9E6CE-AFD5-E189-355B-C4A88048D14A,2021-06-17 09:34:15.710,D16D2E3A-C21E-22EE-E072-B4E37F629B83,50,1
6073,BB09BDA8-D534-A7CB-6996-84D3032024DE,2021-06-20 22:02:27.843,8AE1674F-EF52-EFE2-9C5B-D3D90AA3D659,50,1
6074,00E8E8CF-9A5C-9C2B-3751-6BFFAA340911,2021-08-10 23:38:51.927,3EC57B25-A919-94B4-B7C8-C5198D0DE365,50,0
6075,C2394E22-EC2A-6E49-BF3E-CC6F582C9539,2021-08-24 16:20:53.383,C22E6AD7-DF9B-0EDA-EAF2-558D57CC0C2A,50,0
6076,F090386C-B0B2-6A79-3866-639A479E6F3A,2021-09-19 10:27:56.997,B4DA4493-BD02-959C-EB0F-C8001EA5C7D9,50,0
6077,5303D250-01E5-E7F6-0483-08733624C606,2021-09-26 07:39:08.787,E84D251A-A74E-3FF6-F506-69B9532E4F78,50,0
6078,C4B12434-EAE8-E3F9-4DC8-4F6006029685,2021-10-03 11:56:09.190,4D7B3ACC-5056-A02D-DF7C-E02FB02BA220,49,0
6079,69822051-AED7-C9B2-4701-84CF09DCDC0E,2021-10-06 16:44:48.143,696373F6-9B47-5C36-76DC-7DA05AF69EEE,50,0
6080,32BB38EB-B51D-259F-4A2C-2448F83BABD8,2021-10-10 14:31:26.573,3218216B-C58A-EB9F-A756-F3DEAA8492C6,50,0
6081,CCCEFB4E-C426-95C0-2AE6-A2443F57EDAB,2021-10-23 12:56:44.330,4A587AE7-0B03-2979-D51E-8316AFFA9706,46,0
6082,682812F8-E45B-D432-D7E5-CEFF0C9D0BE6,2021-10-26 13:20:45.050,FAB9ABB1-96BD-F088-9CCA-834954735590,49,0
6083,CB33838F-C0A9-0BA6-B7D5-75382DDB8F8D,2021-11-02 10:48:37.043,83F40131-F48D-E256-E2F7-7D08B9366681,49,0
6084,06535A94-B8D0-3CC4-9A80-F25EA2D10F71,2021-12-13 07:47:16.050,92E3AC5B-F1C8-B806-881D-251AA0C6D2BA,50,0
6085,070584F4-FAF6-5D82-C485-A55D2CF7C23F,2021-12-13 08:06:43.727,B43B9C9E-FBC0-8FAF-7A41-ED1D54A53A60,50,0
6086,E7F50442-9C57-A816-87E5-5585C764E124,2021-12-17 16:56:18.557,3A5A9A2E-9739-36CF-8DED-21DA0E657AE5,50,0
6087,C261DFA1-9295-4471-21ED-5B0C01A7416E,2021-12-21 22:43:54.957,7B0B5857-F7C5-9539-72A9-C4DD85CE3F92,50,0
6088,5B14DE96-C2BF-DA87-90D3-AFB082B1A2E1,2022-01-03 20:30:44.387,5B0EEFC7-07D6-1A73-9ED0-D11A6B2CF4B3,50,0
6089,F85586B5-C51D-63FA-E041-22E9337071F4,2022-03-07 13:26:55.250,C15A97ED-D87B-76BE-229C-AFC30F996BD8,49,0
6090,73BFD379-BF50-F75E-9EFC-5045E64B9FD8,2022-05-03 16:19:11.250,21CC482E-5056-A02D-DFCB-2098D625F256,60,0
6091,22199AB1-B2BA-0360-1779-87E20FF306BD,2022-05-21 23:29:03.353,A32E8665-BA65-C86D-D8A3-6CFF59D3FF5D,50,0
6092,4AFDCEB7-A0F0-A024-99D7-F2C3701A5809,2022-07-16 10:53:15.960,46D2724A-F7ED-EE05-104B-9280748F8960,50,0
6093,94B30C9F-F2D9-3366-967D-68859D7E8555,2022-08-06 18:28:10.350,6ECD81B4-B172-04D6-2FDF-9D46FFB6B909,50,0
6094,9D28867B-B175-F15F-8746-494FF1332DEE,2022-08-06 22:24:42.843,87FB6A47-D4D6-4893-9945-CAB4A1708D80,50,0
6095,D52AF6F7-C1E7-8E9E-5C1B-7B4C4D81D6A6,2022-08-08 00:30:56.477,DA2EE12D-5056-A02D-DF96-6067085CD1C7,50,0
6096,01E8374E-D9C0-73BE-D9D9-ED9981671EC4,2022-08-13 20:39:19.660,95BB7210-E31A-2AF9-0BB6-CD72A3B3C3F9,50,0
6097,268AC874-064C-7A1E-B971-1E04D08F93B2,2022-08-29 11:39:07.303,B054DD58-BE99-CA70-11E6-AB14BB750E71,50,0
6098,E8E1BF4B-E5B8-D2A4-F858-196D5F8F7F0E,2022-09-07 05:32:18.827,E8D79A31-C811-E08A-41CC-60320B86DC75,50,0
6099,CC019CA3-BB82-AD30-2050-B05AA1014E75,2022-10-01 12:34:59.410,83F3ABA6-CB3C-61D8-9310-CF73ABE5D7AC,50,0
6100,781E57D2-913B-6E5B-0DA0-2FB27A011C7B,2022-10-24 18:01:30.303,AE66E86C-BDA2-E173-9676-4D239A66DFA2,50,0
6101,84656591-AB1F-9E6B-3B26-BBECB3523D12,2022-12-03 17:11:51.767,2B66A740-00FD-760C-039E-8ED7B120D454,50,0
6102,D42ABDB2-9130-6E1D-DF67-E428865A29EF,2022-12-10 05:41:17.377,D42163CB-93AD-D7D8-BAC4-77317860EDE3,50,0
6103,1A95D563-CE88-809D-0EB6-FDD784DC2838,2023-01-10 10:18:19.257,D902FAFB-D79A-EDFE-CB24-E62D2459A5BD,50,0
6104,576880A6-C61E-8286-0CEF-520D2C436F4E,2023-01-31 11:52:41.823,7060A1AA-D06B-BA30-09B6-EF79B5B871D8,50,0
6105,DD579FA6-EB6D-FFE7-D0D5-08F681ABFE4B,2023-04-03 18:56:32.813,DD50F0B9-0EBE-421D-1F86-A4EAE95788F2,50,0
6106,1219942B-09F8-7215-056E-09EFA9860D3C,2023-04-19 17:26:11.707,12126898-D3FE-E1FB-61F3-E4EDC1EDDE81,50,0
6107,481D01FD-D047-E6C7-9EBB-CE05443E79B8,2023-05-10 15:49:38.603,026DA906-CF6D-69F7-62B5-1EA82BA79134,50,0
6108,C1F7A579-F2C5-A1CD-906A-C0A45B64A29C,2023-07-06 16:58:49.557,3C53FE1F-9DBA-0B7C-6C85-267162242D51,50,0
6109,6139C516-AD3D-BF91-915F-006B0D88AAF6,2023-07-29 16:24:35.637,612CBB8C-BF4C-DDE8-4FAB-94C73034F134,53,0
6110,9413B1AE-EE51-B28E-B6E7-5F79503A3CA5,2023-08-04 15:25:07.567,03E19F2A-DDBA-8C14-4525-962B4063023D,50,0
6111,F7CBCB24-99B7-EAFD-D3B9-047A74D0F4A5,2023-09-05 09:43:56.983,34940E2C-F46D-9716-525F-33ED63490523,50,0
6112,25C9A46C-C8C2-638D-DEC0-7B8A7529DB95,2023-09-26 04:21:59.537,3318E063-5056-A02D-DF89-68C38E4649B3,50,0
6113,2B05E5D9-98D2-DF7A-306B-CC27C5FD56BD,2023-11-05 01:15:47.473,2AE121B1-08FA-85D0-08BF-B31444826902,50,0
6114,6EFD910A-04C6-F9B6-D19E-B5476BE80434,2023-12-16 02:21:14.287,92FF53CA-A1D2-1685-12CE-ADD4321635AF,50,0
6115,8287D5AB-A4ED-B44B-AA9E-AD9B655846DE,2023-12-21 10:45:24.387,0A00462D-BE99-39A5-56FD-64042BE291F8,50,0
6116,FC6E615C-C87D-4829-686E-38AF5BB1C0D7,2023-12-28 18:52:11.950,4BBFB39C-BB1E-81A9-6006-5675E3A3D473,50,0
6117,90D91E4D-03FC-1D83-6B22-700FE91C3E82,2024-01-10 14:38:50.237,CD67D8B3-AE34-3D5C-F940-B76177141D96,45,0
6118,58D2A812-C421-1FDD-72E6-8DD33808B4D4,2024-01-29 09:45:17.690,82C80288-A169-D563-7F5D-7F6A11C5BEDC,50,0
6119,38BF3623-BBA5-3C60-8FC0-90CD40EFC941,2024-02-12 16:43:05.013,8BF10D2C-CB73-6AF4-1558-D20E1CEDA3EC,50,0
6120,111C959A-9B71-2551-4BAA-AA36306FDFC4,2024-03-17 18:23:02.230,11125889-BC4D-D51F-43CC-EE6456E8B04E,50,0
6121,B24D2BAD-E4B2-1F8E-2B7C-984C0C74FA39,2024-04-09 18:43:31.110,B24B0977-AF9A-4248-2EB2-0CDC4C6A05EF,50,0
6122,68EA2D57-046B-2785-2CD8-246256FC0AF4,2024-05-28 01:34:15.963,68D75F63-C07A-B0E9-2579-11265B3BEA3C,50,0
6123,F5236E74-D87A-9B54-142F-1A1E7B9A72C5,2024-05-30 18:55:22.337,F226AFA9-FB52-0128-700D-E2A302981755,45,0
6124,D2BE827C-F3C7-B16D-EC73-E804F229B995,2024-07-18 19:56:10.573,CA5B4D5C-9852-F1E3-646A-92CD1524D214,50,0
6125,CF688217-FDD2-3A99-196C-AC6503D3376E,2024-08-17 14:12:29.167,CE9F22EA-E0C0-5C3C-35F7-898F132B3B8C,50,0
6126,14878E1F-E984-2FC3-A0BA-45480943C17B,2024-10-02 16:10:00.990,144A100E-DA39-9FF4-B13B-E54D2D38902E,50,0
6127,C215B18A-E9B5-C859-84C9-E2BA1CA2EAA7,2024-12-09 15:00:40.830,C2115169-AADC-5528-274A-C2DBA4D4DD85,50,0
6128,2E00328D-BB38-9D6C-B21A-8A4A10A9D716,2024-12-26 15:12:49.077,2DF99FCE-A78D-AE1B-7DC7-0F6EDC03E82C,49,0
6129,BE000237-099A-DE08-335F-71E513ADF978,2025-01-08 08:56:03.237,B918D8DC-A535-FC93-C4BD-37DEB3D1D7BD,45,0
6130,0999B131-0814-7866-1F43-30998D6CFF1A,2025-02-13 15:17:41.617,093D5CCF-ED2B-D289-5BFA-3AEF16060E80,50,0
6131,466D251B-A16E-3912-DF2D-F66824E4EEF4,2025-03-01 17:33:35.903,46529871-FC7D-4CF0-9517-37FE3C630F0A,45,0
6132,6FA8CCFE-F0C8-B332-E4B1-0131A17F7D31,2025-03-27 10:17:52.070,801C2EFF-5056-A02D-DF88-5C95A74E5735,49,0
6133,2CC79A54-F240-2286-F7AA-CD42A0D164DD,2025-06-23 14:36:47.720,B0E418CF-F780-B237-F77F-4FBFA1394C8F,49,0
6134,E5BB2E20-D39C-828E-ABD0-F3A001D9A7EB,2025-08-20 21:09:23.830,2CACED21-B36C-DAA5-1850-C2706797327D,35,0
6135,A80A5EC2-03D8-22E5-D444-324B953E0653,2025-09-13 12:55:42.743,411FADC7-AB0F-604C-401C-6EE70DCC06A1,45,0
6136,F5FF9CD2-FF20-82FD-8B62-BB71EEBD6560,2025-09-24 23:52:07.960,4454D876-DB0B-9E25-5E25-8F50C0E74975,50,0
6137,F5CB0E93-AB8E-A568-D16A-CE03E9647F0B,2025-10-29 18:54:25.647,69B612DD-EBC7-1481-8463-562B4859334B,50,0
6138,39D22949-A194-37CC-9B84-7EB160A650D2,2025-11-19 22:49:44.190,C6EA4C4A-DEA3-CEF5-BEEF-41AB718F700E,50,0
6139,E02F287A-CA9E-8D17-F64B-E0E444D4A518,2026-01-06 22:06:01.003,E023FD4E-F0FE-0412-1494-2CCBF2883075,50,0
6140,9DA1A47E-AD74-F1DA-0037-C2EA24D3456F,2026-01-15 13:41:37.397,6867338F-C8C0-1ACB-A805-236347D67C39,49,0
6141,442E6CDF-D8F2-2D7C-2233-7558C1EC14AA,2026-02-22 14:27:14.033,4429BF6D-05CE-114F-E9BC-29678BA6DCB1,50,0
6142,ED9991DF-E8E9-9569-6C7B-819A9F953FA0,2026-03-17 19:37:08.003,78EF16FA-A2F8-7E51-A821-AA897B276C3C,45,0
6143,B589B734-C5D9-28D6-E819-B4F3831A0AE0,2026-04-10 14:01:15.307,B58535E5-B7A5-A491-25C5-966C61712C7D,50,0
6144,EFB0F580-9A36-E79F-8FE3-94C1D552321B,2026-05-11 12:56:45.727,EEBCF38B-CA15-D2A5-66A3-5CA19E0E0F67,50,0
6145,5D7163BB-0F73-4A38-BC48-4BC92FDC1323,2026-05-18 15:23:45.227,5D6E8AB8-FB16-5296-20E5-5C2B8C1143BD,49,0
6146,C4D5C663-BDF4-E61F-2566-9262CEF0EBCB,2026-05-20 15:34:53.437,0AF5491C-F65A-93BB-0CD0-FC3AA21F536E,50,0
