Member ID,Stripe Subscription ID,Plan ID,Price ID,Status,Plan Type,Cancel At Date,Next Billing Date,Free Trial End Date
mem_cmohooqro037b0ssd7xgf0koe,,pln_kin-beta-access-vyek0a38,,ACTIVE,FREE,,,
mem_cmohoor1n037k0ssd210rfyq2,,pln_kin-beta-access-vyek0a38,,ACTIVE,FREE,,,
mem_cmohop7fo03in0ssddpu80r6y,,pln_kin-beta-access-vyek0a38,,ACTIVE,FREE,,,
mem_cmohop7m503ir0ssdae76alzw,,pln_kin-beta-access-vyek0a38,,ACTIVE,FREE,,,
mem_cmohop8vr03k00ssdf7980zkv,,pln_kin-beta-access-vyek0a38,,ACTIVE,FREE,,,
mem_cmohopapi03ks0ssdasojec39,,pln_kin-beta-access-vyek0a38,,ACTIVE,FREE,,,
mem_cmohopc3203m30ssd8dni45pj,,pln_kin-beta-access-vyek0a38,,ACTIVE,FREE,,,
mem_cmohopenh03nz0ssd2yf896gy,,pln_kin-beta-access-vyek0a38,,ACTIVE,FREE,,,
mem_cmohophm903px0ssdblkcakjw,,pln_kin-beta-access-vyek0a38,,ACTIVE,FREE,,,
mem_cmohopksx03s50ssdayv3gevl,,pln_kin-beta-access-vyek0a38,,ACTIVE,FREE,,,
mem_cmohopoho03up0ssdf8pn06rn,,pln_kin-beta-access-vyek0a38,,ACTIVE,FREE,,,
mem_cmohoprj103x20ssd1z4t6xq4,,pln_kin-beta-access-vyek0a38,,ACTIVE,FREE,,,
mem_cmohoq01c043f0ssdgkwrgo66,,pln_kin-beta-access-vyek0a38,,ACTIVE,FREE,,,
mem_cmohoqddz04do0ssd5mctga4a,,pln_kin-beta-access-vyek0a38,,ACTIVE,FREE,,,
mem_cmohoqeuj04f20ssd4bygcza2,,pln_kin-beta-access-vyek0a38,,ACTIVE,FREE,,,
mem_cmohoqexz04f70ssdbof41geu,,pln_kin-beta-access-vyek0a38,,ACTIVE,FREE,,,
mem_cmohoqk9404jd0ssdgm6wasq5,,pln_kin-beta-access-vyek0a38,,ACTIVE,FREE,,,
mem_cmohoqlfm04k10ssdemw2db5w,,pln_kin-beta-access-vyek0a38,,ACTIVE,FREE,,,
mem_cmohoqns404m00ssddj9i8oli,,pln_kin-beta-access-vyek0a38,,ACTIVE,FREE,,,
mem_cmohoqnyu04m40ssd6drr26fh,,pln_kin-beta-access-vyek0a38,,ACTIVE,FREE,,,
mem_cmohoqofe04mg0ssdatuu1kde,,pln_kin-beta-access-vyek0a38,,ACTIVE,FREE,,,
mem_cmohoqt2604qa0ssd1a5m8rgr,,pln_kin-beta-access-vyek0a38,,ACTIVE,FREE,,,
mem_cmohoqujc04r20ssd2m6r6ft0,,pln_kin-beta-access-vyek0a38,,ACTIVE,FREE,,,
mem_cmohoqvl504s30ssd5ufyhenm,,pln_kin-beta-access-vyek0a38,,ACTIVE,FREE,,,
mem_cmohoqx5n04ti0ssd7le23nr8,,pln_kin-beta-access-vyek0a38,,ACTIVE,FREE,,,
mem_cmohoqxc704tn0ssd8lercr3m,,pln_kin-beta-access-vyek0a38,,ACTIVE,FREE,,,
mem_cmohoqy5e04u80ssd81ppatvf,,pln_kin-beta-access-vyek0a38,,ACTIVE,FREE,,,
mem_cmohoqzu304vq0ssd0l9912y7,,pln_kin-beta-access-vyek0a38,,ACTIVE,FREE,,,
mem_cmohor0l104w70ssdb4h9fizm,,pln_kin-beta-access-vyek0a38,,ACTIVE,FREE,,,
mem_cmohor7bw051f0ssd3wpc2bhs,,pln_kin-beta-access-vyek0a38,,ACTIVE,FREE,,,
mem_cmohor7xx05260ssd3tpgh7v7,,pln_kin-beta-access-vyek0a38,,ACTIVE,FREE,,,
mem_cmohor98p052y0ssdbj4u43vy,,pln_kin-beta-access-vyek0a38,,ACTIVE,FREE,,,
mem_cmohorac6053x0ssd8bmr4h5r,,pln_kin-beta-access-vyek0a38,,ACTIVE,FREE,,,
mem_cmohorbsk054x0ssd5amgdoti,,pln_kin-beta-access-vyek0a38,,ACTIVE,FREE,,,
mem_cmohorcxv05620ssdb1eganud,,pln_kin-beta-access-vyek0a38,,ACTIVE,FREE,,,
mem_cmohordtw056q0ssdh2zo2rhl,,pln_kin-beta-access-vyek0a38,,ACTIVE,FREE,,,
mem_cmohorhxj058z0ssd5yc6gcct,,pln_kin-beta-access-vyek0a38,,ACTIVE,FREE,,,
mem_cmohoriei05990ssdetfo2emt,,pln_kin-beta-access-vyek0a38,,ACTIVE,FREE,,,
mem_cmohornqg05dd0ssd9g6ffs7f,,pln_kin-beta-access-vyek0a38,,ACTIVE,FREE,,,
mem_cmok24ti1001j0swu3iwa4xid,,pln_kin-beta-access-vyek0a38,,ACTIVE,FREE,,,
mem_cmokgpau3007w0swuf97e9l0h,,pln_kin-beta-access-vyek0a38,,ACTIVE,FREE,,,
mem_cmokpwtel00mx0tye478x8tqx,,pln_kin-beta-access-vyek0a38,,ACTIVE,FREE,,,
mem_cmolngue0005i0sz3eip39vlp,,pln_kin-beta-access-vyek0a38,,ACTIVE,FREE,,,
mem_cmoqaioj0002v0syehrmy8ylf,,pln_kin-beta-access-vyek0a38,,ACTIVE,FREE,,,
mem_cmp2ucwb1001a0swu2hh9am46,,pln_kin-beta-access-vyek0a38,,ACTIVE,FREE,,,
mem_cmp7lq5ve00qy0syeeijoasii,,pln_kin-beta-access-vyek0a38,,ACTIVE,FREE,,,
mem_cmpvl54jq009m0syafdw85wt2,,pln_kin-beta-access-vyek0a38,,ACTIVE,FREE,,,
mem_cmpvasxso004p0sya2ws7b7hp,,pln_kin-beta-access-vyek0a38,,ACTIVE,FREE,,,
mem_cmpv7c03k002b0sya311bfm43,,pln_kin-beta-access-vyek0a38,,ACTIVE,FREE,,,
mem_cmptwfu5o0b3i0rp9hyvp089b,,pln_kin-beta-access-vyek0a38,,ACTIVE,FREE,,,
mem_cmptmjdc100ga0rwpdqrd6p4b,,pln_kin-beta-access-vyek0a38,,ACTIVE,FREE,,,
mem_cmpn26tc200350su5h6pp36hk,,pln_kin-beta-access-vyek0a38,,ACTIVE,FREE,,,
mem_cmpmzhvik05do0sot2brwcriv,,pln_kin-beta-access-vyek0a38,,ACTIVE,FREE,,,
mem_cmpmla43q02dp0sotebha4yaf,,pln_kin-beta-access-vyek0a38,,ACTIVE,FREE,,,
mem_cmpmiob7u021c0rqnf8ui68m1,,pln_kin-beta-access-vyek0a38,,ACTIVE,FREE,,,
mem_cmpl0k3d7005v0rs8gu78hukj,,pln_kin-beta-access-vyek0a38,,ACTIVE,FREE,,,
mem_cmpcgvk5s2hk20sqg9ngkd68k,,pln_kin-beta-access-vyek0a38,,ACTIVE,FREE,,,
mem_cmpbrmvjb2dho0topf8ut34rv,,pln_kin-beta-access-vyek0a38,,ACTIVE,FREE,,,
mem_cmpbrdchx2d390sqddy0zbou2,,pln_kin-beta-access-vyek0a38,,ACTIVE,FREE,,,
mem_cmpbqzm3d2cmn0sqi1nm46wbb,,pln_kin-beta-access-vyek0a38,,ACTIVE,FREE,,,
mem_cmp7ewg7s00r90rz3c77f2xc9,,pln_kin-beta-access-vyek0a38,,ACTIVE,FREE,,,
mem_cmp6akgk91nf50sqi1hvfgtw3,,pln_kin-beta-access-vyek0a38,,ACTIVE,FREE,,,
mem_cmp4ciap91e280topclx9ftrq,,pln_kin-beta-access-vyek0a38,,ACTIVE,FREE,,,
mem_cmp4bi4zq1dok0sqg2tyjhfik,,pln_kin-beta-access-vyek0a38,,ACTIVE,FREE,,,
mem_cmp45nd671bwh0sqi0plc13s7,,pln_kin-beta-access-vyek0a38,,ACTIVE,FREE,,,
mem_cmp3z5xy61axw0sqg8ep3cqik,,pln_kin-beta-access-vyek0a38,,ACTIVE,FREE,,,
mem_cmpy71evc008f0tz2e118csk1,,pln_kin-beta-access-vyek0a38,,ACTIVE,FREE,,,
mem_cmq2jhdhs009d0svo5syqh2s2,,pln_kin-beta-access-vyek0a38,,ACTIVE,FREE,,,
mem_cmohos17600f20suah5undmcz,,pln_dak-lk150-and-dak-68e408fn,prc_dak-lk150-and-dak-0l1y0oew,ACTIVE,ONETIME,,,
mem_cmohos17600f20suah5undmcz,,pln_dak-standard-garment-styling-4ue208ep,prc_dak-standard-garment-styling-j4ao0ahs,ACTIVE,ONETIME,,,
mem_cmq5gtkq4004g0svocdnjbx9t,,pln_kin-beta-access-vyek0a38,,ACTIVE,FREE,,,
mem_cmq83l5ep00290sujh8wpb4kj,,pln_kin-beta-access-vyek0a38,,ACTIVE,FREE,,,
mem_cmq9sxit300cn0suj19yj9hly,,pln_kin-beta-access-vyek0a38,,ACTIVE,FREE,,,
mem_cmohos17600f20suah5undmcz,,pln_dak-eleven-design-challenges-0iai0art,prc_dak-eleven-design-challenges-3paj0arl,ACTIVE,ONETIME,,,
mem_cmqb2q0a100qg0suj486i1hev,,pln_kin-beta-access-vyek0a38,,ACTIVE,FREE,,,
mem_cmptwfu5o0b3i0rp9hyvp089b,,pln_legacy-custom-raglan-hoodie-1upb0pq9,,ACTIVE,FREE,,,
mem_cmptwfu5o0b3i0rp9hyvp089b,,pln_dak-pattern-drafting-for-fit-2pag0aih,prc_dak-pattern-drafting-for-fit-tke1080s,ACTIVE,ONETIME,,,
mem_cmqckmefj0bxd0ssld8dm9g22,,pln_dak-dak-9-what-s-new-rq780or2,,ACTIVE,FREE,,,
mem_cmqckmefk0bxe0sslhjw25sog,,pln_legacy-dak-9-what-s-new-aexa0or5,,ACTIVE,FREE,,,
mem_cmqckmefk0bxe0sslhjw25sog,,pln_legacy-custom-raglan-hoodie-1upb0pq9,,ACTIVE,FREE,,,
mem_cmqckmefk0bxe0sslhjw25sog,,pln_legacy-stitch-designer-101-qdc0jyz,,ACTIVE,FREE,,,
mem_cmqcrwu4e0j5l0tsygsx1g4jx,,pln_legacy-pattern-drafting-for-fit-9md0j74,,ACTIVE,FREE,,,
mem_cmqcrwu4e0j5l0tsygsx1g4jx,,pln_legacy-custom-raglan-hoodie-1upb0pq9,,ACTIVE,FREE,,,
mem_cmqcrwu4e0j5l0tsygsx1g4jx,,pln_legacy-stitch-designer-201-90e0jpb,,ACTIVE,FREE,,,
mem_cmqcrwu4e0j5l0tsygsx1g4jx,,pln_legacy-original-pattern-drafting-101-jkp50pyg,,ACTIVE,FREE,,,
mem_cmqcrwu4e0j5l0tsygsx1g4jx,,pln_legacy-stitch-designer-101-qdc0jyz,,ACTIVE,FREE,,,
mem_cmqcrwu4e0j5l0tsygsx1g4jx,,pln_legacy-graphics-studio-jhp90pnm,,ACTIVE,FREE,,,
mem_cmqcrwu4e0j5m0tsyhtt63qlc,,pln_legacy-eleven-design-challenges-r3p60piq,,ACTIVE,FREE,,,
mem_cmqcrwu4e0j5m0tsyhtt63qlc,,pln_legacy-graphics-studio-jhp90pnm,,ACTIVE,FREE,,,
mem_cmqcrwu4e0j5n0tsy9950cc3n,,pln_legacy-standard-garment-styling-o4p70pjf,,ACTIVE,FREE,,,
mem_cmqcrwu4e0j5n0tsy9950cc3n,,pln_legacy-eleven-design-challenges-r3p60piq,,ACTIVE,FREE,,,
mem_cmqcrwu4e0j5n0tsy9950cc3n,,pln_legacy-pattern-drafting-for-fit-9md0j74,,ACTIVE,FREE,,,
mem_cmqcrwu4e0j5n0tsy9950cc3n,,pln_legacy-original-pattern-drafting-101-jkp50pyg,,ACTIVE,FREE,,,
mem_cmqcrwu4e0j5o0tsy8dgi4sqe,,pln_legacy-designaknit-and-lace-ffg0j0k,,ACTIVE,FREE,,,
mem_cmqcrwu4e0j5o0tsy8dgi4sqe,,pln_legacy-stitch-designer-101-qdc0jyz,,ACTIVE,FREE,,,
mem_cmqcrwu4e0j5p0tsyc90i81b1,,pln_legacy-standard-garment-styling-o4p70pjf,,ACTIVE,FREE,,,
mem_cmqcrwu4e0j5p0tsyc90i81b1,,pln_legacy-pattern-drafting-for-fit-9md0j74,,ACTIVE,FREE,,,
mem_cmqcrwu4e0j5p0tsyc90i81b1,,pln_legacy-original-pattern-drafting-101-jkp50pyg,,ACTIVE,FREE,,,
mem_cmqcrwu4e0j5p0tsyc90i81b1,,pln_legacy-stitch-designer-101-qdc0jyz,,ACTIVE,FREE,,,
mem_cmqcrwu4e0j5q0tsydcty41r0,,pln_legacy-standard-garment-styling-o4p70pjf,,ACTIVE,FREE,,,
mem_cmqcrwu4e0j5q0tsydcty41r0,,pln_legacy-eleven-design-challenges-r3p60piq,,ACTIVE,FREE,,,
mem_cmqcrwu4e0j5q0tsydcty41r0,,pln_legacy-dak-9-what-s-new-aexa0or5,,ACTIVE,FREE,,,
mem_cmqcrwu4e0j5q0tsydcty41r0,,pln_legacy-start-to-finish-fairisle-sweater-7zh0j37,,ACTIVE,FREE,,,
mem_cmqcrwu4e0j5q0tsydcty41r0,,pln_legacy-designaknit-and-lace-ffg0j0k,,ACTIVE,FREE,,,
mem_cmqcrwu4e0j5q0tsydcty41r0,,pln_legacy-pattern-drafting-for-fit-9md0j74,,ACTIVE,FREE,,,
mem_cmqcrwu4e0j5q0tsydcty41r0,,pln_legacy-custom-raglan-hoodie-1upb0pq9,,ACTIVE,FREE,,,
mem_cmqcrwu4e0j5q0tsydcty41r0,,pln_legacy-stitch-designer-201-90e0jpb,,ACTIVE,FREE,,,
mem_cmqcrwu4e0j5q0tsydcty41r0,,pln_legacy-original-pattern-drafting-101-jkp50pyg,,ACTIVE,FREE,,,
mem_cmqcrwu4e0j5q0tsydcty41r0,,pln_legacy-stitch-designer-101-qdc0jyz,,ACTIVE,FREE,,,
mem_cmqcrwu4e0j5q0tsydcty41r0,,pln_legacy-graphics-studio-jhp90pnm,,ACTIVE,FREE,,,
mem_cmqcrwu4e0j5r0tsy09d11d54,,pln_legacy-standard-garment-styling-o4p70pjf,,ACTIVE,FREE,,,
mem_cmqcrwu4e0j5s0tsy776ybmo3,,pln_legacy-original-pattern-drafting-101-jkp50pyg,,ACTIVE,FREE,,,
mem_cmqcrwu4e0j5t0tsy351803gc,,pln_legacy-standard-garment-styling-o4p70pjf,,ACTIVE,FREE,,,
mem_cmqcrwu4e0j5t0tsy351803gc,,pln_legacy-start-to-finish-fairisle-sweater-7zh0j37,,ACTIVE,FREE,,,
mem_cmqcrwu4e0j5u0tsy48lm5fiw,,pln_legacy-designaknit-and-lace-ffg0j0k,,ACTIVE,FREE,,,
mem_cmqcrwu4e0j5v0tsyen77d1mv,,pln_legacy-designaknit-and-lace-ffg0j0k,,ACTIVE,FREE,,,
mem_cmqcrwu4e0j5v0tsyen77d1mv,,pln_legacy-stitch-designer-201-90e0jpb,,ACTIVE,FREE,,,
mem_cmqcrwu4e0j5v0tsyen77d1mv,,pln_legacy-stitch-designer-101-qdc0jyz,,ACTIVE,FREE,,,
mem_cmqcrwu4e0j5v0tsyen77d1mv,,pln_legacy-graphics-studio-jhp90pnm,,ACTIVE,FREE,,,
mem_cmqcrwu4e0j5w0tsy2rhe4gxy,,pln_legacy-designaknit-and-lace-ffg0j0k,,ACTIVE,FREE,,,
mem_cmqcrwu4e0j5w0tsy2rhe4gxy,,pln_legacy-pattern-drafting-for-fit-9md0j74,,ACTIVE,FREE,,,
mem_cmqcrwu4e0j5w0tsy2rhe4gxy,,pln_legacy-stitch-designer-201-90e0jpb,,ACTIVE,FREE,,,
mem_cmqcrwu4e0j5w0tsy2rhe4gxy,,pln_legacy-original-pattern-drafting-101-jkp50pyg,,ACTIVE,FREE,,,
mem_cmqcrwu4e0j5w0tsy2rhe4gxy,,pln_legacy-stitch-designer-101-qdc0jyz,,ACTIVE,FREE,,,
mem_cmqcrwu4e0j5w0tsy2rhe4gxy,,pln_legacy-graphics-studio-jhp90pnm,,ACTIVE,FREE,,,
mem_cmqcrwu4e0j5x0tsy2mfqdrw9,,pln_legacy-dak-9-what-s-new-aexa0or5,,ACTIVE,FREE,,,
mem_cmqcrwu4e0j5y0tsy0ew08pyt,,pln_legacy-standard-garment-styling-o4p70pjf,,ACTIVE,FREE,,,
mem_cmqcrwu4e0j5y0tsy0ew08pyt,,pln_legacy-dak-9-what-s-new-aexa0or5,,ACTIVE,FREE,,,
mem_cmqcrwu4e0j5y0tsy0ew08pyt,,pln_legacy-stitch-designer-201-90e0jpb,,ACTIVE,FREE,,,
mem_cmqcrwu4e0j5y0tsy0ew08pyt,,pln_legacy-stitch-designer-101-qdc0jyz,,ACTIVE,FREE,,,
mem_cmqcrwu4e0j5z0tsy8ofj756f,,pln_legacy-standard-garment-styling-o4p70pjf,,ACTIVE,FREE,,,
mem_cmqcrwu4e0j5z0tsy8ofj756f,,pln_legacy-eleven-design-challenges-r3p60piq,,ACTIVE,FREE,,,
mem_cmqcrwu4e0j5z0tsy8ofj756f,,pln_legacy-dak-9-what-s-new-aexa0or5,,ACTIVE,FREE,,,
mem_cmqcrwu4e0j5z0tsy8ofj756f,,pln_legacy-start-to-finish-fairisle-sweater-7zh0j37,,ACTIVE,FREE,,,
mem_cmqcrwu4e0j5z0tsy8ofj756f,,pln_legacy-designaknit-and-lace-ffg0j0k,,ACTIVE,FREE,,,
mem_cmqcrwu4e0j5z0tsy8ofj756f,,pln_legacy-pattern-drafting-for-fit-9md0j74,,ACTIVE,FREE,,,
mem_cmqcrwu4e0j5z0tsy8ofj756f,,pln_legacy-stitch-designer-201-90e0jpb,,ACTIVE,FREE,,,
mem_cmqcrwu4e0j5z0tsy8ofj756f,,pln_legacy-original-pattern-drafting-101-jkp50pyg,,ACTIVE,FREE,,,
mem_cmqcrwu4e0j5z0tsy8ofj756f,,pln_legacy-stitch-designer-101-qdc0jyz,,ACTIVE,FREE,,,
mem_cmqcrwu4e0j5z0tsy8ofj756f,,pln_legacy-graphics-studio-jhp90pnm,,ACTIVE,FREE,,,
mem_cmqcrwu4e0j600tsy17fj6n95,,pln_legacy-standard-garment-styling-o4p70pjf,,ACTIVE,FREE,,,
mem_cmqcrwu4e0j600tsy17fj6n95,,pln_legacy-eleven-design-challenges-r3p60piq,,ACTIVE,FREE,,,
mem_cmqcrwu4e0j600tsy17fj6n95,,pln_legacy-stitch-designer-201-90e0jpb,,ACTIVE,FREE,,,
mem_cmqcrwu4e0j600tsy17fj6n95,,pln_legacy-original-pattern-drafting-101-jkp50pyg,,ACTIVE,FREE,,,
mem_cmqcrwu4e0j600tsy17fj6n95,,pln_legacy-stitch-designer-101-qdc0jyz,,ACTIVE,FREE,,,
mem_cmqcrwu4e0j600tsy17fj6n95,,pln_legacy-graphics-studio-jhp90pnm,,ACTIVE,FREE,,,
mem_cmqcrwu4e0j610tsya3ws52df,,pln_legacy-stitch-designer-201-90e0jpb,,ACTIVE,FREE,,,
mem_cmqcrwu4e0j610tsya3ws52df,,pln_legacy-original-pattern-drafting-101-jkp50pyg,,ACTIVE,FREE,,,
mem_cmqcrwu4e0j610tsya3ws52df,,pln_legacy-stitch-designer-101-qdc0jyz,,ACTIVE,FREE,,,
mem_cmqcrwu4e0j620tsy09p78rt9,,pln_legacy-eleven-design-challenges-r3p60piq,,ACTIVE,FREE,,,
mem_cmqcrwu4e0j620tsy09p78rt9,,pln_legacy-pattern-drafting-for-fit-9md0j74,,ACTIVE,FREE,,,
mem_cmqcrwu4e0j620tsy09p78rt9,,pln_legacy-stitch-designer-201-90e0jpb,,ACTIVE,FREE,,,
mem_cmqcrwu4e0j620tsy09p78rt9,,pln_legacy-original-pattern-drafting-101-jkp50pyg,,ACTIVE,FREE,,,
mem_cmqcrwu4e0j630tsy1ko2fu5r,,pln_legacy-original-pattern-drafting-101-jkp50pyg,,ACTIVE,FREE,,,
mem_cmqcrwu4e0j640tsyhthi7lr9,,pln_legacy-standard-garment-styling-o4p70pjf,,ACTIVE,FREE,,,
mem_cmqcrwu4e0j640tsyhthi7lr9,,pln_legacy-eleven-design-challenges-r3p60piq,,ACTIVE,FREE,,,
mem_cmqcrwu4e0j640tsyhthi7lr9,,pln_legacy-designaknit-quick-start-zap80pd8,,ACTIVE,FREE,,,
mem_cmqcrwu4e0j640tsyhthi7lr9,,pln_legacy-dak-9-what-s-new-aexa0or5,,ACTIVE,FREE,,,
mem_cmqcrwu4e0j640tsyhthi7lr9,,pln_legacy-plus-size-sweaters-nyxg0o0g,,ACTIVE,FREE,,,
mem_cmqcrwu4e0j640tsyhthi7lr9,,pln_legacy-start-to-finish-fairisle-sweater-7zh0j37,,ACTIVE,FREE,,,
mem_cmqcrwu4e0j640tsyhthi7lr9,,pln_legacy-designaknit-and-lace-ffg0j0k,,ACTIVE,FREE,,,
mem_cmqcrwu4e0j640tsyhthi7lr9,,pln_legacy-pattern-drafting-for-fit-9md0j74,,ACTIVE,FREE,,,
mem_cmqcrwu4e0j640tsyhthi7lr9,,pln_legacy-custom-raglan-hoodie-1upb0pq9,,ACTIVE,FREE,,,
mem_cmqcrwu4e0j640tsyhthi7lr9,,pln_legacy-stitch-designer-201-90e0jpb,,ACTIVE,FREE,,,
mem_cmqcrwu4e0j640tsyhthi7lr9,,pln_legacy-original-pattern-drafting-101-jkp50pyg,,ACTIVE,FREE,,,
mem_cmqcrwu4e0j640tsyhthi7lr9,,pln_legacy-stitch-designer-101-qdc0jyz,,ACTIVE,FREE,,,
mem_cmqcrwu4e0j640tsyhthi7lr9,,pln_legacy-graphics-studio-jhp90pnm,,ACTIVE,FREE,,,
mem_cmqcrwu4e0j640tsyhthi7lr9,,pln_legacy-lk150-getting-the-most-from-designaknit-zxpa0pee,,ACTIVE,FREE,,,
mem_cmqcrwu4e0j650tsy3z2xbp8c,,pln_legacy-lk150-getting-the-most-from-designaknit-zxpa0pee,,ACTIVE,FREE,,,
mem_cmqcrwu4e0j660tsy1huedsvu,,pln_legacy-original-pattern-drafting-101-jkp50pyg,,ACTIVE,FREE,,,
mem_cmqcrwu4e0j670tsy13wp2l2u,,pln_legacy-designaknit-and-lace-ffg0j0k,,ACTIVE,FREE,,,
mem_cmqcrwu4e0j680tsyhom96qfx,,pln_legacy-custom-raglan-hoodie-1upb0pq9,,ACTIVE,FREE,,,
mem_cmqcrwul20j700tsybp6lgpsn,,pln_legacy-stitch-designer-201-90e0jpb,,ACTIVE,FREE,,,
mem_cmqcrwul20j700tsybp6lgpsn,,pln_legacy-stitch-designer-101-qdc0jyz,,ACTIVE,FREE,,,
mem_cmqcrwul20j700tsybp6lgpsn,,pln_legacy-graphics-studio-jhp90pnm,,ACTIVE,FREE,,,
mem_cmqcrwuok0j730tsy5llrbp9h,,pln_legacy-pattern-drafting-for-fit-9md0j74,,ACTIVE,FREE,,,
mem_cmqcrwuok0j730tsy5llrbp9h,,pln_legacy-stitch-designer-101-qdc0jyz,,ACTIVE,FREE,,,
mem_cmqcrwurp0j770tsy94zp4jj4,,pln_legacy-standard-garment-styling-o4p70pjf,,ACTIVE,FREE,,,
mem_cmqcrwurp0j770tsy94zp4jj4,,pln_legacy-start-to-finish-fairisle-sweater-7zh0j37,,ACTIVE,FREE,,,
mem_cmqcrwurp0j770tsy94zp4jj4,,pln_legacy-stitch-designer-101-qdc0jyz,,ACTIVE,FREE,,,
mem_cmqcrwuuw0j790tsy265abtxb,,pln_legacy-eleven-design-challenges-r3p60piq,,ACTIVE,FREE,,,
mem_cmqcrwuy40j7f0tsyei57a04t,,pln_legacy-standard-garment-styling-o4p70pjf,,ACTIVE,FREE,,,
mem_cmqcrwuy40j7f0tsyei57a04t,,pln_legacy-eleven-design-challenges-r3p60piq,,ACTIVE,FREE,,,
mem_cmqcrwuy40j7f0tsyei57a04t,,pln_legacy-dak-9-what-s-new-aexa0or5,,ACTIVE,FREE,,,
mem_cmqcrwuy40j7f0tsyei57a04t,,pln_legacy-pattern-drafting-for-fit-9md0j74,,ACTIVE,FREE,,,
mem_cmqcrwuy40j7f0tsyei57a04t,,pln_legacy-original-pattern-drafting-101-jkp50pyg,,ACTIVE,FREE,,,
mem_cmqcrwv190j7h0tsy5vpc7zn1,,pln_legacy-original-pattern-drafting-101-jkp50pyg,,ACTIVE,FREE,,,
mem_cmqcrwv4m0j7n0tsydf976ewx,,pln_legacy-eleven-design-challenges-r3p60piq,,ACTIVE,FREE,,,
mem_cmqcrwv4m0j7n0tsydf976ewx,,pln_legacy-start-to-finish-fairisle-sweater-7zh0j37,,ACTIVE,FREE,,,
mem_cmqcrwv4m0j7n0tsydf976ewx,,pln_legacy-pattern-drafting-for-fit-9md0j74,,ACTIVE,FREE,,,
mem_cmqcrwv4m0j7n0tsydf976ewx,,pln_legacy-stitch-designer-201-90e0jpb,,ACTIVE,FREE,,,
mem_cmqcrwv4m0j7n0tsydf976ewx,,pln_legacy-stitch-designer-101-qdc0jyz,,ACTIVE,FREE,,,
mem_cmqcrwv800j7p0tsyd7omeote,,pln_legacy-standard-garment-styling-o4p70pjf,,ACTIVE,FREE,,,
mem_cmqcrwvb90j7t0tsydmhzflmi,,pln_legacy-designaknit-and-lace-ffg0j0k,,ACTIVE,FREE,,,
mem_cmqcrwvb90j7t0tsydmhzflmi,,pln_legacy-stitch-designer-201-90e0jpb,,ACTIVE,FREE,,,
mem_cmqcrwvb90j7t0tsydmhzflmi,,pln_legacy-stitch-designer-101-qdc0jyz,,ACTIVE,FREE,,,
mem_cmqcrwvee0j7v0tsyg6r5ccg8,,pln_legacy-dak-9-what-s-new-aexa0or5,,ACTIVE,FREE,,,
mem_cmqcrwvht0j8a0tsy4dkrch96,,pln_legacy-standard-garment-styling-o4p70pjf,,ACTIVE,FREE,,,
mem_cmqcrwvht0j8a0tsy4dkrch96,,pln_legacy-eleven-design-challenges-r3p60piq,,ACTIVE,FREE,,,
mem_cmqcrwvht0j8a0tsy4dkrch96,,pln_legacy-designaknit-quick-start-zap80pd8,,ACTIVE,FREE,,,
mem_cmqcrwvht0j8a0tsy4dkrch96,,pln_legacy-dak-9-what-s-new-aexa0or5,,ACTIVE,FREE,,,
mem_cmqcrwvht0j8a0tsy4dkrch96,,pln_legacy-plus-size-sweaters-nyxg0o0g,,ACTIVE,FREE,,,
mem_cmqcrwvht0j8a0tsy4dkrch96,,pln_legacy-start-to-finish-fairisle-sweater-7zh0j37,,ACTIVE,FREE,,,
mem_cmqcrwvht0j8a0tsy4dkrch96,,pln_legacy-designaknit-and-lace-ffg0j0k,,ACTIVE,FREE,,,
mem_cmqcrwvht0j8a0tsy4dkrch96,,pln_legacy-pattern-drafting-for-fit-9md0j74,,ACTIVE,FREE,,,
mem_cmqcrwvht0j8a0tsy4dkrch96,,pln_legacy-custom-raglan-hoodie-1upb0pq9,,ACTIVE,FREE,,,
mem_cmqcrwvht0j8a0tsy4dkrch96,,pln_legacy-stitch-designer-201-90e0jpb,,ACTIVE,FREE,,,
mem_cmqcrwvht0j8a0tsy4dkrch96,,pln_legacy-original-pattern-drafting-101-jkp50pyg,,ACTIVE,FREE,,,
mem_cmqcrwvht0j8a0tsy4dkrch96,,pln_legacy-stitch-designer-101-qdc0jyz,,ACTIVE,FREE,,,
mem_cmqcrwvht0j8a0tsy4dkrch96,,pln_legacy-graphics-studio-jhp90pnm,,ACTIVE,FREE,,,
mem_cmqcrwvht0j8a0tsy4dkrch96,,pln_legacy-lk150-getting-the-most-from-designaknit-zxpa0pee,,ACTIVE,FREE,,,
mem_cmqcrwvlz0j8j0tsy2o107qaq,,pln_legacy-standard-garment-styling-o4p70pjf,,ACTIVE,FREE,,,
mem_cmqcrwvlz0j8j0tsy2o107qaq,,pln_legacy-dak-9-what-s-new-aexa0or5,,ACTIVE,FREE,,,
mem_cmqcrwvlz0j8j0tsy2o107qaq,,pln_legacy-start-to-finish-fairisle-sweater-7zh0j37,,ACTIVE,FREE,,,
mem_cmqcrwvlz0j8j0tsy2o107qaq,,pln_legacy-designaknit-and-lace-ffg0j0k,,ACTIVE,FREE,,,
mem_cmqcrwvlz0j8j0tsy2o107qaq,,pln_legacy-pattern-drafting-for-fit-9md0j74,,ACTIVE,FREE,,,
mem_cmqcrwvlz0j8j0tsy2o107qaq,,pln_legacy-custom-raglan-hoodie-1upb0pq9,,ACTIVE,FREE,,,
mem_cmqcrwvlz0j8j0tsy2o107qaq,,pln_legacy-stitch-designer-201-90e0jpb,,ACTIVE,FREE,,,
mem_cmqcrwvlz0j8j0tsy2o107qaq,,pln_legacy-stitch-designer-101-qdc0jyz,,ACTIVE,FREE,,,
mem_cmqcrwvpt0j8y0tsy6ynlg8f6,,pln_legacy-standard-garment-styling-o4p70pjf,,ACTIVE,FREE,,,
mem_cmqcrwvpt0j8y0tsy6ynlg8f6,,pln_legacy-eleven-design-challenges-r3p60piq,,ACTIVE,FREE,,,
mem_cmqcrwvpt0j8y0tsy6ynlg8f6,,pln_legacy-designaknit-quick-start-zap80pd8,,ACTIVE,FREE,,,
mem_cmqcrwvpt0j8y0tsy6ynlg8f6,,pln_legacy-dak-9-what-s-new-aexa0or5,,ACTIVE,FREE,,,
mem_cmqcrwvpt0j8y0tsy6ynlg8f6,,pln_legacy-plus-size-sweaters-nyxg0o0g,,ACTIVE,FREE,,,
mem_cmqcrwvpt0j8y0tsy6ynlg8f6,,pln_legacy-start-to-finish-fairisle-sweater-7zh0j37,,ACTIVE,FREE,,,
mem_cmqcrwvpt0j8y0tsy6ynlg8f6,,pln_legacy-designaknit-and-lace-ffg0j0k,,ACTIVE,FREE,,,
mem_cmqcrwvpt0j8y0tsy6ynlg8f6,,pln_legacy-pattern-drafting-for-fit-9md0j74,,ACTIVE,FREE,,,
mem_cmqcrwvpt0j8y0tsy6ynlg8f6,,pln_legacy-custom-raglan-hoodie-1upb0pq9,,ACTIVE,FREE,,,
mem_cmqcrwvpt0j8y0tsy6ynlg8f6,,pln_legacy-stitch-designer-201-90e0jpb,,ACTIVE,FREE,,,
mem_cmqcrwvpt0j8y0tsy6ynlg8f6,,pln_legacy-original-pattern-drafting-101-jkp50pyg,,ACTIVE,FREE,,,
mem_cmqcrwvpt0j8y0tsy6ynlg8f6,,pln_legacy-stitch-designer-101-qdc0jyz,,ACTIVE,FREE,,,
mem_cmqcrwvpt0j8y0tsy6ynlg8f6,,pln_legacy-graphics-studio-jhp90pnm,,ACTIVE,FREE,,,
mem_cmqcrwvpt0j8y0tsy6ynlg8f6,,pln_legacy-lk150-getting-the-most-from-designaknit-zxpa0pee,,ACTIVE,FREE,,,
mem_cmqcrwvte0j920tsyee5hdyur,,pln_legacy-standard-garment-styling-o4p70pjf,,ACTIVE,FREE,,,
mem_cmqcrwvte0j920tsyee5hdyur,,pln_legacy-stitch-designer-101-qdc0jyz,,ACTIVE,FREE,,,
mem_cmqcrwvte0j920tsyee5hdyur,,pln_legacy-graphics-studio-jhp90pnm,,ACTIVE,FREE,,,
mem_cmqcrwvws0j960tsy2hu7e6yu,,pln_legacy-stitch-designer-201-90e0jpb,,ACTIVE,FREE,,,
mem_cmqcrwvws0j960tsy2hu7e6yu,,pln_legacy-stitch-designer-101-qdc0jyz,,ACTIVE,FREE,,,
mem_cmqcrwvws0j960tsy2hu7e6yu,,pln_legacy-graphics-studio-jhp90pnm,,ACTIVE,FREE,,,
mem_cmqcrww060j980tsyg3e40o1c,,pln_legacy-standard-garment-styling-o4p70pjf,,ACTIVE,FREE,,,
mem_cmqcrww3b0j9a0tsybo8n1kqx,,pln_legacy-start-to-finish-fairisle-sweater-7zh0j37,,ACTIVE,FREE,,,
mem_cmqcrww6j0j9d0tsy163t1zlv,,pln_legacy-eleven-design-challenges-r3p60piq,,ACTIVE,FREE,,,
mem_cmqcrww6j0j9d0tsy163t1zlv,,pln_legacy-stitch-designer-101-qdc0jyz,,ACTIVE,FREE,,,
mem_cmqcrww9n0j9k0tsyhiyfcfln,,pln_legacy-standard-garment-styling-o4p70pjf,,ACTIVE,FREE,,,
mem_cmqcrww9n0j9k0tsyhiyfcfln,,pln_legacy-start-to-finish-fairisle-sweater-7zh0j37,,ACTIVE,FREE,,,
mem_cmqcrww9n0j9k0tsyhiyfcfln,,pln_legacy-designaknit-and-lace-ffg0j0k,,ACTIVE,FREE,,,
mem_cmqcrww9n0j9k0tsyhiyfcfln,,pln_legacy-stitch-designer-201-90e0jpb,,ACTIVE,FREE,,,
mem_cmqcrww9n0j9k0tsyhiyfcfln,,pln_legacy-original-pattern-drafting-101-jkp50pyg,,ACTIVE,FREE,,,
mem_cmqcrww9n0j9k0tsyhiyfcfln,,pln_legacy-stitch-designer-101-qdc0jyz,,ACTIVE,FREE,,,
mem_cmqcrwwcx0j9m0tsy82g6a2h1,,pln_legacy-standard-garment-styling-o4p70pjf,,ACTIVE,FREE,,,
mem_cmqcrwwgb0j9r0tsy2vjr8m7p,,pln_legacy-eleven-design-challenges-r3p60piq,,ACTIVE,FREE,,,
mem_cmqcrwwgb0j9r0tsy2vjr8m7p,,pln_legacy-stitch-designer-201-90e0jpb,,ACTIVE,FREE,,,
mem_cmqcrwwgb0j9r0tsy2vjr8m7p,,pln_legacy-stitch-designer-101-qdc0jyz,,ACTIVE,FREE,,,
mem_cmqcrwwgb0j9r0tsy2vjr8m7p,,pln_legacy-graphics-studio-jhp90pnm,,ACTIVE,FREE,,,
mem_cmqcrwwjf0j9u0tsyf35f7iuk,,pln_legacy-stitch-designer-101-qdc0jyz,,ACTIVE,FREE,,,
mem_cmqcrwwjf0j9u0tsyf35f7iuk,,pln_legacy-graphics-studio-jhp90pnm,,ACTIVE,FREE,,,
mem_cmqcrwwmr0j9w0tsyhml0a4my,,pln_legacy-lk150-getting-the-most-from-designaknit-zxpa0pee,,ACTIVE,FREE,,,
mem_cmqcrwwq30ja90tsy7ip80ixl,,pln_legacy-standard-garment-styling-o4p70pjf,,ACTIVE,FREE,,,
mem_cmqcrwwq30ja90tsy7ip80ixl,,pln_legacy-eleven-design-challenges-r3p60piq,,ACTIVE,FREE,,,
mem_cmqcrwwq30ja90tsy7ip80ixl,,pln_legacy-dak-9-what-s-new-aexa0or5,,ACTIVE,FREE,,,
mem_cmqcrwwq30ja90tsy7ip80ixl,,pln_legacy-start-to-finish-fairisle-sweater-7zh0j37,,ACTIVE,FREE,,,
mem_cmqcrwwq30ja90tsy7ip80ixl,,pln_legacy-designaknit-and-lace-ffg0j0k,,ACTIVE,FREE,,,
mem_cmqcrwwq30ja90tsy7ip80ixl,,pln_legacy-pattern-drafting-for-fit-9md0j74,,ACTIVE,FREE,,,
mem_cmqcrwwq30ja90tsy7ip80ixl,,pln_legacy-custom-raglan-hoodie-1upb0pq9,,ACTIVE,FREE,,,
mem_cmqcrwwq30ja90tsy7ip80ixl,,pln_legacy-stitch-designer-201-90e0jpb,,ACTIVE,FREE,,,
mem_cmqcrwwq30ja90tsy7ip80ixl,,pln_legacy-original-pattern-drafting-101-jkp50pyg,,ACTIVE,FREE,,,
mem_cmqcrwwq30ja90tsy7ip80ixl,,pln_legacy-stitch-designer-101-qdc0jyz,,ACTIVE,FREE,,,
mem_cmqcrwwq30ja90tsy7ip80ixl,,pln_legacy-graphics-studio-jhp90pnm,,ACTIVE,FREE,,,
mem_cmqcrwwq30ja90tsy7ip80ixl,,pln_legacy-lk150-getting-the-most-from-designaknit-zxpa0pee,,ACTIVE,FREE,,,
mem_cmqcrwwy30jar0tsyhc34332t,,pln_legacy-standard-garment-styling-o4p70pjf,,ACTIVE,FREE,,,
mem_cmqcrwwy30jar0tsyhc34332t,,pln_legacy-eleven-design-challenges-r3p60piq,,ACTIVE,FREE,,,
mem_cmqcrwwy30jar0tsyhc34332t,,pln_legacy-stitch-designer-201-90e0jpb,,ACTIVE,FREE,,,
mem_cmqcrwwy30jar0tsyhc34332t,,pln_legacy-original-pattern-drafting-101-jkp50pyg,,ACTIVE,FREE,,,
mem_cmqcrwwy30jar0tsyhc34332t,,pln_legacy-stitch-designer-101-qdc0jyz,,ACTIVE,FREE,,,
mem_cmqcrwwy30jar0tsyhc34332t,,pln_legacy-graphics-studio-jhp90pnm,,ACTIVE,FREE,,,
mem_cmqcrwx3o0jbb0tsybrxj2t65,,pln_legacy-standard-garment-styling-o4p70pjf,,ACTIVE,FREE,,,
mem_cmqcrwx3o0jbb0tsybrxj2t65,,pln_legacy-eleven-design-challenges-r3p60piq,,ACTIVE,FREE,,,
mem_cmqcrwx3o0jbb0tsybrxj2t65,,pln_legacy-designaknit-and-lace-ffg0j0k,,ACTIVE,FREE,,,
mem_cmqcrwx3o0jbb0tsybrxj2t65,,pln_legacy-pattern-drafting-for-fit-9md0j74,,ACTIVE,FREE,,,
mem_cmqcrwx3o0jbb0tsybrxj2t65,,pln_legacy-stitch-designer-201-90e0jpb,,ACTIVE,FREE,,,
mem_cmqcrwx3o0jbb0tsybrxj2t65,,pln_legacy-original-pattern-drafting-101-jkp50pyg,,ACTIVE,FREE,,,
mem_cmqcrwxdm0jbd0tsyd2st22zm,,pln_legacy-stitch-designer-101-qdc0jyz,,ACTIVE,FREE,,,
mem_cmqcrwxpt0jbf0tsy3se5aedx,,pln_legacy-designaknit-and-lace-ffg0j0k,,ACTIVE,FREE,,,
mem_cmqcrwxxz0jbh0tsy31851aub,,pln_legacy-eleven-design-challenges-r3p60piq,,ACTIVE,FREE,,,
mem_cmqcrwy150jbj0tsyarni8285,,pln_legacy-designaknit-and-lace-ffg0j0k,,ACTIVE,FREE,,,
mem_cmqcrwy4f0jbm0tsydrvhfzql,,pln_legacy-pattern-drafting-for-fit-9md0j74,,ACTIVE,FREE,,,
mem_cmqcrwy4f0jbm0tsydrvhfzql,,pln_legacy-original-pattern-drafting-101-jkp50pyg,,ACTIVE,FREE,,,
mem_cmqcrwy7o0jbp0tsy2f0s0mrc,,pln_legacy-pattern-drafting-for-fit-9md0j74,,ACTIVE,FREE,,,
mem_cmqcrwy7o0jbp0tsy2f0s0mrc,,pln_legacy-custom-raglan-hoodie-1upb0pq9,,ACTIVE,FREE,,,
mem_cmqcrwyaz0jbr0tsy3gabe8qj,,pln_legacy-stitch-designer-101-qdc0jyz,,ACTIVE,FREE,,,
mem_cmqcrwye60jbt0tsyafuged9b,,pln_legacy-designaknit-and-lace-ffg0j0k,,ACTIVE,FREE,,,
mem_cmqcrwyie0jbw0tsyambp0uas,,pln_legacy-original-pattern-drafting-101-jkp50pyg,,ACTIVE,FREE,,,
mem_cmqcrwylp0jby0tsy17nygld4,,pln_legacy-original-pattern-drafting-101-jkp50pyg,,ACTIVE,FREE,,,
mem_cmqcrwyot0jc30tsy2vhichbb,,pln_legacy-standard-garment-styling-o4p70pjf,,ACTIVE,FREE,,,
mem_cmqcrwyot0jc30tsy2vhichbb,,pln_legacy-original-pattern-drafting-101-jkp50pyg,,ACTIVE,FREE,,,
mem_cmqcrwyot0jc30tsy2vhichbb,,pln_legacy-stitch-designer-101-qdc0jyz,,ACTIVE,FREE,,,
mem_cmqcrwyot0jc30tsy2vhichbb,,pln_legacy-graphics-studio-jhp90pnm,,ACTIVE,FREE,,,
mem_cmqcrwysk0jc70tsy5xfvaoo7,,pln_legacy-standard-garment-styling-o4p70pjf,,ACTIVE,FREE,,,
mem_cmqcrwysk0jc70tsy5xfvaoo7,,pln_legacy-original-pattern-drafting-101-jkp50pyg,,ACTIVE,FREE,,,
mem_cmqcrwysk0jc70tsy5xfvaoo7,,pln_legacy-stitch-designer-101-qdc0jyz,,ACTIVE,FREE,,,
mem_cmqcrwyvp0jca0tsyhd3sc4fd,,pln_legacy-standard-garment-styling-o4p70pjf,,ACTIVE,FREE,,,
mem_cmqcrwyvp0jca0tsyhd3sc4fd,,pln_legacy-eleven-design-challenges-r3p60piq,,ACTIVE,FREE,,,
mem_cmqcrwyyw0jce0tsyfi0ihdeb,,pln_legacy-stitch-designer-201-90e0jpb,,ACTIVE,FREE,,,
mem_cmqcrwyyw0jce0tsyfi0ihdeb,,pln_legacy-stitch-designer-101-qdc0jyz,,ACTIVE,FREE,,,
mem_cmqcrwyyw0jce0tsyfi0ihdeb,,pln_legacy-graphics-studio-jhp90pnm,,ACTIVE,FREE,,,
mem_cmqcrwz290jcg0tsy77i7bded,,pln_legacy-designaknit-and-lace-ffg0j0k,,ACTIVE,FREE,,,
mem_cmqcrwz5k0jcv0tsy4h9j3xyf,,pln_legacy-standard-garment-styling-o4p70pjf,,ACTIVE,FREE,,,
mem_cmqcrwz5k0jcv0tsy4h9j3xyf,,pln_legacy-eleven-design-challenges-r3p60piq,,ACTIVE,FREE,,,
mem_cmqcrwz5k0jcv0tsy4h9j3xyf,,pln_legacy-designaknit-quick-start-zap80pd8,,ACTIVE,FREE,,,
mem_cmqcrwz5k0jcv0tsy4h9j3xyf,,pln_legacy-dak-9-what-s-new-aexa0or5,,ACTIVE,FREE,,,
mem_cmqcrwz5k0jcv0tsy4h9j3xyf,,pln_legacy-plus-size-sweaters-nyxg0o0g,,ACTIVE,FREE,,,
mem_cmqcrwz5k0jcv0tsy4h9j3xyf,,pln_legacy-start-to-finish-fairisle-sweater-7zh0j37,,ACTIVE,FREE,,,
mem_cmqcrwz5k0jcv0tsy4h9j3xyf,,pln_legacy-designaknit-and-lace-ffg0j0k,,ACTIVE,FREE,,,
mem_cmqcrwz5k0jcv0tsy4h9j3xyf,,pln_legacy-pattern-drafting-for-fit-9md0j74,,ACTIVE,FREE,,,
mem_cmqcrwz5k0jcv0tsy4h9j3xyf,,pln_legacy-custom-raglan-hoodie-1upb0pq9,,ACTIVE,FREE,,,
mem_cmqcrwz5k0jcv0tsy4h9j3xyf,,pln_legacy-stitch-designer-201-90e0jpb,,ACTIVE,FREE,,,
mem_cmqcrwz5k0jcv0tsy4h9j3xyf,,pln_legacy-original-pattern-drafting-101-jkp50pyg,,ACTIVE,FREE,,,
mem_cmqcrwz5k0jcv0tsy4h9j3xyf,,pln_legacy-stitch-designer-101-qdc0jyz,,ACTIVE,FREE,,,
mem_cmqcrwz5k0jcv0tsy4h9j3xyf,,pln_legacy-graphics-studio-jhp90pnm,,ACTIVE,FREE,,,
mem_cmqcrwz5k0jcv0tsy4h9j3xyf,,pln_legacy-lk150-getting-the-most-from-designaknit-zxpa0pee,,ACTIVE,FREE,,,
mem_cmqcrwz8p0jd00tsyamnd8kyq,,pln_legacy-standard-garment-styling-o4p70pjf,,ACTIVE,FREE,,,
mem_cmqcrwz8p0jd00tsyamnd8kyq,,pln_legacy-eleven-design-challenges-r3p60piq,,ACTIVE,FREE,,,
mem_cmqcrwz8p0jd00tsyamnd8kyq,,pln_legacy-stitch-designer-201-90e0jpb,,ACTIVE,FREE,,,
mem_cmqcrwz8p0jd00tsyamnd8kyq,,pln_legacy-original-pattern-drafting-101-jkp50pyg,,ACTIVE,FREE,,,
mem_cmqcrwzc60jd30tsya00i3ad5,,pln_legacy-original-pattern-drafting-101-jkp50pyg,,ACTIVE,FREE,,,
mem_cmqcrwzc60jd30tsya00i3ad5,,pln_legacy-graphics-studio-jhp90pnm,,ACTIVE,FREE,,,
mem_cmqcrwzfn0jd80tsyexpt8ekx,,pln_legacy-pattern-drafting-for-fit-9md0j74,,ACTIVE,FREE,,,
mem_cmqcrwzfn0jd80tsyexpt8ekx,,pln_legacy-original-pattern-drafting-101-jkp50pyg,,ACTIVE,FREE,,,
mem_cmqcrwzfn0jd80tsyexpt8ekx,,pln_legacy-stitch-designer-101-qdc0jyz,,ACTIVE,FREE,,,
mem_cmqcrwzfn0jd80tsyexpt8ekx,,pln_legacy-graphics-studio-jhp90pnm,,ACTIVE,FREE,,,
mem_cmqcrwzj70jda0tsy8ele0t1b,,pln_legacy-eleven-design-challenges-r3p60piq,,ACTIVE,FREE,,,
mem_cmqcrwzpl0jdh0tsy9igw73b5,,pln_legacy-stitch-designer-101-qdc0jyz,,ACTIVE,FREE,,,
mem_cmqcrwzuj0jdp0tsy6hc1grvz,,pln_legacy-eleven-design-challenges-r3p60piq,,ACTIVE,FREE,,,
mem_cmqcrwzuj0jdp0tsy6hc1grvz,,pln_legacy-stitch-designer-201-90e0jpb,,ACTIVE,FREE,,,
mem_cmqcrwzuj0jdp0tsy6hc1grvz,,pln_legacy-original-pattern-drafting-101-jkp50pyg,,ACTIVE,FREE,,,
mem_cmqcrwzuj0jdp0tsy6hc1grvz,,pln_legacy-stitch-designer-101-qdc0jyz,,ACTIVE,FREE,,,
mem_cmqcrwzuj0jdp0tsy6hc1grvz,,pln_legacy-graphics-studio-jhp90pnm,,ACTIVE,FREE,,,
mem_cmqcrwzzq0jdu0tsy2gxx6nkz,,pln_legacy-start-to-finish-fairisle-sweater-7zh0j37,,ACTIVE,FREE,,,
mem_cmqcrwzzq0jdu0tsy2gxx6nkz,,pln_legacy-original-pattern-drafting-101-jkp50pyg,,ACTIVE,FREE,,,
mem_cmqcrx0340jdz0tsy7efy0dqk,,pln_legacy-stitch-designer-201-90e0jpb,,ACTIVE,FREE,,,
mem_cmqcrx0340jdz0tsy7efy0dqk,,pln_legacy-stitch-designer-101-qdc0jyz,,ACTIVE,FREE,,,
mem_cmqcrx0340jdz0tsy7efy0dqk,,pln_legacy-graphics-studio-jhp90pnm,,ACTIVE,FREE,,,
mem_cmqcrx08d0jeg0tsy807yad1s,,pln_legacy-standard-garment-styling-o4p70pjf,,ACTIVE,FREE,,,
mem_cmqcrx08d0jeg0tsy807yad1s,,pln_legacy-pattern-drafting-for-fit-9md0j74,,ACTIVE,FREE,,,
mem_cmqcrx08d0jeg0tsy807yad1s,,pln_legacy-stitch-designer-201-90e0jpb,,ACTIVE,FREE,,,
mem_cmqcrx08d0jeg0tsy807yad1s,,pln_legacy-original-pattern-drafting-101-jkp50pyg,,ACTIVE,FREE,,,
mem_cmqcrx08d0jeg0tsy807yad1s,,pln_legacy-stitch-designer-101-qdc0jyz,,ACTIVE,FREE,,,
mem_cmqcrx0e00jei0tsy70pcbz11,,pln_legacy-graphics-studio-jhp90pnm,,ACTIVE,FREE,,,
mem_cmqcrx0ha0jek0tsygpl57ux2,,pln_legacy-stitch-designer-101-qdc0jyz,,ACTIVE,FREE,,,
mem_cmqcrx0kh0jep0tsyafvm730q,,pln_legacy-eleven-design-challenges-r3p60piq,,ACTIVE,FREE,,,
mem_cmqcrx0kh0jep0tsyafvm730q,,pln_legacy-dak-9-what-s-new-aexa0or5,,ACTIVE,FREE,,,
mem_cmqcrx0kh0jep0tsyafvm730q,,pln_legacy-designaknit-and-lace-ffg0j0k,,ACTIVE,FREE,,,
mem_cmqcrx0kh0jep0tsyafvm730q,,pln_legacy-stitch-designer-201-90e0jpb,,ACTIVE,FREE,,,
mem_cmqcrx0pa0jer0tsy1kbj5ton,,pln_legacy-stitch-designer-101-qdc0jyz,,ACTIVE,FREE,,,
mem_cmqcrx0ux0jf70tsy5dnoaahm,,pln_legacy-standard-garment-styling-o4p70pjf,,ACTIVE,FREE,,,
mem_cmqcrx0ux0jf70tsy5dnoaahm,,pln_legacy-eleven-design-challenges-r3p60piq,,ACTIVE,FREE,,,
mem_cmqcrx0ux0jf70tsy5dnoaahm,,pln_legacy-designaknit-quick-start-zap80pd8,,ACTIVE,FREE,,,
mem_cmqcrx0ux0jf70tsy5dnoaahm,,pln_legacy-dak-9-what-s-new-aexa0or5,,ACTIVE,FREE,,,
mem_cmqcrx0ux0jf70tsy5dnoaahm,,pln_legacy-plus-size-sweaters-nyxg0o0g,,ACTIVE,FREE,,,
mem_cmqcrx0ux0jf70tsy5dnoaahm,,pln_legacy-start-to-finish-fairisle-sweater-7zh0j37,,ACTIVE,FREE,,,
mem_cmqcrx0ux0jf70tsy5dnoaahm,,pln_legacy-designaknit-and-lace-ffg0j0k,,ACTIVE,FREE,,,
mem_cmqcrx0ux0jf70tsy5dnoaahm,,pln_legacy-pattern-drafting-for-fit-9md0j74,,ACTIVE,FREE,,,
mem_cmqcrx0ux0jf70tsy5dnoaahm,,pln_legacy-custom-raglan-hoodie-1upb0pq9,,ACTIVE,FREE,,,
mem_cmqcrx0ux0jf70tsy5dnoaahm,,pln_legacy-stitch-designer-201-90e0jpb,,ACTIVE,FREE,,,
mem_cmqcrx0ux0jf70tsy5dnoaahm,,pln_legacy-original-pattern-drafting-101-jkp50pyg,,ACTIVE,FREE,,,
mem_cmqcrx0ux0jf70tsy5dnoaahm,,pln_legacy-stitch-designer-101-qdc0jyz,,ACTIVE,FREE,,,
mem_cmqcrx0ux0jf70tsy5dnoaahm,,pln_legacy-graphics-studio-jhp90pnm,,ACTIVE,FREE,,,
mem_cmqcrx0ux0jf70tsy5dnoaahm,,pln_legacy-lk150-getting-the-most-from-designaknit-zxpa0pee,,ACTIVE,FREE,,,
mem_cmqcrx0yc0jfe0tsy8nq84f4j,,pln_legacy-eleven-design-challenges-r3p60piq,,ACTIVE,FREE,,,
mem_cmqcrx0yc0jfe0tsy8nq84f4j,,pln_legacy-start-to-finish-fairisle-sweater-7zh0j37,,ACTIVE,FREE,,,
mem_cmqcrx0yc0jfe0tsy8nq84f4j,,pln_legacy-designaknit-and-lace-ffg0j0k,,ACTIVE,FREE,,,
mem_cmqcrx0yc0jfe0tsy8nq84f4j,,pln_legacy-pattern-drafting-for-fit-9md0j74,,ACTIVE,FREE,,,
mem_cmqcrx0yc0jfe0tsy8nq84f4j,,pln_legacy-stitch-designer-201-90e0jpb,,ACTIVE,FREE,,,
mem_cmqcrx0yc0jfe0tsy8nq84f4j,,pln_legacy-graphics-studio-jhp90pnm,,ACTIVE,FREE,,,
mem_cmqcrx1200jfk0tsy2xly02z2,,pln_legacy-standard-garment-styling-o4p70pjf,,ACTIVE,FREE,,,
mem_cmqcrx1200jfk0tsy2xly02z2,,pln_legacy-start-to-finish-fairisle-sweater-7zh0j37,,ACTIVE,FREE,,,
mem_cmqcrx1200jfk0tsy2xly02z2,,pln_legacy-original-pattern-drafting-101-jkp50pyg,,ACTIVE,FREE,,,
mem_cmqcrx1200jfk0tsy2xly02z2,,pln_legacy-stitch-designer-101-qdc0jyz,,ACTIVE,FREE,,,
mem_cmqcrx1560jfs0tsy3wib0s6k,,pln_legacy-standard-garment-styling-o4p70pjf,,ACTIVE,FREE,,,
mem_cmqcrx1560jfs0tsy3wib0s6k,,pln_legacy-eleven-design-challenges-r3p60piq,,ACTIVE,FREE,,,
mem_cmqcrx1560jfs0tsy3wib0s6k,,pln_legacy-pattern-drafting-for-fit-9md0j74,,ACTIVE,FREE,,,
mem_cmqcrx1560jfs0tsy3wib0s6k,,pln_legacy-stitch-designer-201-90e0jpb,,ACTIVE,FREE,,,
mem_cmqcrx1560jfs0tsy3wib0s6k,,pln_legacy-original-pattern-drafting-101-jkp50pyg,,ACTIVE,FREE,,,
mem_cmqcrx1560jfs0tsy3wib0s6k,,pln_legacy-stitch-designer-101-qdc0jyz,,ACTIVE,FREE,,,
mem_cmqcrx1560jfs0tsy3wib0s6k,,pln_legacy-graphics-studio-jhp90pnm,,ACTIVE,FREE,,,
mem_cmqcrx1an0jfv0tsycci69d3h,,pln_legacy-lk150-getting-the-most-from-designaknit-zxpa0pee,,ACTIVE,FREE,,,
mem_cmqcrx1e80jgb0tsy48nz4j1y,,pln_legacy-standard-garment-styling-o4p70pjf,,ACTIVE,FREE,,,
mem_cmqcrx1e80jgb0tsy48nz4j1y,,pln_legacy-eleven-design-challenges-r3p60piq,,ACTIVE,FREE,,,
mem_cmqcrx1e80jgb0tsy48nz4j1y,,pln_legacy-designaknit-quick-start-zap80pd8,,ACTIVE,FREE,,,
mem_cmqcrx1e80jgb0tsy48nz4j1y,,pln_legacy-dak-9-what-s-new-aexa0or5,,ACTIVE,FREE,,,
mem_cmqcrx1e80jgb0tsy48nz4j1y,,pln_legacy-plus-size-sweaters-nyxg0o0g,,ACTIVE,FREE,,,
mem_cmqcrx1e80jgb0tsy48nz4j1y,,pln_legacy-start-to-finish-fairisle-sweater-7zh0j37,,ACTIVE,FREE,,,
mem_cmqcrx1e80jgb0tsy48nz4j1y,,pln_legacy-designaknit-and-lace-ffg0j0k,,ACTIVE,FREE,,,
mem_cmqcrx1e80jgb0tsy48nz4j1y,,pln_legacy-pattern-drafting-for-fit-9md0j74,,ACTIVE,FREE,,,
mem_cmqcrx1e80jgb0tsy48nz4j1y,,pln_legacy-custom-raglan-hoodie-1upb0pq9,,ACTIVE,FREE,,,
mem_cmqcrx1e80jgb0tsy48nz4j1y,,pln_legacy-stitch-designer-201-90e0jpb,,ACTIVE,FREE,,,
mem_cmqcrx1e80jgb0tsy48nz4j1y,,pln_legacy-original-pattern-drafting-101-jkp50pyg,,ACTIVE,FREE,,,
mem_cmqcrx1e80jgb0tsy48nz4j1y,,pln_legacy-stitch-designer-101-qdc0jyz,,ACTIVE,FREE,,,
mem_cmqcrx1e80jgb0tsy48nz4j1y,,pln_legacy-graphics-studio-jhp90pnm,,ACTIVE,FREE,,,
mem_cmqcrx1e80jgb0tsy48nz4j1y,,pln_legacy-lk150-getting-the-most-from-designaknit-zxpa0pee,,ACTIVE,FREE,,,
mem_cmqcrx1ia0jgq0tsy52rdg9e3,,pln_legacy-standard-garment-styling-o4p70pjf,,ACTIVE,FREE,,,
mem_cmqcrx1ia0jgq0tsy52rdg9e3,,pln_legacy-eleven-design-challenges-r3p60piq,,ACTIVE,FREE,,,
mem_cmqcrx1ia0jgq0tsy52rdg9e3,,pln_legacy-designaknit-quick-start-zap80pd8,,ACTIVE,FREE,,,
mem_cmqcrx1ia0jgq0tsy52rdg9e3,,pln_legacy-dak-9-what-s-new-aexa0or5,,ACTIVE,FREE,,,
mem_cmqcrx1ia0jgq0tsy52rdg9e3,,pln_legacy-plus-size-sweaters-nyxg0o0g,,ACTIVE,FREE,,,
mem_cmqcrx1ia0jgq0tsy52rdg9e3,,pln_legacy-start-to-finish-fairisle-sweater-7zh0j37,,ACTIVE,FREE,,,
mem_cmqcrx1ia0jgq0tsy52rdg9e3,,pln_legacy-designaknit-and-lace-ffg0j0k,,ACTIVE,FREE,,,
mem_cmqcrx1ia0jgq0tsy52rdg9e3,,pln_legacy-pattern-drafting-for-fit-9md0j74,,ACTIVE,FREE,,,
mem_cmqcrx1ia0jgq0tsy52rdg9e3,,pln_legacy-custom-raglan-hoodie-1upb0pq9,,ACTIVE,FREE,,,
mem_cmqcrx1ia0jgq0tsy52rdg9e3,,pln_legacy-stitch-designer-201-90e0jpb,,ACTIVE,FREE,,,
mem_cmqcrx1ia0jgq0tsy52rdg9e3,,pln_legacy-original-pattern-drafting-101-jkp50pyg,,ACTIVE,FREE,,,
mem_cmqcrx1ia0jgq0tsy52rdg9e3,,pln_legacy-stitch-designer-101-qdc0jyz,,ACTIVE,FREE,,,
mem_cmqcrx1ia0jgq0tsy52rdg9e3,,pln_legacy-graphics-studio-jhp90pnm,,ACTIVE,FREE,,,
mem_cmqcrx1ia0jgq0tsy52rdg9e3,,pln_legacy-lk150-getting-the-most-from-designaknit-zxpa0pee,,ACTIVE,FREE,,,
mem_cmqcrx1lk0jgv0tsy9jco0w1z,,pln_legacy-standard-garment-styling-o4p70pjf,,ACTIVE,FREE,,,
mem_cmqcrx1lk0jgv0tsy9jco0w1z,,pln_legacy-eleven-design-challenges-r3p60piq,,ACTIVE,FREE,,,
mem_cmqcrx1lk0jgv0tsy9jco0w1z,,pln_legacy-dak-9-what-s-new-aexa0or5,,ACTIVE,FREE,,,
mem_cmqcrx1lk0jgv0tsy9jco0w1z,,pln_legacy-start-to-finish-fairisle-sweater-7zh0j37,,ACTIVE,FREE,,,
mem_cmqcrx1ow0jh30tsyhnvugm2h,,pln_legacy-standard-garment-styling-o4p70pjf,,ACTIVE,FREE,,,
mem_cmqcrx1ow0jh30tsyhnvugm2h,,pln_legacy-designaknit-and-lace-ffg0j0k,,ACTIVE,FREE,,,
mem_cmqcrx1ow0jh30tsyhnvugm2h,,pln_legacy-pattern-drafting-for-fit-9md0j74,,ACTIVE,FREE,,,
mem_cmqcrx1ow0jh30tsyhnvugm2h,,pln_legacy-stitch-designer-201-90e0jpb,,ACTIVE,FREE,,,
mem_cmqcrx1ow0jh30tsyhnvugm2h,,pln_legacy-original-pattern-drafting-101-jkp50pyg,,ACTIVE,FREE,,,
mem_cmqcrx1ow0jh30tsyhnvugm2h,,pln_legacy-stitch-designer-101-qdc0jyz,,ACTIVE,FREE,,,
mem_cmqcrx1ow0jh30tsyhnvugm2h,,pln_legacy-graphics-studio-jhp90pnm,,ACTIVE,FREE,,,
mem_cmqcrx1s10jh50tsy7e1t5oa7,,pln_legacy-graphics-studio-jhp90pnm,,ACTIVE,FREE,,,
mem_cmqcrx1x00jhf0tsy0vnnhqcx,,pln_legacy-standard-garment-styling-o4p70pjf,,ACTIVE,FREE,,,
mem_cmqcrx1x00jhf0tsy0vnnhqcx,,pln_legacy-eleven-design-challenges-r3p60piq,,ACTIVE,FREE,,,
mem_cmqcrx1x00jhf0tsy0vnnhqcx,,pln_legacy-start-to-finish-fairisle-sweater-7zh0j37,,ACTIVE,FREE,,,
mem_cmqcrx1x00jhf0tsy0vnnhqcx,,pln_legacy-designaknit-and-lace-ffg0j0k,,ACTIVE,FREE,,,
mem_cmqcrx1x00jhf0tsy0vnnhqcx,,pln_legacy-pattern-drafting-for-fit-9md0j74,,ACTIVE,FREE,,,
mem_cmqcrx1x00jhf0tsy0vnnhqcx,,pln_legacy-stitch-designer-201-90e0jpb,,ACTIVE,FREE,,,
mem_cmqcrx1x00jhf0tsy0vnnhqcx,,pln_legacy-original-pattern-drafting-101-jkp50pyg,,ACTIVE,FREE,,,
mem_cmqcrx1x00jhf0tsy0vnnhqcx,,pln_legacy-stitch-designer-101-qdc0jyz,,ACTIVE,FREE,,,
mem_cmqcrx1x00jhf0tsy0vnnhqcx,,pln_legacy-graphics-studio-jhp90pnm,,ACTIVE,FREE,,,
mem_cmqcrx2370jhk0tsygtesf38a,,pln_legacy-designaknit-and-lace-ffg0j0k,,ACTIVE,FREE,,,
mem_cmqcrx2370jhk0tsygtesf38a,,pln_legacy-stitch-designer-201-90e0jpb,,ACTIVE,FREE,,,
mem_cmqcrx2370jhk0tsygtesf38a,,pln_legacy-original-pattern-drafting-101-jkp50pyg,,ACTIVE,FREE,,,
mem_cmqcrx2370jhk0tsygtesf38a,,pln_legacy-stitch-designer-101-qdc0jyz,,ACTIVE,FREE,,,
mem_cmqcrx29b0jhm0tsy6xc37e4z,,pln_legacy-standard-garment-styling-o4p70pjf,,ACTIVE,FREE,,,
mem_cmqcrx2cn0jho0tsygmv7ejkb,,pln_legacy-stitch-designer-101-qdc0jyz,,ACTIVE,FREE,,,
mem_cmqcrx2g70jhs0tsy1ygi36vb,,pln_legacy-eleven-design-challenges-r3p60piq,,ACTIVE,FREE,,,
mem_cmqcrx2g70jhs0tsy1ygi36vb,,pln_legacy-designaknit-and-lace-ffg0j0k,,ACTIVE,FREE,,,
mem_cmqcrx2g70jhs0tsy1ygi36vb,,pln_legacy-pattern-drafting-for-fit-9md0j74,,ACTIVE,FREE,,,
mem_cmqcrx2jf0jhv0tsyhq9o7f0w,,pln_legacy-original-pattern-drafting-101-jkp50pyg,,ACTIVE,FREE,,,
mem_cmqcrx2jf0jhv0tsyhq9o7f0w,,pln_legacy-stitch-designer-101-qdc0jyz,,ACTIVE,FREE,,,
mem_cmqcrx2oo0ji30tsybr8555v7,,pln_legacy-original-pattern-drafting-101-jkp50pyg,,ACTIVE,FREE,,,
mem_cmqcrx2oo0ji30tsybr8555v7,,pln_legacy-stitch-designer-101-qdc0jyz,,ACTIVE,FREE,,,
mem_cmqcrx2ud0ji90tsy8efad40i,,pln_legacy-eleven-design-challenges-r3p60piq,,ACTIVE,FREE,,,
mem_cmqcrx2y00jie0tsy4glvf6n1,,pln_legacy-standard-garment-styling-o4p70pjf,,ACTIVE,FREE,,,
mem_cmqcrx2y00jie0tsy4glvf6n1,,pln_legacy-original-pattern-drafting-101-jkp50pyg,,ACTIVE,FREE,,,
mem_cmqcrx2y00jie0tsy4glvf6n1,,pln_legacy-stitch-designer-101-qdc0jyz,,ACTIVE,FREE,,,
mem_cmqcrx3390jir0tsy9g3e12g0,,pln_legacy-stitch-designer-101-qdc0jyz,,ACTIVE,FREE,,,
mem_cmqcrx38x0jiw0tsybdbs0z2a,,pln_legacy-standard-garment-styling-o4p70pjf,,ACTIVE,FREE,,,
mem_cmqcrx38x0jiw0tsybdbs0z2a,,pln_legacy-eleven-design-challenges-r3p60piq,,ACTIVE,FREE,,,
mem_cmqcrx38x0jiw0tsybdbs0z2a,,pln_legacy-original-pattern-drafting-101-jkp50pyg,,ACTIVE,FREE,,,
mem_cmqcrx38x0jiw0tsybdbs0z2a,,pln_legacy-stitch-designer-101-qdc0jyz,,ACTIVE,FREE,,,
mem_cmqcrx3c20jj00tsygf6je31o,,pln_legacy-standard-garment-styling-o4p70pjf,,ACTIVE,FREE,,,
mem_cmqcrx3c20jj00tsygf6je31o,,pln_legacy-original-pattern-drafting-101-jkp50pyg,,ACTIVE,FREE,,,
mem_cmqcrx3c20jj00tsygf6je31o,,pln_legacy-stitch-designer-101-qdc0jyz,,ACTIVE,FREE,,,
mem_cmqcrx3g00jj50tsy8nr602l2,,pln_legacy-standard-garment-styling-o4p70pjf,,ACTIVE,FREE,,,
mem_cmqcrx3g00jj50tsy8nr602l2,,pln_legacy-start-to-finish-fairisle-sweater-7zh0j37,,ACTIVE,FREE,,,
mem_cmqcrx3g00jj50tsy8nr602l2,,pln_legacy-pattern-drafting-for-fit-9md0j74,,ACTIVE,FREE,,,
mem_cmqcrx3g00jj50tsy8nr602l2,,pln_legacy-stitch-designer-101-qdc0jyz,,ACTIVE,FREE,,,
mem_cmqcrx3jl0jj90tsyeqyfgynl,,pln_legacy-designaknit-and-lace-ffg0j0k,,ACTIVE,FREE,,,
mem_cmqcrx3jl0jj90tsyeqyfgynl,,pln_legacy-original-pattern-drafting-101-jkp50pyg,,ACTIVE,FREE,,,
mem_cmqcrx3jl0jj90tsyeqyfgynl,,pln_legacy-graphics-studio-jhp90pnm,,ACTIVE,FREE,,,
mem_cmqcrx3nc0jje0tsy63bhalbo,,pln_legacy-eleven-design-challenges-r3p60piq,,ACTIVE,FREE,,,
mem_cmqcrx3nc0jje0tsy63bhalbo,,pln_legacy-stitch-designer-201-90e0jpb,,ACTIVE,FREE,,,
mem_cmqcrx3nc0jje0tsy63bhalbo,,pln_legacy-stitch-designer-101-qdc0jyz,,ACTIVE,FREE,,,
mem_cmqcrx3qj0jjl0tsyfyqt5rri,,pln_legacy-standard-garment-styling-o4p70pjf,,ACTIVE,FREE,,,
mem_cmqcrx3qj0jjl0tsyfyqt5rri,,pln_legacy-pattern-drafting-for-fit-9md0j74,,ACTIVE,FREE,,,
mem_cmqcrx3qj0jjl0tsyfyqt5rri,,pln_legacy-stitch-designer-201-90e0jpb,,ACTIVE,FREE,,,
mem_cmqcrx3qj0jjl0tsyfyqt5rri,,pln_legacy-original-pattern-drafting-101-jkp50pyg,,ACTIVE,FREE,,,
mem_cmqcrx3qj0jjl0tsyfyqt5rri,,pln_legacy-stitch-designer-101-qdc0jyz,,ACTIVE,FREE,,,
mem_cmqcrx3qj0jjl0tsyfyqt5rri,,pln_legacy-graphics-studio-jhp90pnm,,ACTIVE,FREE,,,
mem_cmqcrx3u20jjn0tsy507cg40r,,pln_legacy-standard-garment-styling-o4p70pjf,,ACTIVE,FREE,,,
mem_cmqcrx3x60jjp0tsy7uhi9tm5,,pln_legacy-standard-garment-styling-o4p70pjf,,ACTIVE,FREE,,,
mem_cmqcrx40c0jjr0tsyh9tf61e8,,pln_legacy-standard-garment-styling-o4p70pjf,,ACTIVE,FREE,,,
mem_cmqcrx4520jju0tsy1tvehm4x,,pln_legacy-designaknit-and-lace-ffg0j0k,,ACTIVE,FREE,,,
mem_cmqcrx48o0jk00tsy5kvj0ogb,,pln_legacy-designaknit-and-lace-ffg0j0k,,ACTIVE,FREE,,,
mem_cmqcrx48o0jk00tsy5kvj0ogb,,pln_legacy-stitch-designer-201-90e0jpb,,ACTIVE,FREE,,,
mem_cmqcrx48o0jk00tsy5kvj0ogb,,pln_legacy-stitch-designer-101-qdc0jyz,,ACTIVE,FREE,,,
mem_cmqcrx48o0jk00tsy5kvj0ogb,,pln_legacy-graphics-studio-jhp90pnm,,ACTIVE,FREE,,,
mem_cmqcrx4ch0jk20tsy3mzygs7b,,pln_legacy-stitch-designer-101-qdc0jyz,,ACTIVE,FREE,,,
mem_cmqcrx4i90jk50tsy05fh5c3l,,pln_legacy-stitch-designer-201-90e0jpb,,ACTIVE,FREE,,,
mem_cmqcrx4i90jk50tsy05fh5c3l,,pln_legacy-stitch-designer-101-qdc0jyz,,ACTIVE,FREE,,,
mem_cmqcrx4pu0jk70tsy9p167ghv,,pln_legacy-eleven-design-challenges-r3p60piq,,ACTIVE,FREE,,,
mem_cmqcrx4t60jkc0tsyf3t00x3j,,pln_legacy-stitch-designer-201-90e0jpb,,ACTIVE,FREE,,,
mem_cmqcrx4t60jkc0tsyf3t00x3j,,pln_legacy-original-pattern-drafting-101-jkp50pyg,,ACTIVE,FREE,,,
mem_cmqcrx4t60jkc0tsyf3t00x3j,,pln_legacy-stitch-designer-101-qdc0jyz,,ACTIVE,FREE,,,
mem_cmqcrx4t60jkc0tsyf3t00x3j,,pln_legacy-graphics-studio-jhp90pnm,,ACTIVE,FREE,,,
mem_cmqcrx4wp0jki0tsyek7v81cm,,pln_legacy-eleven-design-challenges-r3p60piq,,ACTIVE,FREE,,,
mem_cmqcrx4wp0jki0tsyek7v81cm,,pln_legacy-designaknit-and-lace-ffg0j0k,,ACTIVE,FREE,,,
mem_cmqcrx4wp0jki0tsyek7v81cm,,pln_legacy-pattern-drafting-for-fit-9md0j74,,ACTIVE,FREE,,,
mem_cmqcrx4wp0jki0tsyek7v81cm,,pln_legacy-stitch-designer-201-90e0jpb,,ACTIVE,FREE,,,
mem_cmqcrx4wp0jki0tsyek7v81cm,,pln_legacy-graphics-studio-jhp90pnm,,ACTIVE,FREE,,,
mem_cmqcrx5010jkm0tsycs0xbfcj,,pln_legacy-original-pattern-drafting-101-jkp50pyg,,ACTIVE,FREE,,,
mem_cmqcrx5010jkm0tsycs0xbfcj,,pln_legacy-stitch-designer-101-qdc0jyz,,ACTIVE,FREE,,,
mem_cmqcrx5010jkm0tsycs0xbfcj,,pln_legacy-graphics-studio-jhp90pnm,,ACTIVE,FREE,,,
mem_cmqcrx5390jko0tsy8tr7h6m9,,pln_legacy-stitch-designer-101-qdc0jyz,,ACTIVE,FREE,,,
mem_cmqcrx56t0jkr0tsyctcogbue,,pln_legacy-start-to-finish-fairisle-sweater-7zh0j37,,ACTIVE,FREE,,,
mem_cmqcrx56t0jkr0tsyctcogbue,,pln_legacy-stitch-designer-101-qdc0jyz,,ACTIVE,FREE,,,
mem_cmqcrx5a80jkx0tsycpzt0aoj,,pln_legacy-standard-garment-styling-o4p70pjf,,ACTIVE,FREE,,,
mem_cmqcrx5a80jkx0tsycpzt0aoj,,pln_legacy-stitch-designer-201-90e0jpb,,ACTIVE,FREE,,,
mem_cmqcrx5a80jkx0tsycpzt0aoj,,pln_legacy-original-pattern-drafting-101-jkp50pyg,,ACTIVE,FREE,,,
mem_cmqcrx5a80jkx0tsycpzt0aoj,,pln_legacy-stitch-designer-101-qdc0jyz,,ACTIVE,FREE,,,
mem_cmqcrx5a80jkx0tsycpzt0aoj,,pln_legacy-graphics-studio-jhp90pnm,,ACTIVE,FREE,,,
mem_cmqcrx5eu0jl10tsyfnw1e79q,,pln_legacy-standard-garment-styling-o4p70pjf,,ACTIVE,FREE,,,
mem_cmqcrx5eu0jl10tsyfnw1e79q,,pln_legacy-pattern-drafting-for-fit-9md0j74,,ACTIVE,FREE,,,
mem_cmqcrx5eu0jl10tsyfnw1e79q,,pln_legacy-original-pattern-drafting-101-jkp50pyg,,ACTIVE,FREE,,,
mem_cmqcrx6e10jla0tsyebdigfh9,,pln_legacy-standard-garment-styling-o4p70pjf,,ACTIVE,FREE,,,
mem_cmqcrx6e10jla0tsyebdigfh9,,pln_legacy-original-pattern-drafting-101-jkp50pyg,,ACTIVE,FREE,,,
mem_cmqcrx6e10jla0tsyebdigfh9,,pln_legacy-stitch-designer-101-qdc0jyz,,ACTIVE,FREE,,,
mem_cmqcrx6t70jlj0tsy3ccig0wa,,pln_legacy-standard-garment-styling-o4p70pjf,,ACTIVE,FREE,,,
mem_cmqcrx6t70jlj0tsy3ccig0wa,,pln_legacy-original-pattern-drafting-101-jkp50pyg,,ACTIVE,FREE,,,
mem_cmqcrx6t70jlj0tsy3ccig0wa,,pln_legacy-stitch-designer-101-qdc0jyz,,ACTIVE,FREE,,,
mem_cmqcrx6y90jlp0tsye6c58yok,,pln_legacy-designaknit-and-lace-ffg0j0k,,ACTIVE,FREE,,,
mem_cmqcrx6y90jlp0tsye6c58yok,,pln_legacy-stitch-designer-201-90e0jpb,,ACTIVE,FREE,,,
mem_cmqcrx6y90jlp0tsye6c58yok,,pln_legacy-stitch-designer-101-qdc0jyz,,ACTIVE,FREE,,,
mem_cmqcrx6y90jlp0tsye6c58yok,,pln_legacy-graphics-studio-jhp90pnm,,ACTIVE,FREE,,,
mem_cmqcrx73x0jm30tsyd60jbs0m,,pln_legacy-standard-garment-styling-o4p70pjf,,ACTIVE,FREE,,,
mem_cmqcrx73x0jm30tsyd60jbs0m,,pln_legacy-stitch-designer-201-90e0jpb,,ACTIVE,FREE,,,
mem_cmqcrx7960jmc0tsy3sio3aw5,,pln_legacy-standard-garment-styling-o4p70pjf,,ACTIVE,FREE,,,
mem_cmqcrx7960jmc0tsy3sio3aw5,,pln_legacy-eleven-design-challenges-r3p60piq,,ACTIVE,FREE,,,
mem_cmqcrx7960jmc0tsy3sio3aw5,,pln_legacy-start-to-finish-fairisle-sweater-7zh0j37,,ACTIVE,FREE,,,
mem_cmqcrx7960jmc0tsy3sio3aw5,,pln_legacy-designaknit-and-lace-ffg0j0k,,ACTIVE,FREE,,,
mem_cmqcrx7960jmc0tsy3sio3aw5,,pln_legacy-custom-raglan-hoodie-1upb0pq9,,ACTIVE,FREE,,,
mem_cmqcrx7960jmc0tsy3sio3aw5,,pln_legacy-stitch-designer-201-90e0jpb,,ACTIVE,FREE,,,
mem_cmqcrx7960jmc0tsy3sio3aw5,,pln_legacy-original-pattern-drafting-101-jkp50pyg,,ACTIVE,FREE,,,
mem_cmqcrx7960jmc0tsy3sio3aw5,,pln_legacy-stitch-designer-101-qdc0jyz,,ACTIVE,FREE,,,
mem_cmqcrx7cf0jmf0tsy90v3gfyg,,pln_legacy-standard-garment-styling-o4p70pjf,,ACTIVE,FREE,,,
mem_cmqcrx7cf0jmf0tsy90v3gfyg,,pln_legacy-graphics-studio-jhp90pnm,,ACTIVE,FREE,,,
mem_cmqcrx7fl0jmh0tsy73647il6,,pln_legacy-stitch-designer-101-qdc0jyz,,ACTIVE,FREE,,,
mem_cmqcrx7ir0jmo0tsygkmdgo1k,,pln_legacy-standard-garment-styling-o4p70pjf,,ACTIVE,FREE,,,
mem_cmqcrx7ir0jmo0tsygkmdgo1k,,pln_legacy-eleven-design-challenges-r3p60piq,,ACTIVE,FREE,,,
mem_cmqcrx7ir0jmo0tsygkmdgo1k,,pln_legacy-stitch-designer-201-90e0jpb,,ACTIVE,FREE,,,
mem_cmqcrx7ir0jmo0tsygkmdgo1k,,pln_legacy-original-pattern-drafting-101-jkp50pyg,,ACTIVE,FREE,,,
mem_cmqcrx7ir0jmo0tsygkmdgo1k,,pln_legacy-stitch-designer-101-qdc0jyz,,ACTIVE,FREE,,,
mem_cmqcrx7ir0jmo0tsygkmdgo1k,,pln_legacy-graphics-studio-jhp90pnm,,ACTIVE,FREE,,,
mem_cmqcrx7m40jn40tsy5qbc7d2n,,pln_legacy-standard-garment-styling-o4p70pjf,,ACTIVE,FREE,,,
mem_cmqcrx7m40jn40tsy5qbc7d2n,,pln_legacy-eleven-design-challenges-r3p60piq,,ACTIVE,FREE,,,
mem_cmqcrx7m40jn40tsy5qbc7d2n,,pln_legacy-designaknit-quick-start-zap80pd8,,ACTIVE,FREE,,,
mem_cmqcrx7m40jn40tsy5qbc7d2n,,pln_legacy-dak-9-what-s-new-aexa0or5,,ACTIVE,FREE,,,
mem_cmqcrx7m40jn40tsy5qbc7d2n,,pln_legacy-plus-size-sweaters-nyxg0o0g,,ACTIVE,FREE,,,
mem_cmqcrx7m40jn40tsy5qbc7d2n,,pln_legacy-start-to-finish-fairisle-sweater-7zh0j37,,ACTIVE,FREE,,,
mem_cmqcrx7m40jn40tsy5qbc7d2n,,pln_legacy-designaknit-and-lace-ffg0j0k,,ACTIVE,FREE,,,
mem_cmqcrx7m40jn40tsy5qbc7d2n,,pln_legacy-pattern-drafting-for-fit-9md0j74,,ACTIVE,FREE,,,
mem_cmqcrx7m40jn40tsy5qbc7d2n,,pln_legacy-custom-raglan-hoodie-1upb0pq9,,ACTIVE,FREE,,,
mem_cmqcrx7m40jn40tsy5qbc7d2n,,pln_legacy-stitch-designer-201-90e0jpb,,ACTIVE,FREE,,,
mem_cmqcrx7m40jn40tsy5qbc7d2n,,pln_legacy-original-pattern-drafting-101-jkp50pyg,,ACTIVE,FREE,,,
mem_cmqcrx7m40jn40tsy5qbc7d2n,,pln_legacy-stitch-designer-101-qdc0jyz,,ACTIVE,FREE,,,
mem_cmqcrx7m40jn40tsy5qbc7d2n,,pln_legacy-graphics-studio-jhp90pnm,,ACTIVE,FREE,,,
mem_cmqcrx7m40jn40tsy5qbc7d2n,,pln_legacy-lk150-getting-the-most-from-designaknit-zxpa0pee,,ACTIVE,FREE,,,
mem_cmqcrx7pi0jn70tsy5akqgx3c,,pln_legacy-stitch-designer-201-90e0jpb,,ACTIVE,FREE,,,
mem_cmqcrx7pi0jn70tsy5akqgx3c,,pln_legacy-stitch-designer-101-qdc0jyz,,ACTIVE,FREE,,,
mem_cmqcrx7st0jn90tsyfyo6e4ci,,pln_legacy-original-pattern-drafting-101-jkp50pyg,,ACTIVE,FREE,,,
mem_cmqcrx7vx0jnb0tsy4vd73cq6,,pln_legacy-stitch-designer-201-90e0jpb,,ACTIVE,FREE,,,
mem_cmqcrx8100jne0tsygm34gc85,,pln_legacy-stitch-designer-101-qdc0jyz,,ACTIVE,FREE,,,
mem_cmqcrx84s0jnh0tsydr3m5p55,,pln_legacy-stitch-designer-101-qdc0jyz,,ACTIVE,FREE,,,
mem_cmqcrx88e0jnl0tsy0vdqg5mm,,pln_legacy-standard-garment-styling-o4p70pjf,,ACTIVE,FREE,,,
mem_cmqcrx88e0jnl0tsy0vdqg5mm,,pln_legacy-original-pattern-drafting-101-jkp50pyg,,ACTIVE,FREE,,,
mem_cmqcrx88e0jnl0tsy0vdqg5mm,,pln_legacy-stitch-designer-101-qdc0jyz,,ACTIVE,FREE,,,
mem_cmqcrx8bn0jnn0tsy6ztc1asq,,pln_legacy-stitch-designer-101-qdc0jyz,,ACTIVE,FREE,,,
mem_cmqcrx8fo0jnp0tsygs3mdhz2,,pln_legacy-stitch-designer-101-qdc0jyz,,ACTIVE,FREE,,,
mem_cmqcrx8iz0jnr0tsy94z6a6cw,,pln_legacy-stitch-designer-101-qdc0jyz,,ACTIVE,FREE,,,
mem_cmqcrx8m90jnt0tsy6slm8m28,,pln_legacy-custom-raglan-hoodie-1upb0pq9,,ACTIVE,FREE,,,
mem_cmqcrx8pe0jo80tsycbj1hngw,,pln_legacy-standard-garment-styling-o4p70pjf,,ACTIVE,FREE,,,
mem_cmqcrx8pe0jo80tsycbj1hngw,,pln_legacy-eleven-design-challenges-r3p60piq,,ACTIVE,FREE,,,
mem_cmqcrx8pe0jo80tsycbj1hngw,,pln_legacy-designaknit-quick-start-zap80pd8,,ACTIVE,FREE,,,
mem_cmqcrx8pe0jo80tsycbj1hngw,,pln_legacy-dak-9-what-s-new-aexa0or5,,ACTIVE,FREE,,,
mem_cmqcrx8pe0jo80tsycbj1hngw,,pln_legacy-plus-size-sweaters-nyxg0o0g,,ACTIVE,FREE,,,
mem_cmqcrx8pe0jo80tsycbj1hngw,,pln_legacy-start-to-finish-fairisle-sweater-7zh0j37,,ACTIVE,FREE,,,
mem_cmqcrx8pe0jo80tsycbj1hngw,,pln_legacy-designaknit-and-lace-ffg0j0k,,ACTIVE,FREE,,,
mem_cmqcrx8pe0jo80tsycbj1hngw,,pln_legacy-pattern-drafting-for-fit-9md0j74,,ACTIVE,FREE,,,
mem_cmqcrx8pe0jo80tsycbj1hngw,,pln_legacy-custom-raglan-hoodie-1upb0pq9,,ACTIVE,FREE,,,
mem_cmqcrx8pe0jo80tsycbj1hngw,,pln_legacy-stitch-designer-201-90e0jpb,,ACTIVE,FREE,,,
mem_cmqcrx8pe0jo80tsycbj1hngw,,pln_legacy-original-pattern-drafting-101-jkp50pyg,,ACTIVE,FREE,,,
mem_cmqcrx8pe0jo80tsycbj1hngw,,pln_legacy-stitch-designer-101-qdc0jyz,,ACTIVE,FREE,,,
mem_cmqcrx8pe0jo80tsycbj1hngw,,pln_legacy-graphics-studio-jhp90pnm,,ACTIVE,FREE,,,
mem_cmqcrx8pe0jo80tsycbj1hngw,,pln_legacy-lk150-getting-the-most-from-designaknit-zxpa0pee,,ACTIVE,FREE,,,
mem_cmqcrx8sr0job0tsy0z2e5gfr,,pln_legacy-standard-garment-styling-o4p70pjf,,ACTIVE,FREE,,,
mem_cmqcrx8sr0job0tsy0z2e5gfr,,pln_legacy-original-pattern-drafting-101-jkp50pyg,,ACTIVE,FREE,,,
mem_cmqcrx8w00joe0tsycqit6wnz,,pln_legacy-eleven-design-challenges-r3p60piq,,ACTIVE,FREE,,,
mem_cmqcrx8w00joe0tsycqit6wnz,,pln_legacy-original-pattern-drafting-101-jkp50pyg,,ACTIVE,FREE,,,
mem_cmqcrx8zc0joo0tsydqd33ztl,,pln_legacy-standard-garment-styling-o4p70pjf,,ACTIVE,FREE,,,
mem_cmqcrx8zc0joo0tsydqd33ztl,,pln_legacy-eleven-design-challenges-r3p60piq,,ACTIVE,FREE,,,
mem_cmqcrx8zc0joo0tsydqd33ztl,,pln_legacy-dak-9-what-s-new-aexa0or5,,ACTIVE,FREE,,,
mem_cmqcrx8zc0joo0tsydqd33ztl,,pln_legacy-start-to-finish-fairisle-sweater-7zh0j37,,ACTIVE,FREE,,,
mem_cmqcrx8zc0joo0tsydqd33ztl,,pln_legacy-designaknit-and-lace-ffg0j0k,,ACTIVE,FREE,,,
mem_cmqcrx8zc0joo0tsydqd33ztl,,pln_legacy-pattern-drafting-for-fit-9md0j74,,ACTIVE,FREE,,,
mem_cmqcrx8zc0joo0tsydqd33ztl,,pln_legacy-custom-raglan-hoodie-1upb0pq9,,ACTIVE,FREE,,,
mem_cmqcrx8zc0joo0tsydqd33ztl,,pln_legacy-original-pattern-drafting-101-jkp50pyg,,ACTIVE,FREE,,,
mem_cmqcrx8zc0joo0tsydqd33ztl,,pln_legacy-stitch-designer-101-qdc0jyz,,ACTIVE,FREE,,,
mem_cmqcrx92r0jos0tsy1hvwbyqz,,pln_legacy-designaknit-and-lace-ffg0j0k,,ACTIVE,FREE,,,
mem_cmqcrx92r0jos0tsy1hvwbyqz,,pln_legacy-stitch-designer-201-90e0jpb,,ACTIVE,FREE,,,
mem_cmqcrx92r0jos0tsy1hvwbyqz,,pln_legacy-stitch-designer-101-qdc0jyz,,ACTIVE,FREE,,,
mem_cmqcrx9830jp20tsy02ml348h,,pln_legacy-eleven-design-challenges-r3p60piq,,ACTIVE,FREE,,,
mem_cmqcrx9830jp20tsy02ml348h,,pln_legacy-dak-9-what-s-new-aexa0or5,,ACTIVE,FREE,,,
mem_cmqcrx9830jp20tsy02ml348h,,pln_legacy-custom-raglan-hoodie-1upb0pq9,,ACTIVE,FREE,,,
mem_cmqcrx9830jp20tsy02ml348h,,pln_legacy-original-pattern-drafting-101-jkp50pyg,,ACTIVE,FREE,,,
mem_cmqcrx9lh0jp80tsygdnqcuwn,,pln_legacy-pattern-drafting-for-fit-9md0j74,,ACTIVE,FREE,,,
mem_cmqcrx9yt0jpi0tsy3jucfjav,,pln_legacy-eleven-design-challenges-r3p60piq,,ACTIVE,FREE,,,
mem_cmqcrx9yt0jpi0tsy3jucfjav,,pln_legacy-start-to-finish-fairisle-sweater-7zh0j37,,ACTIVE,FREE,,,
mem_cmqcrx9yt0jpi0tsy3jucfjav,,pln_legacy-designaknit-and-lace-ffg0j0k,,ACTIVE,FREE,,,
mem_cmqcrx9yt0jpi0tsy3jucfjav,,pln_legacy-pattern-drafting-for-fit-9md0j74,,ACTIVE,FREE,,,
mem_cmqcrx9yt0jpi0tsy3jucfjav,,pln_legacy-stitch-designer-201-90e0jpb,,ACTIVE,FREE,,,
mem_cmqcrx9yt0jpi0tsy3jucfjav,,pln_legacy-original-pattern-drafting-101-jkp50pyg,,ACTIVE,FREE,,,
mem_cmqcrx9yt0jpi0tsy3jucfjav,,pln_legacy-stitch-designer-101-qdc0jyz,,ACTIVE,FREE,,,
mem_cmqcrx9yt0jpi0tsy3jucfjav,,pln_legacy-graphics-studio-jhp90pnm,,ACTIVE,FREE,,,
mem_cmqcrxa4a0jq30tsyfwil7d2r,,pln_legacy-standard-garment-styling-o4p70pjf,,ACTIVE,FREE,,,
mem_cmqcrxa4a0jq30tsyfwil7d2r,,pln_legacy-eleven-design-challenges-r3p60piq,,ACTIVE,FREE,,,
mem_cmqcrxa4a0jq30tsyfwil7d2r,,pln_legacy-start-to-finish-fairisle-sweater-7zh0j37,,ACTIVE,FREE,,,
mem_cmqcrxa4a0jq30tsyfwil7d2r,,pln_legacy-designaknit-and-lace-ffg0j0k,,ACTIVE,FREE,,,
mem_cmqcrxa4a0jq30tsyfwil7d2r,,pln_legacy-pattern-drafting-for-fit-9md0j74,,ACTIVE,FREE,,,
mem_cmqcrxa4a0jq30tsyfwil7d2r,,pln_legacy-stitch-designer-201-90e0jpb,,ACTIVE,FREE,,,
mem_cmqcrxa4a0jq30tsyfwil7d2r,,pln_legacy-original-pattern-drafting-101-jkp50pyg,,ACTIVE,FREE,,,
mem_cmqcrxa4a0jq30tsyfwil7d2r,,pln_legacy-stitch-designer-101-qdc0jyz,,ACTIVE,FREE,,,
mem_cmqcrxa4a0jq30tsyfwil7d2r,,pln_legacy-graphics-studio-jhp90pnm,,ACTIVE,FREE,,,
mem_cmqcrxa8d0jqf0tsyaeb3edka,,pln_legacy-standard-garment-styling-o4p70pjf,,ACTIVE,FREE,,,
mem_cmqcrxa8d0jqf0tsyaeb3edka,,pln_legacy-eleven-design-challenges-r3p60piq,,ACTIVE,FREE,,,
mem_cmqcrxa8d0jqf0tsyaeb3edka,,pln_legacy-dak-9-what-s-new-aexa0or5,,ACTIVE,FREE,,,
mem_cmqcrxa8d0jqf0tsyaeb3edka,,pln_legacy-start-to-finish-fairisle-sweater-7zh0j37,,ACTIVE,FREE,,,
mem_cmqcrxa8d0jqf0tsyaeb3edka,,pln_legacy-designaknit-and-lace-ffg0j0k,,ACTIVE,FREE,,,
mem_cmqcrxa8d0jqf0tsyaeb3edka,,pln_legacy-pattern-drafting-for-fit-9md0j74,,ACTIVE,FREE,,,
mem_cmqcrxa8d0jqf0tsyaeb3edka,,pln_legacy-custom-raglan-hoodie-1upb0pq9,,ACTIVE,FREE,,,
mem_cmqcrxa8d0jqf0tsyaeb3edka,,pln_legacy-stitch-designer-201-90e0jpb,,ACTIVE,FREE,,,
mem_cmqcrxa8d0jqf0tsyaeb3edka,,pln_legacy-original-pattern-drafting-101-jkp50pyg,,ACTIVE,FREE,,,
mem_cmqcrxa8d0jqf0tsyaeb3edka,,pln_legacy-stitch-designer-101-qdc0jyz,,ACTIVE,FREE,,,
mem_cmqcrxa8d0jqf0tsyaeb3edka,,pln_legacy-graphics-studio-jhp90pnm,,ACTIVE,FREE,,,
mem_cmqcrxabs0jqh0tsy4wlh2yh6,,pln_legacy-standard-garment-styling-o4p70pjf,,ACTIVE,FREE,,,
mem_cmqcrxaey0jqj0tsygb7cbqyl,,pln_legacy-stitch-designer-101-qdc0jyz,,ACTIVE,FREE,,,
mem_cmqcrxaid0jqp0tsy0vcohrkx,,pln_legacy-standard-garment-styling-o4p70pjf,,ACTIVE,FREE,,,
mem_cmqcrxaid0jqp0tsy0vcohrkx,,pln_legacy-eleven-design-challenges-r3p60piq,,ACTIVE,FREE,,,
mem_cmqcrxaid0jqp0tsy0vcohrkx,,pln_legacy-original-pattern-drafting-101-jkp50pyg,,ACTIVE,FREE,,,
mem_cmqcrxaid0jqp0tsy0vcohrkx,,pln_legacy-stitch-designer-101-qdc0jyz,,ACTIVE,FREE,,,
mem_cmqcrxaid0jqp0tsy0vcohrkx,,pln_legacy-graphics-studio-jhp90pnm,,ACTIVE,FREE,,,
mem_cmqcrxan00jqs0tsy0re2aoog,,pln_legacy-stitch-designer-201-90e0jpb,,ACTIVE,FREE,,,
mem_cmqcrxatd0jqx0tsyeanq7b5p,,pln_legacy-standard-garment-styling-o4p70pjf,,ACTIVE,FREE,,,
mem_cmqcrxatd0jqx0tsyeanq7b5p,,pln_legacy-pattern-drafting-for-fit-9md0j74,,ACTIVE,FREE,,,
mem_cmqcrxatd0jqx0tsyeanq7b5p,,pln_legacy-original-pattern-drafting-101-jkp50pyg,,ACTIVE,FREE,,,
mem_cmqcrxatd0jqx0tsyeanq7b5p,,pln_legacy-stitch-designer-101-qdc0jyz,,ACTIVE,FREE,,,
mem_cmqcrxawt0jqz0tsy37ee57p7,,pln_legacy-eleven-design-challenges-r3p60piq,,ACTIVE,FREE,,,
mem_cmqcrxb060jr30tsy9odt1x30,,pln_legacy-standard-garment-styling-o4p70pjf,,ACTIVE,FREE,,,
mem_cmqcrxb060jr30tsy9odt1x30,,pln_legacy-original-pattern-drafting-101-jkp50pyg,,ACTIVE,FREE,,,
mem_cmqcrxb060jr30tsy9odt1x30,,pln_legacy-stitch-designer-101-qdc0jyz,,ACTIVE,FREE,,,
mem_cmqcrxb3f0jr50tsyc530h0qa,,pln_legacy-stitch-designer-101-qdc0jyz,,ACTIVE,FREE,,,
mem_cmqcrxb9l0jrc0tsye5p52knz,,pln_legacy-eleven-design-challenges-r3p60piq,,ACTIVE,FREE,,,
mem_cmqcrxb9l0jrc0tsye5p52knz,,pln_legacy-start-to-finish-fairisle-sweater-7zh0j37,,ACTIVE,FREE,,,
mem_cmqcrxb9l0jrc0tsye5p52knz,,pln_legacy-designaknit-and-lace-ffg0j0k,,ACTIVE,FREE,,,
mem_cmqcrxb9l0jrc0tsye5p52knz,,pln_legacy-original-pattern-drafting-101-jkp50pyg,,ACTIVE,FREE,,,
mem_cmqcrxb9l0jrc0tsye5p52knz,,pln_legacy-stitch-designer-101-qdc0jyz,,ACTIVE,FREE,,,
mem_cmqcrxbda0jri0tsyd12w5wxo,,pln_legacy-standard-garment-styling-o4p70pjf,,ACTIVE,FREE,,,
mem_cmqcrxbda0jri0tsyd12w5wxo,,pln_legacy-eleven-design-challenges-r3p60piq,,ACTIVE,FREE,,,
mem_cmqcrxbda0jri0tsyd12w5wxo,,pln_legacy-custom-raglan-hoodie-1upb0pq9,,ACTIVE,FREE,,,
mem_cmqcrxbda0jri0tsyd12w5wxo,,pln_legacy-original-pattern-drafting-101-jkp50pyg,,ACTIVE,FREE,,,
mem_cmqcrxbgq0jrk0tsygoh29d58,,pln_legacy-stitch-designer-101-qdc0jyz,,ACTIVE,FREE,,,
mem_cmqcrxbjw0jrz0tsyhqu9259n,,pln_legacy-standard-garment-styling-o4p70pjf,,ACTIVE,FREE,,,
mem_cmqcrxbjw0jrz0tsyhqu9259n,,pln_legacy-eleven-design-challenges-r3p60piq,,ACTIVE,FREE,,,
mem_cmqcrxbjw0jrz0tsyhqu9259n,,pln_legacy-designaknit-quick-start-zap80pd8,,ACTIVE,FREE,,,
mem_cmqcrxbjw0jrz0tsyhqu9259n,,pln_legacy-dak-9-what-s-new-aexa0or5,,ACTIVE,FREE,,,
mem_cmqcrxbjw0jrz0tsyhqu9259n,,pln_legacy-plus-size-sweaters-nyxg0o0g,,ACTIVE,FREE,,,
mem_cmqcrxbjw0jrz0tsyhqu9259n,,pln_legacy-start-to-finish-fairisle-sweater-7zh0j37,,ACTIVE,FREE,,,
mem_cmqcrxbjw0jrz0tsyhqu9259n,,pln_legacy-designaknit-and-lace-ffg0j0k,,ACTIVE,FREE,,,
mem_cmqcrxbjw0jrz0tsyhqu9259n,,pln_legacy-pattern-drafting-for-fit-9md0j74,,ACTIVE,FREE,,,
mem_cmqcrxbjw0jrz0tsyhqu9259n,,pln_legacy-custom-raglan-hoodie-1upb0pq9,,ACTIVE,FREE,,,
mem_cmqcrxbjw0jrz0tsyhqu9259n,,pln_legacy-stitch-designer-201-90e0jpb,,ACTIVE,FREE,,,
mem_cmqcrxbjw0jrz0tsyhqu9259n,,pln_legacy-original-pattern-drafting-101-jkp50pyg,,ACTIVE,FREE,,,
mem_cmqcrxbjw0jrz0tsyhqu9259n,,pln_legacy-stitch-designer-101-qdc0jyz,,ACTIVE,FREE,,,
mem_cmqcrxbjw0jrz0tsyhqu9259n,,pln_legacy-graphics-studio-jhp90pnm,,ACTIVE,FREE,,,
mem_cmqcrxbjw0jrz0tsyhqu9259n,,pln_legacy-lk150-getting-the-most-from-designaknit-zxpa0pee,,ACTIVE,FREE,,,
mem_cmqcrxbn80js30tsy0cnh6zju,,pln_legacy-start-to-finish-fairisle-sweater-7zh0j37,,ACTIVE,FREE,,,
mem_cmqcrxbn80js30tsy0cnh6zju,,pln_legacy-stitch-designer-101-qdc0jyz,,ACTIVE,FREE,,,
mem_cmqcrxbn80js30tsy0cnh6zju,,pln_legacy-graphics-studio-jhp90pnm,,ACTIVE,FREE,,,
mem_cmqcrxbqd0js60tsyh4s9ai8g,,pln_legacy-designaknit-and-lace-ffg0j0k,,ACTIVE,FREE,,,
mem_cmqcrxbqd0js60tsyh4s9ai8g,,pln_legacy-stitch-designer-201-90e0jpb,,ACTIVE,FREE,,,
mem_cmqcrxbtt0js80tsy4ik6f6m1,,pln_legacy-stitch-designer-101-qdc0jyz,,ACTIVE,FREE,,,
mem_cmqcrxbxa0jsa0tsyewab32zi,,pln_legacy-designaknit-and-lace-ffg0j0k,,ACTIVE,FREE,,,
mem_cmqcrxc0x0jsc0tsyb1bi2xio,,pln_legacy-stitch-designer-101-qdc0jyz,,ACTIVE,FREE,,,
mem_cmqcrxc4l0jsr0tsy6dqmh5hf,,pln_legacy-standard-garment-styling-o4p70pjf,,ACTIVE,FREE,,,
mem_cmqcrxc4l0jsr0tsy6dqmh5hf,,pln_legacy-eleven-design-challenges-r3p60piq,,ACTIVE,FREE,,,
mem_cmqcrxc4l0jsr0tsy6dqmh5hf,,pln_legacy-designaknit-quick-start-zap80pd8,,ACTIVE,FREE,,,
mem_cmqcrxc4l0jsr0tsy6dqmh5hf,,pln_legacy-dak-9-what-s-new-aexa0or5,,ACTIVE,FREE,,,
mem_cmqcrxc4l0jsr0tsy6dqmh5hf,,pln_legacy-plus-size-sweaters-nyxg0o0g,,ACTIVE,FREE,,,
mem_cmqcrxc4l0jsr0tsy6dqmh5hf,,pln_legacy-start-to-finish-fairisle-sweater-7zh0j37,,ACTIVE,FREE,,,
mem_cmqcrxc4l0jsr0tsy6dqmh5hf,,pln_legacy-designaknit-and-lace-ffg0j0k,,ACTIVE,FREE,,,
mem_cmqcrxc4l0jsr0tsy6dqmh5hf,,pln_legacy-pattern-drafting-for-fit-9md0j74,,ACTIVE,FREE,,,
mem_cmqcrxc4l0jsr0tsy6dqmh5hf,,pln_legacy-custom-raglan-hoodie-1upb0pq9,,ACTIVE,FREE,,,
mem_cmqcrxc4l0jsr0tsy6dqmh5hf,,pln_legacy-stitch-designer-201-90e0jpb,,ACTIVE,FREE,,,
mem_cmqcrxc4l0jsr0tsy6dqmh5hf,,pln_legacy-original-pattern-drafting-101-jkp50pyg,,ACTIVE,FREE,,,
mem_cmqcrxc4l0jsr0tsy6dqmh5hf,,pln_legacy-stitch-designer-101-qdc0jyz,,ACTIVE,FREE,,,
mem_cmqcrxc4l0jsr0tsy6dqmh5hf,,pln_legacy-graphics-studio-jhp90pnm,,ACTIVE,FREE,,,
mem_cmqcrxc4l0jsr0tsy6dqmh5hf,,pln_legacy-lk150-getting-the-most-from-designaknit-zxpa0pee,,ACTIVE,FREE,,,
mem_cmqcrxc7s0jst0tsy2hl34fhw,,pln_legacy-stitch-designer-101-qdc0jyz,,ACTIVE,FREE,,,
mem_cmqcrxcb30jsz0tsy6t2dbtn8,,pln_legacy-standard-garment-styling-o4p70pjf,,ACTIVE,FREE,,,
mem_cmqcrxcb30jsz0tsy6t2dbtn8,,pln_legacy-dak-9-what-s-new-aexa0or5,,ACTIVE,FREE,,,
mem_cmqcrxcb30jsz0tsy6t2dbtn8,,pln_legacy-start-to-finish-fairisle-sweater-7zh0j37,,ACTIVE,FREE,,,
mem_cmqcrxcb30jsz0tsy6t2dbtn8,,pln_legacy-original-pattern-drafting-101-jkp50pyg,,ACTIVE,FREE,,,
mem_cmqcrxcb30jsz0tsy6t2dbtn8,,pln_legacy-stitch-designer-101-qdc0jyz,,ACTIVE,FREE,,,
mem_cmqcrxcgh0jt80tsy62ywgnr9,,pln_legacy-standard-garment-styling-o4p70pjf,,ACTIVE,FREE,,,
mem_cmqcrxcgh0jt80tsy62ywgnr9,,pln_legacy-dak-9-what-s-new-aexa0or5,,ACTIVE,FREE,,,
mem_cmqcrxcgh0jt80tsy62ywgnr9,,pln_legacy-original-pattern-drafting-101-jkp50pyg,,ACTIVE,FREE,,,
mem_cmqcrxclv0jti0tsyhwl29car,,pln_legacy-designaknit-and-lace-ffg0j0k,,ACTIVE,FREE,,,
mem_cmqcrxclv0jti0tsyhwl29car,,pln_legacy-stitch-designer-201-90e0jpb,,ACTIVE,FREE,,,
mem_cmqcrxclv0jti0tsyhwl29car,,pln_legacy-stitch-designer-101-qdc0jyz,,ACTIVE,FREE,,,
mem_cmqcrxclv0jti0tsyhwl29car,,pln_legacy-graphics-studio-jhp90pnm,,ACTIVE,FREE,,,
mem_cmqcrxcpt0jtl0tsyh6jy50cu,,pln_legacy-standard-garment-styling-o4p70pjf,,ACTIVE,FREE,,,
mem_cmqcrxcv20jtz0tsy1jjvavx0,,pln_legacy-standard-garment-styling-o4p70pjf,,ACTIVE,FREE,,,
mem_cmqcrxcv20jtz0tsy1jjvavx0,,pln_legacy-stitch-designer-101-qdc0jyz,,ACTIVE,FREE,,,
mem_cmqcrxczl0ju10tsy6eqf4xv6,,pln_legacy-stitch-designer-101-qdc0jyz,,ACTIVE,FREE,,,
mem_cmqcrxd2w0ju70tsyazr2bb6p,,pln_legacy-standard-garment-styling-o4p70pjf,,ACTIVE,FREE,,,
mem_cmqcrxd2w0ju70tsyazr2bb6p,,pln_legacy-eleven-design-challenges-r3p60piq,,ACTIVE,FREE,,,
mem_cmqcrxd2w0ju70tsyazr2bb6p,,pln_legacy-dak-9-what-s-new-aexa0or5,,ACTIVE,FREE,,,
mem_cmqcrxd2w0ju70tsyazr2bb6p,,pln_legacy-original-pattern-drafting-101-jkp50pyg,,ACTIVE,FREE,,,
mem_cmqcrxd2w0ju70tsyazr2bb6p,,pln_legacy-stitch-designer-101-qdc0jyz,,ACTIVE,FREE,,,
mem_cmqcrxd6b0ju90tsy0o1vdgaw,,pln_legacy-stitch-designer-101-qdc0jyz,,ACTIVE,FREE,,,
mem_cmqcrxd9j0juc0tsyghsl9ucb,,pln_legacy-stitch-designer-201-90e0jpb,,ACTIVE,FREE,,,
mem_cmqcrxd9j0juc0tsyghsl9ucb,,pln_legacy-stitch-designer-101-qdc0jyz,,ACTIVE,FREE,,,
mem_cmqcrxdct0juf0tsy6tyi5k26,,pln_legacy-standard-garment-styling-o4p70pjf,,ACTIVE,FREE,,,
mem_cmqcrxdfx0juh0tsyeb1fcn9v,,pln_legacy-original-pattern-drafting-101-jkp50pyg,,ACTIVE,FREE,,,
mem_cmqcrxdja0jus0tsy9xwfe7hy,,pln_legacy-standard-garment-styling-o4p70pjf,,ACTIVE,FREE,,,
mem_cmqcrxdja0jus0tsy9xwfe7hy,,pln_legacy-eleven-design-challenges-r3p60piq,,ACTIVE,FREE,,,
mem_cmqcrxdja0jus0tsy9xwfe7hy,,pln_legacy-dak-9-what-s-new-aexa0or5,,ACTIVE,FREE,,,
mem_cmqcrxdja0jus0tsy9xwfe7hy,,pln_legacy-designaknit-and-lace-ffg0j0k,,ACTIVE,FREE,,,
mem_cmqcrxdja0jus0tsy9xwfe7hy,,pln_legacy-pattern-drafting-for-fit-9md0j74,,ACTIVE,FREE,,,
mem_cmqcrxdja0jus0tsy9xwfe7hy,,pln_legacy-custom-raglan-hoodie-1upb0pq9,,ACTIVE,FREE,,,
mem_cmqcrxdja0jus0tsy9xwfe7hy,,pln_legacy-stitch-designer-201-90e0jpb,,ACTIVE,FREE,,,
mem_cmqcrxdja0jus0tsy9xwfe7hy,,pln_legacy-original-pattern-drafting-101-jkp50pyg,,ACTIVE,FREE,,,
mem_cmqcrxdja0jus0tsy9xwfe7hy,,pln_legacy-stitch-designer-101-qdc0jyz,,ACTIVE,FREE,,,
mem_cmqcrxdja0jus0tsy9xwfe7hy,,pln_legacy-graphics-studio-jhp90pnm,,ACTIVE,FREE,,,
mem_cmqcrxdmz0juu0tsyd47d5yh8,,pln_legacy-stitch-designer-101-qdc0jyz,,ACTIVE,FREE,,,
mem_cmqcrxdqb0juw0tsy7t413a5k,,pln_legacy-stitch-designer-101-qdc0jyz,,ACTIVE,FREE,,,
mem_cmqcrxdw20jv00tsy8inrc27u,,pln_legacy-standard-garment-styling-o4p70pjf,,ACTIVE,FREE,,,
mem_cmqcrxdw20jv00tsy8inrc27u,,pln_legacy-stitch-designer-101-qdc0jyz,,ACTIVE,FREE,,,
mem_cmqcrxdzf0jv90tsy5uxhcqlz,,pln_legacy-standard-garment-styling-o4p70pjf,,ACTIVE,FREE,,,
mem_cmqcrxdzf0jv90tsy5uxhcqlz,,pln_legacy-eleven-design-challenges-r3p60piq,,ACTIVE,FREE,,,
mem_cmqcrxdzf0jv90tsy5uxhcqlz,,pln_legacy-pattern-drafting-for-fit-9md0j74,,ACTIVE,FREE,,,
mem_cmqcrxdzf0jv90tsy5uxhcqlz,,pln_legacy-stitch-designer-201-90e0jpb,,ACTIVE,FREE,,,
mem_cmqcrxdzf0jv90tsy5uxhcqlz,,pln_legacy-original-pattern-drafting-101-jkp50pyg,,ACTIVE,FREE,,,
mem_cmqcrxdzf0jv90tsy5uxhcqlz,,pln_legacy-stitch-designer-101-qdc0jyz,,ACTIVE,FREE,,,
mem_cmqcrxdzf0jv90tsy5uxhcqlz,,pln_legacy-graphics-studio-jhp90pnm,,ACTIVE,FREE,,,
mem_cmqcrxe2t0jvc0tsy2h4v2gaq,,pln_legacy-eleven-design-challenges-r3p60piq,,ACTIVE,FREE,,,
mem_cmqcrxe2t0jvc0tsy2h4v2gaq,,pln_legacy-start-to-finish-fairisle-sweater-7zh0j37,,ACTIVE,FREE,,,
mem_cmqcrxe670jve0tsyhp9iefsy,,pln_legacy-graphics-studio-jhp90pnm,,ACTIVE,FREE,,,
mem_cmqcrxe9i0jvg0tsyepjv63o2,,pln_legacy-stitch-designer-101-qdc0jyz,,ACTIVE,FREE,,,
mem_cmqcrxecn0jvi0tsya1uk2k1e,,pln_legacy-pattern-drafting-for-fit-9md0j74,,ACTIVE,FREE,,,
mem_cmqcrxega0jvk0tsyci0mdtdw,,pln_legacy-stitch-designer-101-qdc0jyz,,ACTIVE,FREE,,,
mem_cmqcrxek50jvq0tsy26osei29,,pln_legacy-standard-garment-styling-o4p70pjf,,ACTIVE,FREE,,,
mem_cmqcrxek50jvq0tsy26osei29,,pln_legacy-pattern-drafting-for-fit-9md0j74,,ACTIVE,FREE,,,
mem_cmqcrxek50jvq0tsy26osei29,,pln_legacy-stitch-designer-201-90e0jpb,,ACTIVE,FREE,,,
mem_cmqcrxek50jvq0tsy26osei29,,pln_legacy-original-pattern-drafting-101-jkp50pyg,,ACTIVE,FREE,,,
mem_cmqcrxek50jvq0tsy26osei29,,pln_legacy-stitch-designer-101-qdc0jyz,,ACTIVE,FREE,,,
mem_cmqcrxeni0jvs0tsy5sw6ftnp,,pln_legacy-graphics-studio-jhp90pnm,,ACTIVE,FREE,,,
mem_cmqcrxeqx0jw00tsyfs8lhahw,,pln_legacy-standard-garment-styling-o4p70pjf,,ACTIVE,FREE,,,
mem_cmqcrxeqx0jw00tsyfs8lhahw,,pln_legacy-designaknit-quick-start-zap80pd8,,ACTIVE,FREE,,,
mem_cmqcrxeqx0jw00tsyfs8lhahw,,pln_legacy-designaknit-and-lace-ffg0j0k,,ACTIVE,FREE,,,
mem_cmqcrxeqx0jw00tsyfs8lhahw,,pln_legacy-stitch-designer-201-90e0jpb,,ACTIVE,FREE,,,
mem_cmqcrxeqx0jw00tsyfs8lhahw,,pln_legacy-original-pattern-drafting-101-jkp50pyg,,ACTIVE,FREE,,,
mem_cmqcrxeqx0jw00tsyfs8lhahw,,pln_legacy-stitch-designer-101-qdc0jyz,,ACTIVE,FREE,,,
mem_cmqcrxeqx0jw00tsyfs8lhahw,,pln_legacy-graphics-studio-jhp90pnm,,ACTIVE,FREE,,,
mem_cmqcrxewj0jw70tsyh2et0ug6,,pln_legacy-stitch-designer-101-qdc0jyz,,ACTIVE,FREE,,,
mem_cmqcrxf170jwr0tsy8n9427jd,,pln_legacy-standard-garment-styling-o4p70pjf,,ACTIVE,FREE,,,
mem_cmqcrxf170jwr0tsy8n9427jd,,pln_legacy-eleven-design-challenges-r3p60piq,,ACTIVE,FREE,,,
mem_cmqcrxf170jwr0tsy8n9427jd,,pln_legacy-designaknit-quick-start-zap80pd8,,ACTIVE,FREE,,,
mem_cmqcrxf170jwr0tsy8n9427jd,,pln_legacy-dak-9-what-s-new-aexa0or5,,ACTIVE,FREE,,,
mem_cmqcrxf170jwr0tsy8n9427jd,,pln_legacy-plus-size-sweaters-nyxg0o0g,,ACTIVE,FREE,,,
mem_cmqcrxf170jwr0tsy8n9427jd,,pln_legacy-start-to-finish-fairisle-sweater-7zh0j37,,ACTIVE,FREE,,,
mem_cmqcrxf170jwr0tsy8n9427jd,,pln_legacy-designaknit-and-lace-ffg0j0k,,ACTIVE,FREE,,,
mem_cmqcrxf170jwr0tsy8n9427jd,,pln_legacy-pattern-drafting-for-fit-9md0j74,,ACTIVE,FREE,,,
mem_cmqcrxf170jwr0tsy8n9427jd,,pln_legacy-custom-raglan-hoodie-1upb0pq9,,ACTIVE,FREE,,,
mem_cmqcrxf170jwr0tsy8n9427jd,,pln_legacy-stitch-designer-201-90e0jpb,,ACTIVE,FREE,,,
mem_cmqcrxf170jwr0tsy8n9427jd,,pln_legacy-original-pattern-drafting-101-jkp50pyg,,ACTIVE,FREE,,,
mem_cmqcrxf170jwr0tsy8n9427jd,,pln_legacy-stitch-designer-101-qdc0jyz,,ACTIVE,FREE,,,
mem_cmqcrxf170jwr0tsy8n9427jd,,pln_legacy-graphics-studio-jhp90pnm,,ACTIVE,FREE,,,
mem_cmqcrxf170jwr0tsy8n9427jd,,pln_legacy-lk150-getting-the-most-from-designaknit-zxpa0pee,,ACTIVE,FREE,,,
mem_cmqcrxf4n0jww0tsy7cqk6h7r,,pln_legacy-standard-garment-styling-o4p70pjf,,ACTIVE,FREE,,,
mem_cmqcrxf4n0jww0tsy7cqk6h7r,,pln_legacy-stitch-designer-101-qdc0jyz,,ACTIVE,FREE,,,
mem_cmqcrxf4n0jww0tsy7cqk6h7r,,pln_legacy-graphics-studio-jhp90pnm,,ACTIVE,FREE,,,
mem_cmqcrxf9f0jxc0tsy1dxj3xoj,,pln_legacy-standard-garment-styling-o4p70pjf,,ACTIVE,FREE,,,
mem_cmqcrxf9f0jxc0tsy1dxj3xoj,,pln_legacy-eleven-design-challenges-r3p60piq,,ACTIVE,FREE,,,
mem_cmqcrxf9f0jxc0tsy1dxj3xoj,,pln_legacy-dak-9-what-s-new-aexa0or5,,ACTIVE,FREE,,,
mem_cmqcrxf9f0jxc0tsy1dxj3xoj,,pln_legacy-designaknit-and-lace-ffg0j0k,,ACTIVE,FREE,,,
mem_cmqcrxf9f0jxc0tsy1dxj3xoj,,pln_legacy-pattern-drafting-for-fit-9md0j74,,ACTIVE,FREE,,,
mem_cmqcrxf9f0jxc0tsy1dxj3xoj,,pln_legacy-stitch-designer-201-90e0jpb,,ACTIVE,FREE,,,
mem_cmqcrxf9f0jxc0tsy1dxj3xoj,,pln_legacy-original-pattern-drafting-101-jkp50pyg,,ACTIVE,FREE,,,
mem_cmqcrxf9f0jxc0tsy1dxj3xoj,,pln_legacy-stitch-designer-101-qdc0jyz,,ACTIVE,FREE,,,
mem_cmqcrxf9f0jxc0tsy1dxj3xoj,,pln_legacy-graphics-studio-jhp90pnm,,ACTIVE,FREE,,,
mem_cmqcrxfda0jxh0tsy4co4gxpz,,pln_legacy-standard-garment-styling-o4p70pjf,,ACTIVE,FREE,,,
mem_cmqcrxfh80jxj0tsyh2rr1pdh,,pln_legacy-start-to-finish-fairisle-sweater-7zh0j37,,ACTIVE,FREE,,,
mem_cmqcrxfki0jxs0tsybfppe37k,,pln_legacy-standard-garment-styling-o4p70pjf,,ACTIVE,FREE,,,
mem_cmqcrxfki0jxs0tsybfppe37k,,pln_legacy-eleven-design-challenges-r3p60piq,,ACTIVE,FREE,,,
mem_cmqcrxfki0jxs0tsybfppe37k,,pln_legacy-dak-9-what-s-new-aexa0or5,,ACTIVE,FREE,,,
mem_cmqcrxfki0jxs0tsybfppe37k,,pln_legacy-pattern-drafting-for-fit-9md0j74,,ACTIVE,FREE,,,
mem_cmqcrxfki0jxs0tsybfppe37k,,pln_legacy-stitch-designer-201-90e0jpb,,ACTIVE,FREE,,,
mem_cmqcrxfki0jxs0tsybfppe37k,,pln_legacy-original-pattern-drafting-101-jkp50pyg,,ACTIVE,FREE,,,
mem_cmqcrxfki0jxs0tsybfppe37k,,pln_legacy-stitch-designer-101-qdc0jyz,,ACTIVE,FREE,,,
mem_cmqcrxfki0jxs0tsybfppe37k,,pln_legacy-graphics-studio-jhp90pnm,,ACTIVE,FREE,,,
mem_cmqcrxfnq0jxu0tsyhdhg4n37,,pln_legacy-eleven-design-challenges-r3p60piq,,ACTIVE,FREE,,,
mem_cmqcrxfsj0jxz0tsyfcthfc3v,,pln_legacy-standard-garment-styling-o4p70pjf,,ACTIVE,FREE,,,
mem_cmqcrxfsj0jxz0tsyfcthfc3v,,pln_legacy-stitch-designer-201-90e0jpb,,ACTIVE,FREE,,,
mem_cmqcrxfsj0jxz0tsyfcthfc3v,,pln_legacy-original-pattern-drafting-101-jkp50pyg,,ACTIVE,FREE,,,
mem_cmqcrxfsj0jxz0tsyfcthfc3v,,pln_legacy-stitch-designer-101-qdc0jyz,,ACTIVE,FREE,,,
mem_cmqcrxfwp0jy20tsy52hohzvs,,pln_legacy-stitch-designer-101-qdc0jyz,,ACTIVE,FREE,,,
mem_cmqcrxg000jy70tsy3xmv2ylb,,pln_legacy-eleven-design-challenges-r3p60piq,,ACTIVE,FREE,,,
mem_cmqcrxg000jy70tsy3xmv2ylb,,pln_legacy-start-to-finish-fairisle-sweater-7zh0j37,,ACTIVE,FREE,,,
mem_cmqcrxg000jy70tsy3xmv2ylb,,pln_legacy-stitch-designer-201-90e0jpb,,ACTIVE,FREE,,,
mem_cmqcrxg000jy70tsy3xmv2ylb,,pln_legacy-stitch-designer-101-qdc0jyz,,ACTIVE,FREE,,,
mem_cmqcrxg3k0jy90tsy9yf88scr,,pln_legacy-eleven-design-challenges-r3p60piq,,ACTIVE,FREE,,,
mem_cmqcrxg6t0jyh0tsyfya82p38,,pln_legacy-standard-garment-styling-o4p70pjf,,ACTIVE,FREE,,,
mem_cmqcrxg6t0jyh0tsyfya82p38,,pln_legacy-start-to-finish-fairisle-sweater-7zh0j37,,ACTIVE,FREE,,,
mem_cmqcrxg6t0jyh0tsyfya82p38,,pln_legacy-pattern-drafting-for-fit-9md0j74,,ACTIVE,FREE,,,
mem_cmqcrxg6t0jyh0tsyfya82p38,,pln_legacy-stitch-designer-201-90e0jpb,,ACTIVE,FREE,,,
mem_cmqcrxg6t0jyh0tsyfya82p38,,pln_legacy-original-pattern-drafting-101-jkp50pyg,,ACTIVE,FREE,,,
mem_cmqcrxg6t0jyh0tsyfya82p38,,pln_legacy-stitch-designer-101-qdc0jyz,,ACTIVE,FREE,,,
mem_cmqcrxg6t0jyh0tsyfya82p38,,pln_legacy-graphics-studio-jhp90pnm,,ACTIVE,FREE,,,
mem_cmqcrxgbr0jyq0tsy10pm6ude,,pln_legacy-standard-garment-styling-o4p70pjf,,ACTIVE,FREE,,,
mem_cmqcrxgbr0jyq0tsy10pm6ude,,pln_legacy-eleven-design-challenges-r3p60piq,,ACTIVE,FREE,,,
mem_cmqcrxgbr0jyq0tsy10pm6ude,,pln_legacy-designaknit-and-lace-ffg0j0k,,ACTIVE,FREE,,,
mem_cmqcrxgbr0jyq0tsy10pm6ude,,pln_legacy-stitch-designer-201-90e0jpb,,ACTIVE,FREE,,,
mem_cmqcrxgbr0jyq0tsy10pm6ude,,pln_legacy-original-pattern-drafting-101-jkp50pyg,,ACTIVE,FREE,,,
mem_cmqcrxgbr0jyq0tsy10pm6ude,,pln_legacy-stitch-designer-101-qdc0jyz,,ACTIVE,FREE,,,
mem_cmqcrxgbr0jyq0tsy10pm6ude,,pln_legacy-graphics-studio-jhp90pnm,,ACTIVE,FREE,,,
mem_cmqcrxgf90jz00tsy20ir4jbo,,pln_legacy-standard-garment-styling-o4p70pjf,,ACTIVE,FREE,,,
mem_cmqcrxgf90jz00tsy20ir4jbo,,pln_legacy-eleven-design-challenges-r3p60piq,,ACTIVE,FREE,,,
mem_cmqcrxgf90jz00tsy20ir4jbo,,pln_legacy-dak-9-what-s-new-aexa0or5,,ACTIVE,FREE,,,
mem_cmqcrxgf90jz00tsy20ir4jbo,,pln_legacy-pattern-drafting-for-fit-9md0j74,,ACTIVE,FREE,,,
mem_cmqcrxgf90jz00tsy20ir4jbo,,pln_legacy-stitch-designer-201-90e0jpb,,ACTIVE,FREE,,,
mem_cmqcrxgf90jz00tsy20ir4jbo,,pln_legacy-original-pattern-drafting-101-jkp50pyg,,ACTIVE,FREE,,,
mem_cmqcrxgf90jz00tsy20ir4jbo,,pln_legacy-stitch-designer-101-qdc0jyz,,ACTIVE,FREE,,,
mem_cmqcrxgf90jz00tsy20ir4jbo,,pln_legacy-graphics-studio-jhp90pnm,,ACTIVE,FREE,,,
mem_cmqcrxgii0jz40tsyfij2cbk5,,pln_legacy-standard-garment-styling-o4p70pjf,,ACTIVE,FREE,,,
mem_cmqcrxgii0jz40tsyfij2cbk5,,pln_legacy-pattern-drafting-for-fit-9md0j74,,ACTIVE,FREE,,,
mem_cmqcrxgii0jz40tsyfij2cbk5,,pln_legacy-original-pattern-drafting-101-jkp50pyg,,ACTIVE,FREE,,,
mem_cmqcrxgot0jzb0tsy86swh1a8,,pln_legacy-standard-garment-styling-o4p70pjf,,ACTIVE,FREE,,,
mem_cmqcrxgot0jzb0tsy86swh1a8,,pln_legacy-dak-9-what-s-new-aexa0or5,,ACTIVE,FREE,,,
mem_cmqcrxgot0jzb0tsy86swh1a8,,pln_legacy-start-to-finish-fairisle-sweater-7zh0j37,,ACTIVE,FREE,,,
mem_cmqcrxgot0jzb0tsy86swh1a8,,pln_legacy-original-pattern-drafting-101-jkp50pyg,,ACTIVE,FREE,,,
mem_cmqcrxgs90jze0tsyeexg173i,,pln_legacy-standard-garment-styling-o4p70pjf,,ACTIVE,FREE,,,
mem_cmqcrxgs90jze0tsyeexg173i,,pln_legacy-stitch-designer-101-qdc0jyz,,ACTIVE,FREE,,,
mem_cmqcrxgw40jzk0tsy61811p4j,,pln_legacy-standard-garment-styling-o4p70pjf,,ACTIVE,FREE,,,
mem_cmqcrxgw40jzk0tsy61811p4j,,pln_legacy-dak-9-what-s-new-aexa0or5,,ACTIVE,FREE,,,
mem_cmqcrxgw40jzk0tsy61811p4j,,pln_legacy-pattern-drafting-for-fit-9md0j74,,ACTIVE,FREE,,,
mem_cmqcrxgw40jzk0tsy61811p4j,,pln_legacy-stitch-designer-201-90e0jpb,,ACTIVE,FREE,,,
mem_cmqcrxgw40jzk0tsy61811p4j,,pln_legacy-stitch-designer-101-qdc0jyz,,ACTIVE,FREE,,,
mem_cmqcrxh020jzn0tsy0kflcl1y,,pln_legacy-stitch-designer-101-qdc0jyz,,ACTIVE,FREE,,,
mem_cmqcrxh3g0jzq0tsy555ag1qm,,pln_legacy-stitch-designer-201-90e0jpb,,ACTIVE,FREE,,,
mem_cmqcrxh3g0jzq0tsy555ag1qm,,pln_legacy-stitch-designer-101-qdc0jyz,,ACTIVE,FREE,,,
mem_cmqcrxh6o0k020tsyewx0exrb,,pln_legacy-standard-garment-styling-o4p70pjf,,ACTIVE,FREE,,,
mem_cmqcrxh6o0k020tsyewx0exrb,,pln_legacy-eleven-design-challenges-r3p60piq,,ACTIVE,FREE,,,
mem_cmqcrxh6o0k020tsyewx0exrb,,pln_legacy-dak-9-what-s-new-aexa0or5,,ACTIVE,FREE,,,
mem_cmqcrxh6o0k020tsyewx0exrb,,pln_legacy-start-to-finish-fairisle-sweater-7zh0j37,,ACTIVE,FREE,,,
mem_cmqcrxh6o0k020tsyewx0exrb,,pln_legacy-designaknit-and-lace-ffg0j0k,,ACTIVE,FREE,,,
mem_cmqcrxh6o0k020tsyewx0exrb,,pln_legacy-pattern-drafting-for-fit-9md0j74,,ACTIVE,FREE,,,
mem_cmqcrxh6o0k020tsyewx0exrb,,pln_legacy-custom-raglan-hoodie-1upb0pq9,,ACTIVE,FREE,,,
mem_cmqcrxh6o0k020tsyewx0exrb,,pln_legacy-stitch-designer-201-90e0jpb,,ACTIVE,FREE,,,
mem_cmqcrxh6o0k020tsyewx0exrb,,pln_legacy-original-pattern-drafting-101-jkp50pyg,,ACTIVE,FREE,,,
mem_cmqcrxh6o0k020tsyewx0exrb,,pln_legacy-stitch-designer-101-qdc0jyz,,ACTIVE,FREE,,,
mem_cmqcrxh6o0k020tsyewx0exrb,,pln_legacy-graphics-studio-jhp90pnm,,ACTIVE,FREE,,,
mem_cmqcrxh9v0k040tsyd1zghu25,,pln_legacy-standard-garment-styling-o4p70pjf,,ACTIVE,FREE,,,
mem_cmqcrxhf80k0h0tsybhh88493,,pln_legacy-standard-garment-styling-o4p70pjf,,ACTIVE,FREE,,,
mem_cmqcrxhf80k0h0tsybhh88493,,pln_legacy-designaknit-quick-start-zap80pd8,,ACTIVE,FREE,,,
mem_cmqcrxhf80k0h0tsybhh88493,,pln_legacy-designaknit-and-lace-ffg0j0k,,ACTIVE,FREE,,,
mem_cmqcrxhf80k0h0tsybhh88493,,pln_legacy-stitch-designer-201-90e0jpb,,ACTIVE,FREE,,,
mem_cmqcrxhf80k0h0tsybhh88493,,pln_legacy-original-pattern-drafting-101-jkp50pyg,,ACTIVE,FREE,,,
mem_cmqcrxhf80k0h0tsybhh88493,,pln_legacy-stitch-designer-101-qdc0jyz,,ACTIVE,FREE,,,
mem_cmqcrxhf80k0h0tsybhh88493,,pln_legacy-graphics-studio-jhp90pnm,,ACTIVE,FREE,,,
mem_cmqcrxhk60k0m0tsy0csx4248,,pln_legacy-pattern-drafting-for-fit-9md0j74,,ACTIVE,FREE,,,
mem_cmqcrxho40k0w0tsyckeybm3f,,pln_legacy-standard-garment-styling-o4p70pjf,,ACTIVE,FREE,,,
mem_cmqcrxho40k0w0tsyckeybm3f,,pln_legacy-eleven-design-challenges-r3p60piq,,ACTIVE,FREE,,,
mem_cmqcrxho40k0w0tsyckeybm3f,,pln_legacy-start-to-finish-fairisle-sweater-7zh0j37,,ACTIVE,FREE,,,
mem_cmqcrxho40k0w0tsyckeybm3f,,pln_legacy-pattern-drafting-for-fit-9md0j74,,ACTIVE,FREE,,,
mem_cmqcrxho40k0w0tsyckeybm3f,,pln_legacy-stitch-designer-201-90e0jpb,,ACTIVE,FREE,,,
mem_cmqcrxho40k0w0tsyckeybm3f,,pln_legacy-original-pattern-drafting-101-jkp50pyg,,ACTIVE,FREE,,,
mem_cmqcrxho40k0w0tsyckeybm3f,,pln_legacy-stitch-designer-101-qdc0jyz,,ACTIVE,FREE,,,
mem_cmqcrxho40k0w0tsyckeybm3f,,pln_legacy-graphics-studio-jhp90pnm,,ACTIVE,FREE,,,
mem_cmqcrxhri0k0z0tsy8v254lqe,,pln_legacy-original-pattern-drafting-101-jkp50pyg,,ACTIVE,FREE,,,
mem_cmqcrxhvw0k160tsy7egm5izh,,pln_legacy-stitch-designer-201-90e0jpb,,ACTIVE,FREE,,,
mem_cmqcrxi000k1e0tsy911k65pt,,pln_legacy-original-pattern-drafting-101-jkp50pyg,,ACTIVE,FREE,,,
mem_cmqcrxi000k1e0tsy911k65pt,,pln_legacy-stitch-designer-101-qdc0jyz,,ACTIVE,FREE,,,
mem_cmqcrxi000k1e0tsy911k65pt,,pln_legacy-graphics-studio-jhp90pnm,,ACTIVE,FREE,,,
mem_cmqcrxi460k1l0tsyhqtbf423,,pln_legacy-standard-garment-styling-o4p70pjf,,ACTIVE,FREE,,,
mem_cmqcrxi460k1l0tsyhqtbf423,,pln_legacy-designaknit-and-lace-ffg0j0k,,ACTIVE,FREE,,,
mem_cmqcrxi460k1l0tsyhqtbf423,,pln_legacy-pattern-drafting-for-fit-9md0j74,,ACTIVE,FREE,,,
mem_cmqcrxi460k1l0tsyhqtbf423,,pln_legacy-stitch-designer-201-90e0jpb,,ACTIVE,FREE,,,
mem_cmqcrxi460k1l0tsyhqtbf423,,pln_legacy-original-pattern-drafting-101-jkp50pyg,,ACTIVE,FREE,,,
mem_cmqcrxi460k1l0tsyhqtbf423,,pln_legacy-stitch-designer-101-qdc0jyz,,ACTIVE,FREE,,,
mem_cmqcrxi7r0k1w0tsy4naw4t96,,pln_legacy-standard-garment-styling-o4p70pjf,,ACTIVE,FREE,,,
mem_cmqcrxi7r0k1w0tsy4naw4t96,,pln_legacy-eleven-design-challenges-r3p60piq,,ACTIVE,FREE,,,
mem_cmqcrxi7r0k1w0tsy4naw4t96,,pln_legacy-dak-9-what-s-new-aexa0or5,,ACTIVE,FREE,,,
mem_cmqcrxi7r0k1w0tsy4naw4t96,,pln_legacy-start-to-finish-fairisle-sweater-7zh0j37,,ACTIVE,FREE,,,
mem_cmqcrxi7r0k1w0tsy4naw4t96,,pln_legacy-designaknit-and-lace-ffg0j0k,,ACTIVE,FREE,,,
mem_cmqcrxi7r0k1w0tsy4naw4t96,,pln_legacy-pattern-drafting-for-fit-9md0j74,,ACTIVE,FREE,,,
mem_cmqcrxi7r0k1w0tsy4naw4t96,,pln_legacy-custom-raglan-hoodie-1upb0pq9,,ACTIVE,FREE,,,
mem_cmqcrxi7r0k1w0tsy4naw4t96,,pln_legacy-stitch-designer-201-90e0jpb,,ACTIVE,FREE,,,
mem_cmqcrxi7r0k1w0tsy4naw4t96,,pln_legacy-original-pattern-drafting-101-jkp50pyg,,ACTIVE,FREE,,,
mem_cmqcrxi7r0k1w0tsy4naw4t96,,pln_legacy-stitch-designer-101-qdc0jyz,,ACTIVE,FREE,,,
mem_cmqcrxibh0k1y0tsydx4eh0s7,,pln_legacy-original-pattern-drafting-101-jkp50pyg,,ACTIVE,FREE,,,
mem_cmqcrxieq0k210tsy90cadxk7,,pln_legacy-stitch-designer-101-qdc0jyz,,ACTIVE,FREE,,,
mem_cmqcrxihu0k230tsycg2vggqj,,pln_legacy-standard-garment-styling-o4p70pjf,,ACTIVE,FREE,,,
mem_cmqcrxil00k2b0tsy15sd94yg,,pln_legacy-standard-garment-styling-o4p70pjf,,ACTIVE,FREE,,,
mem_cmqcrxil00k2b0tsy15sd94yg,,pln_legacy-eleven-design-challenges-r3p60piq,,ACTIVE,FREE,,,
mem_cmqcrxil00k2b0tsy15sd94yg,,pln_legacy-dak-9-what-s-new-aexa0or5,,ACTIVE,FREE,,,
mem_cmqcrxil00k2b0tsy15sd94yg,,pln_legacy-designaknit-and-lace-ffg0j0k,,ACTIVE,FREE,,,
mem_cmqcrxil00k2b0tsy15sd94yg,,pln_legacy-stitch-designer-201-90e0jpb,,ACTIVE,FREE,,,
mem_cmqcrxil00k2b0tsy15sd94yg,,pln_legacy-stitch-designer-101-qdc0jyz,,ACTIVE,FREE,,,
mem_cmqcrxil00k2b0tsy15sd94yg,,pln_legacy-graphics-studio-jhp90pnm,,ACTIVE,FREE,,,
mem_cmqcrxioe0k2f0tsy4mq98h55,,pln_legacy-stitch-designer-201-90e0jpb,,ACTIVE,FREE,,,
mem_cmqcrxioe0k2f0tsy4mq98h55,,pln_legacy-stitch-designer-101-qdc0jyz,,ACTIVE,FREE,,,
mem_cmqcrxitq0k2i0tsydfjd4ic9,,pln_legacy-standard-garment-styling-o4p70pjf,,ACTIVE,FREE,,,
mem_cmqcrxixr0k2m0tsyfz14bwwj,,pln_legacy-custom-raglan-hoodie-1upb0pq9,,ACTIVE,FREE,,,
mem_cmqcrxixr0k2m0tsyfz14bwwj,,pln_legacy-original-pattern-drafting-101-jkp50pyg,,ACTIVE,FREE,,,
mem_cmqcrxj120k2s0tsy204h4k7n,,pln_legacy-standard-garment-styling-o4p70pjf,,ACTIVE,FREE,,,
mem_cmqcrxj120k2s0tsy204h4k7n,,pln_legacy-stitch-designer-201-90e0jpb,,ACTIVE,FREE,,,
mem_cmqcrxj120k2s0tsy204h4k7n,,pln_legacy-original-pattern-drafting-101-jkp50pyg,,ACTIVE,FREE,,,
mem_cmqcrxj120k2s0tsy204h4k7n,,pln_legacy-stitch-designer-101-qdc0jyz,,ACTIVE,FREE,,,
mem_cmqcrxj120k2s0tsy204h4k7n,,pln_legacy-graphics-studio-jhp90pnm,,ACTIVE,FREE,,,
mem_cmqcrxj4a0k2u0tsyffp9b7rf,,pln_legacy-stitch-designer-101-qdc0jyz,,ACTIVE,FREE,,,
mem_cmqcrxj7n0k340tsy1c5164qz,,pln_legacy-standard-garment-styling-o4p70pjf,,ACTIVE,FREE,,,
mem_cmqcrxj7n0k340tsy1c5164qz,,pln_legacy-eleven-design-challenges-r3p60piq,,ACTIVE,FREE,,,
mem_cmqcrxj7n0k340tsy1c5164qz,,pln_legacy-dak-9-what-s-new-aexa0or5,,ACTIVE,FREE,,,
mem_cmqcrxj7n0k340tsy1c5164qz,,pln_legacy-start-to-finish-fairisle-sweater-7zh0j37,,ACTIVE,FREE,,,
mem_cmqcrxj7n0k340tsy1c5164qz,,pln_legacy-pattern-drafting-for-fit-9md0j74,,ACTIVE,FREE,,,
mem_cmqcrxj7n0k340tsy1c5164qz,,pln_legacy-stitch-designer-201-90e0jpb,,ACTIVE,FREE,,,
mem_cmqcrxj7n0k340tsy1c5164qz,,pln_legacy-original-pattern-drafting-101-jkp50pyg,,ACTIVE,FREE,,,
mem_cmqcrxj7n0k340tsy1c5164qz,,pln_legacy-stitch-designer-101-qdc0jyz,,ACTIVE,FREE,,,
mem_cmqcrxj7n0k340tsy1c5164qz,,pln_legacy-graphics-studio-jhp90pnm,,ACTIVE,FREE,,,
mem_cmqcrxjav0k370tsy0hqa0y80,,pln_legacy-standard-garment-styling-o4p70pjf,,ACTIVE,FREE,,,
mem_cmqcrxjav0k370tsy0hqa0y80,,pln_legacy-stitch-designer-101-qdc0jyz,,ACTIVE,FREE,,,
mem_cmqcrxje20k3a0tsy8w0c88dr,,pln_legacy-stitch-designer-201-90e0jpb,,ACTIVE,FREE,,,
mem_cmqcrxje20k3a0tsy8w0c88dr,,pln_legacy-stitch-designer-101-qdc0jyz,,ACTIVE,FREE,,,
mem_cmqcrxjhe0k3d0tsydyppfdx9,,pln_legacy-standard-garment-styling-o4p70pjf,,ACTIVE,FREE,,,
mem_cmqcrxjkm0k3f0tsyfvub043q,,pln_legacy-stitch-designer-101-qdc0jyz,,ACTIVE,FREE,,,
mem_cmqcrxjnq0k3h0tsy9y2wdkrk,,pln_legacy-standard-garment-styling-o4p70pjf,,ACTIVE,FREE,,,
mem_cmqcrxjs10k3t0tsy63wh0eo1,,pln_legacy-standard-garment-styling-o4p70pjf,,ACTIVE,FREE,,,
mem_cmqcrxjs10k3t0tsy63wh0eo1,,pln_legacy-eleven-design-challenges-r3p60piq,,ACTIVE,FREE,,,
mem_cmqcrxjs10k3t0tsy63wh0eo1,,pln_legacy-dak-9-what-s-new-aexa0or5,,ACTIVE,FREE,,,
mem_cmqcrxjs10k3t0tsy63wh0eo1,,pln_legacy-start-to-finish-fairisle-sweater-7zh0j37,,ACTIVE,FREE,,,
mem_cmqcrxjs10k3t0tsy63wh0eo1,,pln_legacy-designaknit-and-lace-ffg0j0k,,ACTIVE,FREE,,,
mem_cmqcrxjs10k3t0tsy63wh0eo1,,pln_legacy-pattern-drafting-for-fit-9md0j74,,ACTIVE,FREE,,,
mem_cmqcrxjs10k3t0tsy63wh0eo1,,pln_legacy-custom-raglan-hoodie-1upb0pq9,,ACTIVE,FREE,,,
mem_cmqcrxjs10k3t0tsy63wh0eo1,,pln_legacy-stitch-designer-201-90e0jpb,,ACTIVE,FREE,,,
mem_cmqcrxjs10k3t0tsy63wh0eo1,,pln_legacy-original-pattern-drafting-101-jkp50pyg,,ACTIVE,FREE,,,
mem_cmqcrxjs10k3t0tsy63wh0eo1,,pln_legacy-stitch-designer-101-qdc0jyz,,ACTIVE,FREE,,,
mem_cmqcrxjs10k3t0tsy63wh0eo1,,pln_legacy-graphics-studio-jhp90pnm,,ACTIVE,FREE,,,
mem_cmqcrxjz80k3w0tsy1agq8klt,,pln_legacy-standard-garment-styling-o4p70pjf,,ACTIVE,FREE,,,
mem_cmqcrxk3a0k440tsybtpm1s8r,,pln_legacy-designaknit-and-lace-ffg0j0k,,ACTIVE,FREE,,,
mem_cmqcrxk3a0k440tsybtpm1s8r,,pln_legacy-stitch-designer-201-90e0jpb,,ACTIVE,FREE,,,
mem_cmqcrxk3a0k440tsybtpm1s8r,,pln_legacy-stitch-designer-101-qdc0jyz,,ACTIVE,FREE,,,
mem_cmqcrxk3a0k440tsybtpm1s8r,,pln_legacy-graphics-studio-jhp90pnm,,ACTIVE,FREE,,,
mem_cmqcrxk700k4f0tsy4usy8jsm,,pln_legacy-standard-garment-styling-o4p70pjf,,ACTIVE,FREE,,,
mem_cmqcrxk700k4f0tsy4usy8jsm,,pln_legacy-start-to-finish-fairisle-sweater-7zh0j37,,ACTIVE,FREE,,,
mem_cmqcrxk700k4f0tsy4usy8jsm,,pln_legacy-pattern-drafting-for-fit-9md0j74,,ACTIVE,FREE,,,
mem_cmqcrxk700k4f0tsy4usy8jsm,,pln_legacy-stitch-designer-201-90e0jpb,,ACTIVE,FREE,,,
mem_cmqcrxk700k4f0tsy4usy8jsm,,pln_legacy-original-pattern-drafting-101-jkp50pyg,,ACTIVE,FREE,,,
mem_cmqcrxk700k4f0tsy4usy8jsm,,pln_legacy-stitch-designer-101-qdc0jyz,,ACTIVE,FREE,,,
mem_cmqcrxk700k4f0tsy4usy8jsm,,pln_legacy-graphics-studio-jhp90pnm,,ACTIVE,FREE,,,
mem_cmqcrxkbp0k4i0tsy4x3w2rmh,,pln_legacy-lk150-getting-the-most-from-designaknit-zxpa0pee,,ACTIVE,FREE,,,
mem_cmqcrxkf30k4y0tsyddyn7a9r,,pln_legacy-standard-garment-styling-o4p70pjf,,ACTIVE,FREE,,,
mem_cmqcrxkf30k4y0tsyddyn7a9r,,pln_legacy-eleven-design-challenges-r3p60piq,,ACTIVE,FREE,,,
mem_cmqcrxkf30k4y0tsyddyn7a9r,,pln_legacy-designaknit-quick-start-zap80pd8,,ACTIVE,FREE,,,
mem_cmqcrxkf30k4y0tsyddyn7a9r,,pln_legacy-dak-9-what-s-new-aexa0or5,,ACTIVE,FREE,,,
mem_cmqcrxkf30k4y0tsyddyn7a9r,,pln_legacy-plus-size-sweaters-nyxg0o0g,,ACTIVE,FREE,,,
mem_cmqcrxkf30k4y0tsyddyn7a9r,,pln_legacy-start-to-finish-fairisle-sweater-7zh0j37,,ACTIVE,FREE,,,
mem_cmqcrxkf30k4y0tsyddyn7a9r,,pln_legacy-designaknit-and-lace-ffg0j0k,,ACTIVE,FREE,,,
mem_cmqcrxkf30k4y0tsyddyn7a9r,,pln_legacy-pattern-drafting-for-fit-9md0j74,,ACTIVE,FREE,,,
mem_cmqcrxkf30k4y0tsyddyn7a9r,,pln_legacy-custom-raglan-hoodie-1upb0pq9,,ACTIVE,FREE,,,
mem_cmqcrxkf30k4y0tsyddyn7a9r,,pln_legacy-stitch-designer-201-90e0jpb,,ACTIVE,FREE,,,
mem_cmqcrxkf30k4y0tsyddyn7a9r,,pln_legacy-original-pattern-drafting-101-jkp50pyg,,ACTIVE,FREE,,,
mem_cmqcrxkf30k4y0tsyddyn7a9r,,pln_legacy-stitch-designer-101-qdc0jyz,,ACTIVE,FREE,,,
mem_cmqcrxkf30k4y0tsyddyn7a9r,,pln_legacy-graphics-studio-jhp90pnm,,ACTIVE,FREE,,,
mem_cmqcrxkf30k4y0tsyddyn7a9r,,pln_legacy-lk150-getting-the-most-from-designaknit-zxpa0pee,,ACTIVE,FREE,,,
mem_cmqcrxkjb0k560tsy2l90823j,,pln_legacy-designaknit-and-lace-ffg0j0k,,ACTIVE,FREE,,,
mem_cmqcrxknh0k5c0tsy7yiael99,,pln_legacy-graphics-studio-jhp90pnm,,ACTIVE,FREE,,,
mem_cmqcrxkrk0k5f0tsygcvl7jw7,,pln_legacy-standard-garment-styling-o4p70pjf,,ACTIVE,FREE,,,
mem_cmqcrxkuq0k5l0tsy81biboww,,pln_legacy-pattern-drafting-for-fit-9md0j74,,ACTIVE,FREE,,,
mem_cmqcrxkuq0k5l0tsy81biboww,,pln_legacy-stitch-designer-201-90e0jpb,,ACTIVE,FREE,,,
mem_cmqcrxkuq0k5l0tsy81biboww,,pln_legacy-original-pattern-drafting-101-jkp50pyg,,ACTIVE,FREE,,,
mem_cmqcrxkuq0k5l0tsy81biboww,,pln_legacy-stitch-designer-101-qdc0jyz,,ACTIVE,FREE,,,
mem_cmqcrxkuq0k5l0tsy81biboww,,pln_legacy-graphics-studio-jhp90pnm,,ACTIVE,FREE,,,
mem_cmqcrxky00k5n0tsy526rc8v0,,pln_legacy-stitch-designer-101-qdc0jyz,,ACTIVE,FREE,,,
mem_cmqcrxl1d0k5w0tsy7fkwfv28,,pln_legacy-standard-garment-styling-o4p70pjf,,ACTIVE,FREE,,,
mem_cmqcrxl1d0k5w0tsy7fkwfv28,,pln_legacy-eleven-design-challenges-r3p60piq,,ACTIVE,FREE,,,
mem_cmqcrxl1d0k5w0tsy7fkwfv28,,pln_legacy-pattern-drafting-for-fit-9md0j74,,ACTIVE,FREE,,,
mem_cmqcrxl1d0k5w0tsy7fkwfv28,,pln_legacy-stitch-designer-201-90e0jpb,,ACTIVE,FREE,,,
mem_cmqcrxl1d0k5w0tsy7fkwfv28,,pln_legacy-original-pattern-drafting-101-jkp50pyg,,ACTIVE,FREE,,,
mem_cmqcrxl1d0k5w0tsy7fkwfv28,,pln_legacy-stitch-designer-101-qdc0jyz,,ACTIVE,FREE,,,
mem_cmqcrxl1d0k5w0tsy7fkwfv28,,pln_legacy-graphics-studio-jhp90pnm,,ACTIVE,FREE,,,
mem_cmqcrxl4s0k5y0tsy89x67uc2,,pln_legacy-eleven-design-challenges-r3p60piq,,ACTIVE,FREE,,,
mem_cmqcrxl800k600tsy0jzzh6g9,,pln_legacy-dak-9-what-s-new-aexa0or5,,ACTIVE,FREE,,,
mem_cmqcrxlbm0k630tsyc303aeux,,pln_legacy-standard-garment-styling-o4p70pjf,,ACTIVE,FREE,,,
mem_cmqcrxlgb0k6a0tsyh55mft7n,,pln_legacy-standard-garment-styling-o4p70pjf,,ACTIVE,FREE,,,
mem_cmqcrxlgb0k6a0tsyh55mft7n,,pln_legacy-pattern-drafting-for-fit-9md0j74,,ACTIVE,FREE,,,
mem_cmqcrxlgb0k6a0tsyh55mft7n,,pln_legacy-custom-raglan-hoodie-1upb0pq9,,ACTIVE,FREE,,,
mem_cmqcrxlgb0k6a0tsyh55mft7n,,pln_legacy-original-pattern-drafting-101-jkp50pyg,,ACTIVE,FREE,,,
mem_cmqcrxlgb0k6a0tsyh55mft7n,,pln_legacy-stitch-designer-101-qdc0jyz,,ACTIVE,FREE,,,
mem_cmqcrxljt0k6l0tsye4l30pj5,,pln_legacy-standard-garment-styling-o4p70pjf,,ACTIVE,FREE,,,
mem_cmqcrxljt0k6l0tsye4l30pj5,,pln_legacy-eleven-design-challenges-r3p60piq,,ACTIVE,FREE,,,
mem_cmqcrxljt0k6l0tsye4l30pj5,,pln_legacy-start-to-finish-fairisle-sweater-7zh0j37,,ACTIVE,FREE,,,
mem_cmqcrxljt0k6l0tsye4l30pj5,,pln_legacy-designaknit-and-lace-ffg0j0k,,ACTIVE,FREE,,,
mem_cmqcrxljt0k6l0tsye4l30pj5,,pln_legacy-pattern-drafting-for-fit-9md0j74,,ACTIVE,FREE,,,
mem_cmqcrxljt0k6l0tsye4l30pj5,,pln_legacy-stitch-designer-201-90e0jpb,,ACTIVE,FREE,,,
mem_cmqcrxljt0k6l0tsye4l30pj5,,pln_legacy-original-pattern-drafting-101-jkp50pyg,,ACTIVE,FREE,,,
mem_cmqcrxljt0k6l0tsye4l30pj5,,pln_legacy-stitch-designer-101-qdc0jyz,,ACTIVE,FREE,,,
mem_cmqcrxljt0k6l0tsye4l30pj5,,pln_legacy-graphics-studio-jhp90pnm,,ACTIVE,FREE,,,
mem_cmqcrxlmy0k6o0tsyf87zhccq,,pln_legacy-eleven-design-challenges-r3p60piq,,ACTIVE,FREE,,,
mem_cmqcrxlmy0k6o0tsyf87zhccq,,pln_legacy-pattern-drafting-for-fit-9md0j74,,ACTIVE,FREE,,,
mem_cmqcrxlq50k6t0tsyenlretsl,,pln_legacy-designaknit-and-lace-ffg0j0k,,ACTIVE,FREE,,,
mem_cmqcrxlq50k6t0tsyenlretsl,,pln_legacy-stitch-designer-201-90e0jpb,,ACTIVE,FREE,,,
mem_cmqcrxlq50k6t0tsyenlretsl,,pln_legacy-stitch-designer-101-qdc0jyz,,ACTIVE,FREE,,,
mem_cmqcrxlq50k6t0tsyenlretsl,,pln_legacy-graphics-studio-jhp90pnm,,ACTIVE,FREE,,,
mem_cmqcrxltf0k6z0tsy7jmg144i,,pln_legacy-standard-garment-styling-o4p70pjf,,ACTIVE,FREE,,,
mem_cmqcrxltf0k6z0tsy7jmg144i,,pln_legacy-dak-9-what-s-new-aexa0or5,,ACTIVE,FREE,,,
mem_cmqcrxltf0k6z0tsy7jmg144i,,pln_legacy-stitch-designer-201-90e0jpb,,ACTIVE,FREE,,,
mem_cmqcrxltf0k6z0tsy7jmg144i,,pln_legacy-original-pattern-drafting-101-jkp50pyg,,ACTIVE,FREE,,,
mem_cmqcrxltf0k6z0tsy7jmg144i,,pln_legacy-stitch-designer-101-qdc0jyz,,ACTIVE,FREE,,,
mem_cmqcrxlx40k710tsy41k6egdk,,pln_legacy-graphics-studio-jhp90pnm,,ACTIVE,FREE,,,
mem_cmqcrxm0v0k770tsyey3k9cn9,,pln_legacy-standard-garment-styling-o4p70pjf,,ACTIVE,FREE,,,
mem_cmqcrxm0v0k770tsyey3k9cn9,,pln_legacy-pattern-drafting-for-fit-9md0j74,,ACTIVE,FREE,,,
mem_cmqcrxm0v0k770tsyey3k9cn9,,pln_legacy-original-pattern-drafting-101-jkp50pyg,,ACTIVE,FREE,,,
mem_cmqcrxm0v0k770tsyey3k9cn9,,pln_legacy-graphics-studio-jhp90pnm,,ACTIVE,FREE,,,
mem_cmqcrxm410k7m0tsy2pu27ony,,pln_legacy-standard-garment-styling-o4p70pjf,,ACTIVE,FREE,,,
mem_cmqcrxm410k7m0tsy2pu27ony,,pln_legacy-eleven-design-challenges-r3p60piq,,ACTIVE,FREE,,,
mem_cmqcrxm410k7m0tsy2pu27ony,,pln_legacy-designaknit-quick-start-zap80pd8,,ACTIVE,FREE,,,
mem_cmqcrxm410k7m0tsy2pu27ony,,pln_legacy-dak-9-what-s-new-aexa0or5,,ACTIVE,FREE,,,
mem_cmqcrxm410k7m0tsy2pu27ony,,pln_legacy-plus-size-sweaters-nyxg0o0g,,ACTIVE,FREE,,,
mem_cmqcrxm410k7m0tsy2pu27ony,,pln_legacy-start-to-finish-fairisle-sweater-7zh0j37,,ACTIVE,FREE,,,
mem_cmqcrxm410k7m0tsy2pu27ony,,pln_legacy-designaknit-and-lace-ffg0j0k,,ACTIVE,FREE,,,
mem_cmqcrxm410k7m0tsy2pu27ony,,pln_legacy-pattern-drafting-for-fit-9md0j74,,ACTIVE,FREE,,,
mem_cmqcrxm410k7m0tsy2pu27ony,,pln_legacy-custom-raglan-hoodie-1upb0pq9,,ACTIVE,FREE,,,
mem_cmqcrxm410k7m0tsy2pu27ony,,pln_legacy-stitch-designer-201-90e0jpb,,ACTIVE,FREE,,,
mem_cmqcrxm410k7m0tsy2pu27ony,,pln_legacy-original-pattern-drafting-101-jkp50pyg,,ACTIVE,FREE,,,
mem_cmqcrxm410k7m0tsy2pu27ony,,pln_legacy-stitch-designer-101-qdc0jyz,,ACTIVE,FREE,,,
mem_cmqcrxm410k7m0tsy2pu27ony,,pln_legacy-graphics-studio-jhp90pnm,,ACTIVE,FREE,,,
mem_cmqcrxm410k7m0tsy2pu27ony,,pln_legacy-lk150-getting-the-most-from-designaknit-zxpa0pee,,ACTIVE,FREE,,,
mem_cmqcrxm7z0k7r0tsygnegdwo3,,pln_legacy-designaknit-and-lace-ffg0j0k,,ACTIVE,FREE,,,
mem_cmqcrxm7z0k7r0tsygnegdwo3,,pln_legacy-stitch-designer-201-90e0jpb,,ACTIVE,FREE,,,
mem_cmqcrxm7z0k7r0tsygnegdwo3,,pln_legacy-stitch-designer-101-qdc0jyz,,ACTIVE,FREE,,,
mem_cmqcrxm7z0k7r0tsygnegdwo3,,pln_legacy-graphics-studio-jhp90pnm,,ACTIVE,FREE,,,
mem_cmqcrxmbc0k7w0tsy6f702wbk,,pln_legacy-standard-garment-styling-o4p70pjf,,ACTIVE,FREE,,,
mem_cmqcrxmbc0k7w0tsy6f702wbk,,pln_legacy-start-to-finish-fairisle-sweater-7zh0j37,,ACTIVE,FREE,,,
mem_cmqcrxmbc0k7w0tsy6f702wbk,,pln_legacy-pattern-drafting-for-fit-9md0j74,,ACTIVE,FREE,,,
mem_cmqcrxmbc0k7w0tsy6f702wbk,,pln_legacy-stitch-designer-101-qdc0jyz,,ACTIVE,FREE,,,
mem_cmqcrxmfr0k7z0tsy5esccabv,,pln_legacy-stitch-designer-101-qdc0jyz,,ACTIVE,FREE,,,
mem_cmqcrxmja0k840tsy085pge9k,,pln_legacy-stitch-designer-201-90e0jpb,,ACTIVE,FREE,,,
mem_cmqcrxmn30k8j0tsy9ka9ceu4,,pln_legacy-standard-garment-styling-o4p70pjf,,ACTIVE,FREE,,,
mem_cmqcrxmn30k8j0tsy9ka9ceu4,,pln_legacy-eleven-design-challenges-r3p60piq,,ACTIVE,FREE,,,
mem_cmqcrxmn30k8j0tsy9ka9ceu4,,pln_legacy-dak-9-what-s-new-aexa0or5,,ACTIVE,FREE,,,
mem_cmqcrxmn30k8j0tsy9ka9ceu4,,pln_legacy-start-to-finish-fairisle-sweater-7zh0j37,,ACTIVE,FREE,,,
mem_cmqcrxmn30k8j0tsy9ka9ceu4,,pln_legacy-designaknit-and-lace-ffg0j0k,,ACTIVE,FREE,,,
mem_cmqcrxmn30k8j0tsy9ka9ceu4,,pln_legacy-pattern-drafting-for-fit-9md0j74,,ACTIVE,FREE,,,
mem_cmqcrxmn30k8j0tsy9ka9ceu4,,pln_legacy-custom-raglan-hoodie-1upb0pq9,,ACTIVE,FREE,,,
mem_cmqcrxmn30k8j0tsy9ka9ceu4,,pln_legacy-stitch-designer-201-90e0jpb,,ACTIVE,FREE,,,
mem_cmqcrxmn30k8j0tsy9ka9ceu4,,pln_legacy-original-pattern-drafting-101-jkp50pyg,,ACTIVE,FREE,,,
mem_cmqcrxmn30k8j0tsy9ka9ceu4,,pln_legacy-stitch-designer-101-qdc0jyz,,ACTIVE,FREE,,,
mem_cmqcrxmn30k8j0tsy9ka9ceu4,,pln_legacy-graphics-studio-jhp90pnm,,ACTIVE,FREE,,,
mem_cmqcrxmy10k8m0tsybfc73865,,pln_legacy-stitch-designer-101-qdc0jyz,,ACTIVE,FREE,,,
mem_cmqcrxnbx0k8p0tsy8nkid34m,,pln_legacy-stitch-designer-101-qdc0jyz,,ACTIVE,FREE,,,
mem_cmqcrxnfw0k8x0tsy74x0eu95,,pln_legacy-standard-garment-styling-o4p70pjf,,ACTIVE,FREE,,,
mem_cmqcrxnfw0k8x0tsy74x0eu95,,pln_legacy-original-pattern-drafting-101-jkp50pyg,,ACTIVE,FREE,,,
mem_cmqcrxnfw0k8x0tsy74x0eu95,,pln_legacy-stitch-designer-101-qdc0jyz,,ACTIVE,FREE,,,
mem_cmqcrxnjc0k900tsy0d5r3zxe,,pln_legacy-graphics-studio-jhp90pnm,,ACTIVE,FREE,,,
mem_cmqcrxnnr0k970tsye3ob5qr7,,pln_legacy-original-pattern-drafting-101-jkp50pyg,,ACTIVE,FREE,,,
mem_cmqcrxnnr0k970tsye3ob5qr7,,pln_legacy-stitch-designer-101-qdc0jyz,,ACTIVE,FREE,,,
mem_cmqcrxnsz0k9g0tsy9h9x6sfb,,pln_legacy-standard-garment-styling-o4p70pjf,,ACTIVE,FREE,,,
mem_cmqcrxnsz0k9g0tsy9h9x6sfb,,pln_legacy-eleven-design-challenges-r3p60piq,,ACTIVE,FREE,,,
mem_cmqcrxnsz0k9g0tsy9h9x6sfb,,pln_legacy-designaknit-and-lace-ffg0j0k,,ACTIVE,FREE,,,
mem_cmqcrxnsz0k9g0tsy9h9x6sfb,,pln_legacy-pattern-drafting-for-fit-9md0j74,,ACTIVE,FREE,,,
mem_cmqcrxnsz0k9g0tsy9h9x6sfb,,pln_legacy-stitch-designer-201-90e0jpb,,ACTIVE,FREE,,,
mem_cmqcrxnsz0k9g0tsy9h9x6sfb,,pln_legacy-original-pattern-drafting-101-jkp50pyg,,ACTIVE,FREE,,,
mem_cmqcrxnsz0k9g0tsy9h9x6sfb,,pln_legacy-graphics-studio-jhp90pnm,,ACTIVE,FREE,,,
mem_cmqcrxnws0k9i0tsy6pawdauk,,pln_legacy-stitch-designer-101-qdc0jyz,,ACTIVE,FREE,,,
mem_cmqcrxnzw0k9k0tsy6jea9zn6,,pln_legacy-stitch-designer-101-qdc0jyz,,ACTIVE,FREE,,,
mem_cmqcrxo3d0k9x0tsy4o4l4zep,,pln_legacy-standard-garment-styling-o4p70pjf,,ACTIVE,FREE,,,
mem_cmqcrxo3d0k9x0tsy4o4l4zep,,pln_legacy-eleven-design-challenges-r3p60piq,,ACTIVE,FREE,,,
mem_cmqcrxo3d0k9x0tsy4o4l4zep,,pln_legacy-dak-9-what-s-new-aexa0or5,,ACTIVE,FREE,,,
mem_cmqcrxo3d0k9x0tsy4o4l4zep,,pln_legacy-start-to-finish-fairisle-sweater-7zh0j37,,ACTIVE,FREE,,,
mem_cmqcrxo3d0k9x0tsy4o4l4zep,,pln_legacy-designaknit-and-lace-ffg0j0k,,ACTIVE,FREE,,,
mem_cmqcrxo3d0k9x0tsy4o4l4zep,,pln_legacy-pattern-drafting-for-fit-9md0j74,,ACTIVE,FREE,,,
mem_cmqcrxo3d0k9x0tsy4o4l4zep,,pln_legacy-custom-raglan-hoodie-1upb0pq9,,ACTIVE,FREE,,,
mem_cmqcrxo3d0k9x0tsy4o4l4zep,,pln_legacy-stitch-designer-201-90e0jpb,,ACTIVE,FREE,,,
mem_cmqcrxo3d0k9x0tsy4o4l4zep,,pln_legacy-original-pattern-drafting-101-jkp50pyg,,ACTIVE,FREE,,,
mem_cmqcrxo3d0k9x0tsy4o4l4zep,,pln_legacy-stitch-designer-101-qdc0jyz,,ACTIVE,FREE,,,
mem_cmqcrxo3d0k9x0tsy4o4l4zep,,pln_legacy-graphics-studio-jhp90pnm,,ACTIVE,FREE,,,
mem_cmqcrxo6z0ka50tsyexrt8yma,,pln_legacy-standard-garment-styling-o4p70pjf,,ACTIVE,FREE,,,
mem_cmqcrxo6z0ka50tsyexrt8yma,,pln_legacy-eleven-design-challenges-r3p60piq,,ACTIVE,FREE,,,
mem_cmqcrxo6z0ka50tsyexrt8yma,,pln_legacy-designaknit-and-lace-ffg0j0k,,ACTIVE,FREE,,,
mem_cmqcrxo6z0ka50tsyexrt8yma,,pln_legacy-pattern-drafting-for-fit-9md0j74,,ACTIVE,FREE,,,
mem_cmqcrxo6z0ka50tsyexrt8yma,,pln_legacy-stitch-designer-201-90e0jpb,,ACTIVE,FREE,,,
mem_cmqcrxo6z0ka50tsyexrt8yma,,pln_legacy-original-pattern-drafting-101-jkp50pyg,,ACTIVE,FREE,,,
mem_cmqcrxo6z0ka50tsyexrt8yma,,pln_legacy-stitch-designer-101-qdc0jyz,,ACTIVE,FREE,,,
mem_cmqcrxoa80kac0tsy9drofjdh,,pln_legacy-standard-garment-styling-o4p70pjf,,ACTIVE,FREE,,,
mem_cmqcrxoa80kac0tsy9drofjdh,,pln_legacy-eleven-design-challenges-r3p60piq,,ACTIVE,FREE,,,
mem_cmqcrxoa80kac0tsy9drofjdh,,pln_legacy-start-to-finish-fairisle-sweater-7zh0j37,,ACTIVE,FREE,,,
mem_cmqcrxoa80kac0tsy9drofjdh,,pln_legacy-stitch-designer-201-90e0jpb,,ACTIVE,FREE,,,
mem_cmqcrxoa80kac0tsy9drofjdh,,pln_legacy-original-pattern-drafting-101-jkp50pyg,,ACTIVE,FREE,,,
mem_cmqcrxoa80kac0tsy9drofjdh,,pln_legacy-stitch-designer-101-qdc0jyz,,ACTIVE,FREE,,,
mem_cmqcrxodm0kag0tsydxeue6b9,,pln_legacy-stitch-designer-201-90e0jpb,,ACTIVE,FREE,,,
mem_cmqcrxodm0kag0tsydxeue6b9,,pln_legacy-original-pattern-drafting-101-jkp50pyg,,ACTIVE,FREE,,,
mem_cmqcrxoig0kaj0tsy8pb19gwy,,pln_legacy-stitch-designer-201-90e0jpb,,ACTIVE,FREE,,,
mem_cmqcrxom80kao0tsyh1sjdix9,,pln_legacy-eleven-design-challenges-r3p60piq,,ACTIVE,FREE,,,
mem_cmqcrxom80kao0tsyh1sjdix9,,pln_legacy-start-to-finish-fairisle-sweater-7zh0j37,,ACTIVE,FREE,,,
mem_cmqcrxom80kao0tsyh1sjdix9,,pln_legacy-designaknit-and-lace-ffg0j0k,,ACTIVE,FREE,,,
mem_cmqcrxopc0kau0tsy5b1hggcm,,pln_legacy-eleven-design-challenges-r3p60piq,,ACTIVE,FREE,,,
mem_cmqcrxopc0kau0tsy5b1hggcm,,pln_legacy-start-to-finish-fairisle-sweater-7zh0j37,,ACTIVE,FREE,,,
mem_cmqcrxopc0kau0tsy5b1hggcm,,pln_legacy-pattern-drafting-for-fit-9md0j74,,ACTIVE,FREE,,,
mem_cmqcrxopc0kau0tsy5b1hggcm,,pln_legacy-custom-raglan-hoodie-1upb0pq9,,ACTIVE,FREE,,,
mem_cmqcrxopc0kau0tsy5b1hggcm,,pln_legacy-stitch-designer-101-qdc0jyz,,ACTIVE,FREE,,,
mem_cmqcrxosq0kb20tsybgx114ug,,pln_legacy-standard-garment-styling-o4p70pjf,,ACTIVE,FREE,,,
mem_cmqcrxosq0kb20tsybgx114ug,,pln_legacy-eleven-design-challenges-r3p60piq,,ACTIVE,FREE,,,
mem_cmqcrxosq0kb20tsybgx114ug,,pln_legacy-dak-9-what-s-new-aexa0or5,,ACTIVE,FREE,,,
mem_cmqcrxosq0kb20tsybgx114ug,,pln_legacy-pattern-drafting-for-fit-9md0j74,,ACTIVE,FREE,,,
mem_cmqcrxosq0kb20tsybgx114ug,,pln_legacy-stitch-designer-201-90e0jpb,,ACTIVE,FREE,,,
mem_cmqcrxosq0kb20tsybgx114ug,,pln_legacy-original-pattern-drafting-101-jkp50pyg,,ACTIVE,FREE,,,
mem_cmqcrxosq0kb20tsybgx114ug,,pln_legacy-stitch-designer-101-qdc0jyz,,ACTIVE,FREE,,,
mem_cmqcrxovz0kb60tsyeum9eyjd,,pln_legacy-standard-garment-styling-o4p70pjf,,ACTIVE,FREE,,,
mem_cmqcrxovz0kb60tsyeum9eyjd,,pln_legacy-original-pattern-drafting-101-jkp50pyg,,ACTIVE,FREE,,,
mem_cmqcrxovz0kb60tsyeum9eyjd,,pln_legacy-stitch-designer-101-qdc0jyz,,ACTIVE,FREE,,,
mem_cmqcrxozo0kb90tsy0vf54hcu,,pln_legacy-standard-garment-styling-o4p70pjf,,ACTIVE,FREE,,,
mem_cmqcrxp300kbc0tsyh60s29k8,,pln_legacy-original-pattern-drafting-101-jkp50pyg,,ACTIVE,FREE,,,
mem_cmqcrxp680kbf0tsy7put2usi,,pln_legacy-original-pattern-drafting-101-jkp50pyg,,ACTIVE,FREE,,,
mem_cmqcrxp680kbf0tsy7put2usi,,pln_legacy-graphics-studio-jhp90pnm,,ACTIVE,FREE,,,
mem_cmqcrxp9m0kbi0tsyeo7jh7w3,,pln_legacy-original-pattern-drafting-101-jkp50pyg,,ACTIVE,FREE,,,
mem_cmqcrxp9m0kbi0tsyeo7jh7w3,,pln_legacy-stitch-designer-101-qdc0jyz,,ACTIVE,FREE,,,
mem_cmqcrxpd90kbk0tsyaqc1c4de,,pln_legacy-stitch-designer-101-qdc0jyz,,ACTIVE,FREE,,,
mem_cmqcrxphe0kbp0tsy4wexgtz2,,pln_legacy-standard-garment-styling-o4p70pjf,,ACTIVE,FREE,,,
mem_cmqcrxphe0kbp0tsy4wexgtz2,,pln_legacy-original-pattern-drafting-101-jkp50pyg,,ACTIVE,FREE,,,
mem_cmqcrxphe0kbp0tsy4wexgtz2,,pln_legacy-stitch-designer-101-qdc0jyz,,ACTIVE,FREE,,,
mem_cmqcrxplj0kbx0tsy36jbffrk,,pln_legacy-standard-garment-styling-o4p70pjf,,ACTIVE,FREE,,,
mem_cmqcrxppn0kc00tsy0512afzl,,pln_legacy-graphics-studio-jhp90pnm,,ACTIVE,FREE,,,
mem_cmqcrxpta0kc40tsyeu6q7tyz,,pln_legacy-standard-garment-styling-o4p70pjf,,ACTIVE,FREE,,,
mem_cmqcrxpta0kc40tsyeu6q7tyz,,pln_legacy-stitch-designer-101-qdc0jyz,,ACTIVE,FREE,,,
mem_cmqcrxpwx0kcd0tsy3zyaewrw,,pln_legacy-standard-garment-styling-o4p70pjf,,ACTIVE,FREE,,,
mem_cmqcrxpwx0kcd0tsy3zyaewrw,,pln_legacy-start-to-finish-fairisle-sweater-7zh0j37,,ACTIVE,FREE,,,
mem_cmqcrxpwx0kcd0tsy3zyaewrw,,pln_legacy-stitch-designer-201-90e0jpb,,ACTIVE,FREE,,,
mem_cmqcrxpwx0kcd0tsy3zyaewrw,,pln_legacy-stitch-designer-101-qdc0jyz,,ACTIVE,FREE,,,
mem_cmqcrxq0m0kch0tsydgx79721,,pln_legacy-standard-garment-styling-o4p70pjf,,ACTIVE,FREE,,,
mem_cmqcrxq0m0kch0tsydgx79721,,pln_legacy-original-pattern-drafting-101-jkp50pyg,,ACTIVE,FREE,,,
mem_cmqcrxq4h0kco0tsy0ws90lar,,pln_legacy-standard-garment-styling-o4p70pjf,,ACTIVE,FREE,,,
mem_cmqcrxq4h0kco0tsy0ws90lar,,pln_legacy-original-pattern-drafting-101-jkp50pyg,,ACTIVE,FREE,,,
mem_cmqcrxq9x0kcs0tsyddzseizg,,pln_legacy-eleven-design-challenges-r3p60piq,,ACTIVE,FREE,,,
mem_cmqcrxq9x0kcs0tsyddzseizg,,pln_legacy-original-pattern-drafting-101-jkp50pyg,,ACTIVE,FREE,,,
mem_cmqcrxqd30kcu0tsy1iqvfk6g,,pln_legacy-standard-garment-styling-o4p70pjf,,ACTIVE,FREE,,,
mem_cmqcrxqg80kd60tsy7h21c1ba,,pln_legacy-standard-garment-styling-o4p70pjf,,ACTIVE,FREE,,,
mem_cmqcrxqg80kd60tsy7h21c1ba,,pln_legacy-eleven-design-challenges-r3p60piq,,ACTIVE,FREE,,,
mem_cmqcrxqg80kd60tsy7h21c1ba,,pln_legacy-dak-9-what-s-new-aexa0or5,,ACTIVE,FREE,,,
mem_cmqcrxqg80kd60tsy7h21c1ba,,pln_legacy-start-to-finish-fairisle-sweater-7zh0j37,,ACTIVE,FREE,,,
mem_cmqcrxqg80kd60tsy7h21c1ba,,pln_legacy-designaknit-and-lace-ffg0j0k,,ACTIVE,FREE,,,
mem_cmqcrxqg80kd60tsy7h21c1ba,,pln_legacy-pattern-drafting-for-fit-9md0j74,,ACTIVE,FREE,,,
mem_cmqcrxqg80kd60tsy7h21c1ba,,pln_legacy-custom-raglan-hoodie-1upb0pq9,,ACTIVE,FREE,,,
mem_cmqcrxqg80kd60tsy7h21c1ba,,pln_legacy-stitch-designer-201-90e0jpb,,ACTIVE,FREE,,,
mem_cmqcrxqg80kd60tsy7h21c1ba,,pln_legacy-original-pattern-drafting-101-jkp50pyg,,ACTIVE,FREE,,,
mem_cmqcrxqg80kd60tsy7h21c1ba,,pln_legacy-stitch-designer-101-qdc0jyz,,ACTIVE,FREE,,,
mem_cmqcrxqg80kd60tsy7h21c1ba,,pln_legacy-graphics-studio-jhp90pnm,,ACTIVE,FREE,,,
mem_cmq83l5ep00290sujh8wpb4kj,,pln_legacy-graphics-studio-jhp90pnm,,ACTIVE,FREE,,,
mem_cmq83l5ep00290sujh8wpb4kj,,pln_legacy-stitch-designer-201-90e0jpb,,ACTIVE,FREE,,,
mem_cmq83l5ep00290sujh8wpb4kj,,pln_dak-quick-start-vp4e0are,,ACTIVE,FREE,,,
mem_cmqb2q0a100qg0suj486i1hev,,pln_legacy-designaknit-and-lace-ffg0j0k,,ACTIVE,FREE,,,
mem_cmqb2q0a100qg0suj486i1hev,,pln_legacy-standard-garment-styling-o4p70pjf,,ACTIVE,FREE,,,
mem_cmqb2q0a100qg0suj486i1hev,,pln_legacy-stitch-designer-101-qdc0jyz,,ACTIVE,FREE,,,
mem_cmqb2q0a100qg0suj486i1hev,,pln_legacy-original-pattern-drafting-101-jkp50pyg,,ACTIVE,FREE,,,
mem_cmqb2q0a100qg0suj486i1hev,,pln_legacy-designaknit-quick-start-zap80pd8,,ACTIVE,FREE,,,
mem_cmohopapi03ks0ssdasojec39,,pln_legacy-custom-raglan-hoodie-1upb0pq9,,ACTIVE,FREE,,,
mem_cmohopapi03ks0ssdasojec39,,pln_legacy-designaknit-quick-start-zap80pd8,,ACTIVE,FREE,,,
mem_cmohopapi03ks0ssdasojec39,,pln_legacy-original-pattern-drafting-101-jkp50pyg,,ACTIVE,FREE,,,
mem_cmohopapi03ks0ssdasojec39,,pln_legacy-stitch-designer-101-qdc0jyz,,ACTIVE,FREE,,,
mem_cmohopapi03ks0ssdasojec39,,pln_legacy-stitch-designer-201-90e0jpb,,ACTIVE,FREE,,,
mem_cmohopapi03ks0ssdasojec39,,pln_legacy-standard-garment-styling-o4p70pjf,,ACTIVE,FREE,,,
mem_cmpvasxso004p0sya2ws7b7hp,,pln_dak-quick-start-vp4e0are,,ACTIVE,FREE,,,
mem_cmpvasxso004p0sya2ws7b7hp,,pln_legacy-graphics-studio-jhp90pnm,,ACTIVE,FREE,,,
mem_cmpvasxso004p0sya2ws7b7hp,,pln_legacy-standard-garment-styling-o4p70pjf,,ACTIVE,FREE,,,
mem_cmpvasxso004p0sya2ws7b7hp,,pln_legacy-start-to-finish-fairisle-sweater-7zh0j37,,ACTIVE,FREE,,,
mem_cmpvasxso004p0sya2ws7b7hp,,pln_legacy-lk150-getting-the-most-from-designaknit-zxpa0pee,,ACTIVE,FREE,,,
mem_cmokgpau3007w0swuf97e9l0h,,pln_dak-quick-start-vp4e0are,,ACTIVE,FREE,,,
mem_cmokgpau3007w0swuf97e9l0h,,pln_legacy-graphics-studio-jhp90pnm,,ACTIVE,FREE,,,
mem_cmokgpau3007w0swuf97e9l0h,,pln_legacy-original-pattern-drafting-101-jkp50pyg,,ACTIVE,FREE,,,
mem_cmokgpau3007w0swuf97e9l0h,,pln_legacy-stitch-designer-101-qdc0jyz,,ACTIVE,FREE,,,
mem_cmokgpau3007w0swuf97e9l0h,,pln_legacy-standard-garment-styling-o4p70pjf,,ACTIVE,FREE,,,
mem_cmp6akgk91nf50sqi1hvfgtw3,,pln_dak-quick-start-vp4e0are,,ACTIVE,FREE,,,
mem_cmp6akgk91nf50sqi1hvfgtw3,,pln_legacy-stitch-designer-101-qdc0jyz,,ACTIVE,FREE,,,
mem_cmp6akgk91nf50sqi1hvfgtw3,,pln_legacy-standard-garment-styling-o4p70pjf,,ACTIVE,FREE,,,
mem_cmp6akgk91nf50sqi1hvfgtw3,,pln_legacy-original-pattern-drafting-101-jkp50pyg,,ACTIVE,FREE,,,
mem_cmohoq01c043f0ssdgkwrgo66,,pln_dak-quick-start-vp4e0are,,ACTIVE,FREE,,,
mem_cmohoq01c043f0ssdgkwrgo66,,pln_legacy-standard-garment-styling-o4p70pjf,,ACTIVE,FREE,,,
mem_cmohoq01c043f0ssdgkwrgo66,,pln_legacy-stitch-designer-101-qdc0jyz,,ACTIVE,FREE,,,
mem_cmohoq01c043f0ssdgkwrgo66,,pln_legacy-stitch-designer-201-90e0jpb,,ACTIVE,FREE,,,
mem_cmohoq01c043f0ssdgkwrgo66,,pln_legacy-graphics-studio-jhp90pnm,,ACTIVE,FREE,,,
mem_cmohoq01c043f0ssdgkwrgo66,,pln_legacy-designaknit-and-lace-ffg0j0k,,ACTIVE,FREE,,,
mem_cmohoq01c043f0ssdgkwrgo66,,pln_legacy-pattern-drafting-for-fit-9md0j74,,ACTIVE,FREE,,,
mem_cmohoq01c043f0ssdgkwrgo66,,pln_legacy-original-pattern-drafting-101-jkp50pyg,,ACTIVE,FREE,,,
mem_cmpvl54jq009m0syafdw85wt2,,pln_legacy-designaknit-and-lace-ffg0j0k,,ACTIVE,FREE,,,
mem_cmpvl54jq009m0syafdw85wt2,,pln_legacy-stitch-designer-101-qdc0jyz,,ACTIVE,FREE,,,
mem_cmpvl54jq009m0syafdw85wt2,,pln_legacy-stitch-designer-201-90e0jpb,,ACTIVE,FREE,,,
mem_cmpvl54jq009m0syafdw85wt2,,pln_dak-quick-start-vp4e0are,,ACTIVE,FREE,,,
mem_cmpvl54jq009m0syafdw85wt2,,pln_legacy-original-pattern-drafting-101-jkp50pyg,,ACTIVE,FREE,,,
mem_cmpvl54jq009m0syafdw85wt2,,pln_legacy-standard-garment-styling-o4p70pjf,,ACTIVE,FREE,,,
mem_cmpvl54jq009m0syafdw85wt2,,pln_legacy-pattern-drafting-for-fit-9md0j74,,ACTIVE,FREE,,,
mem_cmpvl54jq009m0syafdw85wt2,,pln_legacy-designaknit-quick-start-zap80pd8,,ACTIVE,FREE,,,
mem_cmohoqk9404jd0ssdgm6wasq5,,pln_dak-quick-start-vp4e0are,,ACTIVE,FREE,,,
mem_cmohoqk9404jd0ssdgm6wasq5,,pln_legacy-graphics-studio-jhp90pnm,,ACTIVE,FREE,,,
mem_cmpv7c03k002b0sya311bfm43,,pln_dak-quick-start-vp4e0are,,ACTIVE,FREE,,,
mem_cmpv7c03k002b0sya311bfm43,,pln_dak-dak-9-what-s-new-rq780or2,,ACTIVE,FREE,,,
mem_cmpv7c03k002b0sya311bfm43,,pln_legacy-custom-raglan-hoodie-1upb0pq9,,ACTIVE,FREE,,,
mem_cmpv7c03k002b0sya311bfm43,,pln_legacy-designaknit-and-lace-ffg0j0k,,ACTIVE,FREE,,,
mem_cmpv7c03k002b0sya311bfm43,,pln_legacy-eleven-design-challenges-r3p60piq,,ACTIVE,FREE,,,
mem_cmpv7c03k002b0sya311bfm43,,pln_legacy-graphics-studio-jhp90pnm,,ACTIVE,FREE,,,
mem_cmpv7c03k002b0sya311bfm43,,pln_legacy-lk150-getting-the-most-from-designaknit-zxpa0pee,,ACTIVE,FREE,,,
mem_cmpv7c03k002b0sya311bfm43,,pln_legacy-original-pattern-drafting-101-jkp50pyg,,ACTIVE,FREE,,,
mem_cmpv7c03k002b0sya311bfm43,,pln_legacy-pattern-drafting-for-fit-9md0j74,,ACTIVE,FREE,,,
mem_cmpv7c03k002b0sya311bfm43,,pln_legacy-plus-size-sweaters-nyxg0o0g,,ACTIVE,FREE,,,
mem_cmpv7c03k002b0sya311bfm43,,pln_legacy-standard-garment-styling-o4p70pjf,,ACTIVE,FREE,,,
mem_cmpv7c03k002b0sya311bfm43,,pln_legacy-start-to-finish-fairisle-sweater-7zh0j37,,ACTIVE,FREE,,,
mem_cmpv7c03k002b0sya311bfm43,,pln_legacy-stitch-designer-101-qdc0jyz,,ACTIVE,FREE,,,
mem_cmpv7c03k002b0sya311bfm43,,pln_legacy-stitch-designer-201-90e0jpb,,ACTIVE,FREE,,,
mem_cmohoqofe04mg0ssdatuu1kde,,pln_dak-quick-start-vp4e0are,,ACTIVE,FREE,,,
mem_cmohoqofe04mg0ssdatuu1kde,,pln_dak-dak-9-what-s-new-rq780or2,,ACTIVE,FREE,,,
mem_cmohoqofe04mg0ssdatuu1kde,,pln_legacy-custom-raglan-hoodie-1upb0pq9,,ACTIVE,FREE,,,
mem_cmohoqofe04mg0ssdatuu1kde,,pln_legacy-designaknit-and-lace-ffg0j0k,,ACTIVE,FREE,,,
mem_cmohoqofe04mg0ssdatuu1kde,,pln_legacy-eleven-design-challenges-r3p60piq,,ACTIVE,FREE,,,
mem_cmohoqofe04mg0ssdatuu1kde,,pln_legacy-graphics-studio-jhp90pnm,,ACTIVE,FREE,,,
mem_cmohoqofe04mg0ssdatuu1kde,,pln_legacy-lk150-getting-the-most-from-designaknit-zxpa0pee,,ACTIVE,FREE,,,
mem_cmohoqofe04mg0ssdatuu1kde,,pln_legacy-original-pattern-drafting-101-jkp50pyg,,ACTIVE,FREE,,,
mem_cmohoqofe04mg0ssdatuu1kde,,pln_legacy-pattern-drafting-for-fit-9md0j74,,ACTIVE,FREE,,,
mem_cmohoqofe04mg0ssdatuu1kde,,pln_legacy-plus-size-sweaters-nyxg0o0g,,ACTIVE,FREE,,,
mem_cmohoqofe04mg0ssdatuu1kde,,pln_legacy-standard-garment-styling-o4p70pjf,,ACTIVE,FREE,,,
mem_cmohoqofe04mg0ssdatuu1kde,,pln_legacy-start-to-finish-fairisle-sweater-7zh0j37,,ACTIVE,FREE,,,
mem_cmohoqofe04mg0ssdatuu1kde,,pln_legacy-stitch-designer-101-qdc0jyz,,ACTIVE,FREE,,,
mem_cmohoqofe04mg0ssdatuu1kde,,pln_legacy-stitch-designer-201-90e0jpb,,ACTIVE,FREE,,,
mem_cmokpwtel00mx0tye478x8tqx,,pln_legacy-custom-raglan-hoodie-1upb0pq9,,ACTIVE,FREE,,,
mem_cmokpwtel00mx0tye478x8tqx,,pln_dak-quick-start-vp4e0are,,ACTIVE,FREE,,,
mem_cmokpwtel00mx0tye478x8tqx,,pln_legacy-stitch-designer-201-90e0jpb,,ACTIVE,FREE,,,
mem_cmokpwtel00mx0tye478x8tqx,,pln_legacy-stitch-designer-101-qdc0jyz,,ACTIVE,FREE,,,
mem_cmokpwtel00mx0tye478x8tqx,,pln_legacy-standard-garment-styling-o4p70pjf,,ACTIVE,FREE,,,
mem_cmokpwtel00mx0tye478x8tqx,,pln_legacy-original-pattern-drafting-101-jkp50pyg,,ACTIVE,FREE,,,
mem_cmokpwtel00mx0tye478x8tqx,,pln_legacy-pattern-drafting-for-fit-9md0j74,,ACTIVE,FREE,,,
mem_cmokpwtel00mx0tye478x8tqx,,pln_legacy-graphics-studio-jhp90pnm,,ACTIVE,FREE,,,
mem_cmokpwtel00mx0tye478x8tqx,,pln_legacy-eleven-design-challenges-r3p60piq,,ACTIVE,FREE,,,
mem_cmohoqujc04r20ssd2m6r6ft0,,pln_dak-quick-start-vp4e0are,,ACTIVE,FREE,,,
mem_cmohoqujc04r20ssd2m6r6ft0,,pln_legacy-eleven-design-challenges-r3p60piq,,ACTIVE,FREE,,,
mem_cmohoqy5e04u80ssd81ppatvf,,pln_dak-quick-start-vp4e0are,,ACTIVE,FREE,,,
mem_cmohoqy5e04u80ssd81ppatvf,,pln_legacy-designaknit-and-lace-ffg0j0k,,ACTIVE,FREE,,,
mem_cmohoqy5e04u80ssd81ppatvf,,pln_legacy-graphics-studio-jhp90pnm,,ACTIVE,FREE,,,
mem_cmohoqy5e04u80ssd81ppatvf,,pln_legacy-start-to-finish-fairisle-sweater-7zh0j37,,ACTIVE,FREE,,,
mem_cmohoqy5e04u80ssd81ppatvf,,pln_legacy-original-pattern-drafting-101-jkp50pyg,,ACTIVE,FREE,,,
mem_cmohorac6053x0ssd8bmr4h5r,,pln_dak-quick-start-vp4e0are,,ACTIVE,FREE,,,
mem_cmohorac6053x0ssd8bmr4h5r,,pln_legacy-pattern-drafting-for-fit-9md0j74,,ACTIVE,FREE,,,
mem_cmohornqg05dd0ssd9g6ffs7f,,pln_dak-quick-start-vp4e0are,,ACTIVE,FREE,,,
mem_cmohornqg05dd0ssd9g6ffs7f,,pln_legacy-standard-garment-styling-o4p70pjf,,ACTIVE,FREE,,,
mem_cmohornqg05dd0ssd9g6ffs7f,,pln_legacy-original-pattern-drafting-101-jkp50pyg,,ACTIVE,FREE,,,
mem_cmqcrxp9m0kbi0tsyeo7jh7w3,,pln_dak-quick-start-vp4e0are,,ACTIVE,FREE,,,
mem_cmqdrmgr039l40rp9aji6805j,,pln_dak-quick-start-vp4e0are,,ACTIVE,FREE,,,
mem_cmohos17600f20suah5undmcz,,pln_dak-quick-start-vp4e0are,,ACTIVE,FREE,,,
mem_cmqdsf5563a0v0sn2dt8z9o38,,pln_dak-quick-start-vp4e0are,,ACTIVE,FREE,,,
mem_cmqdstx7t39o70snac19lgxr4,,pln_dak-quick-start-vp4e0are,,ACTIVE,FREE,,,
mem_cmqdvi7gm3a0u0sna1wdpgk7a,,pln_dak-quick-start-vp4e0are,,ACTIVE,FREE,,,
mem_cmqdwdfin3aj20sn29btvdtdj,,pln_dak-quick-start-vp4e0are,,ACTIVE,FREE,,,
mem_cmqdwdfin3aj20sn29btvdtdj,,pln_dak-graphics-studio-h2e308ag,prc_dak-graphics-studio-hjar0am0,ACTIVE,ONETIME,,,
mem_cmqe1a3tz3aqq0snab999arxx,,pln_dak-quick-start-vp4e0are,,ACTIVE,FREE,,,
mem_cmqf3sofd015h0ttp4bunca1x,,pln_legacy-custom-raglan-hoodie-1upb0pq9,,ACTIVE,FREE,,,
mem_cmqf3sofd015h0ttp4bunca1x,,pln_legacy-dak-9-what-s-new-aexa0or5,,ACTIVE,FREE,,,
mem_cmqf3sofd015h0ttp4bunca1x,,pln_legacy-designaknit-and-lace-ffg0j0k,,ACTIVE,FREE,,,
mem_cmqf3sofd015h0ttp4bunca1x,,pln_legacy-designaknit-quick-start-zap80pd8,,ACTIVE,FREE,,,
mem_cmqf3sofd015h0ttp4bunca1x,,pln_legacy-eleven-design-challenges-r3p60piq,,ACTIVE,FREE,,,
mem_cmqf3sofd015h0ttp4bunca1x,,pln_legacy-graphics-studio-jhp90pnm,,ACTIVE,FREE,,,
mem_cmqf3sofd015h0ttp4bunca1x,,pln_legacy-lk150-getting-the-most-from-designaknit-zxpa0pee,,ACTIVE,FREE,,,
mem_cmqf3sofd015h0ttp4bunca1x,,pln_legacy-original-pattern-drafting-101-jkp50pyg,,ACTIVE,FREE,,,
mem_cmqf3sofd015h0ttp4bunca1x,,pln_legacy-pattern-drafting-for-fit-9md0j74,,ACTIVE,FREE,,,
mem_cmqf3sofd015h0ttp4bunca1x,,pln_legacy-plus-size-sweaters-nyxg0o0g,,ACTIVE,FREE,,,
mem_cmqf3sofd015h0ttp4bunca1x,,pln_legacy-standard-garment-styling-o4p70pjf,,ACTIVE,FREE,,,
mem_cmqf3sofd015h0ttp4bunca1x,,pln_legacy-start-to-finish-fairisle-sweater-7zh0j37,,ACTIVE,FREE,,,
mem_cmqf3sofd015h0ttp4bunca1x,,pln_legacy-stitch-designer-101-qdc0jyz,,ACTIVE,FREE,,,
mem_cmqf3sofd015h0ttp4bunca1x,,pln_legacy-stitch-designer-201-90e0jpb,,ACTIVE,FREE,,,
mem_cmqf5ncau3g8k0sn21fgv7qlq,,pln_dak-quick-start-vp4e0are,,ACTIVE,FREE,,,
mem_cmq7ydskt00090suj494nfc9m,,pln_kin-beta-access-vyek0a38,,ACTIVE,FREE,,,
mem_cmqfornen003t0tng8msu2oqv,,pln_legacy-custom-raglan-hoodie-1upb0pq9,,ACTIVE,FREE,,,
mem_cmqfornen003t0tng8msu2oqv,,pln_legacy-dak-9-what-s-new-aexa0or5,,ACTIVE,FREE,,,
mem_cmqfornen003t0tng8msu2oqv,,pln_legacy-designaknit-and-lace-ffg0j0k,,ACTIVE,FREE,,,
mem_cmqfornen003t0tng8msu2oqv,,pln_legacy-designaknit-quick-start-zap80pd8,,ACTIVE,FREE,,,
mem_cmqfornen003t0tng8msu2oqv,,pln_legacy-eleven-design-challenges-r3p60piq,,ACTIVE,FREE,,,
mem_cmqfornen003t0tng8msu2oqv,,pln_legacy-graphics-studio-jhp90pnm,,ACTIVE,FREE,,,
mem_cmqfornen003t0tng8msu2oqv,,pln_legacy-lk150-getting-the-most-from-designaknit-zxpa0pee,,ACTIVE,FREE,,,
mem_cmqfornen003t0tng8msu2oqv,,pln_legacy-original-pattern-drafting-101-jkp50pyg,,ACTIVE,FREE,,,
mem_cmqfornen003t0tng8msu2oqv,,pln_legacy-pattern-drafting-for-fit-9md0j74,,ACTIVE,FREE,,,
mem_cmqfornen003t0tng8msu2oqv,,pln_legacy-plus-size-sweaters-nyxg0o0g,,ACTIVE,FREE,,,
mem_cmqfornen003t0tng8msu2oqv,,pln_legacy-standard-garment-styling-o4p70pjf,,ACTIVE,FREE,,,
mem_cmqfornen003t0tng8msu2oqv,,pln_legacy-start-to-finish-fairisle-sweater-7zh0j37,,ACTIVE,FREE,,,
mem_cmqfornen003t0tng8msu2oqv,,pln_legacy-stitch-designer-101-qdc0jyz,,ACTIVE,FREE,,,
mem_cmqfornen003t0tng8msu2oqv,,pln_legacy-stitch-designer-201-90e0jpb,,ACTIVE,FREE,,,
mem_cmqghfm8d001r0tpk16yseume,,pln_kin-beta-access-vyek0a38,,ACTIVE,FREE,,,
mem_cmqgzw9vl008d0snj9g6nfpb1,,pln_kin-beta-access-vyek0a38,,ACTIVE,FREE,,,
mem_cmqh2wc8x09a00sqh7fyvgzz2,,pln_dak-quick-start-vp4e0are,,ACTIVE,FREE,,,
mem_cmqhgvtrr0b1d0so31l3z45px,,pln_dak-quick-start-vp4e0are,,ACTIVE,FREE,,,
mem_cmqho8iqg0bud0so3aoyt0vnj,,pln_dak-quick-start-vp4e0are,,ACTIVE,FREE,,,
mem_cmqho8iqg0bud0so3aoyt0vnj,,pln_dak-dak-9-what-s-new-rq780or2,,ACTIVE,FREE,,,
mem_cmqho8iqg0bud0so3aoyt0vnj,,pln_dak-designaknit-and-lace-xhas0ar4,prc_dak-designaknit-and-lace-hjat0avv,ACTIVE,ONETIME,,,
mem_cmqhzkit10e0u0sse3c1ib023,,pln_dak-quick-start-vp4e0are,,ACTIVE,FREE,,,
mem_cmqi1kbuc0eg40ssedmy2eqz5,,pln_dak-quick-start-vp4e0are,,ACTIVE,FREE,,,
mem_cmqi1vmyi0eil0ssefvn59blw,,pln_dak-quick-start-vp4e0are,,ACTIVE,FREE,,,
mem_cmqi2ftyg0en40sse9a9oa2m6,,pln_dak-quick-start-vp4e0are,,ACTIVE,FREE,,,
mem_cmqi2zc0m0esb0sqv3ds90iah,,pln_dak-quick-start-vp4e0are,,ACTIVE,FREE,,,
mem_cmqi3i77j0ew30sqv9rxv7w5y,,pln_dak-quick-start-vp4e0are,,ACTIVE,FREE,,,
mem_cmqi3i77j0ew30sqv9rxv7w5y,,pln_dak-eleven-design-challenges-0iai0art,prc_dak-eleven-design-challenges-3paj0arl,ACTIVE,ONETIME,,,
mem_cmqcrwu4e0j5o0tsy8dgi4sqe,,pln_dak-stitch-designer-201-t7ap0a9b,prc_dak-stitch-designer-201-h3aq0avj,ACTIVE,ONETIME,,,
mem_cmqcrwu4e0j5o0tsy8dgi4sqe,,pln_dak-original-pattern-drafting-sgaf0a4y,prc_dak-original-pattern-drafting-hze008xm,ACTIVE,ONETIME,,,
mem_cmqi4glx10f2f0std78nk05d1,,pln_dak-quick-start-vp4e0are,,ACTIVE,FREE,,,
mem_cmqcrxfki0jxs0tsybfppe37k,,pln_dak-raglan-hoodie-gjaz08ak,prc_dak-raglan-hoodie-wg7i0a9h,ACTIVE,ONETIME,,,
mem_cmqi5sypu0f4z0so3f6xddesz,,pln_dak-quick-start-vp4e0are,,ACTIVE,FREE,,,
mem_cmqcrxkrk0k5f0tsygcvl7jw7,,pln_dak-quick-start-vp4e0are,,ACTIVE,FREE,,,
mem_cmqihly8w0hui0sqh9eia4e20,,pln_dak-quick-start-vp4e0are,,ACTIVE,FREE,,,
mem_cmqf3sofd015h0ttp4bunca1x,,pln_dak-dak-9-what-s-new-rq780or2,,ACTIVE,FREE,,,
mem_cmqi2ftyg0en40sse9a9oa2m6,,pln_dak-stitch-designer-201-t7ap0a9b,prc_dak-stitch-designer-201-h3aq0avj,ACTIVE,ONETIME,,,
mem_cmqiocc4f0irp0std2qa2akxt,,pln_dak-quick-start-vp4e0are,,ACTIVE,FREE,,,
mem_cmqisbru200mv0sng2o3z2dzd,,pln_kin-beta-access-vyek0a38,,ACTIVE,FREE,,,
mem_cmqiyr2530k8k0sqv2hx01hee,,pln_dak-quick-start-vp4e0are,,ACTIVE,FREE,,,
mem_cmqj5lxqh0kyf0sqh3zfh9abl,,pln_dak-quick-start-vp4e0are,,ACTIVE,FREE,,,
mem_cmqj77bfm0lbl0ssegl5gdcpi,,pln_dak-quick-start-vp4e0are,,ACTIVE,FREE,,,
mem_cmqj9plfw0lsi0sqv064u1r82,,pln_dak-quick-start-vp4e0are,,ACTIVE,FREE,,,
mem_cmp6akgk91nf50sqi1hvfgtw3,,pln_dak-dak-9-what-s-new-rq780or2,,ACTIVE,FREE,,,
mem_cmp6akgk91nf50sqi1hvfgtw3,,pln_dak-pattern-drafting-for-fit-2pag0aih,prc_dak-pattern-drafting-for-fit-tke1080s,ACTIVE,ONETIME,,,
mem_cmqjknthl00070sxc6kvk37t2,,pln_kin-beta-access-vyek0a38,,ACTIVE,FREE,,,
mem_cmqjtejtc00wo0sn92yid6dzw,,pln_dak-quick-start-vp4e0are,,ACTIVE,FREE,,,
mem_cmqjvkwuk01aw0sn9ae51bpbu,,pln_dak-quick-start-vp4e0are,,ACTIVE,FREE,,,
mem_cmqjxtvkc00290st89lrb0zo4,,pln_kin-beta-access-vyek0a38,,ACTIVE,FREE,,,
mem_cmqjxtvkc00290st89lrb0zo4,,pln_legacy-standard-garment-styling-o4p70pjf,,ACTIVE,FREE,,,
mem_cmqjxtvkc00290st89lrb0zo4,,pln_legacy-stitch-designer-101-qdc0jyz,,ACTIVE,FREE,,,
mem_cmqjxtvkc00290st89lrb0zo4,,pln_legacy-custom-raglan-hoodie-1upb0pq9,,ACTIVE,FREE,,,
mem_cmqjxtvkc00290st89lrb0zo4,,pln_legacy-designaknit-quick-start-zap80pd8,,ACTIVE,FREE,,,
mem_cmqjxtvkc00290st89lrb0zo4,,pln_dak-dak-9-what-s-new-rq780or2,,ACTIVE,FREE,,,
mem_cmqk2ar7602cw0sn9dubv6jzo,,pln_dak-quick-start-vp4e0are,,ACTIVE,FREE,,,
mem_cmqkxjd1s06230skr278gfdno,,pln_dak-quick-start-vp4e0are,,ACTIVE,FREE,,,
mem_cmpvl54jq009m0syafdw85wt2,,pln_dak-dak-9-what-s-new-rq780or2,,ACTIVE,FREE,,,
mem_cmqcrwu4e0j5l0tsygsx1g4jx,,pln_dak-fairisle-sweater-laau0ami,prc_dak-fairisle-sweater-keav0aoh,ACTIVE,ONETIME,,,
mem_cmqm2we8n05cg0ug10wlychbp,,pln_dak-quick-start-vp4e0are,,ACTIVE,FREE,,,
mem_cmqi3i77j0ew30sqv9rxv7w5y,,pln_dak-dak-9-what-s-new-rq780or2,,ACTIVE,FREE,,,
mem_cmohoriei05990ssdetfo2emt,,pln_dak-dak-9-what-s-new-rq780or2,,ACTIVE,FREE,,,
mem_cmohoriei05990ssdetfo2emt,,pln_kin-lk150-quickstart-7h8i0oxj,,ACTIVE,FREE,,,
mem_cmohoriei05990ssdetfo2emt,,pln_legacy-kin-lk150-fun-bv8v0oo3,,ACTIVE,FREE,,,
mem_cmohoriei05990ssdetfo2emt,,pln_legacy-kin-lk150-patterning-uk9508lp,,ACTIVE,FREE,,,
mem_cmohoriei05990ssdetfo2emt,,pln_legacy-kin-lk150-socks-dl8y0ocy,,ACTIVE,FREE,,,
mem_cmohoriei05990ssdetfo2emt,,pln_legacy-custom-raglan-hoodie-1upb0pq9,,ACTIVE,FREE,,,
mem_cmohoriei05990ssdetfo2emt,,pln_legacy-designaknit-and-lace-ffg0j0k,,ACTIVE,FREE,,,
mem_cmohoriei05990ssdetfo2emt,,pln_legacy-eleven-design-challenges-r3p60piq,,ACTIVE,FREE,,,
mem_cmohoriei05990ssdetfo2emt,,pln_legacy-graphics-studio-jhp90pnm,,ACTIVE,FREE,,,
mem_cmohoriei05990ssdetfo2emt,,pln_legacy-lk150-getting-the-most-from-designaknit-zxpa0pee,,ACTIVE,FREE,,,
mem_cmohoriei05990ssdetfo2emt,,pln_legacy-original-pattern-drafting-101-jkp50pyg,,ACTIVE,FREE,,,
mem_cmohoriei05990ssdetfo2emt,,pln_legacy-pattern-drafting-for-fit-9md0j74,,ACTIVE,FREE,,,
mem_cmohoriei05990ssdetfo2emt,,pln_legacy-plus-size-sweaters-nyxg0o0g,,ACTIVE,FREE,,,
mem_cmohoriei05990ssdetfo2emt,,pln_legacy-standard-garment-styling-o4p70pjf,,ACTIVE,FREE,,,
mem_cmohoriei05990ssdetfo2emt,,pln_legacy-start-to-finish-fairisle-sweater-7zh0j37,,ACTIVE,FREE,,,
mem_cmohoriei05990ssdetfo2emt,,pln_legacy-stitch-designer-101-qdc0jyz,,ACTIVE,FREE,,,
mem_cmohoriei05990ssdetfo2emt,,pln_legacy-stitch-designer-201-90e0jpb,,ACTIVE,FREE,,,
mem_cmqnud7d100k00tt816zna12t,,pln_dak-dak-9-what-s-new-rq780or2,,ACTIVE,FREE,,,
mem_cmqnud7d100k00tt816zna12t,,pln_dak-quick-start-vp4e0are,,ACTIVE,FREE,,,
mem_cmqo40gqm0j3h0sn93ixa9xgb,,pln_dak-quick-start-vp4e0are,,ACTIVE,FREE,,,
mem_cmqo40gqm0j3h0sn93ixa9xgb,,pln_dak-dak-9-what-s-new-rq780or2,,ACTIVE,FREE,,,
mem_cmqcrxdja0jus0tsy9xwfe7hy,,pln_dak-quick-start-vp4e0are,,ACTIVE,FREE,,,
mem_cmqp7i6x602io0sru4lp00s7t,,pln_dak-quick-start-vp4e0are,,ACTIVE,FREE,,,
mem_cmqp7ivr602je0trj5snwfwa6,,pln_dak-quick-start-vp4e0are,,ACTIVE,FREE,,,
mem_cmqp7i6x602io0sru4lp00s7t,,pln_dak-stitch-designer-101-ic80083g,prc_1-time-purchase-vp770omk,ACTIVE,ONETIME,,,
mem_cmqpfm58b04gt0spo44bk5xe9,,pln_dak-quick-start-vp4e0are,,ACTIVE,FREE,,,
mem_cmqpj29xx00bk0speglst9dju,,pln_dak-quick-start-vp4e0are,,ACTIVE,FREE,,,
mem_cmqpjrw3h00jn0tp416wr14bd,,pln_dak-quick-start-vp4e0are,,ACTIVE,FREE,,,
mem_cmqppo19b01kg0smn2jce7v2s,,pln_dak-quick-start-vp4e0are,,ACTIVE,FREE,,,
mem_cmqppo19b01kg0smn2jce7v2s,,pln_dak-stitch-designer-101-ic80083g,prc_1-time-purchase-vp770omk,ACTIVE,ONETIME,,,
mem_cmqrjeogz05bw0smv88pagn23,,pln_dak-quick-start-vp4e0are,,ACTIVE,FREE,,,
mem_cmqtd25m6044k0ts8hsqi0usz,,pln_dak-quick-start-vp4e0are,,ACTIVE,FREE,,,
mem_cmpvasxso004p0sya2ws7b7hp,,pln_legacy-custom-raglan-hoodie-1upb0pq9,,ACTIVE,FREE,,,
mem_cmpvasxso004p0sya2ws7b7hp,,pln_legacy-dak-9-what-s-new-aexa0or5,,ACTIVE,FREE,,,
mem_cmpvasxso004p0sya2ws7b7hp,,pln_legacy-designaknit-and-lace-ffg0j0k,,ACTIVE,FREE,,,
mem_cmpvasxso004p0sya2ws7b7hp,,pln_legacy-designaknit-quick-start-zap80pd8,,ACTIVE,FREE,,,
mem_cmpvasxso004p0sya2ws7b7hp,,pln_legacy-eleven-design-challenges-r3p60piq,,ACTIVE,FREE,,,
mem_cmpvasxso004p0sya2ws7b7hp,,pln_legacy-original-pattern-drafting-101-jkp50pyg,,ACTIVE,FREE,,,
mem_cmpvasxso004p0sya2ws7b7hp,,pln_legacy-pattern-drafting-for-fit-9md0j74,,ACTIVE,FREE,,,
mem_cmpvasxso004p0sya2ws7b7hp,,pln_legacy-plus-size-sweaters-nyxg0o0g,,ACTIVE,FREE,,,
mem_cmpvasxso004p0sya2ws7b7hp,,pln_legacy-stitch-designer-101-qdc0jyz,,ACTIVE,FREE,,,
mem_cmpvasxso004p0sya2ws7b7hp,,pln_legacy-stitch-designer-201-90e0jpb,,ACTIVE,FREE,,,
mem_cmqu4d7gl000u0sl4et98c5qx,,pln_kin-beta-access-vyek0a38,,ACTIVE,FREE,,,
mem_cmqu5j4pc028u0sr7hcigaq8m,,pln_dak-quick-start-vp4e0are,,ACTIVE,FREE,,,
mem_cmquauqyk00020tppd3gh9u2x,,pln_legacy-designaknit-quick-start-zap80pd8,,ACTIVE,FREE,,,
mem_cmquauqyk00020tppd3gh9u2x,,pln_legacy-standard-garment-styling-o4p70pjf,,ACTIVE,FREE,,,
mem_cmquf3ezz03t40rpf8n5r744r,,pln_dak-quick-start-vp4e0are,,ACTIVE,FREE,,,
mem_cmqv1mrys00010su8ak58atgh,,pln_kin-beta-access-vyek0a38,,ACTIVE,FREE,,,
mem_cmqv1mrys00010su8ak58atgh,,pln_legacy-kin-lk150-quickstart-nh9308ta,,ACTIVE,FREE,,,
mem_cmqvduepq004o0stvhlx9heki,,pln_kin-beta-access-vyek0a38,,ACTIVE,FREE,,,
mem_cmohos17600f20suah5undmcz,,pln_quick-help-session-15-minutes--86hf0cyv,prc_quick-help-session-15-minutes--peh80vgq,ACTIVE,ONETIME,,,
mem_cmohorbsk054x0ssd5amgdoti,,pln_legacy-stitch-designer-101-qdc0jyz,,ACTIVE,FREE,,,
mem_cmohorbsk054x0ssd5amgdoti,,pln_legacy-original-pattern-drafting-101-jkp50pyg,,ACTIVE,FREE,,,
mem_cmohorbsk054x0ssd5amgdoti,,pln_legacy-standard-garment-styling-o4p70pjf,,ACTIVE,FREE,,,
mem_cmohorbsk054x0ssd5amgdoti,,pln_legacy-eleven-design-challenges-r3p60piq,,ACTIVE,FREE,,,
mem_cmohorbsk054x0ssd5amgdoti,,pln_kin-lk150-quickstart-7h8i0oxj,,ACTIVE,FREE,,,
mem_cmr2t9gp500ey0sv77dalbkq5,,pln_kin-lk150-quickstart-7h8i0oxj,,ACTIVE,FREE,,,
mem_cmr2t9gp500ey0sv77dalbkq5,,pln_legacy-graphics-studio-jhp90pnm,,ACTIVE,FREE,,,
mem_cmr2t9gp500ey0sv77dalbkq5,,pln_legacy-start-to-finish-fairisle-sweater-7zh0j37,,ACTIVE,FREE,,,
mem_cmohos17600f20suah5undmcz,,pln_dak-stitch-designer-201-t7ap0a9b,prc_dak-stitch-designer-201-h3aq0avj,ACTIVE,ONETIME,,,
mem_cmr3nvc8v0d8p0rxmbc9khsh9,,pln_dak-quick-start-vp4e0are,,ACTIVE,FREE,,,
mem_cmr3ya9zg0f9q0uu0e6xkbtb4,,pln_dak-quick-start-vp4e0are,,ACTIVE,FREE,,,
mem_cmr4gywjc0hi30st3dtqb4nw5,,pln_dak-quick-start-vp4e0are,,ACTIVE,FREE,,,
mem_cmr4xr5ix0k8t0st35a5j6ait,,pln_dak-quick-start-vp4e0are,,ACTIVE,FREE,,,
mem_cmr4z0jfx0kgk0st3hlio9z08,,pln_dak-quick-start-vp4e0are,,ACTIVE,FREE,,,
mem_cmr53dk7m0l530suebileacwb,,pln_dak-quick-start-vp4e0are,,ACTIVE,FREE,,,
mem_cmr55yudm0lkv0sue2il03zc8,,pln_dak-quick-start-vp4e0are,,ACTIVE,FREE,,,
mem_cmqcrwu4e0j660tsy1huedsvu,,pln_dak-designaknit-and-lace-xhas0ar4,prc_dak-designaknit-and-lace-hjat0avv,ACTIVE,ONETIME,,,
mem_cmqcrwu4e0j660tsy1huedsvu,,pln_dak-quick-start-vp4e0are,,ACTIVE,FREE,,,
mem_cmr6es0iz0qhn0suefbn128u8,,pln_dak-quick-start-vp4e0are,,ACTIVE,FREE,,,
mem_cmr6fr6480ql60uu08ja89e67,,pln_dak-quick-start-vp4e0are,,ACTIVE,FREE,,,
mem_cmr6ge0sq0qo30sue0d1ue2dm,,pln_dak-quick-start-vp4e0are,,ACTIVE,FREE,,,
mem_cmr6go4at0qqt0st34e6afh1b,,pln_dak-quick-start-vp4e0are,,ACTIVE,FREE,,,
mem_cmqckmefj0bxd0ssld8dm9g22,sub_1TpYuVCW7QxJHpQONkF9uxB0,pln_kin-membership-annual-basic-je3s0vpe,prc_basic-annual-membership-u35f0cz4,ACTIVE,SUBSCRIPTION,,1814728051,
mem_cmr7l3i1t018u0sv7bxul6xzn,,pln_kin-lk150-quickstart-7h8i0oxj,,ACTIVE,FREE,,,
mem_cmr7l3i1t018u0sv7bxul6xzn,,pln_legacy-original-pattern-drafting-101-jkp50pyg,,ACTIVE,FREE,,,
mem_cmr7l3i1t018u0sv7bxul6xzn,,pln_legacy-stitch-designer-101-qdc0jyz,,ACTIVE,FREE,,,
mem_cmr7l3i1t018u0sv7bxul6xzn,,pln_legacy-standard-garment-styling-o4p70pjf,,ACTIVE,FREE,,,
mem_cmr95gtdf01v80sv7et1m1kqe,,pln_legacy-stitch-designer-101-qdc0jyz,,ACTIVE,FREE,,,
mem_cmr95gtdf01v80sv7et1m1kqe,,pln_legacy-stitch-designer-201-90e0jpb,,ACTIVE,FREE,,,
mem_cmr95gtdf01v80sv7et1m1kqe,,pln_dak-quick-start-vp4e0are,,ACTIVE,FREE,,,
mem_cmqcrwu4e0j660tsy1huedsvu,,pln_dak-stitch-designer-101-ic80083g,prc_1-time-purchase-vp770omk,ACTIVE,ONETIME,,,
mem_cmqcrxeqx0jw00tsyfs8lhahw,,pln_dak-eleven-design-challenges-0iai0art,prc_dak-eleven-design-challenges-3paj0arl,ACTIVE,ONETIME,,,
mem_cmqp7i6x602io0sru4lp00s7t,,pln_dak-fairisle-sweater-laau0ami,prc_dak-fairisle-sweater-keav0aoh,ACTIVE,ONETIME,,,
mem_cmqp7i6x602io0sru4lp00s7t,,pln_dak-raglan-hoodie-gjaz08ak,prc_dak-raglan-hoodie-wg7i0a9h,ACTIVE,ONETIME,,,
mem_cmra1motw03rv0sr81tiae18n,,pln_dak-quick-start-vp4e0are,,ACTIVE,FREE,,,
mem_cmqcrwwmr0j9w0tsyhml0a4my,,pln_legacy-designaknit-quick-start-zap80pd8,,ACTIVE,FREE,,,
mem_cmrbo5z3p04me0sr87n2653ic,,pln_dak-quick-start-vp4e0are,,ACTIVE,FREE,,,
mem_cmrbo5z3p04me0sr87n2653ic,,pln_dak-eleven-design-challenges-0iai0art,prc_dak-eleven-design-challenges-3paj0arl,ACTIVE,ONETIME,,,
mem_cmrbx32sa0drj0su28x014f5o,,pln_dak-quick-start-vp4e0are,,ACTIVE,FREE,,,
mem_cmrbx32sa0drj0su28x014f5o,,pln_dak-dak-9-what-s-new-rq780or2,,ACTIVE,FREE,,,
mem_cmrda1pzc00bo0swkcinmdt93,,pln_kin-beta-access-vyek0a38,,ACTIVE,FREE,,,
mem_cmre6jiyj0hpv0sr7b2f42n7r,,pln_dak-quick-start-vp4e0are,,ACTIVE,FREE,,,
mem_cmre8tpri00n90sx183dfcq9f,,pln_kin-beta-access-vyek0a38,,ACTIVE,FREE,,,
mem_cmrgja5dn1cj30sqk7qf19mw0,,pln_dak-quick-start-vp4e0are,,ACTIVE,FREE,,,
mem_cmrbx32sa0drj0su28x014f5o,,pln_dak-standard-garment-styling-4ue208ep,prc_dak-standard-garment-styling-j4ao0ahs,ACTIVE,ONETIME,,,
mem_cmqcrwu4e0j660tsy1huedsvu,,pln_legacy-stitch-designer-201-90e0jpb,,ACTIVE,FREE,,,
mem_cmri77quh00mo0ttnh8qc7xmp,,pln_kin-lk150-quickstart-7h8i0oxj,,ACTIVE,FREE,,,
mem_cmri77quh00mo0ttnh8qc7xmp,,pln_legacy-kin-lk150-fun-bv8v0oo3,,ACTIVE,FREE,,,
mem_cmri77quh00mo0ttnh8qc7xmp,,pln_legacy-kin-lk150-patterning-uk9508lp,,ACTIVE,FREE,,,
mem_cmri77quh00mo0ttnh8qc7xmp,,pln_legacy-kin-lk150-socks-dl8y0ocy,,ACTIVE,FREE,,,
mem_cmri77quh00mo0ttnh8qc7xmp,,pln_legacy-kin-lk150-quickstart-nh9308ta,,ACTIVE,FREE,,,
mem_cmri77quh00mo0ttnh8qc7xmp,,pln_legacy-custom-raglan-hoodie-1upb0pq9,,ACTIVE,FREE,,,
mem_cmri77quh00mo0ttnh8qc7xmp,,pln_legacy-dak-9-what-s-new-aexa0or5,,ACTIVE,FREE,,,
mem_cmri77quh00mo0ttnh8qc7xmp,,pln_legacy-designaknit-and-lace-ffg0j0k,,ACTIVE,FREE,,,
mem_cmri77quh00mo0ttnh8qc7xmp,,pln_legacy-designaknit-quick-start-zap80pd8,,ACTIVE,FREE,,,
mem_cmri77quh00mo0ttnh8qc7xmp,,pln_legacy-eleven-design-challenges-r3p60piq,,ACTIVE,FREE,,,
mem_cmri77quh00mo0ttnh8qc7xmp,,pln_legacy-graphics-studio-jhp90pnm,,ACTIVE,FREE,,,
mem_cmri77quh00mo0ttnh8qc7xmp,,pln_legacy-lk150-getting-the-most-from-designaknit-zxpa0pee,,ACTIVE,FREE,,,
mem_cmri77quh00mo0ttnh8qc7xmp,,pln_legacy-original-pattern-drafting-101-jkp50pyg,,ACTIVE,FREE,,,
mem_cmri77quh00mo0ttnh8qc7xmp,,pln_legacy-pattern-drafting-for-fit-9md0j74,,ACTIVE,FREE,,,
mem_cmri77quh00mo0ttnh8qc7xmp,,pln_legacy-plus-size-sweaters-nyxg0o0g,,ACTIVE,FREE,,,
mem_cmri77quh00mo0ttnh8qc7xmp,,pln_legacy-standard-garment-styling-o4p70pjf,,ACTIVE,FREE,,,
mem_cmri77quh00mo0ttnh8qc7xmp,,pln_legacy-start-to-finish-fairisle-sweater-7zh0j37,,ACTIVE,FREE,,,
mem_cmri77quh00mo0ttnh8qc7xmp,,pln_legacy-stitch-designer-101-qdc0jyz,,ACTIVE,FREE,,,
mem_cmri77quh00mo0ttnh8qc7xmp,,pln_legacy-stitch-designer-201-90e0jpb,,ACTIVE,FREE,,,
mem_cmqo40gqm0j3h0sn93ixa9xgb,,pln_dak-original-pattern-drafting-sgaf0a4y,prc_dak-original-pattern-drafting-hze008xm,ACTIVE,ONETIME,,,
mem_cmqo40gqm0j3h0sn93ixa9xgb,,pln_dak-designaknit-and-lace-xhas0ar4,prc_dak-designaknit-and-lace-hjat0avv,ACTIVE,ONETIME,,,
mem_cmriig4z11qdz0sqx6rkl4anv,,pln_dak-quick-start-vp4e0are,,ACTIVE,FREE,,,
mem_cmrbx32sa0drj0su28x014f5o,,pln_dak-original-pattern-drafting-sgaf0a4y,prc_dak-original-pattern-drafting-hze008xm,ACTIVE,ONETIME,,,
mem_cmpy71evc008f0tz2e118csk1,,pln_dak-quick-start-vp4e0are,,ACTIVE,FREE,,,
mem_cmqp7i6x602io0sru4lp00s7t,,pln_legacy-designaknit-quick-start-zap80pd8,,ACTIVE,FREE,,,
mem_cmqp7i6x602io0sru4lp00s7t,,pln_legacy-lk150-getting-the-most-from-designaknit-zxpa0pee,,ACTIVE,FREE,,,
mem_cmrkqzk4m01ly0sw0h1tx22e0,,pln_kin-beta-access-vyek0a38,,ACTIVE,FREE,,,
mem_cmr670wvs01630sv7femna978,,pln_kin-beta-access-vyek0a38,,ACTIVE,FREE,,,
mem_cmrl8m5oq00180sw0h0rdhhgd,,pln_kin-beta-access-vyek0a38,,ACTIVE,FREE,,,
mem_cmqcrwu4e0j660tsy1huedsvu,,pln_dak-standard-garment-styling-4ue208ep,prc_dak-standard-garment-styling-j4ao0ahs,ACTIVE,ONETIME,,,
mem_cmrmh7sr3020k0sqc1whxbjqi,,pln_dak-quick-start-vp4e0are,,ACTIVE,FREE,,,
mem_cmrntzr1d09gt0soza7sl84fz,,pln_dak-quick-start-vp4e0are,,ACTIVE,FREE,,,
mem_cmrbx32sa0drj0su28x014f5o,,pln_dak-stitch-designer-101-ic80083g,prc_1-time-purchase-vp770omk,ACTIVE,ONETIME,,,
mem_cmrp0z1ey00on0stm08nbeln8,,pln_legacy-graphics-studio-jhp90pnm,,ACTIVE,FREE,,,
mem_cmrp0z1ey00on0stm08nbeln8,,pln_legacy-original-pattern-drafting-101-jkp50pyg,,ACTIVE,FREE,,,
mem_cmrp0z1ey00on0stm08nbeln8,,pln_legacy-stitch-designer-101-qdc0jyz,,ACTIVE,FREE,,,
mem_cmrp0z1ey00on0stm08nbeln8,,pln_dak-quick-start-vp4e0are,,ACTIVE,FREE,,,
mem_cmrp0z1ey00on0stm08nbeln8,sub_1TogWPCW7QxJHpQOlIYsOc2P,pln_monthly-subscription-to-knititnow-webx0nz5,prc_monthly-subscription-to-knititnow-webw0nzy,ACTIVE,SUBSCRIPTION,,1785661381,
mem_cmrp8w2rd00qh0stm7m2w7roh,,pln_dak-dak-9-what-s-new-rq780or2,,ACTIVE,FREE,,,
mem_cmrp8w2rd00qh0stm7m2w7roh,,pln_dak-quick-start-vp4e0are,,ACTIVE,FREE,,,
mem_cmr2t9gp500ey0sv77dalbkq5,,pln_dak-quick-start-vp4e0are,,ACTIVE,FREE,,,
mem_cmrpqijmz00090sto2rq01aad,sub_1TtjNOCW7QxJHpQO99h56TgV,pln_monthly-subscription-to-knititnow-webx0nz5,prc_monthly-subscription-to-knititnow-webw0nzy,ACTIVE,SUBSCRIPTION,,1786863994,
mem_cmrq7tw8o02660sorgizs97m4,,pln_kin-membership-annual-basic-je3s0vpe,prc_basic-monthly-membership-s71690r6w,CANCELED,SUBSCRIPTION,,,
mem_cmrq7tw8o02660sorgizs97m4,,pln_monthly-subscription-to-knititnow-webx0nz5,prc_monthly-subscription-to-knititnow-webw0nzy,CANCELED,SUBSCRIPTION,,,
mem_cmrq9lzwl02c70sor1uuwamcf,sub_1TuW9XCW7QxJHpQOsuJKxIUo,pln_monthly-subscription-to-knititnow-webx0nz5,prc_monthly-subscription-to-knititnow-webw0nzy,ACTIVE,SUBSCRIPTION,,1787051491,
mem_cmroqa5aj0ut40tmicjw6h518,,pln_dak-quick-start-vp4e0are,,ACTIVE,FREE,,,
mem_cmrqbshpe01pj0srk0jstg1n6,,pln_dak-quick-start-vp4e0are,,ACTIVE,FREE,,,
mem_cmrqovln4039j0slkdqzxf6kl,sub_1TucoZCW7QxJHpQOyVwqAP9H,pln_kin-membership-annual-basic-je3s0vpe,prc_basic-monthly-membership-s71690r6w,ACTIVE,SUBSCRIPTION,,1787077099,
mem_cmohorhxj058z0ssd5yc6gcct,sub_1Tv2ZXCW7QxJHpQOMCkThUss,pln_monthly-subscription-to-knititnow-webx0nz5,prc_monthly-subscription-to-knititnow-webw0nzy,ACTIVE,SUBSCRIPTION,,1787176110,
mem_cmrug7d3b004x0ts86czhboqa,,pln_legacy-designaknit-quick-start-zap80pd8,,ACTIVE,FREE,,,
